NBE,CH4,ET,LAI,SCF,EWT,ABGB,GPP_DT,ER_DT,GPP_NT,ER_NT,NBE_F,CH4_F,ET_F,NBE_ANN,CH4_ANN,ET_ANN
NaN,NaN,NaN,0.222222222,0,15.4352073669434,NaN,NaN,NaN,NaN,NaN,NaN,NaN,NaN,NaN,NaN,NaN
NaN,NaN,NaN,0.25,0,4.27798891067505,NaN,NaN,NaN,NaN,NaN,NaN,NaN,NaN,NaN,NaN,NaN
NaN,NaN,NaN,0.26875,0,5.97989463806152,NaN,NaN,NaN,NaN,NaN,NaN,NaN,NaN,NaN,NaN,NaN
NaN,NaN,NaN,0.505555556,0,8.43585300445557,NaN,NaN,NaN,NaN,NaN,NaN,NaN,NaN,NaN,NaN,NaN
NaN,NaN,NaN,NaN,0,5.54361391067505,NaN,NaN,NaN,NaN,NaN,NaN,NaN,NaN,NaN,NaN,NaN
NaN,NaN,NaN,NaN,0,31.1923522949219,NaN,NaN,NaN,NaN,NaN,NaN,NaN,NaN,NaN,NaN,NaN
NaN,NaN,NaN,2.90625,0,57.0097770690918,NaN,NaN,NaN,NaN,NaN,NaN,NaN,NaN,NaN,NaN,NaN
NaN,NaN,NaN,2.727777778,0,45.0168037414551,NaN,NaN,NaN,NaN,NaN,NaN,NaN,NaN,NaN,NaN,NaN
NaN,NaN,NaN,1.755555556,0,35.6727523803711,NaN,NaN,NaN,NaN,NaN,NaN,NaN,NaN,NaN,NaN,NaN
NaN,NaN,NaN,0.85,0,40.0515213012695,NaN,NaN,NaN,NaN,NaN,NaN,NaN,NaN,NaN,NaN,NaN
NaN,NaN,NaN,0.288888889,0,17.9104785919189,NaN,NaN,NaN,NaN,NaN,NaN,NaN,NaN,NaN,NaN,NaN
NaN,NaN,NaN,0.255555556,0,6.17386531829834,NaN,NaN,NaN,NaN,NaN,NaN,NaN,NaN,NaN,NaN,NaN
NaN,NaN,NaN,0.25,0,NaN,NaN,NaN,NaN,NaN,NaN,NaN,NaN,NaN,NaN,NaN,NaN
NaN,NaN,NaN,0.261111111,0,11.0811367034912,NaN,NaN,NaN,NaN,NaN,NaN,NaN,NaN,NaN,NaN,NaN
NaN,NaN,NaN,0.257142857,0,4.73644828796387,NaN,NaN,NaN,NaN,NaN,NaN,NaN,NaN,NaN,NaN,NaN
NaN,NaN,NaN,0.45,0,8.92259216308594,NaN,NaN,NaN,NaN,NaN,NaN,NaN,NaN,NaN,NaN,NaN
NaN,NaN,NaN,0.80625,0,4.4619026184082,NaN,NaN,NaN,NaN,NaN,NaN,NaN,NaN,NaN,NaN,NaN
NaN,NaN,NaN,1.99375,0,NaN,NaN,NaN,NaN,NaN,NaN,NaN,NaN,NaN,NaN,NaN,NaN
NaN,NaN,NaN,2.072222222,0,57.2369613647461,NaN,NaN,NaN,NaN,NaN,NaN,NaN,NaN,NaN,NaN,NaN
NaN,NaN,NaN,2.2,0,56.770637512207,NaN,NaN,NaN,NaN,NaN,NaN,NaN,NaN,NaN,NaN,NaN
NaN,NaN,NaN,1.488888889,0,66.5582962036133,NaN,NaN,NaN,NaN,NaN,NaN,NaN,NaN,NaN,NaN,NaN
NaN,NaN,NaN,0.688888889,0,69.8333587646484,NaN,NaN,NaN,NaN,NaN,NaN,NaN,NaN,NaN,NaN,NaN
NaN,NaN,NaN,0.288888889,0,65.9787826538086,NaN,NaN,NaN,NaN,NaN,NaN,NaN,NaN,NaN,NaN,NaN
NaN,NaN,NaN,0.222222222,0,54.01611328125,NaN,NaN,NaN,NaN,NaN,NaN,NaN,NaN,NaN,NaN,NaN
NaN,NaN,NaN,NaN,0,51.9031219482422,NaN,NaN,NaN,NaN,NaN,NaN,NaN,NaN,NaN,NaN,NaN
NaN,NaN,NaN,0.28,0,40.8982429504395,NaN,NaN,NaN,NaN,NaN,NaN,NaN,NaN,NaN,NaN,NaN
NaN,NaN,NaN,NaN,0.01444444444,40.9065284729004,NaN,NaN,NaN,NaN,NaN,NaN,NaN,NaN,NaN,NaN,NaN
NaN,NaN,NaN,NaN,0,43.944149017334,NaN,NaN,NaN,NaN,NaN,NaN,NaN,NaN,NaN,NaN,NaN
NaN,NaN,NaN,NaN,0,NaN,NaN,NaN,NaN,NaN,NaN,NaN,NaN,NaN,NaN,NaN,NaN
NaN,NaN,NaN,NaN,0,50.2707099914551,NaN,NaN,NaN,NaN,NaN,NaN,NaN,NaN,NaN,NaN,NaN
NaN,NaN,NaN,1.233333333,0,111.522178649902,NaN,NaN,NaN,NaN,NaN,NaN,NaN,NaN,NaN,NaN,NaN
NaN,NaN,NaN,1.4,0,105.738800048828,NaN,NaN,NaN,NaN,NaN,NaN,NaN,NaN,NaN,NaN,NaN
NaN,NaN,NaN,1.10625,0,94.7382431030273,NaN,NaN,NaN,NaN,NaN,NaN,NaN,NaN,NaN,NaN,NaN
NaN,NaN,NaN,0.511111111,0,NaN,NaN,NaN,NaN,NaN,NaN,NaN,NaN,NaN,NaN,NaN,NaN
NaN,NaN,NaN,0.277777778,0,91.4886627197266,NaN,NaN,NaN,NaN,NaN,NaN,NaN,NaN,NaN,NaN,NaN
NaN,NaN,NaN,0.20625,0,67.9234848022461,NaN,NaN,NaN,NaN,NaN,NaN,NaN,NaN,NaN,NaN,NaN
NaN,NaN,NaN,0.233333333,0,51.8007049560547,NaN,NaN,NaN,NaN,NaN,NaN,NaN,NaN,NaN,NaN,NaN
NaN,NaN,NaN,0.261111111,0,62.8144798278809,NaN,NaN,NaN,NaN,NaN,NaN,NaN,NaN,NaN,NaN,NaN
NaN,NaN,NaN,0.25625,0,NaN,NaN,NaN,NaN,NaN,NaN,NaN,NaN,NaN,NaN,NaN,NaN
NaN,NaN,NaN,0.35,0,58.644287109375,NaN,NaN,NaN,NaN,NaN,NaN,NaN,NaN,NaN,NaN,NaN
NaN,NaN,NaN,0.966666667,0,84.1630935668945,NaN,NaN,NaN,NaN,NaN,NaN,NaN,NaN,NaN,NaN,NaN
NaN,NaN,NaN,2.161111111,0,78.7919845581055,NaN,NaN,NaN,NaN,NaN,NaN,NaN,NaN,NaN,NaN,NaN
NaN,NaN,NaN,3.083333333,0,129.350067138672,NaN,NaN,NaN,NaN,NaN,NaN,NaN,NaN,NaN,NaN,NaN
NaN,NaN,NaN,2.655555556,0,NaN,NaN,NaN,NaN,NaN,NaN,NaN,NaN,NaN,NaN,NaN,NaN
NaN,NaN,NaN,1.577777778,0,NaN,NaN,NaN,NaN,NaN,NaN,NaN,NaN,NaN,NaN,NaN,NaN
NaN,NaN,NaN,0.722222222,0,92.8101425170898,NaN,NaN,NaN,NaN,NaN,NaN,NaN,NaN,NaN,NaN,NaN
NaN,NaN,NaN,0.283333333,0,106.805206298828,NaN,NaN,NaN,NaN,NaN,NaN,NaN,NaN,NaN,NaN,NaN
NaN,NaN,NaN,0.255555556,0,89.5101852416992,NaN,NaN,NaN,NaN,NaN,NaN,NaN,NaN,NaN,NaN,NaN
NaN,NaN,NaN,0.25,0,77.810676574707,NaN,NaN,NaN,NaN,NaN,NaN,NaN,NaN,NaN,NaN,NaN
NaN,NaN,NaN,0.227777778,0,NaN,NaN,NaN,NaN,NaN,NaN,NaN,NaN,NaN,NaN,NaN,NaN
NaN,NaN,NaN,0.3,0,51.3378715515137,NaN,NaN,NaN,NaN,NaN,NaN,NaN,NaN,NaN,NaN,NaN
NaN,NaN,NaN,0.425,0,82.426139831543,NaN,NaN,NaN,NaN,NaN,NaN,NaN,NaN,NaN,NaN,NaN
NaN,NaN,NaN,0.833333333,0,72.7578887939453,NaN,NaN,NaN,NaN,NaN,NaN,NaN,NaN,NaN,NaN,NaN
NaN,NaN,NaN,1.855555556,0,71.2030334472656,NaN,NaN,NaN,NaN,NaN,NaN,NaN,NaN,NaN,NaN,NaN
NaN,NaN,NaN,2.8625,0,NaN,NaN,NaN,NaN,NaN,NaN,NaN,NaN,NaN,NaN,NaN,NaN
NaN,NaN,NaN,2.35,0,73.6525344848633,NaN,NaN,NaN,NaN,NaN,NaN,NaN,NaN,NaN,NaN,NaN
NaN,NaN,NaN,1.6125,0,104.645767211914,NaN,NaN,NaN,NaN,NaN,NaN,NaN,NaN,NaN,NaN,NaN
NaN,NaN,NaN,0.505555556,0,106.112289428711,NaN,NaN,NaN,NaN,NaN,NaN,NaN,NaN,NaN,NaN,NaN
NaN,NaN,NaN,0.316666667,0,105.36060333252,NaN,NaN,NaN,NaN,NaN,NaN,NaN,NaN,NaN,NaN,NaN
NaN,NaN,NaN,0.25,0,NaN,NaN,NaN,NaN,NaN,NaN,NaN,NaN,NaN,NaN,NaN,NaN
NaN,NaN,NaN,0.233333333,0.1422222222,57.8970489501953,NaN,NaN,NaN,NaN,NaN,NaN,NaN,NaN,NaN,NaN,NaN
NaN,NaN,NaN,0.266666667,0,67.862663269043,NaN,NaN,NaN,NaN,NaN,NaN,NaN,NaN,NaN,NaN,NaN
NaN,NaN,NaN,0.378571429,0,48.1593627929688,NaN,NaN,NaN,NaN,NaN,NaN,NaN,NaN,NaN,NaN,NaN
NaN,NaN,NaN,NaN,0,26.9703712463379,NaN,NaN,NaN,NaN,NaN,NaN,NaN,NaN,NaN,NaN,NaN
-4.15627896323597,-0.0111215752367448,5.97648163517552,1.2,0,21.1087341308594,NaN,7.91972404272,5.2248704688,7.918648381584,5.210488002384,-2.708146433664,-0.00917881857792,4.55989134885824,-3.04497681433998,-0.0100535039283392,4.71366744591858
1.66223384751108,0.000622964799648938,2.8481407450383,2,0,NaN,NaN,9.419826017988,9.0037312992,8.902764777096,7.98564857508,-0.91711962216,0.00121759449552,3.15998138735509,-1.6960071448644,0.0031898090749396,3.16703635154294
-3.91678154433791,0.0122143115398494,5.76851394243968,2.522222222,0,83.1282653808594,NaN,7.37067847912258,4.33337062296774,7.52362889197935,6.38664869287742,-1.13698169807226,0.0192060266978323,3.80884157184041,-3.00168464454282,0.00723391160691509,3.88080375754639
-2.20333191558556,0.0034345898317288,4.50315684512642,2.238888889,0,64.0537414550781,NaN,6.56912389561316,4.87033455483871,9.41701369573161,8.24986067639226,-1.16716080509419,0.00304247003597419,3.43996218870349,-0.869231083072502,0.00403398914458416,3.25092060226424
1.551598596655,0.00131784713482881,2.58796967659836,1.175,0,80.1467208862305,NaN,3.9927965745312,4.2318956016,4.383746208216,7.587895567896,3.20415986376,0.00241889395752,2.19667535966936,1.7469903783737,0.00262946261721811,2.21429883803154
0.130385192738823,0.00135524324157465,1.91911398002471,0.788888889,0,NaN,NaN,1.12920684684387,0.920136142451613,3.2437245555871,2.78751115472516,-0.456221027612903,0.000367727298503226,1.65518813448252,0.661565466269524,0.00385044788161657,1.64034118750578
0.678562983823559,NaN,0.747943518867433,0.311111111,0,NaN,NaN,0.2798632940976,0.39416940432,1.26747038376,1.804814652816,0.670913138057143,-9999,0.646250604774447,0.525603734357673,0.00393604203316515,0.65661802874622
NaN,NaN,NaN,0.094444444,0.2822222222,33.759693145752,NaN,0.192002231938064,0.144161762144516,-9999,0.734669231667097,-9999,-9999,-9999,-0.252042861045568,0.00401857985822082,0.496137059753185
NaN,NaN,NaN,0.033333333,0.6188888889,23.5687236785889,NaN,0.183346900481032,0.108772384540645,-9999,0.57477139056,-9999,-9999,-9999,-0.180917122139602,0.00488656490840036,0.588001000544971
0.128559621971611,0.00729040448636731,0.919978018933351,0.2,0,9.75568866729736,NaN,0.29504261097931,0.301058109757241,0.414039504416553,0.69000330249931,0.255516810485362,0.00658761840759349,0.765769681595348,0.185765821590209,0.00620072804769488,0.732277993739188
0.896096015839995,0.00465983022235152,1.12183904670263,0.29375,0,28.0839519500732,NaN,0.386877243335226,0.808336368069677,2.70961561911484,3.58785013359484,0.878239246914581,0.00389723487863226,0.98348272662159,0.956781325049154,0.00421343916785765,0.979995545881899
-0.149058137731828,0.000784084875456647,2.21856956797147,0.5,0,NaN,NaN,0.6317823008952,0.678130116984,4.472930020896,4.440042367992,-0.0328864773600001,0.00067366791,1.83209041080406,0.270173153934269,0.00114058151981359,1.79953875104374
-0.574824297368897,0.0019067136905137,2.2842421577303,1.2,0,28.1272678375244,NaN,3.31087374092903,1.38254385460645,4.45076409019355,2.84411247143226,-1.60663982585806,0.00181493968227097,2.66897830737365,-1.24846825723109,0.00303585560517986,2.77268066612269
-1.76284167846854,0.00202356676168308,3.18155177807693,1.977777778,0,28.3873748779297,NaN,6.8236027308,3.21277531464,6.1221508752024,3.129510021696,-2.992648511232,0.0050109587532,3.37608392978335,-2.6829017862319,0.00446208085468429,3.65500405928937
-3.77907798075556,0.00108157109376595,6.07155715114523,2.90625,0,34.9488487243652,NaN,8.55889778949677,6.3609153956129,6.38871458934193,4.02227934895742,-2.36642340797419,0.000273179869083871,4.40852268959904,-2.22370484946768,0.00137095218313082,4.22469967335603
-1.00123871056669,0.000778177551238651,5.06732853579269,3.008333333,0,13.4985866546631,NaN,3.740122720224,2.39663271019355,5.01213361422194,4.25686173517161,-0.755255961870967,-0.000466437816464516,3.50447155007228,0.153872045042776,0.000630088757743381,3.60098724671117
0.140190101580339,0.00298534799348919,2.48086998620735,1.65,0,NaN,NaN,1.20755044701144,1.533533976,3.386534573304,3.664769712192,0.278226144,0.00286816194,1.97474988354775,0.652433771792463,0.00253385885541006,2.01058585013069
0.723391395202369,0.00395952447772083,1.97007680575007,0.6,0,NaN,NaN,0.998025906395613,1.32014278230968,1.06274542919226,2.43269377752774,1.3699544714784,0.0030238463132129,1.54755969667202,0.923481949223653,0.00360521374943082,1.54719936629241
-0.035163112299567,0.000463062476054021,0.817482821684598,0.3,0,37.1765747070312,NaN,0.33950385800352,0.42789408775344,0.6311427879168,0.679206828528,0.04806518796,1.84072248000001e-05,0.685553763452635,0.112073034652092,0.000551994032907732,0.685645355341423
0.00452711797834505,0.000869343469941583,0.476710452198486,0.238888889,0,19.6038990020752,NaN,0.410942837808,0.390091032905806,0.345686437465548,0.43560823004129,0.0899201394580646,0.000830250611070968,0.377273569707085,0.231785944694148,0.000703871077648234,0.395554646367759
NaN,NaN,NaN,0.25,0,25.8093681335449,NaN,0.308194460408206,0.153833436394839,-0.0287445848283872,0.647225193089032,0.675966979948877,0.00636586611770323,0.314634187492995,1.0024119637517,0.000900774055123461,0.45921326803108
2.18289710722536,-0.00150045010292397,0.575307904762911,0.227777778,0,NaN,NaN,0.331191332627143,0.268119643397143,-1.93619810383714,1.58282851849714,3.51901570415143,-0.0011983794534,0.450957415932129,1.81622856946369,0.000764609744337793,0.545651507750336
1.17537848621681,0.00306891707196624,1.49331458909671,NaN,0.4377777778,10.4341745376587,NaN,0.232869800652852,0.438190964129032,-0.161103445330064,1.3521243498271,1.51322197331613,0.00329517645514839,1.19960046646822,1.46102128909746,0.00273010371722696,1.22557643366512
0.269076202875319,0.00278159076774588,2.26726460573136,NaN,0,14.0573902130127,NaN,0.8813997085176,1.0226754216,1.175889592368,1.653745818672,0.477866482056,0.00195669362808,1.84283940522055,0.839814665214318,0.00259269474467507,1.87850683103083
-0.645545637250416,0.0029695163495261,3.73190730483412,NaN,0,21.8678092956543,NaN,3.33397484708052,2.56778273427097,4.25632791054194,4.42194290835097,0.165604693006452,0.00358399534296774,2.84195972768083,0.276482981063495,0.00294764400137166,2.90264631722807
-3.40349853030725,0.00129647648958584,4.03805741070153,2.9,0,50.4553451538086,NaN,7.563170558232,5.152695048,7.24469600844,4.143211978104,-3.10145476824,0.0010287771156,3.35837885216838,-2.41383022004973,0.00141273192706499,3.37101977589793
-5.63454631462886,0.000569787290751274,6.46407738156761,2.50625,0,NaN,NaN,7.39810440325161,5.27743263948387,9.23622874583226,4.86750826347097,-4.36873542294194,-0.000361378028670968,4.34207529420445,-2.81707311131474,0.00066678142788959,4.51596157617492
0.0553253452311406,0.00246614539399196,3.55365779501517,2.072222222,0,NaN,NaN,1.92367902370994,1.83817614634839,4.33420031018323,5.01948027227613,0.685281509419355,0.00228414867770323,2.74220361741054,0.5938038474147,0.00257003347085661,2.81536966103489
-1.46538275266876,0.00662838726656863,3.42368756085235,1.755555556,0,NaN,NaN,2.0788692230376,1.9022840568,4.9175502930144,3.359343224736,-1.55821874256,0.0053108967384,2.44493896441082,-0.3804965424194,0.00473188253877159,2.4494260407258
-0.14085706959183,0.00573018348351005,2.23546419351659,0.722222222,0,NaN,NaN,1.42768259809316,1.34816304541935,2.23845306784258,2.43844084061419,0.200005825703226,0.00261353208541935,1.82799388723348,0.222972228462168,0.00480193887473828,1.6817641448633
3.52563919457425,NaN,0.539413378356173,0.35,0,NaN,NaN,0.21967111945116,0.396838672416,0.130300550784001,3.96583928208,3.835547409384,0.0120485170656,0.59054147654551,3.58452597700059,0.00263546152528358,0.61096230440061
1.56036343335722,NaN,0.721343626183935,0.2625,0,NaN,NaN,0.235959559312103,0.208878005824258,-0.90251316714663,0.953583220297927,1.85610540351434,0.0119491458129636,0.5490254456218,2.12984683764329,0.000226960046207181,0.55705791051721
NaN,NaN,NaN,0.225,0,NaN,NaN,NaN,NaN,NaN,NaN,NaN,NaN,NaN,NaN,NaN,NaN
NaN,NaN,NaN,0.266666667,0,NaN,NaN,NaN,NaN,NaN,NaN,NaN,NaN,NaN,NaN,NaN,NaN
NaN,NaN,NaN,0.316666667,0,NaN,NaN,NaN,NaN,NaN,NaN,NaN,NaN,NaN,NaN,NaN,NaN
NaN,NaN,NaN,NaN,0,NaN,NaN,NaN,NaN,NaN,NaN,NaN,NaN,NaN,NaN,NaN,NaN
NaN,NaN,NaN,2.1,0,NaN,NaN,NaN,NaN,NaN,NaN,NaN,NaN,NaN,NaN,NaN,NaN
NaN,NaN,NaN,1.96,0,82.9582290649414,NaN,NaN,NaN,NaN,NaN,NaN,NaN,NaN,NaN,NaN,NaN
NaN,NaN,NaN,1.666666667,0,129.91569519043,NaN,NaN,NaN,NaN,NaN,NaN,NaN,NaN,NaN,NaN,NaN
NaN,NaN,NaN,2.575,0,NaN,NaN,NaN,NaN,NaN,NaN,NaN,NaN,NaN,NaN,NaN,NaN
NaN,NaN,NaN,2.116666667,0,NaN,NaN,NaN,NaN,NaN,NaN,NaN,NaN,NaN,NaN,NaN,NaN
NaN,NaN,NaN,0.794444444,0,132.501052856445,NaN,NaN,NaN,NaN,NaN,NaN,NaN,NaN,NaN,NaN,NaN
NaN,NaN,NaN,0.28,0.2944444444,133.407608032227,NaN,NaN,NaN,NaN,NaN,NaN,NaN,NaN,NaN,NaN,NaN
NaN,NaN,NaN,0.24375,0,119.666915893555,NaN,NaN,NaN,NaN,NaN,NaN,NaN,NaN,NaN,NaN,NaN
NaN,NaN,NaN,0.227777778,0,112.723854064941,NaN,NaN,NaN,NaN,NaN,NaN,NaN,NaN,NaN,NaN,NaN
NaN,NaN,NaN,0.2875,0,118.489929199219,NaN,NaN,NaN,NaN,NaN,NaN,NaN,NaN,NaN,NaN,NaN
NaN,NaN,NaN,NaN,0,104.180488586426,NaN,NaN,NaN,NaN,NaN,NaN,NaN,NaN,NaN,NaN,NaN
NaN,NaN,NaN,0.438888889,0,89.1974258422852,NaN,NaN,NaN,NaN,NaN,NaN,NaN,NaN,NaN,NaN,NaN
NaN,NaN,NaN,NaN,0,125.461570739746,NaN,NaN,NaN,NaN,NaN,NaN,NaN,NaN,NaN,NaN,NaN
NaN,NaN,NaN,3.225,0,128.601806640625,NaN,NaN,NaN,NaN,NaN,NaN,NaN,NaN,NaN,NaN,NaN
NaN,NaN,NaN,3.544444444,0,149.657623291016,NaN,NaN,NaN,NaN,NaN,NaN,NaN,NaN,NaN,NaN,NaN
NaN,NaN,NaN,2.5,0,129.536315917969,NaN,NaN,NaN,NaN,NaN,NaN,NaN,NaN,NaN,NaN,NaN
NaN,NaN,NaN,NaN,0,128.810073852539,NaN,NaN,NaN,NaN,NaN,NaN,NaN,NaN,NaN,NaN,NaN
NaN,NaN,NaN,0.833333333,0,167.422637939453,NaN,NaN,NaN,NaN,NaN,NaN,NaN,NaN,NaN,NaN,NaN
NaN,NaN,NaN,0.3,0,163.476135253906,NaN,NaN,NaN,NaN,NaN,NaN,NaN,NaN,NaN,NaN,NaN
NaN,NaN,NaN,0.2375,0,145.594467163086,NaN,NaN,NaN,NaN,NaN,NaN,NaN,NaN,NaN,NaN,NaN
NaN,NaN,NaN,0.277777778,0,123.907402038574,NaN,NaN,NaN,NaN,NaN,NaN,NaN,NaN,NaN,NaN,NaN
NaN,NaN,NaN,0.3,0,124.496383666992,NaN,NaN,NaN,NaN,NaN,NaN,NaN,NaN,NaN,NaN,NaN
NaN,NaN,NaN,0.244444444,0,129.746124267578,NaN,NaN,NaN,NaN,NaN,NaN,NaN,NaN,NaN,NaN,NaN
NaN,NaN,NaN,0.5,0,126.887580871582,NaN,NaN,NaN,NaN,NaN,NaN,NaN,NaN,NaN,NaN,NaN
NaN,NaN,NaN,1.25,0,115.576293945312,NaN,NaN,NaN,NaN,NaN,NaN,NaN,NaN,NaN,NaN,NaN
NaN,NaN,NaN,1.266666667,0,137.230545043945,NaN,NaN,NaN,NaN,NaN,NaN,NaN,NaN,NaN,NaN,NaN
NaN,NaN,NaN,2.877777778,0,144.081741333008,NaN,NaN,NaN,NaN,NaN,NaN,NaN,NaN,NaN,NaN,NaN
NaN,NaN,NaN,2.466666667,0,175.041351318359,NaN,NaN,NaN,NaN,NaN,NaN,NaN,NaN,NaN,NaN,NaN
NaN,NaN,NaN,1.516666667,0,166.007751464844,NaN,NaN,NaN,NaN,NaN,NaN,NaN,NaN,NaN,NaN,NaN
NaN,NaN,NaN,0.7,0,167.881652832031,NaN,NaN,NaN,NaN,NaN,NaN,NaN,NaN,NaN,NaN,NaN
NaN,NaN,NaN,0.444444444,0,151.916305541992,NaN,NaN,NaN,NaN,NaN,NaN,NaN,NaN,NaN,NaN,NaN
NaN,NaN,NaN,0.3,0,138.992614746094,NaN,NaN,NaN,NaN,NaN,NaN,NaN,NaN,NaN,NaN,NaN
