NBE,CH4,ET,LAI,SCF,EWT,ABGB,GPP_DT,ER_DT,GPP_NT,ER_NT,NBE_F,CH4_F,ET_F,NBE_ANN,CH4_ANN,ET_ANN
NaN,NaN,NaN,0.205555556,NaN,45.5550346374512,NaN,NaN,NaN,NaN,NaN,NaN,NaN,NaN,NaN,NaN,NaN
NaN,NaN,NaN,0.2,0.4422222222,52.7724838256836,NaN,NaN,NaN,NaN,NaN,NaN,NaN,NaN,NaN,NaN,NaN
NaN,NaN,NaN,0.677777778,0.1083333333,61.5550003051758,NaN,NaN,NaN,NaN,NaN,NaN,NaN,NaN,NaN,NaN,NaN
NaN,NaN,NaN,0.9,0,51.8576240539551,NaN,NaN,NaN,NaN,NaN,NaN,NaN,NaN,NaN,NaN,NaN
NaN,NaN,NaN,3.094444444,0,64.2001647949219,NaN,NaN,NaN,NaN,NaN,NaN,NaN,NaN,NaN,NaN,NaN
NaN,NaN,NaN,4.655555556,0,53.2760047912598,NaN,NaN,NaN,NaN,NaN,NaN,NaN,NaN,NaN,NaN,NaN
NaN,NaN,NaN,4.405555556,0,19.4424362182617,NaN,NaN,NaN,NaN,NaN,NaN,NaN,NaN,NaN,NaN,NaN
NaN,NaN,NaN,NaN,0,39.3246040344238,NaN,NaN,NaN,NaN,NaN,NaN,NaN,NaN,NaN,NaN,NaN
NaN,NaN,NaN,1.7,0,38.7351837158203,NaN,NaN,NaN,NaN,NaN,NaN,NaN,NaN,NaN,NaN,NaN
NaN,NaN,NaN,1.4,0,42.6713562011719,NaN,NaN,NaN,NaN,NaN,NaN,NaN,NaN,NaN,NaN,NaN
NaN,NaN,NaN,NaN,NaN,102.032920837402,NaN,NaN,NaN,NaN,NaN,NaN,NaN,NaN,NaN,NaN,NaN
NaN,NaN,NaN,0.127777778,NaN,143.765838623047,NaN,NaN,NaN,NaN,NaN,NaN,NaN,NaN,NaN,NaN,NaN
NaN,NaN,NaN,NaN,NaN,NaN,NaN,NaN,NaN,NaN,NaN,NaN,NaN,NaN,NaN,NaN,NaN
NaN,NaN,NaN,0.388888889,0,161.136184692383,NaN,NaN,NaN,NaN,NaN,NaN,NaN,NaN,NaN,NaN,NaN
NaN,NaN,NaN,0.738888889,0,132.615219116211,NaN,NaN,NaN,NaN,NaN,NaN,NaN,NaN,NaN,NaN,NaN
NaN,NaN,NaN,1.544444444,0,125.313255310059,NaN,NaN,NaN,NaN,NaN,NaN,NaN,NaN,NaN,NaN,NaN
NaN,NaN,NaN,3.611111111,0,64.0855941772461,NaN,NaN,NaN,NaN,NaN,NaN,NaN,NaN,NaN,NaN,NaN
NaN,NaN,NaN,3.911111111,0,NaN,NaN,NaN,NaN,NaN,NaN,NaN,NaN,NaN,NaN,NaN,NaN
NaN,NaN,NaN,4.39,0,46.607837677002,NaN,NaN,NaN,NaN,NaN,NaN,NaN,NaN,NaN,NaN,NaN
NaN,NaN,NaN,3.8,0,86.0235214233398,NaN,NaN,NaN,NaN,NaN,NaN,NaN,NaN,NaN,NaN,NaN
NaN,NaN,NaN,1.95,0,39.0187110900879,NaN,NaN,NaN,NaN,NaN,NaN,NaN,NaN,NaN,NaN,NaN
NaN,NaN,NaN,1.566666667,0,16.6015338897705,NaN,NaN,NaN,NaN,NaN,NaN,NaN,NaN,NaN,NaN,NaN
NaN,NaN,NaN,0.828571429,0,17.9145832061768,NaN,NaN,NaN,NaN,NaN,NaN,NaN,NaN,NaN,NaN,NaN
NaN,NaN,NaN,0.6,NaN,87.093994140625,NaN,NaN,NaN,NaN,NaN,NaN,NaN,NaN,NaN,NaN,NaN
NaN,NaN,NaN,1.2,NaN,135.455123901367,NaN,NaN,NaN,NaN,NaN,NaN,NaN,NaN,NaN,NaN,NaN
NaN,NaN,NaN,0.5,0.1661111111,95.8617858886719,NaN,NaN,NaN,NaN,NaN,NaN,NaN,NaN,NaN,NaN,NaN
NaN,NaN,NaN,0.711111111,0,95.8524932861328,NaN,NaN,NaN,NaN,NaN,NaN,NaN,NaN,NaN,NaN,NaN
NaN,NaN,NaN,1.15,0,93.3314666748047,NaN,NaN,NaN,NaN,NaN,NaN,NaN,NaN,NaN,NaN,NaN
NaN,NaN,NaN,4.122222222,0,NaN,NaN,NaN,NaN,NaN,NaN,NaN,NaN,NaN,NaN,NaN,NaN
NaN,NaN,NaN,5.111111111,0,-1.2223060131073,NaN,NaN,NaN,NaN,NaN,NaN,NaN,NaN,NaN,NaN,NaN
NaN,NaN,NaN,4.2375,0,24.6932392120361,NaN,NaN,NaN,NaN,NaN,NaN,NaN,NaN,NaN,NaN,NaN
NaN,NaN,NaN,3.9,0,9.80148029327393,NaN,NaN,NaN,NaN,NaN,NaN,NaN,NaN,NaN,NaN,NaN
NaN,NaN,NaN,4,0,-22.8732757568359,NaN,NaN,NaN,NaN,NaN,NaN,NaN,NaN,NaN,NaN,NaN
NaN,NaN,NaN,1.90625,0,NaN,NaN,NaN,NaN,NaN,NaN,NaN,NaN,NaN,NaN,NaN,NaN
NaN,NaN,NaN,1.688888889,0,14.8769178390503,NaN,NaN,NaN,NaN,NaN,NaN,NaN,NaN,NaN,NaN,NaN
NaN,NaN,NaN,0.988888889,NaN,12.1329364776611,NaN,NaN,NaN,NaN,NaN,NaN,NaN,NaN,NaN,NaN,NaN
NaN,NaN,NaN,NaN,NaN,64.9844207763672,NaN,NaN,NaN,NaN,NaN,NaN,NaN,NaN,NaN,NaN,NaN
NaN,NaN,NaN,0.8,0.2538888889,88.6160659790039,NaN,NaN,NaN,NaN,NaN,NaN,NaN,NaN,NaN,NaN,NaN
NaN,NaN,NaN,0.177777778,0.1766666667,NaN,NaN,NaN,NaN,NaN,NaN,NaN,NaN,NaN,NaN,NaN,NaN
NaN,NaN,NaN,0.833333333,0,89.4146423339844,NaN,NaN,NaN,NaN,NaN,NaN,NaN,NaN,NaN,NaN,NaN
NaN,NaN,NaN,3.183333333,0,88.9461822509766,NaN,NaN,NaN,NaN,NaN,NaN,NaN,NaN,NaN,NaN,NaN
NaN,NaN,NaN,5.057142857,0,85.7172546386719,NaN,NaN,NaN,NaN,NaN,NaN,NaN,NaN,NaN,NaN,NaN
NaN,NaN,NaN,4.892857143,0,71.2152633666992,NaN,NaN,NaN,NaN,NaN,NaN,NaN,NaN,NaN,NaN,NaN
NaN,NaN,NaN,3.964285714,0,NaN,NaN,NaN,NaN,NaN,NaN,NaN,NaN,NaN,NaN,NaN,NaN
NaN,NaN,NaN,4.216666667,0,NaN,NaN,NaN,NaN,NaN,NaN,NaN,NaN,NaN,NaN,NaN,NaN
NaN,NaN,NaN,1,0,10.8023881912231,NaN,NaN,NaN,NaN,NaN,NaN,NaN,NaN,NaN,NaN,NaN
NaN,NaN,NaN,NaN,0,37.6364440917969,NaN,NaN,NaN,NaN,NaN,NaN,NaN,NaN,NaN,NaN,NaN
NaN,NaN,NaN,1.05625,NaN,42.6494636535645,NaN,NaN,NaN,NaN,NaN,NaN,NaN,NaN,NaN,NaN,NaN
NaN,NaN,NaN,0.794444444,NaN,46.5271797180176,NaN,NaN,NaN,NaN,NaN,NaN,NaN,NaN,NaN,NaN,NaN
NaN,NaN,NaN,0.79,0,NaN,NaN,NaN,NaN,NaN,NaN,NaN,NaN,NaN,NaN,NaN,NaN
NaN,NaN,NaN,0.833333333,0,41.6088027954102,NaN,NaN,NaN,NaN,NaN,NaN,NaN,NaN,NaN,NaN,NaN
NaN,NaN,NaN,3.166666667,0,43.088680267334,NaN,NaN,NaN,NaN,NaN,NaN,NaN,NaN,NaN,NaN,NaN
NaN,NaN,NaN,4.322222222,0,-2.8827657699585,NaN,NaN,NaN,NaN,NaN,NaN,NaN,NaN,NaN,NaN,NaN
NaN,NaN,NaN,NaN,0,-12.3474426269531,NaN,NaN,NaN,NaN,NaN,NaN,NaN,NaN,NaN,NaN,NaN
NaN,NaN,NaN,4.394444444,0,NaN,NaN,NaN,NaN,NaN,NaN,NaN,NaN,NaN,NaN,NaN,NaN
NaN,NaN,NaN,3.866666667,0,-34.7820167541504,NaN,NaN,NaN,NaN,NaN,NaN,NaN,NaN,NaN,NaN,NaN
NaN,NaN,NaN,2.075,0,-33.9619102478027,NaN,NaN,NaN,NaN,NaN,NaN,NaN,NaN,NaN,NaN,NaN
NaN,NaN,NaN,1.616666667,0,-55.3870162963867,NaN,NaN,NaN,NaN,NaN,NaN,NaN,NaN,NaN,NaN,NaN
NaN,NaN,NaN,1,0,-15.9440746307373,NaN,NaN,NaN,NaN,NaN,NaN,NaN,NaN,NaN,NaN,NaN
NaN,NaN,NaN,NaN,NaN,NaN,NaN,NaN,NaN,NaN,NaN,NaN,NaN,NaN,NaN,NaN,NaN
NaN,NaN,NaN,NaN,NaN,41.3782196044922,NaN,0.0327713787035333,0.148719289088483,-9999,0.365041579972546,-9999,-9999,-9999,0.328138313442471,0.000514249264653406,0.222251200912092
NaN,NaN,NaN,0.688888889,0,58.6882781982422,NaN,0.100781300666571,0.134539496254286,-9999,0.340408901314286,-9999,-9999,-9999,0.23884261494337,1.32184998116436e-05,0.328255719584296
NaN,NaN,NaN,0.75,0,23.407958984375,NaN,0.168423665722839,0.184233157176774,-9999,0.42374293803871,-9999,-9999,-9999,0.210432355528923,0.000916365015960118,0.647764830030565
NaN,NaN,NaN,1.016666667,0,2.69762229919434,NaN,0.284898276407671,0.226746595368,-9999,0.48850317144,-9999,-9999,-9999,0.172328272769829,0.00153858571302049,1.53373843898826
NaN,NaN,NaN,NaN,0,8.63982963562012,NaN,0.285039064057686,0.283280644892903,-9999,0.571788637083871,-9999,-9999,-9999,0.189424783873626,0.00477722193932152,3.0657030538499
0.2786601441763,0.0121931883098844,3.15099938985866,5.044444444,0,NaN,NaN,0.228665929228324,0.34653369528,0.340683624426832,0.70175359152,0.389914164802679,0.0124531255701474,3.12404916731922,0.332694828960115,0.0105123223496746,3.34950233400396
0.356357760376557,0.0267193374616432,4.34983873776322,4.8,0,-86.8326721191406,NaN,0.391366519024877,0.57908588444129,0.272227067979097,0.710220596980645,0.437993175026323,0.0277670664464516,4.36314240172704,0.431722141829939,0.0284164121988807,4.18768581699345
0.403961836754869,0.0473558655368185,3.1472946337054,4.228571429,0,-95.8738861083984,NaN,0.503530973417799,0.831665989741935,0.843567950740645,1.31363914807742,0.47007085162529,0.0476634621832258,3.0425557202145,0.504334534769451,0.0471681404892662,2.9607623228619
0.234262789613469,0.0477162121119532,1.94308340493817,2.688888889,0,-114.32640838623,NaN,0.442833903035712,0.771193934568,0.238286765772,0.468458928,0.230171779584,0.0506930508,1.74009019532345,0.364029721897417,0.0488571002116784,1.67069497182223
0.676148392421686,0.0386554055057862,0.76991402584623,2.2,0,NaN,NaN,0.307095408675871,0.793989883858065,0.0830772176585806,0.778435261548387,0.695357665548387,0.0374840999853677,0.609238687075316,0.655296383470964,0.037193521430022,0.61389605260656
0.55450533784327,0.00829696576536721,0.402455673235422,1.111111111,0,NaN,NaN,0.1544664200976,0.830066079168,0.0698922814248,0.68002806672,0.61013576304,0.00901205075376,0.415910733150675,0.586383843328979,0.00727344361127216,0.392509894482446
0.417107515003359,NaN,0.154361047562008,NaN,NaN,-34.1641616821289,NaN,0.0332975349995923,0.597010730074839,-0.0232901052554323,0.397811041316129,0.421100987690323,0.00185196416597419,0.192553552771347,0.458948819503352,0.000558248526101315,0.16512133127318
0.258925037199794,NaN,0.161496804403305,NaN,NaN,-44.7361526489258,NaN,0.0483840934144258,0.411661576428387,0.0521933355452903,0.318426632825806,0.266233014557419,0.000432818837939613,0.180627183331077,0.284160844527236,0.000238134772461268,0.16939946181019
0.348489099270998,0.000401722749464057,0.238773563397074,0.733333333,0,16.9644737243652,NaN,0.142831459347021,0.489020615875862,-0.012111475968,0.382380704937931,0.394491772129655,0.000225074970893793,0.224783090397174,0.341919369532615,0.000470199955787887,0.206678289259559
0.129627613384837,0.000690633441737908,0.430936445232878,0.938888889,0,31.9762897491455,NaN,0.261869311733806,0.464115644082581,0.30757603722271,0.464690634967742,0.157114372282839,0.000754052748154839,0.386836356289657,0.166967792723465,0.000910568516326227,0.365655698838324
0.107802453979586,0.00427060525280553,1.39816757899417,1.077777778,0,NaN,NaN,0.29863186631712,0.447833992176,0.29033513719416,0.49389717384,0.203562802368,0.00420834817008,1.25649433268351,0.157597987751842,0.00387120051605311,1.24613875543056
0.223856782193456,0.0121887600952103,2.55024191338551,4.271428571,0,-24.410924911499,NaN,0.493672923230168,0.669861741901935,0.351624023205677,0.582766520051613,0.231143537380645,0.0116978542095484,2.35787273805012,0.263470784129949,0.0114011551988247,2.32895583355107
0.283041513394176,0.0204752958738581,3.42077434838913,5.05,0,-41.543342590332,NaN,0.554235461449992,0.62381856276,0.4007651406408,0.73912610808,0.33836089788,0.021341333376,3.11852956872529,0.322800637768934,0.0206406039450034,3.01911821512382
0.398906474380714,0.0303385911539321,3.4861495638637,4.011111111,0,-31.0423355102539,NaN,0.424679660362642,0.736618316725161,0.638753780155355,1.11309432154839,0.474341460264,0.0308304104283871,3.15207652526987,0.441115990159329,0.0303553962057958,2.99977766166909
0.341662081164206,0.0407250831966085,2.66263498661879,3.7,0,-41.4731788635254,NaN,0.395860069140968,0.662420109692903,0.447683587548387,0.834770001367742,0.38708704035871,0.0411270284903226,2.50377840269875,0.390547482610682,0.0400278253634185,2.40457422783895
0.484947985736042,0.0477772219053928,2.31484995625024,2.6,0,NaN,NaN,0.18539214127848,0.575168750856,0.15438483629784,0.61354375848,0.459158552352,0.051116004,1.97298614318421,0.551864304256356,0.0469276390755998,1.88100883340872
0.569613386228409,0.0629287538352177,0.58067915278495,NaN,0.05333333333,NaN,NaN,0.0669438069241239,0.552852238575484,0.0447507608934194,0.68923706516129,0.644486314064516,0.0675351195096774,0.580133465839851,0.638944962377848,0.0637579264527897,0.544917072749134
0.768741478194845,0.0264582940563088,0.224672417594579,0.911111111,0,-31.8917655944824,NaN,0.063091934038188,0.754306987824,-0.07408441419768,0.74023125336,0.8143157304,0.0286569556776432,0.204049326689348,0.707871457032246,0.0269962681703228,0.212421255226778
0.46078098448356,-0.000296365107866503,0.0889402019531722,1.033333333,NaN,-15.7892875671387,NaN,0.05722887940632,0.677246308234839,0.0462709548753677,0.525749110141935,0.479478014908723,-0.000216909049308387,0.110839535887712,0.498007720871527,-0.000124918095581116,0.0884862355378024
0.141393996376485,-0.00130398741371193,0.078736995806261,NaN,NaN,-3.92728233337402,NaN,0.0686354686049032,0.472365673501935,0.0466822476963871,0.193296159870968,0.146613625803871,-0.00142853222926452,0.0805201331871822,0.214225227046224,-0.000940643660546221,0.0848138632219766
0.204822508609926,0.00088483854811453,0.0458315330334801,0.166666667,0,NaN,NaN,0.0386854086985971,0.344887015011429,0.0796750747488,0.3027788694,0.223103847342857,0.000984510834865714,0.0511712820036164,0.23877108469327,0.000904482620422755,0.0588037416756332
0.390657320251764,0.00378950773492307,0.368901978137201,0.827777778,0,8.25100135803223,NaN,0.0524948813642323,0.391753250523871,0.0464182295272258,0.44843780763871,0.402019030955613,0.00399619516213161,0.308191284929156,0.353979510549311,0.00342160869916344,0.288104816481393
0.0758732010986792,0.0072812874434378,0.95742456899708,1.044444444,0,23.0862846374512,NaN,0.23859897553512,0.444461984208,0.262036141297524,0.34595207064,0.0839159923968,0.0067200993108,0.910775099723805,0.123696747152881,0.00692334998791532,0.864159612133317
0.285346500656072,0.0199421858122777,2.1212451238233,2.505555556,0,6.22939777374268,NaN,0.385310387947285,0.587647555664516,0.591557040348387,0.973393824309677,0.381836339753806,0.0201764461749677,2.00415027814133,0.380326315105224,0.019566963385204,1.89064724184092
0.377722678944453,0.0380373466740154,3.36533143270059,4.066666667,0,-84.4574890136719,NaN,0.543344208531264,0.491468728968,0.4101942093984,0.85569170904,0.44549703648,0.035928243,3.27896414865512,0.423179853447379,0.0349737388101388,3.19146075047498
0.326449873740338,0.0343409651535387,2.26603774200941,4.528571429,0,NaN,NaN,0.54171874953871,0.473063175336774,0.409052860186297,0.741211015122581,0.332159133274839,0.0336446096283871,2.02115947049715,0.387801050669346,0.0349639206445454,1.98502107337596
0.359892060343503,0.0529426175783744,2.64213555702649,3.705555556,0,NaN,NaN,0.442034399103724,0.870769558869677,0.492287051731819,0.867071241987097,0.374785684093161,0.0520939707096774,2.37937924066875,0.464609977620938,0.0514539831771739,2.32553990346564
0.542159263758109,0.0762331070777552,1.5869388405686,2.3,0,NaN,NaN,0.35697115696176,0.867794179608,0.1361215149768,0.80378036136,0.66765936348,0.079224948,1.47318857661373,0.609473641550405,0.0761932710121469,1.39607533452828
0.812053496572406,0.0891127834382182,0.636654474110269,1.9,0,NaN,NaN,0.0537103009797677,0.946787061925161,0.00118507689987099,0.8729616024,0.871776521883871,0.0852277589419355,0.649044619284246,0.87083245980608,0.0928954523971615,0.61677990083621
0.774755663578904,0.0172268365644155,0.365464551518332,1.511111111,0,NaN,NaN,0.033872267596464,0.609279472008,0.0283304045952,0.81429431472,0.785963771496,0.01880748569736,0.385406301703754,0.774541399978111,0.017911766954919,0.347710414889968
0.493042838531522,0.00234812975886139,0.150433672027893,NaN,NaN,NaN,NaN,0.0948758917582684,0.925634879256774,-0.00490111868099613,0.503115357832258,0.508016250812903,0.00208365599009032,0.168643071988796,0.510311623827207,0.00245020456179302,0.145232967404996
0.381122328181402,0.000691061592241811,0.142140320129738,1,NaN,NaN,NaN,0.379210501284387,1.53894433087742,0.0131845812619355,0.406928528825806,0.393744154296774,0.00066712101147871,0.182813501161691,0.381378578240807,0.000655868371317959,0.129733151812172
0.222079004543734,9.96158195841374e-05,0.168175575994342,0.9,0.09,NaN,NaN,0.546448860390857,0.739870387611429,0.00952442650285713,0.246274212857143,0.236749763199857,0.000154660731634286,0.126477924719303,0.244936107278719,-2.21739425267311e-05,0.109688562846871
NaN,NaN,NaN,0.85,0,NaN,NaN,0.662679210514064,1.23075848715097,-9999,0.764346933290322,-9999,-9999,-9999,0.248555554673343,0.00365058728775053,0.227628273264648
NaN,NaN,NaN,1.155555556,0,NaN,NaN,0.803605407552,5.070726542664,-9999,1.3310314596,-9999,-9999,-9999,0.40003482243914,0.0124998754643432,0.508715704066182
NaN,NaN,NaN,4.311111111,0,NaN,NaN,0.854138379809032,8.26086089592,-9999,1.5943815387871,-9999,-9999,-9999,0.581721560861048,0.0280712974367327,1.90809275508665
NaN,NaN,NaN,4.75,0,-46.2437973022461,NaN,0.91683650808,9.28714944492,-9999,1.67926412952,-9999,-9999,-9999,0.558676953380079,0.0408910035105112,3.03086190274098
NaN,NaN,NaN,4.688888889,0,-73.0718154907227,NaN,0.839890802067097,10.921505475391,-9999,1.77494428962581,-9999,-9999,-9999,0.564575361792856,0.0451927693164821,3.03727596298226
NaN,NaN,NaN,4.35,0,NaN,NaN,0.729810277316129,11.0752483711355,-9999,1.78038504394839,-9999,-9999,-9999,0.669911771298103,0.0639259088824173,3.73254030821834
NaN,NaN,NaN,3.238888889,0,NaN,NaN,0.69966304632,7.387840902024,-9999,1.53721978848,-9999,-9999,-9999,0.767928793801785,0.0619226513322295,2.19977356334647
NaN,NaN,NaN,1.983333333,0,-123.335411071777,NaN,0.574381295535484,4.53862351203097,-9999,1.28914297269677,-9999,-9999,-9999,0.889450097486532,0.057703872709373,0.97434787380366
NaN,NaN,NaN,1.255555556,0,-141.610290527344,NaN,0.4565805156,2.236363982424,-9999,0.99145328688,-9999,-9999,-9999,0.776069829966942,0.0151788432514821,0.360002054010962
NaN,NaN,NaN,0.94,NaN,-90.845703125,NaN,0.344778419752258,1.79758851654194,-9999,0.930418028129032,-9999,-9999,-9999,0.584454394179209,0.00300313137037192,0.051210227917268
NaN,NaN,NaN,1,NaN,-17.6196937561035,NaN,NaN,NaN,NaN,NaN,NaN,NaN,NaN,NaN,NaN,NaN
NaN,NaN,NaN,0.7,0,-52.6583633422852,NaN,NaN,NaN,NaN,NaN,NaN,NaN,NaN,NaN,NaN,NaN
NaN,NaN,NaN,NaN,0,-20.154857635498,NaN,NaN,NaN,NaN,NaN,NaN,NaN,NaN,NaN,NaN,NaN
NaN,NaN,NaN,1.844444444,0,-0.809159934520721,NaN,NaN,NaN,NaN,NaN,NaN,NaN,NaN,NaN,NaN,NaN
NaN,NaN,NaN,3.733333333,0,-46.3043518066406,NaN,NaN,NaN,NaN,NaN,NaN,NaN,NaN,NaN,NaN,NaN
NaN,NaN,NaN,4.35,0,-91.8991851806641,NaN,NaN,NaN,NaN,NaN,NaN,NaN,NaN,NaN,NaN,NaN
NaN,NaN,NaN,4.316666667,0,-126.514495849609,NaN,NaN,NaN,NaN,NaN,NaN,NaN,NaN,NaN,NaN,NaN
NaN,NaN,NaN,2.485714286,0,-164.59130859375,NaN,NaN,NaN,NaN,NaN,NaN,NaN,NaN,NaN,NaN,NaN
NaN,NaN,NaN,3.033333333,0,-154.037872314453,NaN,NaN,NaN,NaN,NaN,NaN,NaN,NaN,NaN,NaN,NaN
NaN,NaN,NaN,NaN,0,-142.264999389648,NaN,NaN,NaN,NaN,NaN,NaN,NaN,NaN,NaN,NaN,NaN
NaN,NaN,NaN,0.922222222,NaN,-145.860443115234,NaN,NaN,NaN,NaN,NaN,NaN,NaN,NaN,NaN,NaN,NaN
NaN,NaN,NaN,NaN,NaN,-104.726943969727,NaN,NaN,NaN,NaN,NaN,NaN,NaN,NaN,NaN,NaN,NaN
NaN,NaN,NaN,0.9,NaN,-83.9916839599609,NaN,NaN,NaN,NaN,NaN,NaN,NaN,NaN,NaN,NaN,NaN
NaN,NaN,NaN,0.3,0,-47.8823013305664,NaN,NaN,NaN,NaN,NaN,NaN,NaN,NaN,NaN,NaN,NaN
NaN,NaN,NaN,0.866666667,0,2.45542240142822,NaN,NaN,NaN,NaN,NaN,NaN,NaN,NaN,NaN,NaN,NaN
NaN,NaN,NaN,1.166666667,0,-26.3908195495605,NaN,NaN,NaN,NaN,NaN,NaN,NaN,NaN,NaN,NaN,NaN
NaN,NaN,NaN,3.872222222,0,-88.6642837524414,NaN,NaN,NaN,NaN,NaN,NaN,NaN,NaN,NaN,NaN,NaN
NaN,NaN,NaN,4.605555556,0,-109.946273803711,NaN,NaN,NaN,NaN,NaN,NaN,NaN,NaN,NaN,NaN,NaN
NaN,NaN,NaN,4.95625,0,-100.173606872559,NaN,NaN,NaN,NaN,NaN,NaN,NaN,NaN,NaN,NaN,NaN
NaN,NaN,NaN,3.944444444,0,-130.412078857422,NaN,NaN,NaN,NaN,NaN,NaN,NaN,NaN,NaN,NaN,NaN
NaN,NaN,NaN,2.866666667,0,-117.950469970703,NaN,NaN,NaN,NaN,NaN,NaN,NaN,NaN,NaN,NaN,NaN
NaN,NaN,NaN,NaN,0,-132.901443481445,NaN,NaN,NaN,NaN,NaN,NaN,NaN,NaN,NaN,NaN,NaN
NaN,NaN,NaN,NaN,0,-123.095748901367,NaN,NaN,NaN,NaN,NaN,NaN,NaN,NaN,NaN,NaN,NaN
NaN,NaN,NaN,NaN,NaN,-137.094635009766,NaN,NaN,NaN,NaN,NaN,NaN,NaN,NaN,NaN,NaN,NaN
NaN,NaN,NaN,NaN,NaN,-73.8085556030273,NaN,NaN,NaN,NaN,NaN,NaN,NaN,NaN,NaN,NaN,NaN
NaN,NaN,NaN,0.85,0.02111111111,-43.2335472106934,NaN,NaN,NaN,NaN,NaN,NaN,NaN,NaN,NaN,NaN,NaN
NaN,NaN,NaN,0.644444444,0,-11.7732572555542,NaN,NaN,NaN,NaN,NaN,NaN,NaN,NaN,NaN,NaN,NaN
NaN,NaN,NaN,1.133333333,0,NaN,NaN,NaN,NaN,NaN,NaN,NaN,NaN,NaN,NaN,NaN,NaN
NaN,NaN,NaN,2.361111111,0,NaN,NaN,NaN,NaN,NaN,NaN,NaN,NaN,NaN,NaN,NaN,NaN
NaN,NaN,NaN,5.35625,0,NaN,NaN,NaN,NaN,NaN,NaN,NaN,NaN,NaN,NaN,NaN,NaN
NaN,NaN,NaN,4.733333333,0,NaN,NaN,NaN,NaN,NaN,NaN,NaN,NaN,NaN,NaN,NaN,NaN
NaN,NaN,NaN,4.725,0,NaN,NaN,NaN,NaN,NaN,NaN,NaN,NaN,NaN,NaN,NaN,NaN
NaN,NaN,NaN,NaN,0,NaN,NaN,NaN,NaN,NaN,NaN,NaN,NaN,NaN,NaN,NaN,NaN
NaN,NaN,NaN,2.377777778,0,NaN,NaN,NaN,NaN,NaN,NaN,NaN,NaN,NaN,NaN,NaN,NaN
NaN,NaN,NaN,1,NaN,NaN,NaN,NaN,NaN,NaN,NaN,NaN,NaN,NaN,NaN,NaN,NaN
NaN,NaN,NaN,0.8,NaN,NaN,NaN,NaN,NaN,NaN,NaN,NaN,NaN,NaN,NaN,NaN,NaN
