NBE,CH4,ET,LAI,SCF,EWT,ABGB,GPP_DT,ER_DT,GPP_NT,ER_NT,NBE_F,CH4_F,ET_F,NBE_ANN,CH4_ANN,ET_ANN
NaN,NaN,NaN,0.111111111,NaN,-1.84441435337067,NaN,NaN,NaN,NaN,NaN,NaN,NaN,NaN,NaN,NaN,NaN
NaN,NaN,NaN,0.307142857,0.09555555556,-4.00297784805298,NaN,NaN,NaN,NaN,NaN,NaN,NaN,NaN,NaN,NaN,NaN
NaN,NaN,NaN,0.1875,0.01888888889,-6.37472867965698,NaN,NaN,NaN,NaN,NaN,NaN,NaN,NaN,NaN,NaN,NaN
NaN,NaN,NaN,0.672222222,0,-5.55608463287354,NaN,NaN,NaN,NaN,NaN,NaN,NaN,NaN,NaN,NaN,NaN
NaN,NaN,NaN,1.838888889,0,-0.338492095470428,NaN,NaN,NaN,NaN,NaN,NaN,NaN,NaN,NaN,NaN,NaN
NaN,NaN,NaN,4.5,0,-0.840961098670959,NaN,NaN,NaN,NaN,NaN,NaN,NaN,NaN,NaN,NaN,NaN
NaN,NaN,NaN,5.1,0,6.4497652053833,NaN,NaN,NaN,NaN,NaN,NaN,NaN,NaN,NaN,NaN,NaN
NaN,NaN,NaN,3.071428571,0,4.34382820129395,NaN,NaN,NaN,NaN,NaN,NaN,NaN,NaN,NaN,NaN,NaN
NaN,NaN,NaN,3.483333333,0,3.73234367370605,NaN,NaN,NaN,NaN,NaN,NaN,NaN,NaN,NaN,NaN,NaN
NaN,NaN,NaN,2.205555556,0,8.14390468597412,NaN,NaN,NaN,NaN,NaN,NaN,NaN,NaN,NaN,NaN,NaN
NaN,NaN,NaN,1.066666667,0,4.8635311126709,NaN,NaN,NaN,NaN,NaN,NaN,NaN,NaN,NaN,NaN,NaN
NaN,NaN,NaN,0.827777778,NaN,2.99494361877441,NaN,NaN,NaN,NaN,NaN,NaN,NaN,NaN,NaN,NaN,NaN
NaN,NaN,NaN,1.077777778,NaN,-0.299717485904694,NaN,NaN,NaN,NaN,NaN,NaN,NaN,NaN,NaN,NaN,NaN
NaN,NaN,NaN,0.7,0.015,-8.57845020294189,NaN,NaN,NaN,NaN,NaN,NaN,NaN,NaN,NaN,NaN,NaN
NaN,NaN,NaN,0.7,0,-8.01945304870605,NaN,NaN,NaN,NaN,NaN,NaN,NaN,NaN,NaN,NaN,NaN
NaN,NaN,NaN,1.255555556,0,-3.16690897941589,NaN,NaN,NaN,NaN,NaN,NaN,NaN,NaN,NaN,NaN,NaN
NaN,NaN,NaN,2.661111111,0,1.66652917861938,NaN,NaN,NaN,NaN,NaN,NaN,NaN,NaN,NaN,NaN,NaN
NaN,NaN,NaN,4.983333333,0,2.63627648353577,NaN,NaN,NaN,NaN,NaN,NaN,NaN,NaN,NaN,NaN,NaN
NaN,NaN,NaN,5.194444444,0,0.335517585277557,NaN,NaN,NaN,NaN,NaN,NaN,NaN,NaN,NaN,NaN,NaN
NaN,NaN,NaN,4.211111111,0,0.00714689120650291,NaN,NaN,NaN,NaN,NaN,NaN,NaN,NaN,NaN,NaN,NaN
NaN,NaN,NaN,3.06,0,0.241926819086075,NaN,NaN,NaN,NaN,NaN,NaN,NaN,NaN,NaN,NaN,NaN
NaN,NaN,NaN,1.238888889,0,0.25416287779808,NaN,NaN,NaN,NaN,NaN,NaN,NaN,NaN,NaN,NaN,NaN
NaN,NaN,NaN,0.833333333,0,-2.78054046630859,NaN,NaN,NaN,NaN,NaN,NaN,NaN,NaN,NaN,NaN,NaN
NaN,NaN,NaN,0.661111111,NaN,-6.50953817367554,NaN,NaN,NaN,NaN,NaN,NaN,NaN,NaN,NaN,NaN,NaN
NaN,NaN,NaN,0.455555556,NaN,-1.19782161712646,NaN,NaN,NaN,NaN,NaN,NaN,NaN,NaN,NaN,NaN,NaN
NaN,NaN,NaN,0.48,0,-6.94815921783447,NaN,NaN,NaN,NaN,NaN,NaN,NaN,NaN,NaN,NaN,NaN
NaN,NaN,NaN,0.675,0,-11.2905597686768,NaN,NaN,NaN,NaN,NaN,NaN,NaN,NaN,NaN,NaN,NaN
NaN,NaN,NaN,0.777777778,0,-9.5383472442627,NaN,NaN,NaN,NaN,NaN,NaN,NaN,NaN,NaN,NaN,NaN
NaN,NaN,NaN,2.088888889,0,-4.9641432762146,NaN,NaN,NaN,NaN,NaN,NaN,NaN,NaN,NaN,NaN,NaN
NaN,NaN,NaN,4.822222222,0,4.68744802474976,NaN,NaN,NaN,NaN,NaN,NaN,NaN,NaN,NaN,NaN,NaN
NaN,NaN,NaN,5.183333333,0,4.72409725189209,NaN,NaN,NaN,NaN,NaN,NaN,NaN,NaN,NaN,NaN,NaN
NaN,NaN,NaN,2.3,0,3.43892812728882,NaN,NaN,NaN,NaN,NaN,NaN,NaN,NaN,NaN,NaN,NaN
NaN,NaN,NaN,3.127777778,0,6.73478126525879,NaN,NaN,NaN,NaN,NaN,NaN,NaN,NaN,NaN,NaN,NaN
NaN,NaN,NaN,1.366666667,0,8.47676849365234,NaN,NaN,NaN,NaN,NaN,NaN,NaN,NaN,NaN,NaN,NaN
NaN,NaN,NaN,1.05,NaN,5.71799755096436,NaN,NaN,NaN,NaN,NaN,NaN,NaN,NaN,NaN,NaN,NaN
NaN,NaN,NaN,0.7,NaN,1.60233843326569,NaN,NaN,NaN,NaN,NaN,NaN,NaN,NaN,NaN,NaN,NaN
NaN,NaN,NaN,0.694444444,NaN,1.70273196697235,NaN,NaN,NaN,NaN,NaN,NaN,NaN,NaN,NaN,NaN,NaN
NaN,NaN,NaN,0.144444444,0.3305555556,0.698750495910645,NaN,NaN,NaN,NaN,NaN,NaN,NaN,NaN,NaN,NaN,NaN
NaN,NaN,NaN,0.3875,0,-4.20398044586182,NaN,NaN,NaN,NaN,NaN,NaN,NaN,NaN,NaN,NaN,NaN
NaN,NaN,NaN,1.055555556,0,-0.800719141960144,NaN,NaN,NaN,NaN,NaN,NaN,NaN,NaN,NaN,NaN,NaN
NaN,NaN,NaN,2.272222222,0,3.21448850631714,NaN,NaN,NaN,NaN,NaN,NaN,NaN,NaN,NaN,NaN,NaN
NaN,NaN,NaN,5.222222222,0,3.27625250816345,NaN,NaN,NaN,NaN,NaN,NaN,NaN,NaN,NaN,NaN,NaN
NaN,NaN,NaN,4.83,0,1.5839284658432,NaN,NaN,NaN,NaN,NaN,NaN,NaN,NaN,NaN,NaN,NaN
NaN,NaN,NaN,4.933333333,0,6.74739360809326,NaN,NaN,NaN,NaN,NaN,NaN,NaN,NaN,NaN,NaN,NaN
NaN,NaN,NaN,4.58125,0,7.75218057632446,NaN,NaN,NaN,NaN,NaN,NaN,NaN,NaN,NaN,NaN,NaN
NaN,NaN,NaN,1.3,0,6.17799091339111,NaN,NaN,NaN,NaN,NaN,NaN,NaN,NaN,NaN,NaN,NaN
NaN,NaN,NaN,1.5,NaN,6.17032051086426,NaN,NaN,NaN,NaN,NaN,NaN,NaN,NaN,NaN,NaN,NaN
NaN,NaN,NaN,0.18,NaN,-1.35411560535431,NaN,NaN,NaN,NaN,NaN,NaN,NaN,NaN,NaN,NaN,NaN
NaN,NaN,NaN,0.1,NaN,-4.96725034713745,NaN,NaN,NaN,NaN,NaN,NaN,NaN,NaN,NaN,NaN,NaN
NaN,NaN,NaN,0.1,0.6311111111,-5.75423002243042,NaN,NaN,NaN,NaN,NaN,NaN,NaN,NaN,NaN,NaN,NaN
NaN,NaN,NaN,0.45625,0.1305555556,-6.7118616104126,NaN,NaN,NaN,NaN,NaN,NaN,NaN,NaN,NaN,NaN,NaN
NaN,NaN,NaN,0.778571429,0,-5.65447521209717,NaN,NaN,NaN,NaN,NaN,NaN,NaN,NaN,NaN,NaN,NaN
NaN,NaN,NaN,1.316666667,0,-7.00028705596924,NaN,NaN,NaN,NaN,NaN,NaN,NaN,NaN,NaN,NaN,NaN
NaN,NaN,NaN,2.816666667,0,-5.80913305282593,NaN,NaN,NaN,NaN,NaN,NaN,NaN,NaN,NaN,NaN,NaN
NaN,NaN,NaN,4.538888889,0,-2.11997294425964,NaN,NaN,NaN,NaN,NaN,NaN,NaN,NaN,NaN,NaN,NaN
NaN,NaN,NaN,3.922222222,0,-4.28789377212524,NaN,NaN,NaN,NaN,NaN,NaN,NaN,NaN,NaN,NaN,NaN
NaN,NaN,NaN,2.033333333,0,-4.22362422943115,NaN,NaN,NaN,NaN,NaN,NaN,NaN,NaN,NaN,NaN,NaN
NaN,NaN,NaN,1.166666667,0,-4.65281867980957,NaN,NaN,NaN,NaN,NaN,NaN,NaN,NaN,NaN,NaN,NaN
NaN,NaN,NaN,1.471428571,NaN,-11.1255111694336,NaN,NaN,NaN,NaN,NaN,NaN,NaN,NaN,NaN,NaN,NaN
NaN,NaN,NaN,0.1375,NaN,-15.6760034561157,NaN,NaN,NaN,NaN,NaN,NaN,NaN,NaN,NaN,NaN,NaN
NaN,NaN,NaN,0.46875,NaN,NaN,NaN,0.0499686795406452,0.410538113256774,-9999,0.369695562270968,-9999,-9999,-9999,-0.184364811998473,0.0744019466372608,0.21836428821405
NaN,NaN,NaN,0.375,0,-17.5700397491455,NaN,0.0574899825085714,0.466434437811429,-9999,0.2777502366,-9999,-9999,-9999,-0.294374271831406,0.098275639833698,0.476979179472939
-0.186391918574159,NaN,0.996348749537449,0.472222222,0,-14.4601573944092,NaN,0.281944022413935,0.610616446049032,0.538003409516308,0.265034618477419,-0.259164435607912,-9999,0.950413345727706,-0.316066949121761,0.156358137418258,0.866030256668613
-0.473337452309145,0.563836714614457,2.24551737454352,0.733333333,0,-13.6639633178711,NaN,0.655493007888,0.505779302232,1.76720362398,1.46233314144,-0.304871369544,0.569606956212414,2.08439871453456,-0.206170135399894,0.265818857064513,2.04087908098673
-2.40972068564964,0.353075837267328,3.13691318170854,1.85,0,-6.98779392242432,NaN,3.43453510730323,1.76546173570839,4.17518747127174,2.56451550224516,-1.61067750981677,0.340693102010323,2.87491214742702,-1.69797269169076,0.309259793062003,2.91135514425636
-5.94735585277943,0.297017957250337,4.26674457732147,4.127777778,0,NaN,NaN,7.67689081704,3.510486577944,8.711694941868,4.6500452136,-4.061648652336,0.160547643792,3.84017092292374,-4.30010760511095,0.316338219738018,3.74667378372101
-8.49710143908498,0.215806299312727,3.60314864549497,3.214285714,0,-5.08204650878906,NaN,4.56434940843871,1.50333572111226,7.26813774325161,3.66566769034839,-3.6024722833471,0.320562494825806,3.07297098969879,-2.5982247930622,0.326977419892824,2.85249643249411
-2.69108439003869,0.51038503482413,3.14044877142246,2.366666667,0,-9.3798713684082,NaN,3.26437784500645,1.78334995436129,3.8862068550271,2.01393351940645,-1.87227453565394,0.514869227767742,2.89679356600671,-1.40136364546169,0.405378987352305,2.6961474904614
-1.1642413333668,0.279924701141959,2.2482962241542,1.41875,0,-4.25453948974609,NaN,2.051940515328,0.962250069096,4.372176191832,4.27883364072,-0.09334675872,0.27851149584,2.00348537474859,-0.240961172846535,0.246801975954725,1.94408787919845
-1.18115178712427,0.118182892884962,1.54532846406096,1.016666667,0,-1.81020557880402,NaN,0.881578974030968,0.707781573754839,1.61906073343432,1.58525446157419,-0.0338088190993549,0.127151214270968,1.46818862627341,0.00178568599044513,0.117735734178454,1.20105098871063
0.730194909808662,NaN,0.355153536571542,0.777777778,0,-1.9533783197403,NaN,0.1707200314416,0.517821460416,0.45243819265608,1.13013754848,0.6776987062104,0.060835362624,0.316098957004113,0.522103507505471,0.0591424704880623,0.429082036421939
-0.140613926971377,0.0525452888587741,0.653972163631288,0.525,NaN,-9.49659442901611,NaN,0.322175905362581,1.54105979704258,0.762558833464955,0.206105044180645,-0.556450564179252,0.0450620804670968,0.841060256740695,0.225700380911096,0.0425894835282216,0.491793460849445
NaN,NaN,NaN,0.666666667,NaN,-14.7698163986206,NaN,0.306429284206452,0.295917235130323,2.09870834600439,0.11523009483871,-1.98347766623071,0.0330118756722581,0.640235049529701,-0.356713485970005,0.0333718063304514,0.38087899582866
NaN,NaN,NaN,0.244444444,0,-10.4526214599609,NaN,0.28216632662069,0.420669858091035,-0.933087413072855,0.191930966565517,1.12501559695581,0.0286107562427586,0.654139579266204,-0.278414812777238,0.0365861022432277,0.299067864440479
-0.0467250119842435,0.0523519964561463,0.888951799044155,0.411111111,0,-10.4516067504883,NaN,0.530767645362581,0.676286408763871,0.824612064036387,0.837398248954839,0.0127861722859354,0.0498982416591484,0.813049526168437,-0.0587091347724671,0.0467188092173268,0.811533145307071
-0.564998033915876,0.0571990745065507,1.67201009868605,0.572222222,0,-10.1767196655273,NaN,0.554145385392,0.427862901384,1.2912464273688,1.05902441496,-0.2322243070704,0.058065002568,1.51914475280445,-0.346760429434725,0.0603222812039448,1.5286487940069
-1.34608090573432,0.145459244421872,3.15621422683004,1.78,0,NaN,NaN,2.4247304905471,1.47124074641806,3.19677468772645,2.6866302507871,-0.510142609265806,0.140780202503226,2.83660018897284,-0.739071691070765,0.143219633769016,2.82401088159348
-4.55376848331637,0.135924175555502,3.37310887587743,4.657142857,0,0.133278355002403,NaN,6.35578055208,3.249205988328,6.48514386564264,3.52040787,-2.9647331120448,0.13385737224,3.00711268266728,-3.05492029892513,0.161790638754557,3.03817327274974
-3.67340791783569,0.207601301216704,3.74565638919006,4.107142857,0,-2.69251251220703,NaN,7.46296931612903,5.64469562898581,7.41039545329316,5.52787075625806,-1.88252339690323,0.206859949548387,3.24048074939049,-2.18488463885064,0.235639978986556,3.23369345365117
-2.80195724117313,0.178698974708328,2.79402089917543,2.292857143,0,-1.06873822212219,NaN,6.29618002420645,5.19278522620645,6.5188479334831,5.68433669550968,-0.834510340103226,0.180191934580645,2.01974560095878,-1.30750369488856,0.202056007889144,2.32344966170492
-1.38889281729961,0.127761347518306,2.58800218212228,1.971428571,0,2.4940664768219,NaN,4.22893829592,4.459827521736,3.932430899976,3.79800637704,-0.134430122664,0.12896730144,2.14214724704542,-0.420522801214407,0.13870681720042,2.12973500936361
0.431006934010366,0.0541105185059355,1.28410468732522,1.005555556,0,NaN,NaN,1.22581479307355,1.45526902302194,1.06761545334813,1.72295568371613,0.655339777896774,0.0598181756864516,1.13107967296602,0.545022305372471,0.0720576318594235,1.1347979866063
0.693392132734967,0.0304463568461189,0.529530160579647,0.927777778,0,-1.62215602397919,NaN,0.377797938408,1.156031705736,0.40027076285112,1.18002283128,0.7797539977848,0.041295237696,0.48111377751716,0.747459277836028,0.0480376152191958,0.514126855319265
0.189404974002905,0.0196662865867698,0.341178332462208,NaN,NaN,-1.32295656204224,NaN,0.171896140544516,0.691141263886452,-0.270245241808258,0.215159727251613,0.485407352752258,0.0205622823623226,0.323459657800336,0.142423364962524,0.025120596858589,0.261906154588065
NaN,NaN,NaN,0.094444444,NaN,-7.08580017089844,NaN,0.572341281445161,3.49154999677161,-9999,0.383222367174194,-9999,-9999,-9999,0.0163965491474478,0.0193674517876827,0.260756091530135
NaN,NaN,NaN,0.488888889,0.16,-9.66255855560303,NaN,0.6756924204,2.16182494743429,-9999,0.500515682914286,-9999,-9999,-9999,-0.207692022831997,0.0138749974225384,0.287146861941377
-0.267986208857651,0.0159669932302586,0.622081769398469,NaN,0,NaN,NaN,0.848309118967742,1.19457503031484,0.41494388964192,0.275357976154839,-0.2397763450656,0.0160499086802922,0.63593404538268,-0.260167083014042,0.0161610573660482,0.610633398018652
-0.329852627247883,0.0671628213546602,1.61047736603313,0.5,0,-9.74963474273682,NaN,0.3224328157728,0.72234522144,0.6490516296672,0.34767401832,-0.301377944916,0.065894346216,1.56215485363436,-0.238003824123475,0.0654048187890456,1.54274293668081
-0.392830340726729,0.170098730040556,2.21828984803861,1.283333333,0,-9.69855403900146,NaN,1.09645497378581,0.90148599620129,1.50454063542426,1.23489037602581,-0.269649043896774,0.16482286916129,2.11656266902525,-0.227516121922058,0.16771150132977,2.14414215895377
-2.95331390728997,0.331177916415573,3.41671172881597,2.875,0,-9.34647655487061,NaN,4.45326140592,2.189578443264,4.061775798432,1.46926771488,-2.592504673704,0.3278443212,3.25356685042864,-2.47357866229747,0.297307298637081,3.23697159953181
-4.23782703589228,0.431491787333446,3.80101009503899,4.583333333,0,-7.76520204544067,NaN,6.71793124854193,3.52216142235871,7.35226798577806,4.395984804,-2.95628388503226,0.434227194812903,3.45103870353833,-3.00201287760675,0.378820195494423,3.48279336498088
-2.48835820366045,0.350900245908846,3.38845567960354,4.111111111,0,NaN,NaN,5.84404423246452,4.45767262778323,6.02601630087484,4.8018184532129,-1.22420091228387,0.344399340309677,2.99963356806637,-1.33500411149452,0.325065829063414,3.04201587716219
-1.72152301360708,0.191597393904912,2.55218116183532,2.227777778,0,NaN,NaN,3.59994642552,3.180904266456,3.71289694524912,3.29663296656,-0.4162616352,0.19979378856,2.14336348672344,-0.566197530456665,0.191068969195062,2.14790089296146
0.454065599441418,0.111940749559813,1.22977338111897,1.005555556,0,-1.17787575721741,NaN,0.972926432221935,1.18080438963097,1.53799334190116,2.34738115385806,0.809388813089032,0.110560816567742,1.08321971333303,0.656375181033883,0.109354608485382,1.12688098660912
0.623883713047536,0.0561737534373457,0.51940898434166,0.822222222,NaN,-4.10381984710693,NaN,0.3739163832,1.34775869976,0.340743899772,1.04870111112,0.70795650564,0.054507325824,0.496191721687372,0.680784534998172,0.0577298968294685,0.527924183197267
2.84509279428926,NaN,0.88674458770259,NaN,NaN,-4.65043163299561,NaN,0.217175471581935,1.28283566811097,1.02866967873107,1.470653604,0.692063726414229,0.0292943692311312,0.720402489614275,0.555090128668091,0.0404848813259919,0.472099969556101
NaN,NaN,NaN,0.375,NaN,-5.07325172424316,NaN,0.251724284593548,0.987351209047742,-9999,0.536950994167742,-9999,-9999,-9999,-0.0146837917902431,0.0277633992108205,0.25916452748584
NaN,NaN,NaN,0.466666667,0,NaN,NaN,1.17104778848571,2.68848921134571,-9999,0.675560019342857,-9999,-9999,-9999,0.028490900561196,0.0367407194180521,0.510700775220737
NaN,NaN,NaN,0.511111111,0,-4.53695917129517,NaN,2.91357912704516,4.2879203718271,-9999,0.713336167045161,-9999,-9999,-9999,-0.15723804220348,0.0450711836600852,0.802728967307347
NaN,NaN,NaN,0.894444444,0,-4.69832324981689,NaN,5.5826961984,7.24126729212,-9999,0.81781459632,-9999,-9999,-9999,-0.177945920451342,0.0970541960652965,1.52845975335622
-2.19190898189689,0.206485808512313,2.44929131403508,2.061111111,0,0.31433230638504,NaN,4.749677136,3.81593879663226,3.78117337765929,1.99722652072258,-1.49489301009338,0.196981466684596,2.26452578039885,-1.35587731419156,0.185860127715955,2.3051758154168
-5.13992621216141,0.244588781517043,3.70879476498771,3.538888889,0,1.34634602069855,NaN,6.54469393392,3.277428975216,7.0250641005456,3.7028519028,-3.32221142736,0.24144209496,3.27579545415407,-3.48329503094842,0.249089575272796,3.28020715935647
-2.48257710400343,0.325658757318377,3.7499879696642,4.635714286,0,NaN,NaN,5.60651277274839,4.04170181003613,5.60067483142452,4.28819751313548,-1.31248416332903,0.324124584619355,3.24980578353757,-1.39304523368219,0.32447946246636,3.30896202598703
-2.33579100200836,0.317601074095062,3.40342316215308,2.95,0,3.79257702827454,NaN,3.93534835525161,2.13251729372129,4.61899736718968,3.32942118085161,-1.28958168541935,0.317968012567742,2.95479893911982,-1.25805666399428,0.310382388560201,2.98714923310404
-0.37298026966917,0.179603966022264,2.27003525394111,1.338888889,0,3.70315408706665,NaN,1.763264972376,1.825091272512,1.94823130932,2.04473952576,0.0965080295999998,0.187320305736,1.9340587157356,0.257476152209153,0.186437616833944,1.90802672724005
0.779303254661744,0.18536110171171,0.97935664168338,0.625,0,6.03931427001953,NaN,0.570456449837419,1.37879374984258,0.888053573348129,1.87059169904516,0.982536415409032,0.19285994996129,0.827824088787182,0.994730792589058,0.165801429351851,0.860424319809359
0.612045695927362,0.0855725616398088,0.411830217670928,0.507142857,0,1.73851716518402,NaN,0.330098256288,1.08330704856,0.31486066006824,0.89149713696,0.57663314424,0.0894936098952,0.390155733162597,0.603184955131293,0.0809364226443589,0.4346296198586
-0.106434915835542,0.150165431600678,0.326111234026446,NaN,NaN,NaN,NaN,0.312325507556129,1.1130759778529,0.486245316481548,0.908153071432258,0.421907986126452,0.043602908240671,0.343799163967165,0.425238521657567,0.0385255533923636,0.357452245769424
-0.31208581935683,0.0223776894189131,0.52233917393759,0.488888889,NaN,-4.51181745529175,NaN,0.177602198957419,0.672742612567742,0.732018131530839,0.524549582709677,-0.207472354546065,0.0208738349059355,0.495725296840271,-0.141400430643136,0.0367623571986337,0.42907347293703
-0.157740404731991,0.0328383418464408,0.327748797402543,0.5,0,-6.39927864074707,NaN,1.03027933113429,0.968792507382857,0.789547015396286,0.416515664314286,-0.373032911890286,0.0340467971251629,0.315995773268483,-0.10948554468677,0.0273958620109258,0.376960578537759
-0.12521609382507,0.0616420419723503,0.993339890158873,0.49375,0,-2.55236744880676,NaN,0.297683528432516,0.69098366708129,0.857962820854452,0.609451504258064,-0.248509828913806,0.0563747157127742,0.868872299525446,-0.0775460791978083,0.0512568208777508,0.856223056428534
-0.911288925961412,0.110521585283391,1.64393542757296,0.575,0,-0.294144511222839,NaN,0.165526088256,0.073131850296,1.377497158416,0.36550287216,-1.011995743932,0.1108554766848,1.56975928591141,-0.69741942708385,0.101221010390515,1.54609142931583
-1.1184836036105,0.193957820674128,2.59599149674313,1.185714286,0,-0.942073583602905,NaN,1.72511567211484,1.08728033776258,2.80703845460903,2.13438541494194,-0.672648744695226,0.184621034787097,2.43280093690192,-0.734088494329891,0.185675635484644,2.39279076493574
-3.88814004334794,0.230749645275411,3.67718602718606,4,0,NaN,NaN,5.37426764784,2.581029972144,5.308457062464,2.40438371832,-2.9040669306,0.229361326272,3.41274678777148,-2.90308320384343,0.237316431307625,3.36785006965317
-3.77271091629121,0.331149292576824,4.34747755764681,4.55,0,9.46809959411621,NaN,5.56272207615484,2.69292339699097,6.7988523059071,4.28445882139355,-2.51439282209032,0.338445344903226,3.9621663398302,-2.54929081038491,0.335888290152942,3.87436094849928
-2.28532007513769,0.28031405036809,3.65317981369205,4.222222222,0,10.4539403915405,NaN,4.13444954787097,2.52493200076645,4.50944519724464,3.31766386536774,-1.19177871180387,0.285925278658065,3.23299928748108,-1.03461092012794,0.281814034666814,3.13324615376593
-1.37966933820655,0.207240735385811,2.15542787262197,2.094444444,0,12.4659738540649,NaN,2.97512238024,2.832079000752,2.798682694272,2.277110052,-0.521574506712,0.21069015696,1.83221492159023,-0.412016232475862,0.200184009430176,1.89376888502739
-0.174688350417773,0.10764561428588,1.08172040957207,1,0,NaN,NaN,0.838360218820645,0.990511652067097,1.29706794468465,1.84823748905806,0.551168145731613,0.111090970451613,0.884681749187329,0.391686196478047,0.1031883089088,0.968476518125539
0.244729058324497,0.0775193220039676,0.902921293272553,0.825,NaN,NaN,NaN,0.6365859440256,1.760373785736,0.8815155754248,1.18900809576,0.307493089848,0.082537175808,0.924231031149752,0.424305654026089,0.0731924553002418,0.808779462719147
0.651177392834274,0.0536111889577497,0.43486924854999,NaN,NaN,3.72520709037781,NaN,0.165911817762581,1.27151512330065,0.406875978130065,0.837505515948387,0.430627429776774,0.0538723970245161,0.464837222846442,0.731271974188171,0.0455379387205271,0.476994246440291
0.76293790084039,0.0344418943685991,0.108894415947566,0.225,NaN,4.87796020507812,NaN,0.237413231928,0.928731419233548,1.19028424046865,1.24302428384516,0.0527410514206452,0.0335397102317419,0.170289489218812,0.0975815652551305,0.0314058016999454,0.202307557094285
0.815918681888049,0.0314053692995889,0.620770552500758,0.477777778,0,-1.84977996349335,NaN,0.344759483371034,1.43708071528552,0.972113998223172,2.03503227566897,1.06292097119669,0.0437985053577931,0.632936565841833,0.427387907508031,0.0357107792950329,0.497661611041678
-0.729213596506659,0.0669206229612671,0.878193731679002,0.516666667,0,-3.48664522171021,NaN,0.188447888670968,0.214506987375484,0.844092903762581,0.302010484412903,-0.542081100091355,0.0701813575974194,0.723067578508944,-0.35985515506508,0.0524473906667058,0.744507864319978
-0.266327494329573,0.120185339795301,1.8134963977613,0.7,0,NaN,NaN,0.55935576972,0.714726541872,0.848170896696,0.7323550992,-0.115820122824,0.125712720792,1.7486220660086,-0.164503985097716,0.10579869670947,1.61987998754388
-2.31167099934864,0.216731646915165,2.83620562392582,1.728571429,0,2.66172933578491,NaN,2.98901973500129,1.69900935250065,3.07619153914297,1.7534633084129,-1.32272696917161,0.206294317316129,2.48227708472463,-1.26227687470696,0.209911414995962,2.54726064683768
-5.0997599014114,0.328562876718529,4.18513541001744,4.65,0,4.52982139587402,NaN,5.92932595104,3.058775203464,6.180048096516,3.41391847464,-2.766130156944,0.35511233112,3.54517092513153,-2.72108327512212,0.313699482387948,3.52568517065459
-3.56400282402276,0.44251279635025,4.16982090023474,4.428571429,0,3.38480806350708,NaN,5.02065095876129,2.54321527066839,6.73113785274581,5.04528657886452,-1.68585123667355,0.444813626554839,3.62054835771176,-1.77058671992297,0.376566145266453,3.52113101633044
-2.32044166734542,0.365116192006948,4.13509956560518,4.055555556,0,4.52217102050781,NaN,3.99422226425806,2.90663387321806,4.87377192665032,3.9863435876129,-0.887428175225806,0.371170495974194,3.4573107350377,-0.941310866236028,0.323274933710995,3.37410581926678
-0.392394924472238,0.174739195760801,2.79163310101826,NaN,0,NaN,NaN,2.97980548056,4.055454626184,5.7843727240752,7.74916664112,1.964789801064,0.175355771472,1.94483672704392,0.83984972907077,0.173313978596624,2.10162353942367
-0.0963561218324049,0.0254538556975503,1.36123380642118,NaN,0,NaN,NaN,1.51574489867613,2.52176997244645,1.13301477586224,2.25079303517419,0.959373159912,0.0327431972592,1.35241609197666,0.697128248868573,0.0582708762585416,1.05032198542547
NaN,NaN,NaN,0.894444444,NaN,3.4774284362793,NaN,1.08056258712,1.49144164776,-9999,1.37087426016,-9999,-9999,-9999,0.418859881530941,0.0474791959060972,0.66364000296807
0.98642307963671,NaN,0.48381032463225,0.65,NaN,1.72163951396942,NaN,0.266225236327742,1.05563461206194,0.0189449935199999,0.763443222735484,0.98871728256,-9999,0.612252251065812,0.591934933504952,0.0275821771160391,0.494341990734364
-0.540623420541666,0.0145703778626915,0.383657099717377,0.6125,NaN,0.428224802017212,NaN,0.1406476764,0.522930533806451,0.95139894195871,0.551709428980645,-0.39969275499871,0.00934902766730323,0.347685641842835,-0.254308006891093,0.0153857267231704,0.376271618888497
0.412355659328766,0.00576375231402564,0.334571594519466,0.575,0,NaN,NaN,0.239817660436286,0.953472923845714,0.246783309351429,0.658188438428571,0.411402947338286,0.0081917623458,0.341560010745644,0.33334003793128,0.0130116052413675,0.375360947581983
-0.394872419152149,0.0350809146790521,0.908276807178153,0.50625,0,-0.899676382541656,NaN,0.161144545398968,0.325364116296774,0.944009433420387,0.600964661496774,-0.343044624263226,0.0350023407212903,0.840706996588817,-0.257140876742108,0.0424351555522602,0.811726765096205
-1.44624522963781,0.0898346879405143,1.97332097596603,0.7,0,-2.51729273796082,NaN,0.405701337312,0.527141018952,1.79724657917369,0.8764031556,-0.9208447935696,0.08526259116,1.85689464985506,-0.860199671436423,0.0841311701554403,1.71457790012355
-1.31645707022607,0.193802515059422,2.67899071051219,1.422222222,0,-0.679243803024292,NaN,2.45952193127226,1.82645592579871,2.92838586698323,2.30742484676129,-0.620964390379355,0.193242449938065,2.46165467395846,-0.692410626412006,0.190643801727781,2.43417470265054
-3.4530451238771,0.281364995685233,3.79006207762513,2.8,0,9.20911407470703,NaN,6.22466904456,3.578101112592,6.359795085888,3.75557818536,-2.604216271032,0.2774002248,3.55582192956699,-2.6734465913811,0.280098827761403,3.46049673325198
-3.56444129626861,0.276927528950954,3.27553001747553,3.661111111,0,NaN,NaN,4.43500758975484,1.64074210102452,5.38248508996645,2.96949501569032,-2.41299556485677,0.270413713858065,3.0263629080509,-2.20556862596848,0.286831854400106,2.95441866446298
-2.60052324671097,0.309346868228864,3.16396203726338,3.094444444,0,NaN,NaN,3.24339507803613,1.35636425110452,3.97094983959484,2.40561669994839,-1.56533391731613,0.2891904768,2.74789342818772,-1.08596926004266,0.283498605812983,2.70089300399711
-2.74161338240252,0.22751770371239,2.1953551001906,1.2875,0,NaN,NaN,2.229162056784,1.349773861464,3.09724925431658,1.301135166,-1.7961140641752,0.22651052544,1.9296959158036,-1.24237658169107,0.155370315659763,1.88830114274834
-1.23671120084678,0.139730397115162,1.35556563957177,0.778571429,0,NaN,NaN,0.850753756451613,1.32817881885677,1.73163021967742,0.855062963070968,-0.876566602168258,0.155524016206452,1.34666507660935,-0.29438191480507,0.0926346094727655,1.23598550239134
0.508639538378978,0.0441891916963369,0.661519798050703,1.15,NaN,NaN,NaN,0.198590436936,0.717880870296,1.332798849504,1.64363158368,0.310828775184,0.0514863923472,0.756059260301011,0.481089079139535,0.0447643643217869,0.681443726696248
-0.21571970340348,0.0358173573368455,0.511438092029545,NaN,NaN,NaN,NaN,0.419104456072258,1.55663973288,1.28465570538348,1.03822952632258,-0.246425237877135,0.0363468676157419,0.553915249302213,-0.0102770870068624,0.0341796215867952,0.515174222347919
0.936302522438915,0.0325511527258515,0.365419010955319,0.85,NaN,NaN,NaN,0.224051298410323,1.5297856782271,0.292915486189161,1.0978595900129,0.804944718963871,0.0292178227087742,0.375080173501199,0.686582184719098,0.0273239651533062,0.345453091064463
-0.584676832689803,0.0237448472493975,0.434952558047971,0.45,0,NaN,NaN,0.154068101768571,0.277945111877143,1.20770848321714,0.415334169,-0.792374028580286,0.0231954967108286,0.444236284823599,-0.48354584823757,0.0196616207437848,0.424776212375136
-0.250985640035848,0.0348325271492681,0.315845903732889,0.457142857,0,NaN,NaN,0.319356128631484,0.592104204789677,1.27772661344981,1.37609518714839,0.098369604116129,0.0346143329201032,0.350019860760901,-0.1139388304744,0.0338075788396551,0.489522532306641
0.41110989456151,0.102083887043296,1.6198935996137,0.675,0,NaN,NaN,0.2499911234496,0.588391271784,0.436603024116,0.79878297024,0.362180427264,0.10073005927776,1.64325144555251,0.366684368636177,0.101455235170638,1.5816546608185
-1.97380994688678,0.211636797535538,3.28448944847153,1.55,0,NaN,NaN,3.32589523856748,1.57700851985032,3.54166038109161,2.25416905594839,-1.28749263584516,0.203023297625806,3.02877000036535,-1.39836458007873,0.202626671268678,3.04114916103549
-4.38558787276218,0.252539839502629,3.97773111070594,5.25,0,5.04235172271729,NaN,6.97338570672,3.756121045848,7.2802431971856,4.14700435296,-3.133244270952,0.25094586456,3.59543215209045,-3.1420945060085,0.257818120967718,3.5920349508304
-3.44757097393034,0.413596290953187,4.46297586072223,5.127777778,0,7.96763801574707,NaN,6.99108832614194,4.74821657737548,7.76397088307613,5.9183803251871,-1.84560111847742,0.414564821419355,3.77465096251872,-1.91938185440476,0.37726479335922,3.85738501638273
-0.903056700253792,0.162811757038283,4.14197264363176,4.77,0,NaN,NaN,5.25454519447742,5.00385539324903,5.66918581150219,6.21306163625806,0.543870127393548,0.186349158810813,3.51893920468599,0.251084988948018,0.198929835440224,3.55366696827788
-1.25538432663246,0.0348286164777961,2.95547906834572,2.725,0,NaN,NaN,4.407797196,4.049892430848,5.351350931568,6.24784940424,0.8964952488,0.035716838004,2.32307803770469,0.186392296270481,0.0782450175086676,2.40288010541146
-1.06377587809235,0.00267599918881954,1.91838462461468,1.411111111,0,13.4483032226562,NaN,2.36434863251613,1.81907179522839,3.02187129488826,3.19665160730323,0.174781135834839,0.0051686152028129,1.7221078769171,0.0987909461209021,0.0388110551628074,1.62235189580787
0.418341753304339,0.000655864957292936,0.52627663009124,1.433333333,NaN,15.4409656524658,NaN,0.773039806704,1.401379361208,1.008718363908,1.93245211152,0.923732980236,0.000597945207528,0.419498867001221,0.717331278873017,0.00636735837675751,0.575936255997231
NaN,NaN,NaN,0.625,NaN,9.90567398071289,NaN,0.0889692205006452,0.889347815790968,0.629952158322581,1.76908265094194,1.13913278242839,0.00166182038403097,0.160684734622205,0.622858771800729,0.0163655016385721,0.509457644493966
NaN,NaN,NaN,0.611111111,NaN,1.92122399806976,NaN,NaN,NaN,NaN,NaN,NaN,NaN,NaN,NaN,NaN,NaN
NaN,NaN,NaN,0.45,0,5.74178647994995,NaN,NaN,NaN,NaN,NaN,NaN,NaN,NaN,NaN,NaN,NaN
NaN,NaN,NaN,0.7,0,2.19765448570251,NaN,NaN,NaN,NaN,NaN,NaN,NaN,NaN,NaN,NaN,NaN
NaN,NaN,NaN,1,0,0.0882295519113541,NaN,NaN,NaN,NaN,NaN,NaN,NaN,NaN,NaN,NaN,NaN
NaN,NaN,NaN,1.29375,0,5.04895448684692,NaN,NaN,NaN,NaN,NaN,NaN,NaN,NaN,NaN,NaN,NaN
NaN,NaN,NaN,4.111111111,0,10.020544052124,NaN,NaN,NaN,NaN,NaN,NaN,NaN,NaN,NaN,NaN,NaN
NaN,NaN,NaN,4.878571429,0,13.7949447631836,NaN,NaN,NaN,NaN,NaN,NaN,NaN,NaN,NaN,NaN,NaN
NaN,NaN,NaN,3.5,0,17.9467811584473,NaN,NaN,NaN,NaN,NaN,NaN,NaN,NaN,NaN,NaN,NaN
NaN,NaN,NaN,1.288888889,0,16.7960510253906,NaN,NaN,NaN,NaN,NaN,NaN,NaN,NaN,NaN,NaN,NaN
NaN,NaN,NaN,0.9,0,15.5123558044434,NaN,NaN,NaN,NaN,NaN,NaN,NaN,NaN,NaN,NaN,NaN
NaN,NaN,NaN,NaN,NaN,15.9043970108032,NaN,NaN,NaN,NaN,NaN,NaN,NaN,NaN,NaN,NaN,NaN
NaN,NaN,NaN,0.45,NaN,11.4192628860474,NaN,NaN,NaN,NaN,NaN,NaN,NaN,NaN,NaN,NaN,NaN
NaN,NaN,NaN,0.4,NaN,9.15832328796387,NaN,NaN,NaN,NaN,NaN,NaN,NaN,NaN,NaN,NaN,NaN
NaN,NaN,NaN,0.52,0,5.22101163864136,NaN,NaN,NaN,NaN,NaN,NaN,NaN,NaN,NaN,NaN,NaN
NaN,NaN,NaN,0.527777778,0,-0.267735451459885,NaN,NaN,NaN,NaN,NaN,NaN,NaN,NaN,NaN,NaN,NaN
NaN,NaN,NaN,0.705555556,0,2.87761425971985,NaN,NaN,NaN,NaN,NaN,NaN,NaN,NaN,NaN,NaN,NaN
NaN,NaN,NaN,1.814285714,0,9.66781520843506,NaN,NaN,NaN,NaN,NaN,NaN,NaN,NaN,NaN,NaN,NaN
NaN,NaN,NaN,4.005555556,0,11.9883718490601,NaN,NaN,NaN,NaN,NaN,NaN,NaN,NaN,NaN,NaN,NaN
NaN,NaN,NaN,4.9625,0,10.9227743148804,NaN,NaN,NaN,NaN,NaN,NaN,NaN,NaN,NaN,NaN,NaN
NaN,NaN,NaN,4.505555556,0,14.219931602478,NaN,NaN,NaN,NaN,NaN,NaN,NaN,NaN,NaN,NaN,NaN
NaN,NaN,NaN,1.411111111,0,12.8611364364624,NaN,NaN,NaN,NaN,NaN,NaN,NaN,NaN,NaN,NaN,NaN
NaN,NaN,NaN,1.044444444,0,14.4913682937622,NaN,NaN,NaN,NaN,NaN,NaN,NaN,NaN,NaN,NaN,NaN
NaN,NaN,NaN,0.566666667,0,13.4221696853638,NaN,NaN,NaN,NaN,NaN,NaN,NaN,NaN,NaN,NaN,NaN
NaN,NaN,NaN,NaN,NaN,14.9485864639282,NaN,NaN,NaN,NaN,NaN,NaN,NaN,NaN,NaN,NaN,NaN
NaN,NaN,NaN,NaN,NaN,8.04797077178955,NaN,NaN,NaN,NaN,NaN,NaN,NaN,NaN,NaN,NaN,NaN
NaN,NaN,NaN,0.477777778,0.00888888889,4.71411895751953,NaN,NaN,NaN,NaN,NaN,NaN,NaN,NaN,NaN,NaN,NaN
NaN,NaN,NaN,0.44,0,1.28373765945435,NaN,NaN,NaN,NaN,NaN,NaN,NaN,NaN,NaN,NaN,NaN
NaN,NaN,NaN,0.783333333,0,NaN,NaN,NaN,NaN,NaN,NaN,NaN,NaN,NaN,NaN,NaN,NaN
NaN,NaN,NaN,0.95,0,NaN,NaN,NaN,NaN,NaN,NaN,NaN,NaN,NaN,NaN,NaN,NaN
NaN,NaN,NaN,4.038888889,0,NaN,NaN,NaN,NaN,NaN,NaN,NaN,NaN,NaN,NaN,NaN,NaN
NaN,NaN,NaN,4.861111111,0,NaN,NaN,NaN,NaN,NaN,NaN,NaN,NaN,NaN,NaN,NaN,NaN
NaN,NaN,NaN,3.894444444,0,NaN,NaN,NaN,NaN,NaN,NaN,NaN,NaN,NaN,NaN,NaN,NaN
NaN,NaN,NaN,2.3875,0,NaN,NaN,NaN,NaN,NaN,NaN,NaN,NaN,NaN,NaN,NaN,NaN
NaN,NaN,NaN,0.916666667,0,NaN,NaN,NaN,NaN,NaN,NaN,NaN,NaN,NaN,NaN,NaN,NaN
NaN,NaN,NaN,1.105555556,0,NaN,NaN,NaN,NaN,NaN,NaN,NaN,NaN,NaN,NaN,NaN,NaN
NaN,NaN,NaN,0.633333333,NaN,NaN,NaN,NaN,NaN,NaN,NaN,NaN,NaN,NaN,NaN,NaN,NaN
