NBE,CH4,ET,LAI,SCF,EWT,ABGB,GPP_DT,ER_DT,GPP_NT,ER_NT,NBE_F,CH4_F,ET_F,NBE_ANN,CH4_ANN,ET_ANN
NaN,NaN,NaN,0.1375,0.22,-7.08966445922852,NaN,NaN,NaN,NaN,NaN,NaN,NaN,NaN,NaN,NaN,NaN
NaN,NaN,NaN,1.033333333,0,9.06824970245361,NaN,NaN,NaN,NaN,NaN,NaN,NaN,NaN,NaN,NaN,NaN
NaN,NaN,NaN,1.194444444,0,43.9502868652344,NaN,NaN,NaN,NaN,NaN,NaN,NaN,NaN,NaN,NaN,NaN
NaN,NaN,NaN,1.622222222,0,-2.21510314941406,NaN,NaN,NaN,NaN,NaN,NaN,NaN,NaN,NaN,NaN,NaN
NaN,NaN,NaN,1.994444444,0,-31.7335433959961,NaN,NaN,NaN,NaN,NaN,NaN,NaN,NaN,NaN,NaN,NaN
NaN,NaN,NaN,2.8,0,15.8143520355225,NaN,NaN,NaN,NaN,NaN,NaN,NaN,NaN,NaN,NaN,NaN
NaN,NaN,NaN,3.022222222,0,-34.606128692627,NaN,NaN,NaN,NaN,NaN,NaN,NaN,NaN,NaN,NaN,NaN
NaN,NaN,NaN,2.711111111,0,-72.4219665527344,NaN,NaN,NaN,NaN,NaN,NaN,NaN,NaN,NaN,NaN,NaN
NaN,NaN,NaN,2.677777778,0,-78.6683959960938,NaN,NaN,NaN,NaN,NaN,NaN,NaN,NaN,NaN,NaN,NaN
NaN,NaN,NaN,1.177777778,0,-105.733749389648,NaN,NaN,NaN,NaN,NaN,NaN,NaN,NaN,NaN,NaN,NaN
NaN,NaN,NaN,1,0,-19.2803974151611,NaN,NaN,NaN,NaN,NaN,NaN,NaN,NaN,NaN,NaN,NaN
NaN,NaN,NaN,0.44,NaN,37.5483207702637,NaN,NaN,NaN,NaN,NaN,NaN,NaN,NaN,NaN,NaN,NaN
NaN,NaN,NaN,1.133333333,0,54.625732421875,NaN,NaN,NaN,NaN,NaN,NaN,NaN,NaN,NaN,NaN,NaN
NaN,NaN,NaN,0.994444444,0,36.5932807922363,NaN,NaN,NaN,NaN,NaN,NaN,NaN,NaN,NaN,NaN,NaN
NaN,NaN,NaN,0.977777778,0,72.4953155517578,NaN,NaN,NaN,NaN,NaN,NaN,NaN,NaN,NaN,NaN,NaN
NaN,NaN,NaN,1.277777778,0,102.697151184082,NaN,NaN,NaN,NaN,NaN,NaN,NaN,NaN,NaN,NaN,NaN
NaN,NaN,NaN,1.727777778,0,68.5067825317383,NaN,NaN,NaN,NaN,NaN,NaN,NaN,NaN,NaN,NaN,NaN
NaN,NaN,NaN,2.477777778,0,7.72945642471313,NaN,NaN,NaN,NaN,NaN,NaN,NaN,NaN,NaN,NaN,NaN
NaN,NaN,NaN,3.166666667,0,-54.0563163757324,NaN,NaN,NaN,NaN,NaN,NaN,NaN,NaN,NaN,NaN,NaN
NaN,NaN,NaN,2.7,0,-54.3747177124023,NaN,NaN,NaN,NaN,NaN,NaN,NaN,NaN,NaN,NaN,NaN
NaN,NaN,NaN,1.461111111,0,-92.1601715087891,NaN,NaN,NaN,NaN,NaN,NaN,NaN,NaN,NaN,NaN,NaN
NaN,NaN,NaN,1.438888889,0,-106.981292724609,NaN,NaN,NaN,NaN,NaN,NaN,NaN,NaN,NaN,NaN,NaN
NaN,NaN,NaN,1.064285714,0,-47.8403434753418,NaN,NaN,NaN,NaN,NaN,NaN,NaN,NaN,NaN,NaN,NaN
NaN,NaN,NaN,1.23125,NaN,36.2936477661133,NaN,NaN,NaN,NaN,NaN,NaN,NaN,NaN,NaN,NaN,NaN
NaN,NaN,NaN,0.533333333,0.3594444444,55.7279739379883,NaN,NaN,NaN,NaN,NaN,NaN,NaN,NaN,NaN,NaN,NaN
NaN,NaN,NaN,0.13125,0.4133333333,84.0259628295898,NaN,NaN,NaN,NaN,NaN,NaN,NaN,NaN,NaN,NaN,NaN
NaN,NaN,NaN,1,0.04444444444,131.036087036133,NaN,NaN,NaN,NaN,NaN,NaN,NaN,NaN,NaN,NaN,NaN
NaN,NaN,NaN,1.311111111,0,107.165992736816,NaN,NaN,NaN,NaN,NaN,NaN,NaN,NaN,NaN,NaN,NaN
NaN,NaN,NaN,1.833333333,0,44.6750450134277,NaN,NaN,NaN,NaN,NaN,NaN,NaN,NaN,NaN,NaN,NaN
NaN,NaN,NaN,1.9875,0,-16.3308506011963,NaN,NaN,NaN,NaN,NaN,NaN,NaN,NaN,NaN,NaN,NaN
NaN,NaN,NaN,2.566666667,0,-24.1459102630615,NaN,NaN,NaN,NaN,NaN,NaN,NaN,NaN,NaN,NaN,NaN
NaN,NaN,NaN,3,0,-100.903427124023,NaN,NaN,NaN,NaN,NaN,NaN,NaN,NaN,NaN,NaN,NaN
NaN,NaN,NaN,3.2375,0,-146.404586791992,NaN,NaN,NaN,NaN,NaN,NaN,NaN,NaN,NaN,NaN,NaN
NaN,NaN,NaN,1.061111111,0,-144.659027099609,NaN,NaN,NaN,NaN,NaN,NaN,NaN,NaN,NaN,NaN,NaN
NaN,NaN,NaN,1.177777778,0,-89.2716064453125,NaN,NaN,NaN,NaN,NaN,NaN,NaN,NaN,NaN,NaN,NaN
NaN,NaN,NaN,1.116666667,NaN,-26.6046867370605,NaN,NaN,NaN,NaN,NaN,NaN,NaN,NaN,NaN,NaN,NaN
NaN,NaN,NaN,0.08125,0.4928571429,52.370532989502,NaN,NaN,NaN,NaN,NaN,NaN,NaN,NaN,NaN,NaN,NaN
NaN,NaN,NaN,0.1,0.5288888889,93.6516189575195,NaN,NaN,NaN,NaN,NaN,NaN,NaN,NaN,NaN,NaN,NaN
NaN,NaN,NaN,0.822222222,0,70.7774963378906,NaN,NaN,NaN,NaN,NaN,NaN,NaN,NaN,NaN,NaN,NaN
NaN,NaN,NaN,1.311111111,0,43.134407043457,NaN,NaN,NaN,NaN,NaN,NaN,NaN,NaN,NaN,NaN,NaN
NaN,NaN,NaN,1.761111111,0,50.4516143798828,NaN,NaN,NaN,NaN,NaN,NaN,NaN,NaN,NaN,NaN,NaN
NaN,NaN,NaN,1.961111111,0,33.2809257507324,NaN,NaN,NaN,NaN,NaN,NaN,NaN,NaN,NaN,NaN,NaN
NaN,NaN,NaN,3.027777778,0,-30.2759075164795,NaN,NaN,NaN,NaN,NaN,NaN,NaN,NaN,NaN,NaN,NaN
NaN,NaN,NaN,2.938888889,0,-35.6994209289551,NaN,NaN,NaN,NaN,NaN,NaN,NaN,NaN,NaN,NaN,NaN
NaN,NaN,NaN,2.433333333,0,-32.4346122741699,NaN,NaN,NaN,NaN,NaN,NaN,NaN,NaN,NaN,NaN,NaN
NaN,NaN,NaN,1.122222222,0,-21.1275253295898,NaN,NaN,NaN,NaN,NaN,NaN,NaN,NaN,NaN,NaN,NaN
NaN,NaN,NaN,1.055555556,0,46.5738716125488,NaN,NaN,NaN,NaN,NaN,NaN,NaN,NaN,NaN,NaN,NaN
NaN,NaN,NaN,0.077777778,NaN,91.38037109375,NaN,NaN,NaN,NaN,NaN,NaN,NaN,NaN,NaN,NaN,NaN
NaN,NaN,NaN,0.1,0.1827777778,NaN,NaN,NaN,NaN,NaN,NaN,NaN,NaN,NaN,NaN,NaN,NaN
NaN,NaN,NaN,0.277777778,0.2433333333,75.9058990478516,NaN,NaN,NaN,NaN,NaN,NaN,NaN,NaN,NaN,NaN,NaN
NaN,NaN,NaN,1.2,0,95.2187194824219,NaN,NaN,NaN,NaN,NaN,NaN,NaN,NaN,NaN,NaN,NaN
NaN,NaN,NaN,1.616666667,0,45.4666748046875,NaN,NaN,NaN,NaN,NaN,NaN,NaN,NaN,NaN,NaN,NaN
NaN,NaN,NaN,1.938888889,0,9.67751884460449,NaN,NaN,NaN,NaN,NaN,NaN,NaN,NaN,NaN,NaN,NaN
NaN,NaN,NaN,2.4,0,NaN,NaN,NaN,NaN,NaN,NaN,NaN,NaN,NaN,NaN,NaN,NaN
NaN,NaN,NaN,2.605555556,0,-60.0626564025879,NaN,NaN,NaN,NaN,NaN,NaN,NaN,NaN,NaN,NaN,NaN
NaN,NaN,NaN,2.644444444,0,-21.4474258422852,NaN,NaN,NaN,NaN,NaN,NaN,NaN,NaN,NaN,NaN,NaN
NaN,NaN,NaN,2.272222222,0,-88.5800476074219,NaN,NaN,NaN,NaN,NaN,NaN,NaN,NaN,NaN,NaN,NaN
NaN,NaN,NaN,1.3,0,-95.5346527099609,NaN,NaN,NaN,NaN,NaN,NaN,NaN,NaN,NaN,NaN,NaN
NaN,NaN,NaN,1.138888889,0,-70.3106460571289,NaN,NaN,NaN,NaN,NaN,NaN,NaN,NaN,NaN,NaN,NaN
NaN,NaN,NaN,1.316666667,0,25.579704284668,NaN,NaN,NaN,NaN,NaN,NaN,NaN,NaN,NaN,NaN,NaN
NaN,NaN,NaN,0.788888889,0.1116666667,60.7852401733398,NaN,1.47490215273735,0.273620509572354,-9999,1.88600962572519,-9999,-9999,-9999,0.187485164003195,0.0108643087122354,0.305093770485906
NaN,NaN,NaN,0.116666667,0.5872222222,69.9516372680664,NaN,2.55480174546207,0.191052408850759,-9999,1.43790854846897,-9999,-9999,-9999,0.350934057482001,0.0109570268630444,0.268729371677583
NaN,NaN,NaN,1.166666667,0,72.7883911132812,NaN,3.85921847729032,0.623621281517419,-9999,2.68550206327742,-9999,-9999,-9999,0.0864698453677286,0.0117129910314713,1.00168546559962
NaN,NaN,NaN,1.7625,0,36.6143226623535,NaN,3.993662954952,0.7802774526672,-9999,2.927474496,-9999,-9999,-9999,-0.0587358857406466,0.0133802844247832,2.33822365475044
NaN,NaN,NaN,1.888888889,0,NaN,NaN,5.02811783762168,1.35670188691277,-9999,3.79905565099355,-9999,-9999,-9999,-1.19684563897185,0.0156782714165086,4.0574187670277
NaN,NaN,NaN,2.605555556,0,-30.0232849121094,NaN,4.47552261216,1.8572519296728,-9999,4.37408410608,-9999,-9999,-9999,-0.901464271727131,0.0184601985570256,3.38525253202559
-2.26655063898085,0.024777540746187,3.43713650467954,3.416666667,0,-41.1749572753906,NaN,4.81884882154606,2.42352041462245,4.7022400371769,3.42416260056774,-1.45099173921429,0.0181546819132903,2.81182917859059,-1.62879846346386,0.0218779662730933,2.94216444216402
-2.73471793450372,0.0306595152539108,3.72873565753682,3.233333333,0,-114.519348144531,NaN,4.78005016608697,3.13375256392413,3.84101918811871,2.1128713083871,-1.72815005471226,0.0258274732645161,2.9069032511052,-1.71466298513493,0.0251094966851962,2.91291451891894
-2.18243775955505,0.0230129165075579,1.76998516019264,2.555555556,0,-118.751182556152,NaN,3.171837915288,1.7089672607568,2.796474576024,1.16743908528,-1.629032265936,0.0172465170156,1.45613316888778,-1.52081635406212,0.0203566059151376,1.46245175845112
-1.35969454850776,0.0169929723369254,0.96747894137059,1.255555556,0,NaN,NaN,1.69616454095148,1.00093481925445,1.76251476618581,0.788912356180645,-0.97360285824,0.015206609375071,0.723958149180008,-0.88289143254916,0.0146461235060422,0.737884108503891
-0.415691799265733,0.0102564614760044,0.494018593417652,1.238888889,0,-28.7986030578613,NaN,0.8627013101232,0.3652261983792,0.9182024659296,0.75169147248,-0.1665098964,0.008196479963064,0.354966874596029,-0.180583227376165,0.00873393361523747,0.364125376972907
0.400931936984348,0.00509858127366766,0.333046554615676,0.9,NaN,-17.7498588562012,NaN,0.440729656513548,0.313727299813161,0.33939498312,0.639424978374194,0.300031149809032,0.00495291927507097,0.225801545142353,0.172695386147251,0.00581127378197925,0.224324756422412
0.204451030084416,0.00592703488679526,0.168517505940157,NaN,0.5977777778,85.9594345092773,NaN,0.227234143486452,0.22093254180929,0.167572084743383,0.447685247612903,0.28011283272,0.00555297223819355,0.0930767608533505,0.22746087308132,0.00527608275546479,0.113398393999926
0.147810817544287,0.00292384851428452,0.11573547346009,0.1,0.6111111111,113.268905639648,NaN,0.143261121813429,0.309957421762286,0.035128547262,0.306463993714286,0.271336195671429,0.00442122537985714,0.0854508437519614,0.163618233310944,0.00512776184381097,0.0779909809739154
-0.310177151833151,0.00527624432195134,0.847174220423214,0.833333333,0.02944444444,NaN,NaN,0.858378964245677,0.814600732308387,0.785514402069677,0.7562781432,-0.0292357772384516,0.00611988261073548,0.54293792148952,-0.0699579875565339,0.00593578795124978,0.513439874383382
-0.603574661693731,0.00961670560477537,1.82258714807913,1.211111111,0,112.257843017578,NaN,1.74581732088,0.997077473064,1.92121963222286,2.36434678488,-0.133613429794286,0.0095760396432,1.3082987647587,-0.139978409846302,0.00846075136797735,1.53523446977507
NaN,0.0153915063846361,NaN,2.105555556,0,116.935531616211,NaN,3.16611291279019,1.67019402655045,-9999,4.84734885630968,-9999,0.00980587481899355,-9999,-0.489176127481333,0.011593958378552,2.23302249467973
NaN,NaN,NaN,2.511111111,0,109.651786804199,NaN,3.324455261208,2.4551732270304,-9999,8.59179180168,-9999,0.00409663713384,-9999,-0.651485561287407,0.0147599052630114,2.4503319024074
-3.22446275319786,0.0137996625636402,4.44348351976344,3.572222222,0,-11.8215103149414,NaN,4.92351559432258,3.35879240992026,4.96093584057429,4.51565120856774,-1.09105256185714,0.00826005982180645,3.17688237919773,-1.55723045187133,0.0144683740145247,3.10563589676142
-4.55147584582392,0.0125815688788854,3.50828623853841,2.988888889,0,NaN,NaN,4.00055398470398,1.86168377787097,5.04793815152516,3.22051274756129,-1.82742542221935,0.0304084846405161,2.39592942193383,-2.00591302146307,0.0148395670019136,2.30019594081777
-1.94460570901476,0.0148612977598718,1.91795216970303,2.466666667,0,NaN,NaN,2.769252256008,1.4567726174832,2.8840598237592,2.32346496312,-0.5605973604,0.0267016155768,1.27097979033031,-0.887800540110204,0.0153819905751982,1.19423259925049
-2.14811388638442,NaN,1.23483925766633,1.283333333,0,-53.1509399414062,NaN,1.37605511475871,0.293645869968774,2.01820568314064,0.677553770787097,-1.34065160563355,0.0262725803326452,0.740566806019242,-1.0172131242104,0.0109529176313963,0.770362829865652
-0.40751996378588,0.00583858159996157,0.537091100089243,0.927777778,0,29.3890037536621,NaN,0.7482453395544,0.711074788704,1.022262725088,0.83986194096,-0.18240172272,0.00747705930408,0.395916618824968,-0.252257428616926,0.00741614132209297,0.344987143509396
-0.24780431597095,0.00377361857488112,0.188557849471178,2.1125,0.1522222222,-3.25293159484863,NaN,0.353119482370916,0.323734347996387,0.754313639643871,0.420658737445161,-0.333654882967742,0.0023431482792,0.136527126251222,-0.260356579691102,0.00467958898965634,0.146759560409488
-0.874671433467861,0.00369396058799976,0.171980787258604,1.588888889,0.09888888889,34.985221862793,NaN,0.779681304803613,0.615808895801806,0.949775393914839,0.283079873729032,-0.666696154877419,0.00751533537646452,0.0439444591651223,-0.485961314773628,0.00455175848032001,0.0809766170077465
-0.391199211976864,0.00591331609624507,0.53771967651379,1.116666667,0,NaN,NaN,0.498071698542,0.398681169294857,0.775786113640286,0.400480071942857,-0.375307497514286,0.0059914079892,0.334065224841015,-0.273207013160892,0.00460057968624651,0.323537082334696
-1.36457509699886,0.0046197902357293,1.11439035561097,1.222222222,0,102.975540161133,NaN,1.51239299416258,0.892261962315871,2.00093064020129,0.73665494036129,-1.26427689879329,-0.00286935306363871,0.629819383573721,-0.890114622524718,0.00287888089763351,0.589729725952753
-2.56673353736595,0.00350371679468614,2.13463858422034,1.455555556,0,34.4949035644531,NaN,2.903794653096,1.6500776758272,2.3229119843856,0.76129528464,-1.5616162989792,0.002192075468712,1.39800243504033,-1.58893976000932,0.0023063050835562,1.40346502286685
-2.14260689135426,0.00382698648217013,3.13210366607731,1.777777778,0,23.7920589447021,NaN,3.59175358950968,2.47252225558761,2.85925235051148,1.44220313682581,-1.41705222224516,0.00437291228252903,2.44518581820277,-1.49304853732938,0.00370748279102968,2.44005041972682
-2.48807993283794,0.00799792151123311,4.792704889988,2.558333333,0,-40.9614639282227,NaN,4.3882398433512,3.1030121089008,2.86019162388,0.99637633008,-1.863816976152,0.0046380380544,3.67963476260882,-1.74073578760342,0.00493691865972138,3.65946807134177
-3.1212140258047,NaN,4.61761716939293,2.40625,0,NaN,NaN,4.88327912955406,4.08751251597058,3.10407870457858,1.02488903674839,-2.07919119860129,-9999,3.31712427886819,-1.78968816221268,0.00567019173440581,3.32747862040511
-3.18645569016866,0.00617204918337424,4.16686026162978,2.411111111,0,-4.67262697219849,NaN,4.24807646095742,2.91585934199845,3.8668956817471,1.84140926849032,-2.02548467013677,-0.008233294572,2.96512203915186,-1.9296694977867,0.00406466651042335,2.98441639517858
-3.29051157324297,0.015176708236746,3.34933801810393,2.227777778,0,-25.1536159515381,NaN,3.3158116320984,2.5332065542584,3.45192545952,1.81561113864,-1.63630700928,0.01228023246024,2.12774313273473,-1.47392533330376,0.00652460519087462,2.09612852443911
-1.63987936694491,0.00699709592031968,2.07079462935952,1.4,0,-31.5436477661133,NaN,2.15265698802581,1.94797385725471,1.46822215847226,0.850244844774194,-0.617975286942194,0.00496081167747097,1.22159754962147,-0.720181132051691,0.00710291509714396,1.13579187482041
-0.673862790418053,0.00275735463876923,0.772853069776065,1.033333333,0,52.0143699645996,NaN,1.116096292584,0.9939049237008,0.8939937571056,0.56698664328,-0.327007793808,0.004284362791152,0.384725272042937,-0.362089964658877,0.00632386671703935,0.462918558280092
0.377674058684981,0.00458436140395116,0.551228836399002,2.828571429,NaN,NaN,NaN,0.432760206913548,0.574604336647742,0.414046137212129,0.802854308903226,0.388808740892903,0.00419305396176,0.448138446031317,0.172409667259662,0.00431023792745657,0.40838921397246
NaN,NaN,NaN,1.1,0.5972222222,122.513214111328,3209.761696,NaN,NaN,NaN,NaN,NaN,NaN,NaN,NaN,NaN,NaN
NaN,NaN,NaN,0.116666667,0.6338888889,138.662734985352,3209.761696,NaN,NaN,NaN,NaN,NaN,NaN,NaN,NaN,NaN,NaN
NaN,NaN,NaN,1,0,90.4838104248047,3209.761696,NaN,NaN,NaN,NaN,NaN,NaN,NaN,NaN,NaN,NaN
NaN,NaN,NaN,1.305555556,0,74.5625610351562,3209.761696,NaN,NaN,NaN,NaN,NaN,NaN,NaN,NaN,NaN,NaN
NaN,NaN,NaN,1.716666667,0,62.758602142334,3209.761696,NaN,NaN,NaN,NaN,NaN,NaN,NaN,NaN,NaN,NaN
NaN,NaN,NaN,2.766666667,0,NaN,3209.761696,NaN,NaN,NaN,NaN,NaN,NaN,NaN,NaN,NaN,NaN
NaN,NaN,NaN,3.016666667,0,-114.826675415039,3209.761696,NaN,NaN,NaN,NaN,NaN,NaN,NaN,NaN,NaN,NaN
NaN,NaN,NaN,2.744444444,0,-126.09595489502,3209.761696,NaN,NaN,NaN,NaN,NaN,NaN,NaN,NaN,NaN,NaN
NaN,NaN,NaN,2.55,0,-147.936721801758,3209.761696,NaN,NaN,NaN,NaN,NaN,NaN,NaN,NaN,NaN,NaN
NaN,NaN,NaN,1.342857143,0,NaN,3209.761696,NaN,NaN,NaN,NaN,NaN,NaN,NaN,NaN,NaN,NaN
NaN,NaN,NaN,1.283333333,0,NaN,3209.761696,NaN,NaN,NaN,NaN,NaN,NaN,NaN,NaN,NaN,NaN
NaN,NaN,NaN,3.388888889,NaN,-145.704315185547,3209.761696,NaN,NaN,NaN,NaN,NaN,NaN,NaN,NaN,NaN,NaN
NaN,NaN,NaN,0.9625,0.28,-21.4190883636475,NaN,NaN,NaN,NaN,NaN,NaN,NaN,NaN,NaN,NaN,NaN
NaN,NaN,NaN,0.788888889,0,13.6363229751587,NaN,NaN,NaN,NaN,NaN,NaN,NaN,NaN,NaN,NaN,NaN
NaN,NaN,NaN,1.2,0,54.8206024169922,NaN,NaN,NaN,NaN,NaN,NaN,NaN,NaN,NaN,NaN,NaN
NaN,NaN,NaN,1.694444444,0,NaN,NaN,NaN,NaN,NaN,NaN,NaN,NaN,NaN,NaN,NaN,NaN
NaN,NaN,NaN,1.977777778,0,20.230899810791,NaN,NaN,NaN,NaN,NaN,NaN,NaN,NaN,NaN,NaN,NaN
NaN,NaN,NaN,2.794444444,0,29.3172435760498,NaN,NaN,NaN,NaN,NaN,NaN,NaN,NaN,NaN,NaN,NaN
NaN,NaN,NaN,2.733333333,0,-15.6724491119385,NaN,NaN,NaN,NaN,NaN,NaN,NaN,NaN,NaN,NaN,NaN
NaN,NaN,NaN,2.877777778,0,-65.7469940185547,NaN,NaN,NaN,NaN,NaN,NaN,NaN,NaN,NaN,NaN,NaN
NaN,NaN,NaN,2.755555556,0,NaN,NaN,NaN,NaN,NaN,NaN,NaN,NaN,NaN,NaN,NaN,NaN
NaN,NaN,NaN,1.344444444,0,NaN,NaN,NaN,NaN,NaN,NaN,NaN,NaN,NaN,NaN,NaN,NaN
NaN,NaN,NaN,1.611111111,0,-62.7516899108887,NaN,NaN,NaN,NaN,NaN,NaN,NaN,NaN,NaN,NaN,NaN
NaN,NaN,NaN,2.177777778,NaN,-73.3278961181641,NaN,NaN,NaN,NaN,NaN,NaN,NaN,NaN,NaN,NaN,NaN
NaN,NaN,NaN,0.277777778,0.6038888889,-33.2503547668457,NaN,NaN,NaN,NaN,NaN,NaN,NaN,NaN,NaN,NaN,NaN
NaN,NaN,NaN,0.916666667,0,NaN,NaN,NaN,NaN,NaN,NaN,NaN,NaN,NaN,NaN,NaN,NaN
NaN,NaN,NaN,1.266666667,0,-0.535893321037292,NaN,NaN,NaN,NaN,NaN,NaN,NaN,NaN,NaN,NaN,NaN
NaN,NaN,NaN,1.588888889,0,-26.3215408325195,NaN,NaN,NaN,NaN,NaN,NaN,NaN,NaN,NaN,NaN,NaN
NaN,NaN,NaN,2.066666667,0,-33.0319404602051,NaN,NaN,NaN,NaN,NaN,NaN,NaN,NaN,NaN,NaN,NaN
NaN,NaN,NaN,3.15625,0,-91.5344696044922,NaN,NaN,NaN,NaN,NaN,NaN,NaN,NaN,NaN,NaN,NaN
NaN,NaN,NaN,3.05,0,NaN,NaN,NaN,NaN,NaN,NaN,NaN,NaN,NaN,NaN,NaN,NaN
NaN,NaN,NaN,2.783333333,0,NaN,NaN,NaN,NaN,NaN,NaN,NaN,NaN,NaN,NaN,NaN,NaN
NaN,NaN,NaN,2.733333333,0,NaN,NaN,NaN,NaN,NaN,NaN,NaN,NaN,NaN,NaN,NaN,NaN
NaN,NaN,NaN,1.355555556,0,NaN,NaN,NaN,NaN,NaN,NaN,NaN,NaN,NaN,NaN,NaN,NaN
NaN,NaN,NaN,0.875,0.01611111111,NaN,NaN,NaN,NaN,NaN,NaN,NaN,NaN,NaN,NaN,NaN,NaN
NaN,NaN,NaN,3.383333333,NaN,NaN,NaN,NaN,NaN,NaN,NaN,NaN,NaN,NaN,NaN,NaN,NaN
