NBE,CH4,ET,LAI,SCF,EWT,ABGB,GPP_DT,ER_DT,GPP_NT,ER_NT,NBE_F,CH4_F,ET_F,NBE_ANN,CH4_ANN,ET_ANN
NaN,NaN,NaN,0.433333333,NaN,10.7651329040527,NaN,NaN,NaN,NaN,NaN,NaN,NaN,NaN,NaN,NaN,NaN
NaN,NaN,NaN,0.622222222,0,62.4449081420898,NaN,NaN,NaN,NaN,NaN,NaN,NaN,NaN,NaN,NaN,NaN
NaN,NaN,NaN,0.233333333,0.00833333333,101.471183776855,NaN,NaN,NaN,NaN,NaN,NaN,NaN,NaN,NaN,NaN,NaN
NaN,NaN,NaN,0.675,0,85.7236022949219,NaN,NaN,NaN,NaN,NaN,NaN,NaN,NaN,NaN,NaN,NaN
NaN,NaN,NaN,1.733333333,0,44.6140441894531,NaN,NaN,NaN,NaN,NaN,NaN,NaN,NaN,NaN,NaN,NaN
NaN,NaN,NaN,2.588888889,0,-42.1273078918457,NaN,NaN,NaN,NaN,NaN,NaN,NaN,NaN,NaN,NaN,NaN
NaN,NaN,NaN,3.116666667,0,-42.4566879272461,NaN,NaN,NaN,NaN,NaN,NaN,NaN,NaN,NaN,NaN,NaN
NaN,NaN,NaN,3.7375,0,-30.9065399169922,NaN,NaN,NaN,NaN,NaN,NaN,NaN,NaN,NaN,NaN,NaN
NaN,NaN,NaN,2.477777778,0,-60.5272254943848,NaN,NaN,NaN,NaN,NaN,NaN,NaN,NaN,NaN,NaN,NaN
NaN,NaN,NaN,0.961111111,0,-76.1829223632812,NaN,NaN,NaN,NaN,NaN,NaN,NaN,NaN,NaN,NaN,NaN
NaN,NaN,NaN,NaN,NaN,-51.3891258239746,NaN,NaN,NaN,NaN,NaN,NaN,NaN,NaN,NaN,NaN,NaN
NaN,NaN,NaN,0.9,NaN,-14.4006309509277,NaN,NaN,NaN,NaN,NaN,NaN,NaN,NaN,NaN,NaN,NaN
NaN,NaN,NaN,0.5375,NaN,-15.3028926849365,NaN,NaN,NaN,NaN,NaN,NaN,NaN,NaN,NaN,NaN,NaN
NaN,NaN,NaN,NaN,NaN,-6.27985191345215,NaN,NaN,NaN,NaN,NaN,NaN,NaN,NaN,NaN,NaN,NaN
NaN,NaN,NaN,0.4,0,37.7822608947754,NaN,NaN,NaN,NaN,NaN,NaN,NaN,NaN,NaN,NaN,NaN
NaN,NaN,NaN,0.928571429,0,7.19626998901367,NaN,NaN,NaN,NaN,NaN,NaN,NaN,NaN,NaN,NaN,NaN
NaN,NaN,NaN,1.733333333,0,-28.8894424438477,NaN,NaN,NaN,NaN,NaN,NaN,NaN,NaN,NaN,NaN,NaN
NaN,NaN,NaN,3.888888889,0,-29.4445304870605,NaN,NaN,NaN,NaN,NaN,NaN,NaN,NaN,NaN,NaN,NaN
NaN,NaN,NaN,3.777777778,0,-14.2351741790771,NaN,NaN,NaN,NaN,NaN,NaN,NaN,NaN,NaN,NaN,NaN
NaN,NaN,NaN,2.638888889,0,-60.6405715942383,NaN,NaN,NaN,NaN,NaN,NaN,NaN,NaN,NaN,NaN,NaN
NaN,NaN,NaN,1.75625,0,-69.6708526611328,NaN,NaN,NaN,NaN,NaN,NaN,NaN,NaN,NaN,NaN,NaN
NaN,NaN,NaN,NaN,0,-55.5232048034668,NaN,NaN,NaN,NaN,NaN,NaN,NaN,NaN,NaN,NaN,NaN
NaN,NaN,NaN,0.788888889,0,-55.454273223877,NaN,NaN,NaN,NaN,NaN,NaN,NaN,NaN,NaN,NaN,NaN
NaN,NaN,NaN,NaN,NaN,12.1697883605957,NaN,NaN,NaN,NaN,NaN,NaN,NaN,NaN,NaN,NaN,NaN
NaN,NaN,NaN,NaN,NaN,44.6419677734375,NaN,NaN,NaN,NaN,NaN,NaN,NaN,NaN,NaN,NaN,NaN
NaN,NaN,NaN,NaN,0.7466666667,51.7147521972656,NaN,NaN,NaN,NaN,NaN,NaN,NaN,NaN,NaN,NaN,NaN
NaN,NaN,NaN,NaN,0.01444444444,60.3212394714355,NaN,NaN,NaN,NaN,NaN,NaN,NaN,NaN,NaN,NaN,NaN
NaN,NaN,NaN,0.622222222,0,50.8182334899902,NaN,NaN,NaN,NaN,NaN,NaN,NaN,NaN,NaN,NaN,NaN
NaN,NaN,NaN,NaN,0,62.9133949279785,NaN,NaN,NaN,NaN,NaN,NaN,NaN,NaN,NaN,NaN,NaN
NaN,NaN,NaN,3.23125,0,52.2081832885742,NaN,NaN,NaN,NaN,NaN,NaN,NaN,NaN,NaN,NaN,NaN
NaN,NaN,NaN,4.033333333,0,19.0527458190918,NaN,NaN,NaN,NaN,NaN,NaN,NaN,NaN,NaN,NaN,NaN
NaN,NaN,NaN,4.075,0,38.5364112854004,NaN,NaN,NaN,NaN,NaN,NaN,NaN,NaN,NaN,NaN,NaN
NaN,NaN,NaN,1.577777778,0,37.9588088989258,NaN,NaN,NaN,NaN,NaN,NaN,NaN,NaN,NaN,NaN,NaN
NaN,NaN,NaN,0.955555556,0,41.8160820007324,NaN,NaN,NaN,NaN,NaN,NaN,NaN,NaN,NaN,NaN,NaN
NaN,NaN,NaN,0.76,0,99.9878540039062,NaN,NaN,NaN,NaN,NaN,NaN,NaN,NaN,NaN,NaN,NaN
NaN,NaN,NaN,NaN,NaN,140.884307861328,NaN,NaN,NaN,NaN,NaN,NaN,NaN,NaN,NaN,NaN,NaN
NaN,NaN,NaN,NaN,NaN,NaN,NaN,NaN,NaN,NaN,NaN,NaN,NaN,NaN,NaN,NaN,NaN
NaN,NaN,NaN,0.1,0.03166666667,157.906494140625,NaN,NaN,NaN,NaN,NaN,NaN,NaN,NaN,NaN,NaN,NaN
NaN,NaN,NaN,0.35,0,129.957183837891,NaN,NaN,NaN,NaN,NaN,NaN,NaN,NaN,NaN,NaN,NaN
NaN,NaN,NaN,0.775,0,122.801582336426,NaN,NaN,NaN,NaN,NaN,NaN,NaN,NaN,NaN,NaN,NaN
NaN,NaN,NaN,1.788888889,0,62.8011169433594,NaN,NaN,NaN,NaN,NaN,NaN,NaN,NaN,NaN,NaN,NaN
NaN,NaN,NaN,3.85,0,NaN,NaN,NaN,NaN,NaN,NaN,NaN,NaN,NaN,NaN,NaN,NaN
NaN,NaN,NaN,3.377777778,0,45.6736679077148,NaN,NaN,NaN,NaN,NaN,NaN,NaN,NaN,NaN,NaN,NaN
NaN,NaN,NaN,1.477777778,0,84.2993316650391,NaN,NaN,NaN,NaN,NaN,NaN,NaN,NaN,NaN,NaN,NaN
NaN,NaN,NaN,1.266666667,0,38.2366523742676,NaN,NaN,NaN,NaN,NaN,NaN,NaN,NaN,NaN,NaN,NaN
NaN,NaN,NaN,1.12,0,16.2687854766846,NaN,NaN,NaN,NaN,NaN,NaN,NaN,NaN,NaN,NaN,NaN
NaN,NaN,NaN,0.822222222,0,17.5555191040039,NaN,NaN,NaN,NaN,NaN,NaN,NaN,NaN,NaN,NaN,NaN
NaN,NaN,NaN,0.9,NaN,85.3483581542969,NaN,NaN,NaN,NaN,NaN,NaN,NaN,NaN,NaN,NaN,NaN
NaN,NaN,NaN,0.4,NaN,132.740173339844,NaN,NaN,NaN,NaN,NaN,NaN,NaN,NaN,NaN,NaN,NaN
NaN,NaN,NaN,0.26875,0.165,93.9404144287109,NaN,NaN,NaN,NaN,NaN,NaN,NaN,NaN,NaN,NaN,NaN
NaN,NaN,NaN,0.4,0,93.9312896728516,NaN,NaN,NaN,NaN,NaN,NaN,NaN,NaN,NaN,NaN,NaN
NaN,NaN,NaN,0.522222222,0,91.460807800293,NaN,NaN,NaN,NaN,NaN,NaN,NaN,NaN,NaN,NaN,NaN
NaN,NaN,NaN,2.00625,0,NaN,NaN,NaN,NaN,NaN,NaN,NaN,NaN,NaN,NaN,NaN,NaN
NaN,NaN,NaN,3.171428571,0,-1.19780719280243,NaN,NaN,NaN,NaN,NaN,NaN,NaN,NaN,NaN,NaN,NaN
NaN,NaN,NaN,5.9,0,24.1983070373535,NaN,NaN,NaN,NaN,NaN,NaN,NaN,NaN,NaN,NaN,NaN
NaN,NaN,NaN,3.2,0,9.6050271987915,NaN,NaN,NaN,NaN,NaN,NaN,NaN,NaN,NaN,NaN,NaN
NaN,NaN,NaN,1.61,0,-22.4148216247559,NaN,NaN,NaN,NaN,NaN,NaN,NaN,NaN,NaN,NaN,NaN
NaN,NaN,NaN,1.033333333,0,NaN,NaN,NaN,NaN,NaN,NaN,NaN,NaN,NaN,NaN,NaN,NaN
NaN,NaN,NaN,0.733333333,0,14.5787372589111,NaN,NaN,NaN,NaN,NaN,NaN,NaN,NaN,NaN,NaN,NaN
NaN,NaN,NaN,0.775,NaN,11.8897533416748,NaN,NaN,NaN,NaN,NaN,NaN,NaN,NaN,NaN,NaN,NaN
NaN,NaN,NaN,NaN,NaN,63.6819229125977,NaN,0.0942930324226328,0.22378965137197,-9999,1.82289902379739,-9999,-9999,-9999,0.449048420910158,0.0115012554897851,-0.0619554483487934
NaN,NaN,NaN,0.275,NaN,86.8399124145508,NaN,0.19242205938,0.195921041528571,-9999,1.7404829046,-9999,-9999,-9999,0.426015711261786,0.0134145215267692,-0.00167324491194515
NaN,NaN,NaN,0,0.3277777778,NaN,NaN,0.366770279218065,0.184485995070968,-9999,1.67466628405161,-9999,-9999,-9999,0.369852681722156,0.0224232096942694,0.424133537409521
NaN,NaN,NaN,0.5375,0,87.6224899291992,NaN,0.517764046536,0.399826441512,-9999,2.45616423912,-9999,-9999,-9999,0.100395332084436,0.070393691514779,1.31966807014528
-0.713629922715473,0.178166820704499,2.79168999223293,1.825,0,87.1634063720703,NaN,2.36282945720516,1.74019022561032,2.73118716530142,2.46661492018065,-0.276403940975903,0.171777181089685,2.33673976948661,-0.340744511736539,0.164476257148819,2.32438190454757
-1.41968254136319,0.198222648035924,4.14008929353186,4.688888889,0,83.9992065429688,NaN,3.948221099664,3.447440681616,4.254295709088,3.73219160256,-0.52209898704,0.2067555392928,3.37904560055283,-0.657013772511996,0.178142213287847,3.38312988960559
-0.944151675867998,0.156594803737962,4.40809196619839,3.622222222,0,69.7878799438477,NaN,4.90535431321471,5.46210662527742,4.46626957679536,4.90301097003871,0.436746105987097,0.175019464730323,3.72689841506809,0.0930616579640303,0.205708350359237,3.72807086632133
-0.95246681485872,0.260141880418965,3.6257183975,2.464285714,0,NaN,NaN,3.2501630052,3.05735846091097,3.12148941143226,3.25647773419355,0.134988837607742,0.268912937496774,2.88306739037079,0.190567444947587,0.259800818720178,2.83129135172498
-0.134904270800643,0.088905966116049,1.59833545151172,1.627777778,0,NaN,NaN,1.7168744072736,1.585751488992,2.438109054,3.15195599448,0.713844064296,0.09792257045832,1.15261749041045,0.565652039953,0.0943445808337099,1.12647577009156
0.508008702813937,0.043444088520332,0.655590497816173,0.98,0,10.5858745574951,NaN,0.585547747962271,1.13548953216774,0.656737166415484,1.41236269153548,0.755624930353548,0.036730235144671,0.536632388028036,0.678578628539991,0.0335999491135205,0.502736579645494
0.654551604784029,0.00880067021205891,0.142109700497866,0.9,0,36.8820915222168,NaN,0.13703194609704,0.78943196304,0.1049446077768,0.77901565752,0.674071577352,0.00594184172688,0.140394519932618,0.663468502220248,0.0154871766966532,0.132892093612069
0.584877830037575,0.0107618918508006,0.147621101287208,0.744444444,NaN,41.7946319580078,NaN,0.126512009966555,0.871813974611613,0.0279497944405161,0.624744991974194,0.596795344141935,0.00861973652508387,0.157258699702468,0.594662844163935,0.0113868515591999,0.140833798912486
0.342275848120697,0.00934578590043217,0.0283427875821355,0.488888889,NaN,45.5946311950684,NaN,0.0538578687224439,0.264069196025806,0.0323936863409032,0.378743959045161,0.346350425228826,0.00932597336578065,0.0307415253989571,0.36658082953684,0.00983515869318396,0.0440019388870154
0.318146053043399,0.0121974498029523,0.0855348924136767,0.55,0,NaN,NaN,0.0580322069298,0.465329184171429,-0.0586206246319714,0.304900317257143,0.363520865921143,0.0122409502074,0.0987156248447685,0.401185615537984,0.013651616571366,0.140142099845981
0.586175508070238,0.0271084958504744,0.936828099057898,0.488888889,0,40.7748260498047,NaN,0.120576976656201,0.490416883246452,0.284622864099097,0.973502872258065,0.688879478171613,0.0253694377221445,0.794856066075429,0.657704629180705,0.0247081109891994,0.800303451153579
-0.291548026163022,NaN,1.93496057515136,1.2,0,42.2250442504883,NaN,1.3079116598112,1.12899893976,1.383481631304,1.4073773652,0.023896223712,-9999,1.64153592225036,0.0177242869599134,0.0668905917197691,1.6214045083556
-1.05521737956795,NaN,2.7017848332692,3.477777778,0,-2.82498598098755,NaN,2.89251710326452,2.23117639566968,3.20222916546271,2.72755156993548,-0.474678451974194,-9999,2.30511381384644,-0.562008169514721,0.136320801353654,2.28932916787066
-1.54033079148717,NaN,3.63846951756176,NaN,0,-12.0999612808228,NaN,3.867676856712,3.22172565804,3.99013271208,3.41580363552,-0.57432845808,-9999,2.9342727357073,-0.623357583752448,0.157484884157422,2.93289714470689
-1.12984026696503,NaN,3.82433395509579,3.05,0,NaN,NaN,3.47245194184258,2.8489658067871,3.99851932866178,3.8302127828129,-0.168305351667097,-9999,3.19859353143694,-0.103980379064984,0.243204651021626,3.6036910653922
-1.36795499489244,NaN,3.58528064549176,2.183333333,0,-34.0848731994629,NaN,2.53153693678297,2.04989233052903,2.3869915637249,2.15409572082581,-0.232898427708387,-9999,2.76787516351735,-0.065715242291988,0.252881844021364,2.68052486512551
-0.813941060612882,0.104826323326447,2.3023276413949,1.661111111,0,-33.2812042236328,NaN,2.17058278662792,2.307274998624,2.1789690410232,2.37522998736,0.196260023088,0.105502431013347,1.5600073969899,0.174246013269326,0.094399279083232,1.52644608471153
0.528518041663522,0.0723273828038627,0.55532879876516,0.855555556,0,-54.2768859863281,NaN,0.707065563548903,1.36440253913806,0.661456935181161,1.41720826830968,0.755750537837419,0.0645478821522581,0.451062775923746,0.733716595753327,0.0452576260461436,0.453939020489608
0.702841799355291,0.0330961884774031,0.225768366996259,NaN,0,-15.6245040893555,NaN,0.16877033590032,0.807225098112,0.15765243545304,0.89256794184,0.734915842848,0.0303077755368,0.223162710348588,0.724649751912761,0.0223946434093475,0.208657031238059
0.507759830189187,0.00879780673394583,0.068330891867975,0.7,NaN,NaN,NaN,0.089838762308129,0.593402914196129,0.0327704605116387,0.601004220851613,0.568233425935742,0.00764723306392258,0.106924095889153,0.505587667519547,0.0104292828095635,0.0834035498188164
0.729925246005614,0.00921156522350634,0.209335047705375,0.644444444,NaN,40.5488739013672,577.0134231,0.0365338743252387,0.652832523685161,0.0305516812830967,0.774758646116129,0.744206828376774,0.00748647610350968,0.204630411006319,0.678941746089598,0.00955508970700533,0.191524514559987
0.336171062985517,0.00720727675074931,0.331775860040807,0.35,0,57.5119781494141,577.0134231,0.0870522273907714,0.478651930328571,-0.0532643544128572,0.302709933771429,0.355974511242857,0.00646100620354286,0.325944753782186,0.365113039399268,0.00887258957515027,0.294925051875554
0.62831686312097,0.0256057156295009,0.787681064258873,0.4,0,22.9387874603271,577.0134231,0.222103530987097,0.75817188432,0.0324425465790968,0.665653962193548,0.633211400996129,0.0221123925592258,0.696669568300251,0.610710818985916,0.0209719179658725,0.693058385549364
0.499812867321892,0.0611964573882269,2.08698339534631,1.066666667,0,2.64355325698853,577.0134231,0.82392560568,1.768446654336,0.80216167798584,1.42050056256,0.618338407968,0.0593571016656,1.8823024734259,0.560717107801876,0.0517756484041014,1.87236474390365
-1.00276952808619,0.122962229037305,3.03726768277332,NaN,0,8.46665954589844,577.0134231,2.40248989175226,1.97694991321548,2.33667478923097,1.8603282555871,-0.476347987323871,0.120098106174194,2.52056784751072,-0.464847734822451,0.120375075598864,2.46321945714982
-1.58628750886115,0.158492646805107,4.20359119975673,3.9,0,NaN,577.0134231,3.8737900212048,3.45247958844,3.602224097496,2.96870001336,-0.63352626768,0.15689980512,3.29701780099395,-0.641196262155101,0.158325793058299,3.30268410363747
-0.820862301568137,0.272120323465262,5.16542166287999,4.455555556,0,-85.0922698974609,577.0134231,3.37705033408258,3.41487086801806,3.29456035512929,3.39711202312258,0.102552831174194,0.267227784232258,4.15366895751074,0.0914586617015203,0.24226685335015,4.0529654665631
0.12889536985429,0.252161869594406,4.25284391298995,3.705555556,0,-93.9522705078125,577.0134231,3.17645736742452,3.52664525578064,3.49206700440774,4.47310424554839,0.98103933243871,0.257718574451613,3.36344212464616,0.733596648289916,0.251433136248833,3.35872055576538
NaN,NaN,NaN,1.5,0,-112.034942626953,577.0134231,0.81759449765736,1.923183948672,0.720830954592,3.12924989376,2.408419210032,0.21175783704,2.05115446537187,0.685181088141263,0.0942819709507963,1.37372793465914
NaN,NaN,NaN,1.194444444,0,NaN,577.0134231,0.537951025507123,1.14634431213677,0.683427858226839,1.36899789329032,0.68556989492129,0.0175103648082581,0.574825516072698,0.497490285196852,0.0204233123942242,0.437516726970049
0.849467551259136,0.019473348984159,0.355171927965224,0.633333333,0,NaN,577.0134231,0.08282759784408,0.774899355024,0.0742716010224,0.94406431176,0.86979275604,0.02052184565664,0.358725562074531,0.853015060761839,0.0165246448530041,0.311397286156516
0.648176432246601,0.0064859950623891,0.216026163525223,NaN,NaN,-33.4794006347656,577.0134231,0.0896618072882323,0.86029787204129,0.00221405978740647,0.661561668696774,0.659347479383226,0.00682554251264516,0.235341836212948,0.664093267633905,0.00857154815199217,0.199217075595998
0.0815490038541041,0.00499300839993298,0.121793658020315,0.575,NaN,-43.8394927978516,NaN,0.109413210205022,0.400682502464516,0.0164612696046968,0.188052530632258,0.171591244817806,0.00302462318233161,0.13832672967917,0.282694967966347,0.0085928558367533,0.0680295289495803
0.174692520354675,0.00173260584524292,0.30036597258285,NaN,0,16.6244525909424,NaN,0.0832501463310372,0.35509469904,-0.00360102182648276,0.269093273710345,0.272693984623448,0.00251348394406345,0.204783873713018,0.369861244633074,0.0101362934851428,0.168697968234508
0.329594589389598,0.0246560923548456,0.732260130380826,0.366666667,0,31.3353824615479,NaN,0.137217069241409,0.489472749127742,0.10626188163329,0.484610517987097,0.378348987019355,0.0196518168311226,0.575500758690283,0.40820740565847,0.0150822911097331,0.547456113074235
-0.0635943078951172,0.0590112447106462,1.98404138720796,NaN,0,NaN,NaN,0.74068256422944,0.770460478344,0.7786209285576,0.85020710328,0.071584674768,0.0488272331952,1.76662133582078,0.119243758027808,0.0385919717873118,1.6588419809746
-1.38157532259538,0.209352817234286,3.66977300531211,1.814285714,0,-23.92165184021,NaN,3.0644132498431,2.41453026164903,3.31845453803613,2.79156742861935,-0.526885641731613,0.198595392944516,2.94931530711562,-0.628333258486746,0.162281573081131,2.97789440714136
-1.20199625431433,0.298775770005716,4.59468480144613,3.805555556,0,-40.7106819152832,NaN,3.27289238691408,3.178766905128,3.552450915888,3.5207919252,-0.03165983424,0.274512989736,3.38319562901128,-0.06084190564277,0.258448330506213,3.48412757897399
-0.935484930878878,0.247041740214169,4.52134505101228,NaN,0,-30.4201488494873,NaN,4.31037900196746,5.02153336210065,4.40087594313832,5.11631573597419,0.715440329790968,0.22271855067871,3.20254341189634,0.535613485697047,0.225585089365214,3.26846636228878
-1.84101295001128,0.242537998594187,4.02015866361152,3.433333333,0,-40.6419219970703,NaN,4.53496375740263,4.38614750094968,4.58608525571613,4.52248263011613,-0.0636036149496774,0.187110733076129,2.73907606692918,-0.120618433065935,0.196802698929846,2.80035371848821
-2.95875284355432,0.0954086051694425,3.57577759147147,1.938888889,0,NaN,NaN,4.74059818306008,4.553109298368,4.949019417312,5.0663347308,0.117326526912,0.06431368722696,2.08870273907639,-0.288501058190343,0.0718863270286067,2.14894467398983
0.22430002301303,0.00461725786576883,0.367083135292339,1.242857143,0,NaN,NaN,1.49687132428545,2.03154245068645,1.45918911010064,2.17258916980645,0.713399270957419,0.00564598224399484,0.261315207376935,0.676449983427627,0.0134539336362787,0.257701059400075
0.415471719554128,0.00346479765847962,0.12902985583868,0.95,0,-31.2525539398193,NaN,0.198826682105232,0.543472948656,0.6544641639168,1.05656377752,0.402098527728,0.003189041975808,0.102597227930349,0.633002793435466,0.00975776923667262,0.092599895639242
0.637763164209645,0.00275402219941226,0.173629434396318,0.877777778,NaN,-15.4728202819824,NaN,0.0749412643095406,0.616785043378065,0.134583177602323,0.802362478296774,0.667779335163871,0.00346008692206452,0.172254882852434,0.699337265232067,0.00676546898537066,0.14673990201928
0.228348485773156,0.000854120381456048,0.11294920548128,0.825,NaN,-3.84856724739075,NaN,0.0515113705045394,0.231038291938065,0.0700093015710968,0.265736573883871,0.195727027891355,0.00196455229513548,0.0981052213773339,0.280076794036472,0.00761372638870849,0.0924901302824017
0.169667922505359,0.00267226559768882,0.0618307610785916,NaN,0,NaN,NaN,0.113697792627891,0.357397856742857,0.0383474433291428,0.260326802571429,0.221979031940571,0.00317082773725714,0.0506187103265105,0.271655889196539,0.00951332810352394,0.110744647539553
0.168382956000118,0.00645635683333402,0.696067259759017,0.383333333,0,8.08562469482422,NaN,0.193280685346196,0.379022458505806,0.229729622153574,0.474345887225806,0.244615935019355,0.00521683911859355,0.501007105264654,0.292818414254519,0.0111450680096824,0.527539976443779
-0.238191537006457,0.0228604346988323,1.0671428370065,0.566666667,0,22.6235618591309,NaN,1.35554202190944,1.358273127816,1.1475382831488,1.09431589248,-0.0532224482112,0.0180255013056,0.914514926067634,-0.0631867156601076,0.0270640469331525,0.954138303010122
-1.71431958220797,0.145464016159213,2.64449556155032,2.35,0,6.10454034805298,NaN,3.11079711007394,2.01615718826323,3.21891328930064,2.21482851886452,-1.00408387083097,0.142078992406606,2.17294731210951,-0.977744126151475,0.147378030475686,2.12449029955751
-1.38836308215699,0.250001654823187,3.51899688957314,4.485714286,0,-82.7647018432617,NaN,4.025396982672,3.4517032164,3.9224066570784,3.32903990376,-0.59336445456,0.200758905144,3.03584096140557,-0.650095170566293,0.223804111703,2.96824642145386
-1.85052363250874,0.171952571841272,2.48427310832579,3.944444444,0,NaN,NaN,4.17853718209208,3.03982928707355,4.0484740621471,3.37833099731613,-0.670137506245161,0.154450876645161,1.97789576447719,-0.619004717392681,0.187585768102046,2.15803237989959
-1.06091537421168,0.24806664902837,3.07298033966999,3.05,0,NaN,NaN,2.92523128087634,2.78692723384258,2.76398543745987,2.69787017450323,-0.0661160552516129,0.235892717187097,2.35398890185156,-0.165347213626162,0.217220294585112,2.26763984208784
-1.26042794427007,0.0795328299864564,1.59787564590634,NaN,0,NaN,NaN,1.93599309756672,1.42458596712,2.16555936876,1.83831476328,-0.327245570064,0.07733675448,1.18791937874469,-0.307288542584694,0.0635744853678104,1.15735624183957
0.385580499742887,0.0513738661612931,0.624976998924352,0.722222222,0,NaN,NaN,0.693371093040929,1.16182373300129,0.712786554306581,1.18317619393548,0.470389327362581,0.0483495215783226,0.576137894191304,0.464182218167738,0.0316197537215993,0.528413528345717
0.744545857678339,0.0132157173065413,0.185951928807397,0.933333333,0,NaN,NaN,0.189680130999072,0.855420538104,0.1535317917552,1.02280579128,0.869273924904,0.01684537524792,0.191117232281467,0.846042340498761,0.0129748409604019,0.154025067215021
0.801305566531385,0.0122564629905234,0.207711537656323,NaN,NaN,NaN,NaN,0.148240708173383,1.04787613746581,0.0825346157922581,1.09050585747097,1.00797129027871,0.0124295551153548,0.269966633911089,0.983171662443716,0.0107777375207931,0.192150006379745
0.665681533201081,0.0152959827577346,0.331501551801684,NaN,NaN,NaN,NaN,0.154266057051329,0.959539340299355,0.200340193824465,0.999895896232258,0.799556312979871,0.0146703364188387,0.472309859148357,0.784316836531999,0.011470707596479,0.232491658410469
0.0196193321981964,0.0103058418654897,0.33393414393926,0.1,0.00777777778,NaN,NaN,0.267397378620429,0.498152621622857,0.127414352214,0.216167072914286,0.0887528654665714,0.0100345159321714,0.233798396845758,0.274630807934683,0.00992526986362102,0.205316335213134
0.444339470781712,0.0300603243310886,0.515823828429706,0.24375,0,NaN,NaN,0.419426542990219,0.948680481692903,0.120809076445161,0.794705400232258,0.673896421579355,0.0347839656577548,0.505272337496638,0.527162360285018,0.0206299201223924,0.459574493219977
0.733771416629752,0.061571022595977,2.19605864662358,0.5,0,NaN,NaN,0.248060042583624,0.892945095408,0.394299449856,1.28230848504,0.888009977592,0.0636928963704,1.95620439782665,1.02547755596145,0.0528843968998021,1.66797458897859
-2.07696511718248,0.195188010149009,4.79662002895227,1.872222222,0,NaN,NaN,3.33617717817871,2.43302520179613,3.72781822250323,3.27535817992258,-0.45246163868129,0.182273206064516,3.37147796849707,-0.643996781496501,0.17219465091486,3.35674228190673
-4.09969227406582,0.195686138601461,5.04389526322176,3.46,0,-45.3169212341309,NaN,4.5097500273264,2.341506360456,5.595466538448,3.89545050384,-1.7000151336,0.1786358533392,3.71200999220649,-1.70283752366596,0.186341793872708,3.57557212543548
-6.92827820100931,0.244014962538533,7.06108529201298,4.805555556,0,-71.6072235107422,NaN,7.40907935398103,4.19351141958968,8.77329606783484,6.26381500296774,-2.50948179034839,0.264523885014194,4.80778538958268,-2.64884334032327,0.23773761190456,4.74206175815089
-4.6213201847086,0.359464292738767,6.80245655771673,3.722222222,0,NaN,NaN,6.334353803664,6.00522901536774,6.40275358525061,5.78770755073548,-0.615043944929032,0.285860990578065,4.191670549415,-0.515470925078568,0.265425722348791,4.28144228407715
-3.92871014737605,0.0209866080175247,4.8439770222969,1.955555556,0,NaN,NaN,5.28880954803696,5.568911614944,5.5185632943624,5.92039304064,0.4018312758528,0.0237475293860088,2.6753329924648,0.173536446915778,0.0260839357735224,2.72873902268176
-1.78341060555919,-0.00138915475341818,2.06771665792485,0.905555556,0,-120.863380432129,NaN,2.14696417284116,1.95602126253677,2.16030481954839,2.51853351491613,0.358228122689032,0.00131791503028645,1.18100164787396,0.200690762330207,0.0118927038851676,1.18501854583919
-0.0454419109210595,-0.000682310650668139,0.383415564741882,0.725,0,-138.771957397461,NaN,0.46684315332072,0.90004310748,0.5540935541112,1.05946321176,0.505369848168,0.0042437076127632,0.255632791979529,0.633429923270824,0.00991719849472237,0.233102142591039
0.685504186615668,0.00270007429848429,0.254038833938022,0.677777778,NaN,-89.0248565673828,NaN,0.0867913559509935,0.785120096229677,0.237544028491355,1.07820299984516,0.840659455277419,0.00275579047904516,0.224823818950713,0.916991408983169,0.00863010080431738,0.168015581543272
NaN,NaN,NaN,0.7125,NaN,-17.2665386199951,NaN,NaN,NaN,NaN,NaN,NaN,NaN,NaN,NaN,NaN,NaN
NaN,NaN,NaN,0.333333333,0,-51.6029205322266,NaN,NaN,NaN,NaN,NaN,NaN,NaN,NaN,NaN,NaN,NaN
NaN,NaN,NaN,NaN,0,-19.7508907318115,NaN,NaN,NaN,NaN,NaN,NaN,NaN,NaN,NaN,NaN,NaN
NaN,NaN,NaN,1.225,0,-0.792941808700562,NaN,NaN,NaN,NaN,NaN,NaN,NaN,NaN,NaN,NaN,NaN
NaN,NaN,NaN,1.78,0,-45.3762626647949,NaN,NaN,NaN,NaN,NaN,NaN,NaN,NaN,NaN,NaN,NaN
NaN,NaN,NaN,4.155555556,0,-90.0572280883789,NaN,NaN,NaN,NaN,NaN,NaN,NaN,NaN,NaN,NaN,NaN
NaN,NaN,NaN,3.755555556,0,-123.978736877441,NaN,NaN,NaN,NaN,NaN,NaN,NaN,NaN,NaN,NaN,NaN
NaN,NaN,NaN,4.34,0,-161.292388916016,NaN,NaN,NaN,NaN,NaN,NaN,NaN,NaN,NaN,NaN,NaN
NaN,NaN,NaN,1.966666667,0,-150.950454711914,NaN,NaN,NaN,NaN,NaN,NaN,NaN,NaN,NaN,NaN,NaN
NaN,NaN,NaN,0.733333333,0,-139.41357421875,NaN,NaN,NaN,NaN,NaN,NaN,NaN,NaN,NaN,NaN,NaN
NaN,NaN,NaN,0.75,NaN,-142.936935424805,NaN,NaN,NaN,NaN,NaN,NaN,NaN,NaN,NaN,NaN,NaN
NaN,NaN,NaN,NaN,NaN,-102.627876281738,NaN,NaN,NaN,NaN,NaN,NaN,NaN,NaN,NaN,NaN,NaN
NaN,NaN,NaN,1.05,NaN,-82.3082275390625,485.4105067,NaN,NaN,NaN,NaN,NaN,NaN,NaN,NaN,NaN,NaN
NaN,NaN,NaN,NaN,0.02444444444,-46.9225883483887,485.4105067,NaN,NaN,NaN,NaN,NaN,NaN,NaN,NaN,NaN,NaN
NaN,NaN,NaN,0.666666667,0,2.40620803833008,485.4105067,NaN,NaN,NaN,NaN,NaN,NaN,NaN,NaN,NaN,NaN
NaN,NaN,NaN,0.888888889,0,-25.8618640899658,485.4105067,NaN,NaN,NaN,NaN,NaN,NaN,NaN,NaN,NaN,NaN
NaN,NaN,NaN,1.6,0,-86.8871688842773,485.4105067,NaN,NaN,NaN,NaN,NaN,NaN,NaN,NaN,NaN,NaN
NaN,NaN,NaN,4.4,0,-107.742599487305,485.4105067,NaN,NaN,NaN,NaN,NaN,NaN,NaN,NaN,NaN,NaN
NaN,NaN,NaN,5.088888889,0,-98.1658096313477,485.4105067,NaN,NaN,NaN,NaN,NaN,NaN,NaN,NaN,NaN,NaN
NaN,NaN,NaN,4.722222222,0,-127.798217773438,485.4105067,NaN,NaN,NaN,NaN,NaN,NaN,NaN,NaN,NaN,NaN
NaN,NaN,NaN,2.2,0,-115.586364746094,485.4105067,NaN,NaN,NaN,NaN,NaN,NaN,NaN,NaN,NaN,NaN
NaN,NaN,NaN,1.45,0,-130.237686157227,485.4105067,NaN,NaN,NaN,NaN,NaN,NaN,NaN,NaN,NaN,NaN
NaN,NaN,NaN,2.1,0,-120.628517150879,485.4105067,NaN,NaN,NaN,NaN,NaN,NaN,NaN,NaN,NaN,NaN
NaN,NaN,NaN,NaN,NaN,-134.346817016602,485.4105067,NaN,NaN,NaN,NaN,NaN,NaN,NaN,NaN,NaN,NaN
NaN,NaN,NaN,NaN,NaN,-72.3291931152344,NaN,NaN,NaN,NaN,NaN,NaN,NaN,NaN,NaN,NaN,NaN
NaN,NaN,NaN,0.411111111,0.02833333333,-42.3670120239258,NaN,NaN,NaN,NaN,NaN,NaN,NaN,NaN,NaN,NaN,NaN
NaN,NaN,NaN,0.433333333,0,-11.5372838973999,NaN,NaN,NaN,NaN,NaN,NaN,NaN,NaN,NaN,NaN,NaN
NaN,NaN,NaN,0.9,0,NaN,NaN,NaN,NaN,NaN,NaN,NaN,NaN,NaN,NaN,NaN,NaN
NaN,NaN,NaN,2.385714286,0,NaN,NaN,NaN,NaN,NaN,NaN,NaN,NaN,NaN,NaN,NaN,NaN
NaN,NaN,NaN,4.794444444,0,NaN,NaN,NaN,NaN,NaN,NaN,NaN,NaN,NaN,NaN,NaN,NaN
NaN,NaN,NaN,NaN,0,NaN,NaN,NaN,NaN,NaN,NaN,NaN,NaN,NaN,NaN,NaN,NaN
NaN,NaN,NaN,3.483333333,0,NaN,NaN,NaN,NaN,NaN,NaN,NaN,NaN,NaN,NaN,NaN,NaN
NaN,NaN,NaN,2.2,0,NaN,NaN,NaN,NaN,NaN,NaN,NaN,NaN,NaN,NaN,NaN,NaN
NaN,NaN,NaN,1.116666667,0,NaN,NaN,NaN,NaN,NaN,NaN,NaN,NaN,NaN,NaN,NaN,NaN
NaN,NaN,NaN,NaN,NaN,NaN,NaN,NaN,NaN,NaN,NaN,NaN,NaN,NaN,NaN,NaN,NaN
NaN,NaN,NaN,0.777777778,NaN,NaN,NaN,NaN,NaN,NaN,NaN,NaN,NaN,NaN,NaN,NaN,NaN
