NBE,CH4,ET,LAI,SCF,EWT,ABGB,GPP_DT,ER_DT,GPP_NT,ER_NT,NBE_F,CH4_F,ET_F,NBE_ANN,CH4_ANN,ET_ANN
NaN,NaN,NaN,NaN,NaN,NaN,NaN,NaN,NaN,NaN,NaN,NaN,NaN,NaN,NaN,NaN,NaN
NaN,NaN,NaN,0.028571429,NaN,NaN,NaN,NaN,NaN,NaN,NaN,NaN,NaN,NaN,NaN,NaN,NaN
NaN,NaN,NaN,0.083333333,0.6005555556,NaN,NaN,NaN,NaN,NaN,NaN,NaN,NaN,NaN,NaN,NaN,NaN
NaN,NaN,NaN,0.044444444,0.7033333333,NaN,NaN,NaN,NaN,NaN,NaN,NaN,NaN,NaN,NaN,NaN,NaN
NaN,NaN,NaN,0.527777778,0.055,NaN,NaN,NaN,NaN,NaN,NaN,NaN,NaN,NaN,NaN,NaN,NaN
NaN,NaN,NaN,0.9,0,NaN,NaN,NaN,NaN,NaN,NaN,NaN,NaN,NaN,NaN,NaN,NaN
NaN,NaN,NaN,2.061111111,0,NaN,NaN,NaN,NaN,NaN,NaN,NaN,NaN,NaN,NaN,NaN,NaN
NaN,NaN,NaN,1.294444444,0,NaN,NaN,NaN,NaN,NaN,NaN,NaN,NaN,NaN,NaN,NaN,NaN
NaN,NaN,NaN,0.6,0,NaN,NaN,NaN,NaN,NaN,NaN,NaN,NaN,NaN,NaN,NaN,NaN
NaN,NaN,NaN,1.3125,NaN,NaN,NaN,NaN,NaN,NaN,NaN,NaN,NaN,NaN,NaN,NaN,NaN
NaN,NaN,NaN,0.1,NaN,NaN,NaN,NaN,NaN,NaN,NaN,NaN,NaN,NaN,NaN,NaN,NaN
NaN,NaN,NaN,NaN,NaN,NaN,NaN,NaN,NaN,NaN,NaN,NaN,NaN,NaN,NaN,NaN,NaN
NaN,NaN,NaN,NaN,NaN,NaN,NaN,NaN,NaN,NaN,NaN,NaN,NaN,NaN,NaN,NaN,NaN
NaN,NaN,NaN,0,NaN,NaN,NaN,NaN,NaN,NaN,NaN,NaN,NaN,NaN,NaN,NaN,NaN
NaN,NaN,NaN,0.058333333,0.7377777778,NaN,NaN,NaN,NaN,NaN,NaN,NaN,NaN,NaN,NaN,NaN,NaN
NaN,NaN,NaN,0.038888889,0.71,14.6836357116699,NaN,NaN,NaN,NaN,NaN,NaN,NaN,NaN,NaN,NaN,NaN
NaN,NaN,NaN,0.744444444,0,1.23816502094269,NaN,NaN,NaN,NaN,NaN,NaN,NaN,NaN,NaN,NaN,NaN
NaN,NaN,NaN,1.1,0,NaN,NaN,NaN,NaN,NaN,NaN,NaN,NaN,NaN,NaN,NaN,NaN
NaN,NaN,NaN,1.833333333,0,NaN,NaN,NaN,NaN,NaN,NaN,NaN,NaN,NaN,NaN,NaN,NaN
NaN,NaN,NaN,1.344444444,0,-34.6460342407227,NaN,NaN,NaN,NaN,NaN,NaN,NaN,NaN,NaN,NaN,NaN
NaN,NaN,NaN,0.827777778,0,-22.1833343505859,NaN,NaN,NaN,NaN,NaN,NaN,NaN,NaN,NaN,NaN,NaN
NaN,NaN,NaN,0.116666667,NaN,-37.9613800048828,NaN,NaN,NaN,NaN,NaN,NaN,NaN,NaN,NaN,NaN,NaN
NaN,NaN,NaN,NaN,NaN,-31.4608478546143,NaN,NaN,NaN,NaN,NaN,NaN,NaN,NaN,NaN,NaN,NaN
NaN,NaN,NaN,NaN,NaN,-38.5012969970703,NaN,NaN,NaN,NaN,NaN,NaN,NaN,NaN,NaN,NaN,NaN
NaN,NaN,NaN,0.1,NaN,-22.0431804656982,NaN,NaN,NaN,NaN,NaN,NaN,NaN,NaN,NaN,NaN,NaN
NaN,NaN,NaN,0.044444444,NaN,-25.9294300079346,NaN,NaN,NaN,NaN,NaN,NaN,NaN,NaN,NaN,NaN,NaN
NaN,NaN,NaN,0.057142857,0.7516666667,-3.68204307556152,NaN,NaN,NaN,NaN,NaN,NaN,NaN,NaN,NaN,NaN,NaN
NaN,NaN,NaN,0.09375,0.7133333333,-0.0476499982178211,NaN,NaN,NaN,NaN,NaN,NaN,NaN,NaN,NaN,NaN,NaN
NaN,NaN,NaN,0.233333333,0.1277777778,-13.2208242416382,NaN,NaN,NaN,NaN,NaN,NaN,NaN,NaN,NaN,NaN,NaN
NaN,NaN,NaN,1.544444444,0,NaN,NaN,NaN,NaN,NaN,NaN,NaN,NaN,NaN,NaN,NaN,NaN
NaN,NaN,NaN,1.8,0,-67.2294616699219,NaN,NaN,NaN,NaN,NaN,NaN,NaN,NaN,NaN,NaN,NaN
NaN,NaN,NaN,1.494444444,0,-78.2969512939453,NaN,NaN,NaN,NaN,NaN,NaN,NaN,NaN,NaN,NaN,NaN
NaN,NaN,NaN,0.872222222,0,-58.8822326660156,NaN,NaN,NaN,NaN,NaN,NaN,NaN,NaN,NaN,NaN,NaN
NaN,NaN,NaN,1.35,NaN,-51.763973236084,NaN,NaN,NaN,NaN,NaN,NaN,NaN,NaN,NaN,NaN,NaN
NaN,NaN,NaN,NaN,NaN,-42.3735618591309,NaN,NaN,NaN,NaN,NaN,NaN,NaN,NaN,NaN,NaN,NaN
NaN,NaN,NaN,NaN,NaN,-19.4863204956055,NaN,NaN,NaN,NaN,NaN,NaN,NaN,NaN,NaN,NaN,NaN
NaN,NaN,NaN,0.2,NaN,-22.9579448699951,NaN,NaN,NaN,NaN,NaN,NaN,NaN,NaN,NaN,NaN,NaN
NaN,NaN,NaN,0.04,NaN,2.02746224403381,NaN,NaN,NaN,NaN,NaN,NaN,NaN,NaN,NaN,NaN,NaN
NaN,NaN,NaN,0.044444444,0.5711111111,19.7234287261963,NaN,NaN,NaN,NaN,NaN,NaN,NaN,NaN,NaN,NaN,NaN
NaN,NaN,NaN,0.0375,0.7222222222,29.7534580230713,NaN,NaN,NaN,NaN,NaN,NaN,NaN,NaN,NaN,NaN,NaN
NaN,NaN,NaN,0.622222222,0.1455555556,-5.06769943237305,NaN,NaN,NaN,NaN,NaN,NaN,NaN,NaN,NaN,NaN,NaN
NaN,NaN,NaN,1,0,-24.512845993042,NaN,NaN,NaN,NaN,NaN,NaN,NaN,NaN,NaN,NaN,NaN
NaN,NaN,NaN,1.888888889,0,-21.3667488098145,NaN,NaN,NaN,NaN,NaN,NaN,NaN,NaN,NaN,NaN,NaN
NaN,NaN,NaN,1.144444444,0,-27.0479164123535,NaN,NaN,NaN,NaN,NaN,NaN,NaN,NaN,NaN,NaN,NaN
NaN,NaN,NaN,1.3,0,-1.31777572631836,NaN,NaN,NaN,NaN,NaN,NaN,NaN,NaN,NaN,NaN,NaN
NaN,NaN,NaN,1.077777778,NaN,-17.003812789917,NaN,NaN,NaN,NaN,NaN,NaN,NaN,NaN,NaN,NaN,NaN
NaN,NaN,NaN,0.15,NaN,1.17378783226013,NaN,NaN,NaN,NaN,NaN,NaN,NaN,NaN,NaN,NaN,NaN
NaN,NaN,NaN,NaN,NaN,24.2454319000244,NaN,NaN,NaN,NaN,NaN,NaN,NaN,NaN,NaN,NaN,NaN
NaN,NaN,NaN,NaN,NaN,36.6276893615723,NaN,NaN,NaN,NaN,NaN,NaN,NaN,NaN,NaN,NaN,NaN
NaN,NaN,NaN,0.05,NaN,47.9656257629395,NaN,NaN,NaN,NaN,NaN,NaN,NaN,NaN,NaN,NaN,NaN
NaN,NaN,NaN,0.038888889,0.6122222222,54.9384727478027,NaN,NaN,NaN,NaN,NaN,NaN,NaN,NaN,NaN,NaN,NaN
NaN,NaN,NaN,0.08,0.7377777778,56.6811561584473,NaN,NaN,NaN,NaN,NaN,NaN,NaN,NaN,NaN,NaN,NaN
NaN,NaN,NaN,0.027777778,0.77,60.4095115661621,NaN,NaN,NaN,NaN,NaN,NaN,NaN,NaN,NaN,NaN,NaN
NaN,NaN,NaN,1.044444444,0,18.4994640350342,NaN,NaN,NaN,NaN,NaN,NaN,NaN,NaN,NaN,NaN,NaN
NaN,NaN,NaN,2.044444444,0,-17.0188789367676,NaN,NaN,NaN,NaN,NaN,NaN,NaN,NaN,NaN,NaN,NaN
NaN,NaN,NaN,1.233333333,0,-10.6365404129028,NaN,NaN,NaN,NaN,NaN,NaN,NaN,NaN,NaN,NaN,NaN
NaN,NaN,NaN,0.911111111,0,3.04306793212891,NaN,NaN,NaN,NaN,NaN,NaN,NaN,NaN,NaN,NaN,NaN
NaN,NaN,NaN,1.211111111,NaN,0.367577195167542,NaN,NaN,NaN,NaN,NaN,NaN,NaN,NaN,NaN,NaN,NaN
NaN,NaN,NaN,0.26,NaN,-1.68448638916016,NaN,NaN,NaN,NaN,NaN,NaN,NaN,NaN,NaN,NaN,NaN
NaN,NaN,NaN,NaN,NaN,1.39292597770691,NaN,NaN,NaN,NaN,NaN,NaN,NaN,NaN,NaN,NaN,NaN
0.132719928486251,0.00877504579598687,NaN,NaN,NaN,2.84934878349304,NaN,0.013403957130383,0.16249768709723,0.0192029723056538,0.181022540407241,0.161819570570158,0.00977871440883953,-0.018961134528543,0.167041116467337,0.00951945390678952,-0.0116933472708051
0.000579391427836385,0.00691906792127255,NaN,0.083333333,NaN,1.4804995059967,NaN,0.0996358174817143,0.135069214595572,-0.0372234591025714,0.0788992844754857,0.116122616897143,0.00732523814357143,-0.015291752408308,0.123241979611234,0.0078078577340591,-0.0052498418003908
0.196072024128722,0.0101775387126615,0.0432098195217814,0.13125,0.6105555556,12.289342880249,NaN,0.271270118650065,0.16480565371542,-0.0424253237577445,0.139329573203613,0.181755071535484,0.0116814775104,0.102355521375247,0.147436094120559,0.00921754320234108,0.0743181579116922
0.21642753952281,0.00688783408236772,0.545026703426242,0.0625,0.7666666667,13.5294733047485,NaN,0.410665679986968,0.52624820448,0.04414901197752,0.2448747936,0.200725555248,0.00706733936352,0.41337049626331,0.213259062129865,0.0089062072456636,0.445867808707473
0.712859322184741,NaN,1.65008677146594,0.55,0.1561111111,-14.0887746810913,NaN,0.500612418520258,0.970708912258064,0.466385961135484,1.16804603845161,0.701661090983226,0.0203043884453419,1.45094251426751,0.595169205811815,0.0190204898694632,1.44733429609645
-0.989279394828718,0.0525425066278901,3.24946108278862,1.188888889,0,-33.2127532958984,NaN,2.92696080984,2.0141165592,2.812684276044,2.0267212464,-0.78596380872,0.05032123232976,2.9432912021654,-0.824258923217211,0.0503530720624556,2.95056911382659
-3.48435575839158,0.109672641438208,3.79099307888871,1.838888889,0,-44.7933158874512,NaN,5.89144240846452,3.54100484903226,4.88800634572103,2.47761559741935,-2.4103949300129,0.105801048972929,3.19321942222625,-2.37746447786301,0.106674786675551,3.19717168766882
-1.88269048888493,0.119375095632495,3.13039642413021,1.461111111,0,-61.256217956543,NaN,3.6174783042511,2.91131977470968,3.05350502411613,2.57129800258065,-0.482207862193548,0.11593063644991,2.02525304697165,-0.56031270028091,0.118015927542658,2.08213834435223
0.623765124904309,0.0643156974742926,1.00522787775374,0.95,0,-52.5115242004395,NaN,0.804651964632,1.6507100952,0.7451028136728,1.530275328,0.785173426776,0.0624978034596,0.83351990568308,0.78325744519076,0.0618869385532244,0.816136658748431
0.603049119395811,0.027619326270442,0.283020412079852,1.1,NaN,-35.7824096679688,NaN,0.128071921796129,0.719649478451613,0.0347896967920258,0.668619575303226,0.633830000748387,0.0282185242532129,0.225448036111233,0.582274471822882,0.0277573760984451,0.245058586187206
0.22470192424216,0.0161126786454124,NaN,0,NaN,-23.9415264129639,NaN,0.0329715066312,0.825244002,0.02765255848848,0.23997273732,0.212320147824,0.0186472922184,0.00548954766691468,0.277599856348986,0.0184705633068383,0.0198390280554931
0.333222697372804,0.0114594073722447,NaN,NaN,NaN,-5.5025463104248,NaN,0.00547337012051613,0.836835295122581,-0.107405920526326,0.241173535354839,0.348579123003871,0.011860118100929,0.00142847883271275,0.208432733641952,0.0119732771270285,0.00475172568452949
0.254505517295695,0.0153128694658663,NaN,NaN,NaN,18.3496475219727,NaN,0.0302301251628387,0.416267936021729,-0.0480121962735484,0.0849664744290581,0.132979240776774,0.0137876323001806,-0.00592493757678758,0.149503397279089,0.0125061981011265,-0.00687939740707158
0.155406154093205,0.00725794312957698,NaN,0,NaN,33.8902206420898,NaN,0.094668588594,0.0788808674250257,-0.0308595839124857,0.0671866611521143,0.09804608388,0.00613434028911429,-0.0135190163972791,0.104711534440721,0.00746337427688692,-0.0101158182637372
0.0787997068009153,0.00478769985857346,0.0747711622630191,0.055555556,0.7044444444,45.3412475585938,NaN,0.219793227201058,0.408862251824516,0.0177649732272774,0.0678510951793548,0.0500858621326452,0.00534036112769032,0.185257495013771,0.107950878218615,0.0068179150022733,0.150976198141316
0.177035698057982,0.0215613111876785,0.617439420380464,0.075,0.7188888889,54.0597076416016,NaN,0.205214860770696,0.43804690704,-0.03063521326176,0.17740445976,0.2080396760328,0.0213890935392,0.565377418021332,0.211234502307974,0.0203366669329273,0.513874994367398
0.528697873779922,0.0309868844939424,1.2144058465674,0.775,0.01111111111,58.6870994567871,NaN,0.0830886267022839,0.501754257522581,0.201472994039226,0.741295646709677,0.539822875749677,0.0299085900802839,1.13789577702316,0.560101794667612,0.0303353635182677,1.17752551895901
-1.58591847903758,0.0748752737930467,3.19387574553133,1.05,0,-0.274641782045364,NaN,3.454623382608,2.2970222568,3.065159881944,1.9731464424,-1.092013135272,0.07385012453664,2.68772328740388,-1.08057195917157,0.07459365851701,2.71972397490277
-4.24368814844347,0.145458452162912,2.70977784532641,1.594444444,0,-20.6642227172852,NaN,6.60778320504774,3.96428688,5.79698402190968,3.05190831483871,-2.74507953096774,0.144598442394194,2.13140748474611,-2.84803796800394,0.144692914658277,2.2326421544259
-2.14945447683654,0.163192970115468,1.61174081495979,1.466666667,0,-13.9738025665283,NaN,4.13182024759742,3.05995395251613,3.73989064870289,2.64489617032258,-1.09499043692903,0.156006950859174,1.31269713627759,-1.10678088615817,0.158729736622643,1.31237334685986
0.394014492742657,0.057019350597489,0.665738577050679,0.688888889,0,-10.0304327011108,NaN,0.6115943682,1.097808552,0.645071783832,1.2396401856,0.59457000096,0.05471136769248,0.626350758089906,0.549949741146064,0.0561713585608876,0.6123084727542
0.491410223073951,0.0256130395094285,0.31467663235245,1.371428571,NaN,-2.93278002738953,NaN,0.110438277607742,0.542534167741936,0.0535666892353548,0.552782043870968,0.499215527930323,0.0247282869335226,0.275005230258929,0.521777160744168,0.0250141740043078,0.275914003476866
0.25515855809922,0.0157769165778758,0.0680579538190978,NaN,NaN,-7.52649211883545,NaN,0.0188977302,0.20259386208,-0.0780257986992,0.174936204576,0.252962381088,0.01554811502256,0.0614544455246048,0.250642275783823,0.0155010462871993,0.0694763009007449
0.237197092592114,0.00658098171740824,0.0332007132151043,NaN,NaN,8.17564868927002,NaN,0.013970081636129,0.314030008567742,-0.0507707045987226,0.193177404812903,0.243948530554839,0.00741269680165161,0.0562250024925984,0.184825250435683,0.00956122340005994,0.0208906743169538
0.222454543610114,0.00936158429326223,0.00178163022137198,0.1,NaN,6.7349681854248,NaN,0.0528032366709677,0.326589380825806,0.0117577231539097,0.130156870157419,0.118400853168,0.00870704866660645,0.0205671282846708,0.142277943225894,0.00975886144244988,0.0101487228782664
0.0754698247401046,0.00855685373160199,NaN,0,NaN,26.4448661804199,NaN,0.193630575972414,0.334166702822069,0.123563154109655,0.0505784346753103,-0.0729841276725517,0.0102558501402207,-0.00107830898167524,0.101328148399178,0.00898438684704247,-0.00119278444967816
0.122739970089111,0.0114005431128546,0.0344094900816732,0.022222222,0.5466666667,44.6659278869629,NaN,0.108971328490839,0.307901929006452,-0.0427336513441548,0.0776803213695484,0.120413842397419,0.0122579965237935,0.0242291582367311,0.120695201197482,0.00905003658662015,0.0287355429649109
0.220196105835308,0.0184817798845862,0.329346095410787,0.022222222,0.7066666667,44.4529724121094,NaN,0.077610474576,0.21675624336,0.01980237912696,0.24802247232,0.22822001748,0.01940502237696,0.30926727402112,0.215482890043674,0.0193584361750413,0.343746444415722
0.619891923708966,0.0360065011118992,1.14474510758915,0.555555556,0.6894444444,30.349796295166,NaN,0.692981260513548,0.833454164903226,0.0300680740244903,0.636797320258064,0.606729406343226,0.0352429418719742,0.999162565441301,0.659706409363831,0.0356693964909609,1.05143865206869
-0.261984626114165,0.0629671838836917,2.26737894474265,0.977777778,0,-4.8413872718811,NaN,2.76864905592,2.699156772,1.640616541416,1.6387632,-0.00185111042399996,0.06328233370944,1.9517146498109,-0.134587033556901,0.0628946400924989,1.97609860518736
-4.26099354945689,0.1297894554747,2.76534575255548,1.661111111,0,-14.7496881484985,NaN,7.11836682990968,3.94801148206452,6.11810466596129,3.00286133419355,-3.11524685688774,0.128888022153135,2.4148743038597,-3.14305401100139,0.130347569974515,2.41062131698438
-2.70515616332753,0.116355419903575,2.34006425220067,1.45,0,-25.9525299072266,NaN,4.06679283220645,2.80408484670968,3.67283964544258,2.38951268129032,-1.28332835233548,0.117082567446735,1.72489725109109,-1.36619395394387,0.119988183897665,1.72014924723379
0.18713945117288,0.0544300751098521,1.10180451298878,1,0,-32.2841033935547,NaN,0.826279443036,1.2000031992,0.7711487269992,1.2491726616,0.478022169312,0.05454122815008,0.84327511821628,0.437458482932133,0.0545801897327191,0.890962538339485
0.384248810739955,0.0237752575722101,0.268509990105844,NaN,NaN,-24.6547813415527,NaN,0.0411013958887742,0.3722223888,-0.0131218171554426,0.46497029643871,0.478092384929032,0.0233556779515355,0.208823494286623,0.442399531413521,0.0240735164484721,0.228891314093868
0.228603937704979,0.0161209436965235,0.0490896885435213,NaN,NaN,-36.7406005859375,NaN,0.01815862198608,0.18896173848,-0.063676650726,0.17419340736,0.2378703744,0.01601288503704,0.0464330252690748,0.222582484434854,0.0167880922767482,0.0424502154346631
0.305826178914049,0.0167570819130982,0.00943229991001105,NaN,NaN,-9.69528961181641,NaN,0.00188468667034839,0.14362956260129,0.0107319380307097,0.20507057064,0.194338715225806,0.0138211573152774,0.0192089746685658,0.187061573640177,0.0146957638676563,0.0233596176394091
0.0944133352074212,0.0104215542825095,NaN,NaN,NaN,5.45800638198853,NaN,0.00377378282322581,0.067620237723871,-0.0246891229862632,0.0749498198221161,0.099638941968,0.0106801597091613,-0.0096216252843869,0.144332289030498,0.0116865342272609,-0.00901328639659372
0.0503262243453702,0.00790913941255228,NaN,0,NaN,11.2335586547852,NaN,0.0251627046171429,0.0761496795,-0.0132879005904857,0.0582516335568857,0.071539563582,0.00784477792234286,-0.0132953455459825,0.114963514005143,0.00881846137108655,-0.00498832315688752
0.0718785899570824,0.00702542663187153,0.0656635261998129,0.0875,0.5911111111,5.65571880340576,NaN,0.00708869802658064,0.0536631370989677,-0.0471395302525161,0.044116545267871,0.0912568406167742,0.00820002252774194,0.0842516732520386,0.0992541394974918,0.00808829041329552,0.0791796244302919
0.14899901533093,0.0131443911008148,0.337292208294648,0.083333333,0.6827777778,18.1306552886963,NaN,0.011326056624,0.081721602576,-0.05290849882584,0.0573356305944,0.110244619836,0.01632081448296,0.302406225314114,0.17731083225551,0.0127004781274698,0.311174624309288
1.13342533110304,0.0637831825940893,1.70615934861234,0.627777778,0,9.57529640197754,NaN,0.71877377619871,1.62101262193548,0.400517597008103,1.46117720670968,1.06066000855742,0.0587901310994323,1.39952496857135,0.941900613926354,0.0593604752534853,1.36249517746727
-1.18155614022601,0.0690693819296657,2.85449773281805,1.516666667,0,-22.2123928070068,NaN,3.72611053224,2.8179999216,3.4170277317552,2.559829032,-0.8571974243472,0.06917029141464,2.54423997827532,-0.709551924406514,0.0688806002351425,2.61431929793467
-3.75543645474558,0.127004388159578,4.40184708815517,1.827777778,0,-35.0023231506348,NaN,6.26075752875097,3.70087571612903,6.00955618691613,3.42263085677419,-2.58692702776258,0.125275973488258,3.53194344545765,-2.66512016254853,0.126699019338757,3.5809698938108
-1.77224831843772,0.141401458946442,3.6331718996969,1.116666667,0,-31.8079795837402,NaN,3.80152635730839,3.128178744,3.52711636988981,2.9381548203871,-0.588958326580645,0.138431497874865,2.80152303892603,-0.723117623932807,0.140431005566886,2.8617217776349
0.97018069353373,0.0607461966653267,0.911174689912177,0.672222222,0,-26.9419288635254,NaN,0.9689556336624,1.6313044032,1.0994864691744,2.0296742976,0.930189277944,0.07286191398792,0.935327163917596,0.865806444793627,0.0710487255169094,1.02223351081108
0.275426129582713,0.0335430339764517,0.206561345527423,0.2625,NaN,-30.5019035339355,NaN,0.143136347295484,0.481306041290323,-0.059789109845729,0.235656982451613,0.295445829832258,0.0326776277933419,0.194595754083474,0.398813962048474,0.0314965166943783,0.23481913448933
0.113356138390628,0.0323395433673423,NaN,0,NaN,-18.000337600708,NaN,0.01376187984,0.22279683888,0.0428248127952,0.11849360472,0.07566825312,0.026000465832,0.0447964216973072,0.179598967051002,0.0207851657234679,0.0458310599087258
0.118519846227537,0.0134047769302907,NaN,NaN,NaN,-19.7117214202881,NaN,0.00168322591741935,0.182323699645935,-0.0389784253937806,0.137078924936516,0.176057521153548,0.0154454336825806,-0.0209379894608505,0.192297119886332,0.0151566481513261,-0.00739277416917376
0.182447785488903,0.0134468152951767,NaN,NaN,NaN,-15.6493988037109,NaN,0.00974526071225806,0.279870801810271,-0.078022859740258,0.180505795044542,0.258528375452903,0.0151390517232774,0.0031087480880334,0.189080640153243,0.0147785263275535,-0.000598889115131929
0.100161880883465,0.0170222246368245,NaN,0.057142857,NaN,-19.0801124572754,NaN,0.117655734831429,0.463811755906286,-0.0075914748072,0.119105037062213,0.126695988077143,0.0167131734387429,-0.0208759077593518,0.149670511675174,0.0140484680880119,-0.0101091970596959
0.151993939527121,0.0147582111745001,0.0333780921515103,0.122222222,0.6577777778,-12.19455909729,NaN,0.0535382910116129,0.182309277221419,-0.0121029507336774,0.153375475494194,0.165478462885161,0.0178865926933936,0.024991517806314,0.144531073342696,0.0142633762443537,0.0429991620580093
0.27564763739612,0.0196176070725823,0.470256956900594,0.0375,0.6388888889,2.63207411766052,NaN,0.087302430576,0.34708222224,-0.063433615608,0.1713760272,0.234809587224,0.02005073297856,0.377465495046816,0.235628136766398,0.0195665239133013,0.360931245248355
0.654894581878951,0.0340351461253072,1.0186153914187,0.355555556,0.29,12.5625247955322,NaN,0.236362647483871,0.841052241522581,0.314896500092903,0.994805847174194,0.679908300178064,0.0319987631143742,0.911557034962397,0.766654784144848,0.0333161990477063,0.904271357667265
-0.425016085865835,0.050454791265433,2.66836760713892,1.05,0,-23.9220161437988,NaN,2.43547463808,2.1197431584,2.2555341101736,2.1150504864,-0.140485800312,0.04955963504112,2.36267812240446,-0.18768820964455,0.0498204253494558,2.38910414661673
-3.4604831228675,0.0996688743917682,2.58963169630101,1.727777778,0,-22.378360748291,NaN,6.26448783976258,3.86300385290323,5.85041191056232,3.4293113883871,-2.42109696495484,0.100319138350374,2.232465917807,-2.40422229627518,0.101502833920558,2.26495770842129
-1.94773163366107,0.106438779941277,2.14315809895019,1.514285714,0,-25.8193893432617,NaN,3.81944269296,2.66174560707097,3.4980107780671,2.48809506735484,-1.0099121256,0.103536332536645,1.66272540932662,-1.05031210243471,0.105720990173416,1.6996425388009
0.79153494881649,0.0494133942837061,1.04725924579622,0.711111111,0,-35.3199501037598,NaN,0.80485810272,1.6047970344,0.6359709970944,1.5043520448,0.86838096528,0.0476450487072,0.788838103152508,0.796830514035414,0.0495528536638623,0.82769702639508
0.741843101999827,0.0263588658171263,0.421686543798661,1.966666667,NaN,-22.5662155151367,NaN,0.314891502270968,1.03917218794839,0.0134241385006452,0.76946387156129,0.756038900903226,0.0257673401305548,0.416098349347074,0.686511993293788,0.0252658858747506,0.414071270208262
0.355987011882451,0.0120861565819753,0.0222175575837347,NaN,NaN,-11.0797863006592,NaN,0.07680890304,0.2845367311176,-0.20601796581648,0.296167524696,0.502185312144,0.0133630252668,-0.0119995612965044,0.287074216038101,0.0128487944506888,-9.75623235714414e-05
0.233215532395361,0.0108774735240971,NaN,NaN,NaN,3.92051076889038,NaN,0.0134876684903226,0.233522628166452,0.0361883203757419,0.144859273594839,0.108671098106323,0.0093499853499871,0.013877861870495,0.189182578646587,0.00930498570188725,-0.00539017108382955
NaN,NaN,NaN,NaN,NaN,NaN,NaN,NaN,NaN,NaN,NaN,NaN,NaN,NaN,NaN,NaN,NaN
NaN,NaN,NaN,0.011111111,NaN,19.9149837493896,NaN,NaN,NaN,NaN,NaN,NaN,NaN,NaN,NaN,NaN,NaN
NaN,NaN,NaN,0.1125,0.6633333333,23.6131191253662,NaN,NaN,NaN,NaN,NaN,NaN,NaN,NaN,NaN,NaN,NaN
NaN,NaN,NaN,0.055555556,0.7333333333,57.8173141479492,NaN,NaN,NaN,NaN,NaN,NaN,NaN,NaN,NaN,NaN,NaN
NaN,NaN,NaN,0.766666667,0.01444444444,49.3791198730469,NaN,NaN,NaN,NaN,NaN,NaN,NaN,NaN,NaN,NaN,NaN
NaN,NaN,NaN,1.3875,0,NaN,NaN,NaN,NaN,NaN,NaN,NaN,NaN,NaN,NaN,NaN,NaN
NaN,NaN,NaN,2.05,0,-16.6744823455811,NaN,NaN,NaN,NaN,NaN,NaN,NaN,NaN,NaN,NaN,NaN
NaN,NaN,NaN,1.425,0,-5.28603315353394,NaN,NaN,NaN,NaN,NaN,NaN,NaN,NaN,NaN,NaN,NaN
NaN,NaN,NaN,0.6,0,0.369052559137344,NaN,NaN,NaN,NaN,NaN,NaN,NaN,NaN,NaN,NaN,NaN
NaN,NaN,NaN,1.561111111,NaN,1.21700525283813,NaN,NaN,NaN,NaN,NaN,NaN,NaN,NaN,NaN,NaN,NaN
NaN,NaN,NaN,NaN,NaN,8.19524097442627,NaN,NaN,NaN,NaN,NaN,NaN,NaN,NaN,NaN,NaN,NaN
NaN,NaN,NaN,NaN,NaN,39.0563926696777,NaN,NaN,NaN,NaN,NaN,NaN,NaN,NaN,NaN,NaN,NaN
NaN,NaN,NaN,0.0875,NaN,27.9458904266357,NaN,NaN,NaN,NaN,NaN,NaN,NaN,NaN,NaN,NaN,NaN
NaN,NaN,NaN,0.083333333,NaN,26.622013092041,NaN,NaN,NaN,NaN,NaN,NaN,NaN,NaN,NaN,NaN,NaN
NaN,NaN,NaN,0.078571429,0.6444444444,62.879337310791,NaN,NaN,NaN,NaN,NaN,NaN,NaN,NaN,NaN,NaN,NaN
NaN,NaN,NaN,0.083333333,0.6388888889,56.7662010192871,NaN,NaN,NaN,NaN,NaN,NaN,NaN,NaN,NaN,NaN,NaN
NaN,NaN,NaN,0.177777778,0.6894444444,NaN,NaN,NaN,NaN,NaN,NaN,NaN,NaN,NaN,NaN,NaN,NaN
NaN,NaN,NaN,0.927777778,0,24.508960723877,NaN,NaN,NaN,NaN,NaN,NaN,NaN,NaN,NaN,NaN,NaN
NaN,NaN,NaN,1.666666667,0,-11.907377243042,NaN,NaN,NaN,NaN,NaN,NaN,NaN,NaN,NaN,NaN,NaN
NaN,NaN,NaN,1.311111111,0,-22.5637149810791,NaN,NaN,NaN,NaN,NaN,NaN,NaN,NaN,NaN,NaN,NaN
NaN,NaN,NaN,0.65,0,-8.42007160186768,NaN,NaN,NaN,NaN,NaN,NaN,NaN,NaN,NaN,NaN,NaN
NaN,NaN,NaN,1,NaN,NaN,NaN,NaN,NaN,NaN,NaN,NaN,NaN,NaN,NaN,NaN,NaN
NaN,NaN,NaN,0.1,NaN,30.6408653259277,NaN,NaN,NaN,NaN,NaN,NaN,NaN,NaN,NaN,NaN,NaN
NaN,NaN,NaN,NaN,NaN,17.8317337036133,NaN,NaN,NaN,NaN,NaN,NaN,NaN,NaN,NaN,NaN,NaN
NaN,NaN,NaN,NaN,NaN,29.310489654541,NaN,NaN,NaN,NaN,NaN,NaN,NaN,NaN,NaN,NaN,NaN
NaN,NaN,NaN,0,NaN,31.2607765197754,NaN,NaN,NaN,NaN,NaN,NaN,NaN,NaN,NaN,NaN,NaN
NaN,NaN,NaN,0.1,0.6188888889,NaN,NaN,NaN,NaN,NaN,NaN,NaN,NaN,NaN,NaN,NaN,NaN
NaN,NaN,NaN,0.05,0.6455555556,60.9697761535645,NaN,NaN,NaN,NaN,NaN,NaN,NaN,NaN,NaN,NaN,NaN
NaN,NaN,NaN,0.605555556,0.1911111111,52.3477745056152,NaN,NaN,NaN,NaN,NaN,NaN,NaN,NaN,NaN,NaN,NaN
NaN,NaN,NaN,1.405555556,0,-18.2403144836426,NaN,NaN,NaN,NaN,NaN,NaN,NaN,NaN,NaN,NaN,NaN
NaN,NaN,NaN,1.888888889,0,-39.6915397644043,NaN,NaN,NaN,NaN,NaN,NaN,NaN,NaN,NaN,NaN,NaN
NaN,NaN,NaN,1.233333333,0,NaN,NaN,NaN,NaN,NaN,NaN,NaN,NaN,NaN,NaN,NaN,NaN
NaN,NaN,NaN,0.9,0,NaN,NaN,NaN,NaN,NaN,NaN,NaN,NaN,NaN,NaN,NaN,NaN
NaN,NaN,NaN,2.83125,NaN,-44.8760833740234,NaN,NaN,NaN,NaN,NaN,NaN,NaN,NaN,NaN,NaN,NaN
NaN,NaN,NaN,0.075,NaN,-30.5074005126953,NaN,NaN,NaN,NaN,NaN,NaN,NaN,NaN,NaN,NaN,NaN
NaN,NaN,NaN,NaN,NaN,17.7289390563965,NaN,NaN,NaN,NaN,NaN,NaN,NaN,NaN,NaN,NaN,NaN
