NBE,CH4,ET,LAI,SCF,EWT,ABGB,GPP_DT,ER_DT,GPP_NT,ER_NT,NBE_F,CH4_F,ET_F,NBE_ANN,CH4_ANN,ET_ANN
NaN,NaN,NaN,0.221428571,NaN,31.419677734375,NaN,NaN,NaN,NaN,NaN,NaN,NaN,NaN,NaN,NaN,NaN
NaN,NaN,NaN,0.116666667,NaN,30.5963439941406,NaN,NaN,NaN,NaN,NaN,NaN,NaN,NaN,NaN,NaN,NaN
NaN,NaN,NaN,0.072222222,0.5211111111,26.6119155883789,NaN,NaN,NaN,NaN,NaN,NaN,NaN,NaN,NaN,NaN,NaN
NaN,NaN,NaN,0.872222222,0,39.9696197509766,NaN,NaN,NaN,NaN,NaN,NaN,NaN,NaN,NaN,NaN,NaN
NaN,NaN,NaN,1.022222222,0,39.5699615478516,NaN,NaN,NaN,NaN,NaN,NaN,NaN,NaN,NaN,NaN,NaN
NaN,NaN,NaN,1.311111111,0,-34.0300712585449,NaN,NaN,NaN,NaN,NaN,NaN,NaN,NaN,NaN,NaN,NaN
NaN,NaN,NaN,1.366666667,0,-62.5636863708496,NaN,NaN,NaN,NaN,NaN,NaN,NaN,NaN,NaN,NaN,NaN
NaN,NaN,NaN,1.66875,0,-42.8214721679688,NaN,NaN,NaN,NaN,NaN,NaN,NaN,NaN,NaN,NaN,NaN
NaN,NaN,NaN,1.125,0,-53.7530975341797,NaN,NaN,NaN,NaN,NaN,NaN,NaN,NaN,NaN,NaN,NaN
NaN,NaN,NaN,1.45,0.03611111111,-66.4645385742188,NaN,NaN,NaN,NaN,NaN,NaN,NaN,NaN,NaN,NaN,NaN
NaN,NaN,NaN,0.761111111,NaN,-38.8984909057617,NaN,NaN,NaN,NaN,NaN,NaN,NaN,NaN,NaN,NaN,NaN
NaN,NaN,NaN,NaN,NaN,30.2520637512207,NaN,NaN,NaN,NaN,NaN,NaN,NaN,NaN,NaN,NaN,NaN
NaN,NaN,NaN,0.1,NaN,75.6747741699219,NaN,NaN,NaN,NaN,NaN,NaN,NaN,NaN,NaN,NaN,NaN
NaN,NaN,NaN,0.125,NaN,71.2698669433594,NaN,NaN,NaN,NaN,NaN,NaN,NaN,NaN,NaN,NaN,NaN
NaN,NaN,NaN,0.066666667,0.6055555556,126.395866394043,NaN,NaN,NaN,NaN,NaN,NaN,NaN,NaN,NaN,NaN,NaN
NaN,NaN,NaN,0.911111111,0,127.28392791748,NaN,NaN,NaN,NaN,NaN,NaN,NaN,NaN,NaN,NaN,NaN
NaN,NaN,NaN,1.038888889,0,31.0805034637451,NaN,NaN,NaN,NaN,NaN,NaN,NaN,NaN,NaN,NaN,NaN
NaN,NaN,NaN,1.288888889,0,-31.1861801147461,NaN,NaN,NaN,NaN,NaN,NaN,NaN,NaN,NaN,NaN,NaN
NaN,NaN,NaN,1.527777778,0,-18.0753746032715,NaN,NaN,NaN,NaN,NaN,NaN,NaN,NaN,NaN,NaN,NaN
NaN,NaN,NaN,1.55,0,-28.1373634338379,NaN,NaN,NaN,NaN,NaN,NaN,NaN,NaN,NaN,NaN,NaN
NaN,NaN,NaN,1.088888889,0,-27.3425025939941,NaN,NaN,NaN,NaN,NaN,NaN,NaN,NaN,NaN,NaN,NaN
NaN,NaN,NaN,1.122222222,0,-21.2157783508301,NaN,NaN,NaN,NaN,NaN,NaN,NaN,NaN,NaN,NaN,NaN
NaN,NaN,NaN,0.4,NaN,26.3144588470459,NaN,NaN,NaN,NaN,NaN,NaN,NaN,NaN,NaN,NaN,NaN
NaN,NaN,NaN,NaN,NaN,123.114616394043,NaN,NaN,NaN,NaN,NaN,NaN,NaN,NaN,NaN,NaN,NaN
NaN,NaN,NaN,0.244444444,NaN,94.9452362060547,NaN,NaN,NaN,NaN,NaN,NaN,NaN,NaN,NaN,NaN,NaN
NaN,NaN,NaN,0.094444444,NaN,89.3401641845703,NaN,NaN,NaN,NaN,NaN,NaN,NaN,NaN,NaN,NaN,NaN
NaN,NaN,NaN,0.111111111,0.6777777778,116.427528381348,NaN,NaN,NaN,NaN,NaN,NaN,NaN,NaN,NaN,NaN,NaN
NaN,NaN,NaN,0.666666667,0,135.028213500977,NaN,NaN,NaN,NaN,NaN,NaN,NaN,NaN,NaN,NaN,NaN
NaN,NaN,NaN,1.1,0,47.3513717651367,NaN,NaN,NaN,NaN,NaN,NaN,NaN,NaN,NaN,NaN,NaN
NaN,NaN,NaN,1.361111111,0,-33.2079429626465,NaN,NaN,NaN,NaN,NaN,NaN,NaN,NaN,NaN,NaN,NaN
NaN,NaN,NaN,2.8,0,-59.6893348693848,NaN,NaN,NaN,NaN,NaN,NaN,NaN,NaN,NaN,NaN,NaN
NaN,NaN,NaN,1.544444444,0,-33.2193794250488,NaN,NaN,NaN,NaN,NaN,NaN,NaN,NaN,NaN,NaN,NaN
NaN,NaN,NaN,1.255555556,0,3.33389854431152,NaN,NaN,NaN,NaN,NaN,NaN,NaN,NaN,NaN,NaN,NaN
NaN,NaN,NaN,0.95,0,-14.851863861084,NaN,NaN,NaN,NaN,NaN,NaN,NaN,NaN,NaN,NaN,NaN
NaN,NaN,NaN,0.577777778,NaN,-26.3481025695801,NaN,NaN,NaN,NaN,NaN,NaN,NaN,NaN,NaN,NaN,NaN
NaN,NaN,NaN,0.433333333,NaN,7.48421478271484,NaN,NaN,NaN,NaN,NaN,NaN,NaN,NaN,NaN,NaN,NaN
NaN,NaN,NaN,0,NaN,20.8519020080566,NaN,NaN,NaN,NaN,NaN,NaN,NaN,NaN,NaN,NaN,NaN
NaN,NaN,NaN,0.033333333,NaN,53.1328430175781,NaN,NaN,NaN,NaN,NaN,NaN,NaN,NaN,NaN,NaN,NaN
NaN,NaN,NaN,0.105555556,0.625,45.5152893066406,NaN,NaN,NaN,NaN,NaN,NaN,NaN,NaN,NaN,NaN,NaN
NaN,NaN,NaN,1.033333333,0,59.6457252502441,NaN,NaN,NaN,NaN,NaN,NaN,NaN,NaN,NaN,NaN,NaN
NaN,NaN,NaN,1.044444444,0,63.5396766662598,NaN,NaN,NaN,NaN,NaN,NaN,NaN,NaN,NaN,NaN,NaN
NaN,NaN,NaN,1.3,0,-21.0636043548584,NaN,NaN,NaN,NaN,NaN,NaN,NaN,NaN,NaN,NaN,NaN
NaN,NaN,NaN,1.45,0,-28.2483787536621,NaN,NaN,NaN,NaN,NaN,NaN,NaN,NaN,NaN,NaN,NaN
NaN,NaN,NaN,1.5,0,-84.316520690918,NaN,NaN,NaN,NaN,NaN,NaN,NaN,NaN,NaN,NaN,NaN
NaN,NaN,NaN,1.194444444,0,-107.682685852051,NaN,NaN,NaN,NaN,NaN,NaN,NaN,NaN,NaN,NaN,NaN
NaN,NaN,NaN,1.188888889,0,-100.158340454102,NaN,NaN,NaN,NaN,NaN,NaN,NaN,NaN,NaN,NaN,NaN
NaN,NaN,NaN,0.216666667,NaN,-100.300827026367,NaN,NaN,NaN,NaN,NaN,NaN,NaN,NaN,NaN,NaN,NaN
NaN,NaN,NaN,0.2,NaN,-38.9590377807617,NaN,NaN,NaN,NaN,NaN,NaN,NaN,NaN,NaN,NaN,NaN
NaN,NaN,NaN,0.111111111,NaN,NaN,NaN,NaN,NaN,NaN,NaN,NaN,NaN,NaN,NaN,NaN,NaN
NaN,NaN,NaN,0.083333333,NaN,64.8151245117188,NaN,NaN,NaN,NaN,NaN,NaN,NaN,NaN,NaN,NaN,NaN
NaN,NaN,NaN,0.144444444,0.6433333333,10.8129501342773,NaN,NaN,NaN,NaN,NaN,NaN,NaN,NaN,NaN,NaN,NaN
NaN,NaN,NaN,0.638888889,0,81.7040939331055,NaN,NaN,NaN,NaN,NaN,NaN,NaN,NaN,NaN,NaN,NaN
NaN,NaN,NaN,1.09375,0,22.409481048584,NaN,NaN,NaN,NaN,NaN,NaN,NaN,NaN,NaN,NaN,NaN
NaN,NaN,NaN,1.35,0,NaN,NaN,NaN,NaN,NaN,NaN,NaN,NaN,NaN,NaN,NaN,NaN
NaN,NaN,NaN,1.542857143,0,-41.0595893859863,NaN,NaN,NaN,NaN,NaN,NaN,NaN,NaN,NaN,NaN,NaN
NaN,NaN,NaN,1.5,0,-42.7620735168457,NaN,NaN,NaN,NaN,NaN,NaN,NaN,NaN,NaN,NaN,NaN
NaN,NaN,NaN,NaN,0,2.85344099998474,NaN,NaN,NaN,NaN,NaN,NaN,NaN,NaN,NaN,NaN,NaN
NaN,NaN,NaN,1.188888889,0,23.9913902282715,NaN,NaN,NaN,NaN,NaN,NaN,NaN,NaN,NaN,NaN,NaN
NaN,NaN,NaN,0.988888889,NaN,22.4370956420898,NaN,NaN,NaN,NaN,NaN,NaN,NaN,NaN,NaN,NaN,NaN
NaN,NaN,NaN,0.572222222,NaN,119.246719360352,NaN,NaN,NaN,NaN,NaN,NaN,NaN,NaN,NaN,NaN,NaN
NaN,NaN,NaN,0.05,NaN,140.104217529297,NaN,0.0909317636950336,0.249988122029749,-9999,0.287536332861661,-9999,-9999,-9999,0.289412444891267,0.0148415459069073,-0.0946978599883079
NaN,NaN,NaN,0.094444444,NaN,145.917053222656,NaN,0.250019704132138,0.226534293342621,-9999,0.260949842292414,-9999,-9999,-9999,0.107312683552805,0.0131836584240938,-0.0915006808137821
NaN,NaN,NaN,0.138888889,0.6994444444,187.052383422852,NaN,0.536622151726452,0.388452195510968,-9999,0.465794156810323,-9999,-9999,-9999,0.0699039153166037,0.0157097430099849,0.148588802068514
NaN,NaN,NaN,0.09375,0.6055555556,184.958572387695,NaN,0.68294275632,0.4556444020056,-9999,0.514307062224,-9999,-9999,-9999,0.0943124694947034,0.0213812202826376,0.511961919573267
-0.0534565650231054,0.0249304559239509,2.6560666972231,1.155555556,0,NaN,NaN,0.915161532342968,0.612632833481032,1.30103353171742,1.32260963616,0.0215766664954839,0.0239922265470968,2.35690385168018,0.0463196770695967,0.0267967887592857,2.33967383507153
-0.0672119922288473,0.0378086200016603,1.81544918097961,1.4,0,100.420288085938,NaN,1.112555415816,0.3455055319968,2.663448145488,2.522296202112,-0.14115106476,0.0382872519144,1.97274337275716,-0.199546137393562,0.0436866784662192,2.06706385043843
0.915349844189832,NaN,1.08767776498694,1.76,0,49.0187492370605,NaN,1.37910198695969,0.709769246188645,2.85359462979097,2.98209575264516,0.128500817109677,0.0454501325545548,1.72383953802713,0.00544325803608085,0.0666728192844951,1.85859183740475
0.111549694072275,0.0833753013414804,1.45829137782844,1.927777778,0,52.9969024658203,NaN,1.96498535398839,1.50390420515071,3.53310844317677,3.91779163897548,0.384685196725161,0.0919800738348387,1.43286677955849,0.169358066256039,0.0801593855185033,1.4635368508113
-0.159980436638381,0.0403746279687692,0.905392147101949,1.2875,0,23.5148735046387,NaN,0.7091296692768,0.4382624057976,1.0344250773432,1.029368506608,-0.00505840103999998,0.038083545432,0.756591104971288,-0.020704395947408,0.0423567594772323,0.725751912916123
0.104689276976505,0.0330784378859736,0.23904477987622,2.233333333,NaN,NaN,NaN,0.191097070218581,0.260820256601032,0.344166537746323,0.626298449690323,0.282132559114839,0.0306408129619355,0.192098973890426,0.179772452037224,0.0297869389546945,0.159926110028318
0.105726799681058,0.0109694028264695,0.0620961580628676,1.2,NaN,86.0372848510742,NaN,0.0789411091968,0.2307450429432,0.246389500297278,0.52962144984,0.148004813737278,0.0124291458873373,0.0352824682473307,0.196750408232821,0.0169175765380283,0.0100248758641916
NaN,NaN,NaN,NaN,NaN,80.1859741210938,NaN,0.0311652816178065,0.059342856308129,-9999,0.257216783527742,-9999,-9999,-9999,0.344419564788237,0.0154572362328834,-0.0458278283583897
NaN,NaN,NaN,0.091666667,NaN,93.19482421875,NaN,0.0488683789638968,0.084840076456258,-9999,0.301308081468387,-9999,-9999,-9999,0.238878632650869,0.0144558104516981,-0.060915215448678
NaN,NaN,NaN,0.075,NaN,100.383842468262,NaN,0.110738416371429,0.101461369029429,-9999,0.324628295168571,-9999,-9999,-9999,0.157503526054209,0.0137881020972565,-0.0334825554245614
NaN,NaN,NaN,0.155555556,0.6111111111,NaN,NaN,0.227684187011613,0.0580560279886452,-9999,0.197682161667097,-9999,-9999,-9999,0.0487886028083932,0.0125261692697108,0.194434401656567
NaN,NaN,NaN,0.611111111,0.6716666667,70.4966278076172,NaN,0.242459000928,0.1680747590592,-9999,0.427446392184,-9999,-9999,-9999,0.096396330158449,0.020781335780743,0.788848864667327
0.0198858833255956,0.0338361164130639,4.54126810477381,1.177777778,0,79.0861282348633,NaN,1.45104431365161,1.11786090733858,2.47848342549677,3.58665107780903,1.10816853702945,0.0393183724877419,2.95434439728709,0.0205867720821923,0.0319351145841691,2.62213447892623
-0.994372706846238,0.0756646909716378,4.14359491859425,1.35,0,23.5610675811768,NaN,1.8048664872,0.76315285908,4.564920471624,3.9100900284,-0.654828872616,0.079199280792,3.02951511830459,-0.270644020536811,0.0605844074640732,2.72849296742199
-1.32216784564317,0.0983543154324826,4.05993456020968,2.033333333,0,-26.4602680206299,NaN,1.73899051618065,0.877156848868645,3.40327293501265,2.56233454704,-0.682979919923721,0.104789958503226,3.1727218499058,-0.228343375938229,0.0791264339962339,2.57086743852088
NaN,0.0699627394839817,NaN,1.557142857,0,NaN,NaN,1.3684184523871,0.715903987747355,-9999,2.28696856843355,-9999,0.0834579885135484,-9999,0.0203082505656436,0.0767309426278913,1.82201741606606
NaN,0.0459113456273293,NaN,1.388888889,0,NaN,NaN,1.11632992848,0.7044029796816,-9999,2.009123651304,-9999,0.05055383448,-9999,0.0952239481609949,0.0482474512473454,0.801522218956189
NaN,0.0244909490849139,NaN,1.244444444,0,-53.1146430969238,NaN,0.796289631329032,0.574022540431742,-9999,1.61659252697806,-9999,0.023975726787871,-9999,0.0797910287533274,0.0250963383702493,0.32980092461959
NaN,NaN,NaN,1.3,NaN,17.3271255493164,NaN,0.26342438544,0.5509743422976,-9999,1.505269861416,-9999,-9999,-9999,0.177519163007854,0.0162950363614263,0.0310872282838395
NaN,NaN,NaN,0.222222222,NaN,74.3847961425781,NaN,0.0942387521806452,0.484868256363871,-9999,1.32125728775226,-9999,-9999,-9999,0.188599452493612,0.0139354927139086,-0.0267613780019717
NaN,NaN,NaN,0.194444444,NaN,107.380767822266,NaN,0.359211419070968,0.254518679081032,-9999,0.765447753460645,-9999,-9999,-9999,0.19114201898894,0.0139564154314408,-0.0124966903985341
NaN,NaN,NaN,NaN,NaN,NaN,NaN,0.490395714942857,0.504984947184,-9999,1.27499225155714,-9999,-9999,-9999,0.127157094283201,0.0138589441656121,0.0104909835225856
NaN,NaN,NaN,0.88125,0,114.684761047363,NaN,1.54570441703226,0.760466220802839,-9999,1.66999672421419,-9999,-9999,-9999,0.0783113560410857,0.0139185641548353,0.485481646574135
NaN,NaN,NaN,0.922222222,0,55.0193481445312,NaN,2.38261860144,1.1236359278088,-9999,2.109286320192,-9999,-9999,-9999,0.0359954554157924,0.015384365585241,1.43674327282992
NaN,NaN,NaN,1.258333333,0,18.5199718475342,NaN,2.67928054908387,1.89920410418555,-9999,2.88829565897806,-9999,-9999,-9999,-0.0706319250822452,0.0262511568152723,1.92064912770388
-0.827954160234112,0.0514423624497237,2.31573211021377,1.35,0,2.01595973968506,NaN,1.78048506744,0.8438555946672,3.08517824119752,2.642451979896,-0.473647053983478,0.0625823528577764,1.97772814668073,-0.482230188516745,0.0506147518437931,1.99602145276115
-1.06010933336501,0.0925618089830715,3.6100205652079,1.7,0,NaN,NaN,2.09722847474323,0.969150089631484,6.23206736352,6.04541561908645,-0.186648442350968,0.10309942131329,2.88043650556781,-0.332709998110604,0.0929014091217893,2.83990255528146
-0.234195153152099,0.103690607904516,2.25991847733988,1.2,0,-53.8101501464844,NaN,1.62142532345032,0.760617088260387,3.71382342642581,4.07612009605935,0.362294481135484,0.102597619470968,1.81777954369475,0.157681075285285,0.0925387836614779,1.8178518520483
-0.537162790770947,0.0473715047979397,1.66367055373032,1.207142857,0,-77.9485015869141,NaN,0.8353959858,0.4861247046408,3.7111281804432,4.384744498008,0.67361807952,0.05912358408,1.00825378179498,0.17675944668704,0.0478185300649966,0.970846344915511
0.127584164124498,0.0182844419390952,0.360903951952865,1.422222222,0,-43.3238143920898,NaN,0.333890141736774,0.709336055415484,0.190385813308645,0.587956249068387,0.397569009135484,0.019041113636129,0.247192965313221,0.264862113584031,0.0195698185646744,0.234782381612315
0.194590017833544,0.00940572615985424,0.0321932155775442,1.122222222,NaN,-6.21750116348267,NaN,0.01906318584,0.1190286469368,0.04171157476488,0.232791460776,0.191079869904,0.009702849024,0.035962452349423,0.199681869110311,0.0108052243944127,0.0300876365261392
NaN,NaN,NaN,0.4375,NaN,NaN,NaN,0.0118278444658065,0.077394444219871,-0.00409156708180646,0.166493033349677,0.170584567989677,0.00766270786064516,-0.0146369847754151,0.171626179565058,0.0112599374759772,0.0105299045642423
NaN,NaN,NaN,0.011111111,NaN,83.2802886962891,NaN,0.0226474196051613,0.0423704385313548,-9999,0.140426575037419,-9999,-9999,-9999,0.20607267052311,0.0124762290465966,0.0188980099287628
NaN,NaN,NaN,0.277777778,NaN,82.1226577758789,NaN,0.117892147525714,0.0655806299014286,-9999,0.179084728671429,-9999,-9999,-9999,0.0915927749239321,0.0109558609971509,0.0660039135064717
NaN,NaN,NaN,0.277777778,0.5611111111,74.1700210571289,NaN,0.290606883073548,0.0737055734562581,-9999,0.174955128015484,-9999,-9999,-9999,0.0511824454005244,0.00839698595767751,0.427858987213992
NaN,NaN,NaN,1.044444444,0,91.9624938964844,NaN,0.453644901432,0.0967753951632,-9999,0.226658302416,-9999,-9999,-9999,0.0193888983194449,0.0117693297547745,0.857319403875751
NaN,NaN,NaN,1.166666667,0,82.976806640625,NaN,0.644223045181936,0.153183990936774,-9999,0.430823729566452,-9999,-9999,-9999,-0.224535795785992,0.0230740023940327,1.95229464658166
-1.0830879783187,0.0382626122297088,3.60546373613806,1.661111111,0,NaN,NaN,1.5205470541416,0.9614429776584,1.61989306999529,1.046183804568,-0.519104236,0.0364659255105882,2.75419247842997,-0.480289503060753,0.0410677123112639,2.65967202970158
-1.39552735584188,0.0659740901935643,3.55197390402919,1.6125,0,48.2723159790039,NaN,2.0108892120689,1.09402650536516,2.56857112423742,1.97673498903484,-0.591836111303226,0.0689871007741936,2.80565156356261,-0.538872093246063,0.0691454319056706,2.73830270530427
-1.1266171666972,0.0716846782675036,3.6675379139371,1.838888889,0,9.24807071685791,NaN,1.29885680603613,0.52564087647871,2.59364675909032,2.35904020515871,-0.234606810309677,0.0794989439674839,2.35883353124893,-0.259144837191662,0.0662469971335387,2.41962459961125
-0.155732287960624,0.0400970919416836,1.33192493395446,1.361111111,0,-27.4724941253662,NaN,0.609168481992,0.4542575151672,1.4382807205536,1.772666071992,0.3343865292,0.044838786168,0.994174215767617,0.123668528775306,0.0428461483607245,0.995776846910435
0.220777555476953,0.0256173828947502,0.488183975669525,1.905555556,0,NaN,NaN,0.310900190453419,0.30148806577471,0.262245047987613,0.678700196221935,0.416456451313548,0.0301286825187097,0.363036894232255,0.239462469349805,0.0234197139032629,0.401199645755564
0.15493225167658,0.011775306899975,0.0132410268886642,1.35,NaN,NaN,NaN,0.100138994568,0.21670925454,0.1128510663084,0.295073401392,0.1822223304,0.0131257660248,0.00887889058398334,0.183235805288052,0.0135839351193809,0.0166617529698042
NaN,NaN,NaN,NaN,NaN,102.880737304688,NaN,0.0322709965989677,0.231942905407742,-9999,0.235077334049032,-9999,-9999,-9999,0.203602255405122,0.00827842549725018,0.00338919663765411
NaN,NaN,NaN,0.105555556,NaN,-0.904010236263275,NaN,0.115358190816774,0.183659426261419,-9999,0.148295968002581,-9999,-9999,-9999,0.329871235592597,0.00886589591253734,0.0778624841310834
NaN,NaN,NaN,0.155555556,NaN,82.5260925292969,NaN,0.360786652788414,0.539138484007448,-9999,0.369675289390345,-9999,-9999,-9999,0.099616122524222,0.00828289554768045,0.0324573187513693
NaN,NaN,NaN,0.2,0.6011111111,137.634002685547,NaN,1.03578790596852,0.81383801939071,-9999,0.505518721269677,-9999,-9999,-9999,0.0315787459685439,0.0066357191959121,0.430836094110493
NaN,NaN,NaN,0.95,0,NaN,NaN,1.660417091712,1.3582523178216,-9999,0.795467923632,-9999,-9999,-9999,-0.0432325491143364,0.010222074886667,0.924512617991661
NaN,NaN,NaN,1.15,0,26.316707611084,NaN,2.33777282216516,2.23282106983045,-9999,1.50863978046194,-9999,-9999,-9999,-0.285820853889316,0.0254597755198676,2.80693279187498
-0.903341097745737,NaN,3.17313074061245,1.477777778,0,-20.6365756988525,NaN,1.7473099239,0.8310520400256,2.6999502900768,2.07924609168,-0.62070333768,-9999,2.80786775060593,-0.627236043608824,0.0502912378311269,2.80746289031996
-1.08166826271431,0.0746050893757498,2.87094855818376,1.757142857,0,-18.8847732543945,NaN,1.93269892884387,1.06248048803071,3.54193325305548,3.11844317548645,-0.423492779310968,0.0712624879741936,2.15015125578914,-0.497753106809434,0.0690918289544771,2.12871702650149
-0.449144887926671,0.0615523649883127,1.9490640233167,1.761111111,0,-2.47190451622009,NaN,1.74598024573161,1.3402349936129,1.94425164542787,1.78720277388387,-0.157050013703226,0.0625697296258065,1.59354059401456,-0.153429971090942,0.0614410867401783,1.5702302472911
NaN,NaN,NaN,1.305555556,0,NaN,NaN,0.74478796272,0.4250947866192,-9999,1.526319397368,-9999,-9999,-9999,0.0486623009831557,0.0356197730472853,1.07378905270622
NaN,NaN,NaN,1.144444444,0,NaN,NaN,0.345848557296774,0.202139516708129,-9999,1.10162551810065,-9999,-9999,-9999,0.252839651222059,0.0134626747522305,0.374816359852483
NaN,NaN,NaN,0.3375,NaN,-3.55522608757019,NaN,0.1335769320708,0.1277181163944,-9999,0.807291181872,-9999,-9999,-9999,0.239701897980511,0.0104422012667262,0.0755542851373496
NaN,NaN,NaN,NaN,NaN,23.4459590911865,NaN,0.0688844226999484,0.122876760532645,-9999,0.792906348983226,-9999,-9999,-9999,0.257127332041947,0.00922242040934057,0.0051952802921358
NaN,NaN,NaN,0.316666667,NaN,125.527641296387,NaN,NaN,NaN,NaN,NaN,NaN,NaN,NaN,NaN,NaN,NaN
NaN,NaN,NaN,0.288888889,NaN,NaN,NaN,NaN,NaN,NaN,NaN,NaN,NaN,NaN,NaN,NaN,NaN
NaN,NaN,NaN,0.244444444,0.5272222222,187.46826171875,NaN,NaN,NaN,NaN,NaN,NaN,NaN,NaN,NaN,NaN,NaN
NaN,NaN,NaN,0.972222222,0,159.435668945312,NaN,NaN,NaN,NaN,NaN,NaN,NaN,NaN,NaN,NaN,NaN
NaN,NaN,NaN,1.194444444,0,105.998565673828,NaN,NaN,NaN,NaN,NaN,NaN,NaN,NaN,NaN,NaN,NaN
NaN,NaN,NaN,1.35,0,43.7710037231445,NaN,NaN,NaN,NaN,NaN,NaN,NaN,NaN,NaN,NaN,NaN
NaN,NaN,NaN,1.611111111,0,NaN,NaN,NaN,NaN,NaN,NaN,NaN,NaN,NaN,NaN,NaN,NaN
NaN,NaN,NaN,1.561111111,0,NaN,NaN,NaN,NaN,NaN,NaN,NaN,NaN,NaN,NaN,NaN,NaN
NaN,NaN,NaN,1.205555556,0,NaN,NaN,NaN,NaN,NaN,NaN,NaN,NaN,NaN,NaN,NaN,NaN
NaN,NaN,NaN,0.714285714,NaN,NaN,NaN,NaN,NaN,NaN,NaN,NaN,NaN,NaN,NaN,NaN,NaN
NaN,NaN,NaN,1.344444444,NaN,NaN,NaN,NaN,NaN,NaN,NaN,NaN,NaN,NaN,NaN,NaN,NaN
NaN,NaN,NaN,0.2,NaN,NaN,NaN,NaN,NaN,NaN,NaN,NaN,NaN,NaN,NaN,NaN,NaN
NaN,NaN,NaN,0,NaN,NaN,NaN,NaN,NaN,NaN,NaN,NaN,NaN,NaN,NaN,NaN,NaN
NaN,NaN,NaN,0.2,NaN,NaN,NaN,NaN,NaN,NaN,NaN,NaN,NaN,NaN,NaN,NaN,NaN
NaN,NaN,NaN,0.122222222,0.5672222222,NaN,NaN,NaN,NaN,NaN,NaN,NaN,NaN,NaN,NaN,NaN,NaN
NaN,NaN,NaN,0.383333333,0.6161111111,NaN,NaN,NaN,NaN,NaN,NaN,NaN,NaN,NaN,NaN,NaN,NaN
NaN,NaN,NaN,1.372222222,0,NaN,NaN,NaN,NaN,NaN,NaN,NaN,NaN,NaN,NaN,NaN,NaN
NaN,NaN,NaN,1.428571429,0,45.3119354248047,NaN,NaN,NaN,NaN,NaN,NaN,NaN,NaN,NaN,NaN,NaN
NaN,NaN,NaN,1.383333333,0,-1.7534658908844,NaN,NaN,NaN,NaN,NaN,NaN,NaN,NaN,NaN,NaN,NaN
NaN,NaN,NaN,1.25,0,NaN,NaN,NaN,NaN,NaN,NaN,NaN,NaN,NaN,NaN,NaN,NaN
NaN,NaN,NaN,1.083333333,0,NaN,NaN,NaN,NaN,NaN,NaN,NaN,NaN,NaN,NaN,NaN,NaN
NaN,NaN,NaN,1.194444444,0,25.3735961914062,NaN,NaN,NaN,NaN,NaN,NaN,NaN,NaN,NaN,NaN,NaN
NaN,NaN,NaN,1.127777778,NaN,22.1042213439941,NaN,NaN,NaN,NaN,NaN,NaN,NaN,NaN,NaN,NaN,NaN
NaN,NaN,NaN,0.1,NaN,-8.36641025543213,NaN,NaN,NaN,NaN,NaN,NaN,NaN,NaN,NaN,NaN,NaN
NaN,NaN,NaN,0.088888889,NaN,29.1636829376221,NaN,NaN,NaN,NaN,NaN,NaN,NaN,NaN,NaN,NaN,NaN
NaN,NaN,NaN,0.1,NaN,62.2746658325195,NaN,NaN,NaN,NaN,NaN,NaN,NaN,NaN,NaN,NaN,NaN
NaN,NaN,NaN,0.122222222,0.6311111111,99.6031188964844,NaN,NaN,NaN,NaN,NaN,NaN,NaN,NaN,NaN,NaN,NaN
NaN,NaN,NaN,0.2875,0.4722222222,129.700103759766,NaN,NaN,NaN,NaN,NaN,NaN,NaN,NaN,NaN,NaN,NaN
NaN,NaN,NaN,1.105555556,0,89.7320709228516,NaN,NaN,NaN,NaN,NaN,NaN,NaN,NaN,NaN,NaN,NaN
NaN,NaN,NaN,1.6625,0,37.6085090637207,NaN,NaN,NaN,NaN,NaN,NaN,NaN,NaN,NaN,NaN,NaN
NaN,NaN,NaN,1.7,0,-57.5151062011719,NaN,NaN,NaN,NaN,NaN,NaN,NaN,NaN,NaN,NaN,NaN
NaN,NaN,NaN,1.45,0,-60.2945938110352,NaN,NaN,NaN,NaN,NaN,NaN,NaN,NaN,NaN,NaN,NaN
NaN,NaN,NaN,1.5,0,-59.2420272827148,NaN,NaN,NaN,NaN,NaN,NaN,NaN,NaN,NaN,NaN,NaN
NaN,NaN,NaN,NaN,0,-62.1572418212891,NaN,NaN,NaN,NaN,NaN,NaN,NaN,NaN,NaN,NaN,NaN
NaN,NaN,NaN,NaN,NaN,-14.555549621582,NaN,NaN,NaN,NaN,NaN,NaN,NaN,NaN,NaN,NaN,NaN
NaN,NaN,NaN,0,NaN,62.70263671875,NaN,NaN,NaN,NaN,NaN,NaN,NaN,NaN,NaN,NaN,NaN
