NBE,CH4,ET,LAI,SCF,EWT,ABGB,GPP_DT,ER_DT,GPP_NT,ER_NT,NBE_F,CH4_F,ET_F,NBE_ANN,CH4_ANN,ET_ANN
NaN,NaN,NaN,0.133333333,NaN,75.6747741699219,NaN,NaN,NaN,NaN,NaN,NaN,NaN,NaN,NaN,NaN,NaN
NaN,NaN,NaN,0.09375,NaN,71.2698669433594,NaN,NaN,NaN,NaN,NaN,NaN,NaN,NaN,NaN,NaN,NaN
NaN,NaN,NaN,0.055555556,0.62,126.395866394043,NaN,NaN,NaN,NaN,NaN,NaN,NaN,NaN,NaN,NaN,NaN
NaN,NaN,NaN,1.044444444,0,127.28392791748,NaN,NaN,NaN,NaN,NaN,NaN,NaN,NaN,NaN,NaN,NaN
NaN,NaN,NaN,1.26875,0,31.0805034637451,NaN,NaN,NaN,NaN,NaN,NaN,NaN,NaN,NaN,NaN,NaN
NaN,NaN,NaN,1.738888889,0,-31.1861801147461,NaN,NaN,NaN,NaN,NaN,NaN,NaN,NaN,NaN,NaN,NaN
NaN,NaN,NaN,2.261111111,0,-18.0753746032715,NaN,NaN,NaN,NaN,NaN,NaN,NaN,NaN,NaN,NaN,NaN
NaN,NaN,NaN,1.485714286,0,-28.1373634338379,NaN,NaN,NaN,NaN,NaN,NaN,NaN,NaN,NaN,NaN,NaN
NaN,NaN,NaN,1.255555556,0,-27.3425025939941,NaN,NaN,NaN,NaN,NaN,NaN,NaN,NaN,NaN,NaN,NaN
NaN,NaN,NaN,1.138888889,0,-21.2157783508301,NaN,NaN,NaN,NaN,NaN,NaN,NaN,NaN,NaN,NaN,NaN
NaN,NaN,NaN,0.45,NaN,26.3144588470459,NaN,NaN,NaN,NaN,NaN,NaN,NaN,NaN,NaN,NaN,NaN
NaN,NaN,NaN,NaN,NaN,123.114616394043,NaN,NaN,NaN,NaN,NaN,NaN,NaN,NaN,NaN,NaN,NaN
NaN,NaN,NaN,0.233333333,NaN,94.9452362060547,NaN,NaN,NaN,NaN,NaN,NaN,NaN,NaN,NaN,NaN,NaN
NaN,NaN,NaN,0.055555556,NaN,89.3401641845703,NaN,NaN,NaN,NaN,NaN,NaN,NaN,NaN,NaN,NaN,NaN
NaN,NaN,NaN,0.077777778,0.7355555556,116.427528381348,NaN,NaN,NaN,NaN,NaN,NaN,NaN,NaN,NaN,NaN,NaN
NaN,NaN,NaN,0.827777778,0,135.028213500977,NaN,NaN,NaN,NaN,NaN,NaN,NaN,NaN,NaN,NaN,NaN
NaN,NaN,NaN,1.205555556,0,47.3513717651367,NaN,NaN,NaN,NaN,NaN,NaN,NaN,NaN,NaN,NaN,NaN
NaN,NaN,NaN,1.394444444,0,-33.2079429626465,NaN,NaN,NaN,NaN,NaN,NaN,NaN,NaN,NaN,NaN,NaN
NaN,NaN,NaN,2.066666667,0,-59.6893348693848,NaN,NaN,NaN,NaN,NaN,NaN,NaN,NaN,NaN,NaN,NaN
NaN,NaN,NaN,1.85,0,-33.2193794250488,NaN,NaN,NaN,NaN,NaN,NaN,NaN,NaN,NaN,NaN,NaN
NaN,NaN,NaN,1.45,0,3.33389854431152,NaN,NaN,NaN,NaN,NaN,NaN,NaN,NaN,NaN,NaN,NaN
NaN,NaN,NaN,1.025,0,-14.851863861084,NaN,NaN,NaN,NaN,NaN,NaN,NaN,NaN,NaN,NaN,NaN
NaN,NaN,NaN,0.555555556,NaN,-26.3481025695801,NaN,NaN,NaN,NaN,NaN,NaN,NaN,NaN,NaN,NaN,NaN
NaN,NaN,NaN,0.385714286,NaN,7.48421478271484,NaN,NaN,NaN,NaN,NaN,NaN,NaN,NaN,NaN,NaN,NaN
NaN,NaN,NaN,0,NaN,20.8519020080566,NaN,NaN,NaN,NaN,NaN,NaN,NaN,NaN,NaN,NaN,NaN
NaN,NaN,NaN,0.022222222,NaN,53.1328430175781,NaN,NaN,NaN,NaN,NaN,NaN,NaN,NaN,NaN,NaN,NaN
NaN,NaN,NaN,0.094444444,0.65,45.5152893066406,NaN,NaN,NaN,NaN,NaN,NaN,NaN,NaN,NaN,NaN,NaN
NaN,NaN,NaN,1.033333333,0,59.6457252502441,NaN,NaN,NaN,NaN,NaN,NaN,NaN,NaN,NaN,NaN,NaN
NaN,NaN,NaN,1.194444444,0,63.5396766662598,NaN,NaN,NaN,NaN,NaN,NaN,NaN,NaN,NaN,NaN,NaN
NaN,NaN,NaN,1.777777778,0,-21.0636043548584,NaN,NaN,NaN,NaN,NaN,NaN,NaN,NaN,NaN,NaN,NaN
NaN,NaN,NaN,1.8125,0,-28.2483787536621,NaN,NaN,NaN,NaN,NaN,NaN,NaN,NaN,NaN,NaN,NaN
NaN,NaN,NaN,1.525,0,-84.316520690918,NaN,NaN,NaN,NaN,NaN,NaN,NaN,NaN,NaN,NaN,NaN
NaN,NaN,NaN,1.433333333,0,-107.682685852051,NaN,NaN,NaN,NaN,NaN,NaN,NaN,NaN,NaN,NaN,NaN
NaN,NaN,NaN,1.19375,0,-100.158340454102,NaN,NaN,NaN,NaN,NaN,NaN,NaN,NaN,NaN,NaN,NaN
NaN,NaN,NaN,0.16,NaN,-100.300827026367,NaN,NaN,NaN,NaN,NaN,NaN,NaN,NaN,NaN,NaN,NaN
NaN,NaN,NaN,0.2,NaN,-38.9590377807617,NaN,NaN,NaN,NaN,NaN,NaN,NaN,NaN,NaN,NaN,NaN
NaN,NaN,NaN,0.05,NaN,NaN,NaN,NaN,NaN,NaN,NaN,NaN,NaN,NaN,NaN,NaN,NaN
NaN,NaN,NaN,0.083333333,NaN,64.8151245117188,NaN,NaN,NaN,NaN,NaN,NaN,NaN,NaN,NaN,NaN,NaN
NaN,NaN,NaN,0.0875,0.6744444444,10.8129501342773,NaN,NaN,NaN,NaN,NaN,NaN,NaN,NaN,NaN,NaN,NaN
NaN,NaN,NaN,0.838888889,0,81.7040939331055,NaN,NaN,NaN,NaN,NaN,NaN,NaN,NaN,NaN,NaN,NaN
NaN,NaN,NaN,1.24375,0,22.409481048584,NaN,NaN,NaN,NaN,NaN,NaN,NaN,NaN,NaN,NaN,NaN
NaN,NaN,NaN,1.766666667,0,NaN,NaN,NaN,NaN,NaN,NaN,NaN,NaN,NaN,NaN,NaN,NaN
NaN,NaN,NaN,1.725,0,-41.0595893859863,NaN,NaN,NaN,NaN,NaN,NaN,NaN,NaN,NaN,NaN,NaN
NaN,NaN,NaN,1.4,0,-42.7620735168457,NaN,NaN,NaN,NaN,NaN,NaN,NaN,NaN,NaN,NaN,NaN
NaN,NaN,NaN,NaN,0,2.85344099998474,NaN,NaN,NaN,NaN,NaN,NaN,NaN,NaN,NaN,NaN,NaN
NaN,NaN,NaN,1.255555556,0,23.9913902282715,NaN,NaN,NaN,NaN,NaN,NaN,NaN,NaN,NaN,NaN,NaN
NaN,NaN,NaN,0.844444444,NaN,22.4370956420898,NaN,NaN,NaN,NaN,NaN,NaN,NaN,NaN,NaN,NaN,NaN
NaN,NaN,NaN,0.616666667,NaN,119.246719360352,NaN,NaN,NaN,NaN,NaN,NaN,NaN,NaN,NaN,NaN,NaN
NaN,NaN,NaN,0.01,NaN,140.104217529297,NaN,NaN,NaN,NaN,NaN,NaN,NaN,NaN,NaN,NaN,NaN
NaN,NaN,NaN,0.083333333,NaN,145.917053222656,NaN,NaN,NaN,NaN,NaN,NaN,NaN,NaN,NaN,NaN,NaN
NaN,NaN,NaN,0.088888889,0.7227777778,187.052383422852,NaN,NaN,NaN,NaN,NaN,NaN,NaN,NaN,NaN,NaN,NaN
NaN,NaN,NaN,0.1,0.6272222222,184.958572387695,NaN,NaN,NaN,NaN,NaN,NaN,NaN,NaN,NaN,NaN,NaN
NaN,NaN,NaN,1.355555556,0,NaN,NaN,NaN,NaN,NaN,NaN,NaN,NaN,NaN,NaN,NaN,NaN
NaN,NaN,NaN,1.577777778,0,100.420288085938,NaN,NaN,NaN,NaN,NaN,NaN,NaN,NaN,NaN,NaN,NaN
NaN,NaN,NaN,2.25,0,49.0187492370605,NaN,NaN,NaN,NaN,NaN,NaN,NaN,NaN,NaN,NaN,NaN
NaN,NaN,NaN,2.438888889,0,52.9969024658203,NaN,NaN,NaN,NaN,NaN,NaN,NaN,NaN,NaN,NaN,NaN
NaN,NaN,NaN,1.9,0,23.5148735046387,NaN,NaN,NaN,NaN,NaN,NaN,NaN,NaN,NaN,NaN,NaN
NaN,NaN,NaN,2.13125,NaN,NaN,NaN,NaN,NaN,NaN,NaN,NaN,NaN,NaN,NaN,NaN,NaN
NaN,NaN,NaN,1.066666667,NaN,86.0372848510742,NaN,NaN,NaN,NaN,NaN,NaN,NaN,NaN,NaN,NaN,NaN
NaN,NaN,NaN,NaN,NaN,80.1859741210938,NaN,NaN,NaN,NaN,NaN,NaN,NaN,NaN,NaN,NaN,NaN
0.191059327008574,0.00614233680472825,NaN,0.083333333,NaN,93.19482421875,NaN,0.0721467445342484,0.641552494034866,0.00823802647744884,0.209161498364475,0.200923691388881,0.00632740825729581,-0.0219269427848366,0.2116659524039,0.00696949563438961,-0.0262124221868194
0.220967255220297,0.00818853595659201,NaN,0.05,NaN,100.383842468262,NaN,0.0636762800571428,0.491533285885714,0.00799005182618572,0.229712116628571,0.221722125428571,0.00781732589142857,-0.00527373616998997,0.220299557683303,0.00794068386953653,-0.0092881882236645
0.160143303932415,0.00764971840601,0.189280294328569,0.127777778,0.6233333333,NaN,NaN,0.0501022381935484,0.125131339463226,-0.0137940036222194,0.136518984534194,0.150313006451613,0.00693681955664516,0.127098672724661,0.185113483613478,0.00831747488777485,0.113979559864334
0.175170267388207,0.0134008866568258,0.730802309558182,0.966666667,0.6922222222,70.4966278076172,NaN,0.1096086780504,0.159918163056,0.19755304365024,0.395548241256,0.197995368528,0.013542539616,0.654496973866354,0.1945298544277,0.0141573075257132,0.647028204101083
-0.947617278716538,0.0293537137994293,3.46359647621661,1.388888889,0,79.0861282348633,NaN,1.18350895573161,0.187076467532903,1.79074618328671,1.29777865116387,-0.492966894100645,0.0283245565935484,2.89879811881787,-0.503869022721776,0.0300109416757612,2.879376985199
-2.19578844784083,0.0829133030857498,3.17060032040742,1.533333333,0,23.5610675811768,NaN,3.36173848272,1.6519414248,4.162416249312,2.781370400112,-1.38104679456,0.080859277224,2.57643603057352,-1.4522936957059,0.0817288602144269,2.62113904428771
-1.92384131280748,0.114811692030406,3.15434938575743,2.35,0,-26.4602680206299,NaN,3.42701013762581,2.08561782890323,3.67962750337935,2.49533355860129,-1.18429462674581,0.114055720745806,2.51043166445306,-1.18771370757965,0.115571811214065,2.51183919825583
-1.22201096426778,0.0990049378489031,2.57775101628321,2.10625,0,NaN,NaN,2.39981657109677,1.90375355612903,2.60133729900387,2.42464111253419,-0.176696988548052,0.0984147419845161,1.79933564372316,-0.333136394841545,0.098175622863939,1.82930507989279
-0.328364171002576,0.0602565565415986,1.34880696882961,1.483333333,0,NaN,NaN,0.9670281048,0.68414276376,1.255298119776,1.592220478248,0.33692332392,0.056477423232,0.803540615002837,0.239324736957192,0.0611029190976591,0.827274342189373
0.246689901029391,0.0288452901112912,0.371872760814305,1.261111111,0,-53.1146430969238,NaN,0.283530445618065,0.314433831019355,0.335277510001548,0.652409274541935,0.317132180709677,0.0283976340619355,0.278673448056433,0.290242548646526,0.0294366643554827,0.287471728895714
0.342152283019056,0.0131008524204136,0.094808154088366,1.288888889,NaN,17.3271255493164,NaN,0.04619410884,0.29217515112,0.06824472470928,0.406622316888,0.338377760064,0.013173538032,0.0926388339143509,0.332959284579592,0.0131300914518933,0.088917671848595
0.290445248915883,0.0101145782727914,NaN,0.133333333,NaN,74.3847961425781,NaN,0.00640463401858065,0.336912068903226,-0.0238884112607226,0.280534926402581,0.304423369548387,0.0106948485522581,-0.0971916123359797,0.291626563298534,0.00998284405726189,-0.0922894164358023
0.2192441907822,0.00679681236335368,0.0222430802656908,0.144444444,NaN,107.380767822266,NaN,0.00328662637316129,0.252430726529032,-0.0151658338789161,0.194156072593548,0.209321953850323,0.00709887525677419,0.0385870809718078,0.239028225648899,0.00774191336185387,0.0216431042585322
NaN,NaN,NaN,NaN,NaN,NaN,NaN,0.00970414523742857,0.26848584,0.0939138359045143,0.247014061225714,0.153100768294286,0.00883980968142857,0.056435109111972,0.234556843503686,0.00832747742460614,0.020991418981026
0.0942830892745158,0.0127689457504505,0.773898330178659,1,0,114.684761047363,NaN,0.0749206111935484,0.194287617290323,0.0989499734952852,0.257243635114839,0.158293521034839,0.0125281789058323,0.623183787854959,0.200516765807651,0.0101430896049507,0.535966641075623
-0.0238313973698892,0.0136296548853307,2.45840245973327,1.033333333,0,55.0193481445312,NaN,0.412550994528,0.39811513536,0.25872216757632,0.38150150256,0.122779349208,0.013545260856,1.75306870183975,0.160270079766658,0.0134399242826648,1.69400064021212
-0.704132507967852,0.0335570853734297,3.46555034992404,1.3,0,18.5199718475342,NaN,0.939148511016774,0.568594238167742,1.36713418816181,1.08459197403097,-0.282542713432258,0.0263076885887226,2.47021979471655,-0.0689079298679392,0.0269515813229903,2.34798726935629
-1.76489972170881,0.057261991251864,3.13291538442307,1.738888889,0,2.01595973968506,NaN,1.8470603772,0.38611509408,2.5410790177704,1.558664451576,-0.982414252584,0.060714922392,2.41103837674222,-0.909283353925459,0.0600997855130426,2.32051534545429
NaN,0.101884797997242,NaN,1.983333333,0,NaN,NaN,2.5964490816,1.14598363540645,-9999,2.22986557834839,-9999,0.100205390136774,-9999,-1.4454249512882,0.10426794934087,3.29140607747653
NaN,NaN,NaN,1.98,0,-53.8101501464844,NaN,1.99367914436129,1.11760608077419,-9999,2.01987926382194,-9999,0.102014280917419,-9999,-0.338307722794133,0.101567250909789,1.85586358019891
-0.672176266579118,0.055184611593262,1.75630170839694,1.55625,0,-77.9485015869141,NaN,1.120185342,0.5628405384,1.15145159395745,1.46305349424,0.176888242505455,0.063544544712,1.00808522580204,0.132779781090491,0.0644765400616204,1.03929190784459
0.205572175313093,0.0200445957584793,0.391701659526445,1.377777778,0,-43.3238143920898,NaN,0.313080050252903,0.568934804670968,0.353787191417032,0.713689975811613,0.359903430116129,0.018982502610271,0.293191467469487,0.344778678273447,0.0236680181880177,0.294922750609586
0.177465549063286,NaN,0.0982477041448404,0.911111111,NaN,-6.21750116348267,NaN,0.048148674912,0.8769129192,0.03070275030216,0.235980864,0.2052782458128,-9999,0.108234380910538,0.318722799527268,0.010408444434062,0.0338595323666017
0.259078701612518,NaN,NaN,0.511111111,NaN,NaN,NaN,0.0267190805032258,0.706200412645161,-0.00430445797418323,0.239384595623226,0.243688959034839,-9999,-0.0222732653414733,0.263789590143817,0.0100498638233655,-0.0506821767615147
0.329236991901964,NaN,0.0434921597395942,0.028571429,NaN,83.2802886962891,NaN,0.0254281847225806,0.465924688258064,-0.0389221389592258,0.279647892789677,0.318570212903226,-9999,0.0272950989617604,0.277712136019921,0.00948566026715713,0.0217260515367939
0.267711497736836,NaN,0.00835534324642071,0.166666667,NaN,82.1226577758789,NaN,0.0380436895028571,0.3729570102,0.00209797795370571,0.275863562228571,0.273765652971429,-9999,-0.00388591862011672,0.260879200087066,0.00936244264584424,0.00792686079099259
0.326052877498724,NaN,0.538397367295872,0.216666667,0.6094444444,74.1700210571289,NaN,0.411471203922581,0.999515048516129,0.0157311310749677,0.340544757809032,0.32481381915871,-9999,0.42608465070043,0.300692779733109,0.00994908550308427,0.375324899009192
-0.143379925014345,NaN,1.62599714160036,1.05,0,91.9624938964844,NaN,0.662685771024,0.694058436,0.4120004128104,0.446913325728,0.0349121349,0.0154581845597802,1.44904511986329,0.161267533593549,0.0135343882330524,1.42441318202215
-0.552556585430499,NaN,2.1832583510142,1.227777778,0,82.976806640625,NaN,1.02707421419613,0.614895771716129,0.867502482726193,0.717373592291613,-0.150128980722581,0.0394370575896774,1.44103769268247,-0.000780098773079098,0.0280731796147911,1.44418275698103
-1.54539392018903,NaN,3.63837215432076,1.644444444,0,NaN,NaN,2.04192603648,0.68540584536,2.6803278137304,1.585254861936,-1.095072346728,0.058484711448,3.16013083719072,-1.0779023506327,0.0535841970696477,3.15728019573749
-2.48776021590307,0.0810522555290848,3.4658007122479,2.235714286,0,48.2723159790039,NaN,2.82293908467097,1.08817224851613,3.18785857907226,1.78074100337806,-1.40711645280774,0.0830983292129032,2.7169542782436,-1.346559217583,0.101292159654845,2.67363712341541
-1.89563632935615,0.10898079634462,3.61081596130226,2.161111111,0,9.24807071685791,NaN,2.26939787131355,0.839097034606452,2.82352982312671,1.95495131454968,-0.868390992232258,0.0946406841747097,2.41817376423377,-0.666284628021927,0.113629247913066,2.365862468119
NaN,NaN,NaN,1.638888889,0,-27.4724941253662,NaN,1.665297327312,1.8540762912,-9999,1.424801742408,-9999,-9999,-9999,0.210354627161652,0.0719731105443058,0.808435429787353
NaN,NaN,NaN,1.933333333,0,NaN,NaN,0.96913843875871,0.907933389677419,-9999,0.994098767411613,-9999,-9999,-9999,0.287633832555067,0.0340640526057732,0.236533610231217
NaN,NaN,NaN,0.9875,NaN,NaN,NaN,0.20662408813536,0.7169683536,-9999,0.78915181032,-9999,-9999,-9999,0.350901917530556,0.0164288714498638,-0.0394089748649427
NaN,NaN,NaN,0.2,NaN,102.880737304688,NaN,0.077607461852129,0.483185839819355,-9999,0.564311425563871,-9999,-9999,-9999,0.294318930440078,0.0139817268271343,-0.04801399397496
NaN,NaN,NaN,0.105555556,NaN,-0.904010236263275,NaN,0.106248959642323,0.105994911022839,-9999,0.207590629122581,-9999,-9999,-9999,0.22554194516282,0.0142236071468071,-0.0430351815527659
NaN,NaN,NaN,0.1375,NaN,82.5260925292969,NaN,0.175520620588966,0.246935347423448,-9999,0.228683183561379,-9999,-9999,-9999,0.225251587234302,0.0123705147966514,-0.0351199093619868
0.311415086800247,0.00934435455208621,0.116539022557523,0.222222222,0.6094444444,137.634002685547,NaN,0.249782402101262,0.290694829842581,0.0868908576030968,0.399645139889032,0.312754090296774,0.009899743359744,0.104068676633879,0.286173551447874,0.0115319097431428,0.108979005374016
0.620148634463792,0.0200246268012827,0.978673699491838,1.111111111,0,NaN,NaN,0.5564555904744,1.1164962456,0.51056570814264,1.217310952032,0.70674496742808,0.020996794728,0.823714815832526,0.538060024268821,0.0196826703224133,0.820822529620143
0.232164753040411,0.0481362027594552,3.52189402834736,1.383333333,0,26.316707611084,NaN,1.2316105092751,1.51948088686452,1.50818625548361,2.00674915128,0.498563866451613,0.0470906647432258,2.76829606447126,0.397740847502868,0.0442529945505154,2.76140284062193
-0.977863867858162,0.0619800698941635,3.34581767912077,1.861111111,0,-20.6365756988525,NaN,2.6088006280104,2.02016341368,3.07108862748,2.482796576088,-0.5882925348,0.0700262136,2.71151996841973,-0.516008065799052,0.0748414201224469,2.7045546271022
-1.56486958764395,0.113819006523405,2.78785821678213,2.166666667,0,-18.8847732543945,NaN,3.41295042289471,2.47636903842581,3.43630601201032,2.72498855845935,-0.711316009625806,0.114693670683871,2.25718260809159,-0.768356968138949,0.122232240371323,2.26154402632102
-1.0709208953156,0.122062019285176,2.71693703022893,1.8,0,-2.47190451622009,NaN,2.97993776504748,2.51716181109677,3.09678509261264,2.83625438279226,-0.260526772335484,0.122896878270968,1.96808275187589,-0.308296516150399,0.123249508579595,1.95625785417756
-0.446201120801758,0.0792760684097817,1.19481274221912,1.7,0,NaN,NaN,1.3704860445552,1.318879404,1.44314777196,1.369588083984,-0.0735594758639999,0.08884225656,0.814078013561148,0.174559068533911,0.0814505697596843,0.790833811796933
0.278908270128252,0.0347131397173098,0.282341996509772,1.311111111,0,NaN,NaN,0.372405464934503,0.590178202606452,0.397314920378323,0.849540313950968,0.45222544268129,0.0356372498322581,0.231409246719095,0.410796278954584,0.0372534392006446,0.210018155003073
0.453181920189081,0.0169385851773016,NaN,0.366666667,NaN,-3.55522608757019,NaN,0.14208998355576,0.5584505256,0.02689531072056,0.477420248448,0.45052510248,0.017524017288,-0.0201474182659552,0.430035647016205,0.0176591404200896,-0.0195964370716453
0.197759725121512,0.00997306677936892,NaN,NaN,NaN,23.4459590911865,NaN,0.0486412249914581,0.320476287483871,0.016461352187071,0.204093035674839,0.18763164216,0.0109398650167742,-0.0201940679149909,0.251625431771556,0.010714655383074,-0.0386873127643975
0.138634220413473,0.00932866910956005,NaN,0.25,NaN,125.527641296387,NaN,0.0222431776258065,0.130938075023226,-0.0214769392341677,0.118127743757419,0.139604692180645,0.00936694207741936,-0.0296108825843372,0.160635925371802,0.00933240800071245,-0.03526338084452
0.10538543650832,0.0077660340785436,NaN,0.216666667,NaN,NaN,NaN,0.0199063642353429,0.0843756226122857,0.0043824596616,0.101732320671429,0.0973499150314286,0.00805017034285714,-0.0172469393241693,0.128889696406247,0.00802922242717543,-0.0276093046482176
0.0886543872677244,0.00798098963573727,0.185736953475503,0.238888889,0.525,187.46826171875,NaN,0.0573259690681548,0.109067351109677,0.0532646607497806,0.143125752077419,0.0898610946735484,0.00797773598709678,0.163741900435512,0.114681577854111,0.0081462873870242,0.150794341143756
0.112945109616178,0.0120132958748993,0.651773127983217,1.122222222,0,159.435668945312,NaN,0.25545636019224,0.3337897032,0.25152885639792,0.370793985336,0.11926509696,0.012624004008,0.532692800660572,0.159107502083229,0.0117399066723339,0.551704462144983
-0.198642107259411,0.0191681717020518,2.79647321480511,1.338888889,0,105.998565673828,NaN,0.895946705542452,0.802803653419355,0.974554069361806,1.01534517596903,0.0407913453987097,0.0180016982941935,2.18411709270402,0.0247424497609677,0.0197554503016673,2.23937917020432
-1.07228435656279,0.0416772642337859,2.7880444658942,1.5375,0,43.7710037231445,NaN,1.9736958086064,1.06081089408,2.285689239144,1.484649891648,-0.801039643344,0.040245188544,2.34300832352117,-0.733289888566772,0.0429213030599134,2.33567345041709
-1.81641855367446,0.0658736449792362,2.46250461347554,1.944444444,0,NaN,NaN,3.09402562209213,1.89689184929032,3.09308972885419,2.11306319568,-0.980025912836129,0.0695483781677419,1.91918555684793,-0.972032585145048,0.0658929622115984,1.90981397255339
-1.01911315575331,0.0502077342270954,1.5657561630161,1.861111111,0,NaN,NaN,2.69036852732129,1.97776372645161,2.63489544971303,2.14388239786839,-0.491012029788387,0.0518998345083871,1.26859768537026,-0.493464501618612,0.0528740022033869,1.2644241531956
-0.287871220700523,0.0199890499033804,0.759162517713167,1.355555556,0,NaN,NaN,1.3493116791072,1.29897875304,1.30849347564,1.509911627256,0.20141604288,0.019459830564,0.491737959969179,0.196871093468823,0.0243426518931697,0.474840534906502
0.31589555481184,0.0252087047674966,0.0992768030575183,0.771428571,NaN,NaN,NaN,0.350945634026323,0.644216746064516,0.278235411647226,0.64505811428129,0.366823240745806,0.0243065468903226,0.0723383121845037,0.377780318952551,0.0221083543921,0.0789257808830929
0.301620204667435,0.00873641415237675,NaN,1.233333333,NaN,NaN,NaN,0.1181824619976,0.44215765848,0.0557625232008,0.357476476968,0.30171383064,0.009300982104,-0.00786680065527299,0.302711388895669,0.00998436869432331,-0.0135333045844773
0.294650425974289,0.00669424509949344,0.00379313351977322,NaN,NaN,NaN,NaN,0.0207183456878168,0.291482062606452,0.0102332089974194,0.307710382018064,0.297477206709677,0.00672626083354839,0.00743556792692006,0.28364852055604,0.00681826348895428,-0.0123145415668819
0.264679834973282,0.00475481176901655,NaN,0.05,NaN,NaN,NaN,0.0141454147120258,0.320232400490323,-0.0237045141535587,0.262239709889032,0.285943970322581,0.00517483505032258,-0.0350018364319044,0.230380162373884,0.0058371386907789,-0.0429081189420605
0.180375550452135,0.00285627992052892,NaN,0.188888889,NaN,NaN,NaN,0.0219055084475143,0.222796555174286,-0.0549505360414286,0.175891545822857,0.230841323742857,0.00388982636254286,-0.0350976590783662,0.179724145574819,0.00559404236734395,-0.0528653446888422
0.158031829347006,0.00557283647716907,0.0806100124440133,0.116666667,0.5811111111,NaN,NaN,0.0669739359459019,0.159003294735484,-0.0399292273913806,0.130926161612903,0.170855515045161,0.0060681207483871,0.0251167297938327,0.173000881802639,0.00676106113210837,0.0385743595418071
0.198923981236889,0.0110253484767689,0.804677171068789,0.6,0.6233333333,NaN,NaN,0.3117417556176,0.43915132872,0.26834453333352,0.538835758848,0.270491005008,0.01113092532,0.764036476653692,0.284657902391247,0.011648809104711,0.690812873092311
-0.760638512605278,0.0349405764865976,4.57007794195885,1.477777778,0,NaN,NaN,1.38711360303174,0.840575629858064,1.65241351040981,1.45585755654968,-0.196556123845161,0.034243578603871,3.37178834055935,-0.28482588094616,0.0349540557804294,3.32773003032892
-1.44155461605757,0.0577879390459018,3.79056308575957,1.461111111,0,45.3119354248047,NaN,2.378097811368,1.3947860304,2.408349899304,1.586927825784,-0.821421162,0.05646913632,3.03269856842282,-0.840649651024882,0.0574269098158299,2.99567853263493
-1.20924801109981,0.0648037093215605,4.46807419173333,1.544444444,0,-1.7534658908844,NaN,2.37005698616245,1.80436388748387,3.01924862345474,2.49077516755355,-0.528474071554839,0.0566749077677419,2.84045403715972,-0.206935521092972,0.0640685561977095,2.85754511027791
-0.263572555221962,0.0550527295410676,3.08029223155688,1.171428571,0,NaN,NaN,1.62339081892723,1.73931304877419,2.08419081859045,2.50705119941419,0.42286014116129,0.0458113977058065,1.94506838969143,0.275129246702641,0.0504464173454235,1.88458095984635
0.177366995166422,0.026447053337132,1.19025786874225,1.361111111,0,NaN,NaN,1.131457976136,1.5185923776,1.1318540783112,1.715011217568,0.58315631472,0.024991153416,0.78334773429652,0.516126876263781,0.0264590916116216,0.774264395598879
0.331745285867207,0.0184865958353136,0.34162222853709,1.2,0,25.3735961914062,NaN,0.304985384636981,0.580552585548387,0.236919473964627,0.697119541873548,0.46020020156129,0.0142817546554839,0.185860873637961,0.419544331654881,0.0186861899205913,0.200166641423922
0.373910828463161,0.0109802093269265,0.0245034087727984,1.166666667,NaN,22.1042213439941,NaN,0.07262883085824,0.3634797312,0.0584588431584,0.435830448744,0.37737144,0.009734263272,-0.00791202290965048,0.369459149614403,0.0140130396755519,-0.000337247662604605
-0.397510975420706,NaN,NaN,0.125,NaN,-8.36641025543213,NaN,0.0286751858922581,0.470414290064516,-0.0972486973184516,0.25533351332129,0.35258145939871,0.0160604375922581,-0.0474887247110658,0.289975925223467,0.0133241980490185,-0.0355864550078835
NaN,NaN,NaN,0.05,NaN,29.1636829376221,NaN,NaN,NaN,NaN,NaN,NaN,NaN,NaN,NaN,NaN,NaN
NaN,NaN,NaN,0.061111111,NaN,62.2746658325195,NaN,NaN,NaN,NaN,NaN,NaN,NaN,NaN,NaN,NaN,NaN
NaN,NaN,NaN,0.1,0.66,99.6031188964844,NaN,NaN,NaN,NaN,NaN,NaN,NaN,NaN,NaN,NaN,NaN
NaN,NaN,NaN,0.225,0.4422222222,129.700103759766,NaN,NaN,NaN,NaN,NaN,NaN,NaN,NaN,NaN,NaN,NaN
NaN,NaN,NaN,1.222222222,0,89.7320709228516,NaN,NaN,NaN,NaN,NaN,NaN,NaN,NaN,NaN,NaN,NaN
NaN,NaN,NaN,1.822222222,0,37.6085090637207,NaN,NaN,NaN,NaN,NaN,NaN,NaN,NaN,NaN,NaN,NaN
NaN,NaN,NaN,2.033333333,0,-57.5151062011719,NaN,NaN,NaN,NaN,NaN,NaN,NaN,NaN,NaN,NaN,NaN
NaN,NaN,NaN,1.66875,0,-60.2945938110352,NaN,NaN,NaN,NaN,NaN,NaN,NaN,NaN,NaN,NaN,NaN
NaN,NaN,NaN,1.611111111,0,-59.2420272827148,NaN,NaN,NaN,NaN,NaN,NaN,NaN,NaN,NaN,NaN,NaN
NaN,NaN,NaN,NaN,0.00722222222,-62.1572418212891,NaN,NaN,NaN,NaN,NaN,NaN,NaN,NaN,NaN,NaN,NaN
NaN,NaN,NaN,NaN,NaN,-14.555549621582,NaN,NaN,NaN,NaN,NaN,NaN,NaN,NaN,NaN,NaN,NaN
NaN,NaN,NaN,0.075,NaN,62.70263671875,NaN,NaN,NaN,NaN,NaN,NaN,NaN,NaN,NaN,NaN,NaN
NaN,NaN,NaN,0.227777778,NaN,142.589752197266,NaN,NaN,NaN,NaN,NaN,NaN,NaN,NaN,NaN,NaN,NaN
NaN,NaN,NaN,0.6125,NaN,200.012268066406,NaN,NaN,NaN,NaN,NaN,NaN,NaN,NaN,NaN,NaN,NaN
NaN,NaN,NaN,0.916666667,0,251.443908691406,NaN,NaN,NaN,NaN,NaN,NaN,NaN,NaN,NaN,NaN,NaN
NaN,NaN,NaN,1.238888889,0,180.141967773438,NaN,NaN,NaN,NaN,NaN,NaN,NaN,NaN,NaN,NaN,NaN
NaN,NaN,NaN,1.411111111,0,159.939971923828,NaN,NaN,NaN,NaN,NaN,NaN,NaN,NaN,NaN,NaN,NaN
NaN,NaN,NaN,1.905555556,0,59.3359603881836,NaN,NaN,NaN,NaN,NaN,NaN,NaN,NaN,NaN,NaN,NaN
NaN,NaN,NaN,2.675,0,61.1496353149414,NaN,NaN,NaN,NaN,NaN,NaN,NaN,NaN,NaN,NaN,NaN
NaN,NaN,NaN,2.41875,0,60.024284362793,NaN,NaN,NaN,NaN,NaN,NaN,NaN,NaN,NaN,NaN,NaN
NaN,NaN,NaN,1.55,0,58.1975898742676,NaN,NaN,NaN,NaN,NaN,NaN,NaN,NaN,NaN,NaN,NaN
NaN,NaN,NaN,NaN,0,75.3968811035156,NaN,NaN,NaN,NaN,NaN,NaN,NaN,NaN,NaN,NaN,NaN
NaN,NaN,NaN,1.305555556,NaN,145.881103515625,NaN,NaN,NaN,NaN,NaN,NaN,NaN,NaN,NaN,NaN,NaN
NaN,NaN,NaN,0.1,NaN,149.735076904297,NaN,NaN,NaN,NaN,NaN,NaN,NaN,NaN,NaN,NaN,NaN
NaN,NaN,NaN,NaN,NaN,181.950820922852,NaN,NaN,NaN,NaN,NaN,NaN,NaN,NaN,NaN,NaN,NaN
NaN,NaN,NaN,0.122222222,NaN,182.804718017578,NaN,NaN,NaN,NaN,NaN,NaN,NaN,NaN,NaN,NaN,NaN
NaN,NaN,NaN,0.116666667,0.6044444444,225.416198730469,NaN,NaN,NaN,NaN,NaN,NaN,NaN,NaN,NaN,NaN,NaN
NaN,NaN,NaN,0.9875,0,NaN,NaN,NaN,NaN,NaN,NaN,NaN,NaN,NaN,NaN,NaN,NaN
NaN,NaN,NaN,1.633333333,0,NaN,NaN,NaN,NaN,NaN,NaN,NaN,NaN,NaN,NaN,NaN,NaN
NaN,NaN,NaN,2.716666667,0,NaN,NaN,NaN,NaN,NaN,NaN,NaN,NaN,NaN,NaN,NaN,NaN
NaN,NaN,NaN,2.9,0,NaN,NaN,NaN,NaN,NaN,NaN,NaN,NaN,NaN,NaN,NaN,NaN
NaN,NaN,NaN,1.9,0,NaN,NaN,NaN,NaN,NaN,NaN,NaN,NaN,NaN,NaN,NaN,NaN
NaN,NaN,NaN,1.675,0,NaN,NaN,NaN,NaN,NaN,NaN,NaN,NaN,NaN,NaN,NaN,NaN
NaN,NaN,NaN,1.844444444,0,NaN,NaN,NaN,NaN,NaN,NaN,NaN,NaN,NaN,NaN,NaN,NaN
NaN,NaN,NaN,0.2,NaN,NaN,NaN,NaN,NaN,NaN,NaN,NaN,NaN,NaN,NaN,NaN,NaN
NaN,NaN,NaN,0.14,NaN,NaN,NaN,NaN,NaN,NaN,NaN,NaN,NaN,NaN,NaN,NaN,NaN
