NBE,CH4,ET,LAI,SCF,EWT,ABGB,GPP_DT,ER_DT,GPP_NT,ER_NT,NBE_F,CH4_F,ET_F,NBE_ANN,CH4_ANN,ET_ANN
NaN,NaN,NaN,0.62,0,27.0053462982178,NaN,NaN,NaN,NaN,NaN,NaN,NaN,NaN,NaN,NaN,NaN
NaN,NaN,NaN,0.727777778,0,4.76862621307373,NaN,NaN,NaN,NaN,NaN,NaN,NaN,NaN,NaN,NaN,NaN
NaN,NaN,NaN,0.788888889,0,-17.9438457489014,NaN,NaN,NaN,NaN,NaN,NaN,NaN,NaN,NaN,NaN,NaN
NaN,NaN,NaN,1.025,0,-44.7119674682617,NaN,NaN,NaN,NaN,NaN,NaN,NaN,NaN,NaN,NaN,NaN
NaN,NaN,NaN,3.10625,0,NaN,NaN,NaN,NaN,NaN,NaN,NaN,NaN,NaN,NaN,NaN,NaN
NaN,NaN,NaN,3.616666667,0,-9.29437160491943,NaN,NaN,NaN,NaN,NaN,NaN,NaN,NaN,NaN,NaN,NaN
NaN,NaN,NaN,3.761111111,0,-25.9774475097656,NaN,NaN,NaN,NaN,NaN,NaN,NaN,NaN,NaN,NaN,NaN
NaN,NaN,NaN,4.211111111,0,-94.422721862793,NaN,NaN,NaN,NaN,NaN,NaN,NaN,NaN,NaN,NaN,NaN
NaN,NaN,NaN,3.866666667,0,-115.399368286133,NaN,NaN,NaN,NaN,NaN,NaN,NaN,NaN,NaN,NaN,NaN
NaN,NaN,NaN,1.677777778,0,NaN,NaN,NaN,NaN,NaN,NaN,NaN,NaN,NaN,NaN,NaN,NaN
NaN,NaN,NaN,0.983333333,0,-0.020229808986187,NaN,NaN,NaN,NaN,NaN,NaN,NaN,NaN,NaN,NaN,NaN
NaN,NaN,NaN,1.377777778,0,30.9553031921387,NaN,NaN,NaN,NaN,NaN,NaN,NaN,NaN,NaN,NaN,NaN
NaN,NaN,NaN,NaN,0,38.626594543457,NaN,NaN,NaN,NaN,NaN,NaN,NaN,NaN,NaN,NaN,NaN
NaN,NaN,NaN,0.8,0,82.0884628295898,NaN,NaN,NaN,NaN,NaN,NaN,NaN,NaN,NaN,NaN,NaN
NaN,NaN,NaN,NaN,0,NaN,NaN,NaN,NaN,NaN,NaN,NaN,NaN,NaN,NaN,NaN,NaN
NaN,NaN,NaN,1.044444444,0,25.8227882385254,NaN,NaN,NaN,NaN,NaN,NaN,NaN,NaN,NaN,NaN,NaN
NaN,NaN,NaN,1.188888889,0,26.4753837585449,NaN,NaN,NaN,NaN,NaN,NaN,NaN,NaN,NaN,NaN,NaN
NaN,NaN,NaN,4.422222222,0,14.5404605865479,NaN,NaN,NaN,NaN,NaN,NaN,NaN,NaN,NaN,NaN,NaN
NaN,NaN,NaN,5.091666667,0,-38.4852523803711,NaN,NaN,NaN,NaN,NaN,NaN,NaN,NaN,NaN,NaN,NaN
NaN,NaN,NaN,4.805555556,0,NaN,NaN,NaN,NaN,NaN,NaN,NaN,NaN,NaN,NaN,NaN,NaN
NaN,NaN,NaN,3.711111111,0,NaN,NaN,NaN,NaN,NaN,NaN,NaN,NaN,NaN,NaN,NaN,NaN
NaN,NaN,NaN,1.5125,0,-42.1029624938965,NaN,NaN,NaN,NaN,NaN,NaN,NaN,NaN,NaN,NaN,NaN
NaN,NaN,NaN,0.933333333,0,40.8198127746582,NaN,NaN,NaN,NaN,NaN,NaN,NaN,NaN,NaN,NaN,NaN
NaN,NaN,NaN,1.15,0,15.1797618865967,NaN,NaN,NaN,NaN,NaN,NaN,NaN,NaN,NaN,NaN,NaN
NaN,NaN,NaN,0.466666667,0.00666666667,19.1213073730469,NaN,NaN,NaN,NaN,NaN,NaN,NaN,NaN,NaN,NaN,NaN
NaN,NaN,NaN,0.777777778,0,NaN,NaN,NaN,NaN,NaN,NaN,NaN,NaN,NaN,NaN,NaN,NaN
NaN,NaN,NaN,0.933333333,0,84.6723861694336,NaN,NaN,NaN,NaN,NaN,NaN,NaN,NaN,NaN,NaN,NaN
NaN,NaN,NaN,1.522222222,0,-0.24712872505188,NaN,NaN,NaN,NaN,NaN,NaN,NaN,NaN,NaN,NaN,NaN
NaN,NaN,NaN,4.155555556,0,-16.7894592285156,NaN,NaN,NaN,NaN,NaN,NaN,NaN,NaN,NaN,NaN,NaN
NaN,NaN,NaN,4.377777778,0,-31.6196708679199,NaN,NaN,NaN,NaN,NaN,NaN,NaN,NaN,NaN,NaN,NaN
NaN,NaN,NaN,4.727777778,0,NaN,NaN,NaN,NaN,NaN,NaN,NaN,NaN,NaN,NaN,NaN,NaN
NaN,NaN,NaN,2.966666667,0,-24.5969753265381,NaN,NaN,NaN,NaN,NaN,NaN,NaN,NaN,NaN,NaN,NaN
NaN,NaN,NaN,2.988888889,0,-48.4705200195312,NaN,NaN,NaN,NaN,NaN,NaN,NaN,NaN,NaN,NaN,NaN
NaN,NaN,NaN,1.233333333,0,-41.8810081481934,NaN,NaN,NaN,NaN,NaN,NaN,NaN,NaN,NaN,NaN,NaN
NaN,NaN,NaN,1.022222222,0,-10.7882032394409,NaN,NaN,NaN,NaN,NaN,NaN,NaN,NaN,NaN,NaN,NaN
NaN,NaN,NaN,1.1,NaN,NaN,NaN,NaN,NaN,NaN,NaN,NaN,NaN,NaN,NaN,NaN,NaN
NaN,NaN,NaN,0.938888889,0,32.1629486083984,NaN,NaN,NaN,NaN,NaN,NaN,NaN,NaN,NaN,NaN,NaN
NaN,NaN,NaN,0.761111111,0,51.1440315246582,NaN,NaN,NaN,NaN,NaN,NaN,NaN,NaN,NaN,NaN,NaN
NaN,NaN,NaN,0.738888889,0,17.2522144317627,NaN,NaN,NaN,NaN,NaN,NaN,NaN,NaN,NaN,NaN,NaN
NaN,NaN,NaN,1.366666667,0,11.108790397644,NaN,NaN,NaN,NaN,NaN,NaN,NaN,NaN,NaN,NaN,NaN
NaN,NaN,NaN,4.075,0,11.439398765564,NaN,NaN,NaN,NaN,NaN,NaN,NaN,NaN,NaN,NaN,NaN
NaN,NaN,NaN,4.716666667,0,NaN,NaN,NaN,NaN,NaN,NaN,NaN,NaN,NaN,NaN,NaN,NaN
NaN,NaN,NaN,4.433333333,0,-91.8973922729492,NaN,NaN,NaN,NaN,NaN,NaN,NaN,NaN,NaN,NaN,NaN
NaN,NaN,NaN,4.222222222,0,-138.496719360352,NaN,NaN,NaN,NaN,NaN,NaN,NaN,NaN,NaN,NaN,NaN
NaN,NaN,NaN,3.655555556,0,-117.269577026367,NaN,NaN,NaN,NaN,NaN,NaN,NaN,NaN,NaN,NaN,NaN
NaN,NaN,NaN,1.255555556,0,NaN,NaN,NaN,NaN,NaN,NaN,NaN,NaN,NaN,NaN,NaN,NaN
NaN,NaN,NaN,1.022222222,0,NaN,NaN,NaN,NaN,NaN,NaN,NaN,NaN,NaN,NaN,NaN,NaN
NaN,NaN,NaN,1.3,0,-35.3551597595215,NaN,NaN,NaN,NaN,NaN,NaN,NaN,NaN,NaN,NaN,NaN
NaN,NaN,NaN,0.833333333,0,-3.1404914855957,NaN,NaN,NaN,NaN,NaN,NaN,NaN,NaN,NaN,NaN,NaN
NaN,NaN,NaN,NaN,0,0.233116313815117,NaN,NaN,NaN,NaN,NaN,NaN,NaN,NaN,NaN,NaN,NaN
NaN,NaN,NaN,1.125,0,12.2107467651367,NaN,NaN,NaN,NaN,NaN,NaN,NaN,NaN,NaN,NaN,NaN
NaN,NaN,NaN,1.3,0,NaN,NaN,NaN,NaN,NaN,NaN,NaN,NaN,NaN,NaN,NaN,NaN
NaN,NaN,NaN,NaN,0,2.7595739364624,NaN,NaN,NaN,NaN,NaN,NaN,NaN,NaN,NaN,NaN,NaN
NaN,NaN,NaN,4.488888889,0,42.5394515991211,NaN,NaN,NaN,NaN,NaN,NaN,NaN,NaN,NaN,NaN,NaN
NaN,NaN,NaN,4.644444444,0,-15.1202964782715,NaN,NaN,NaN,NaN,NaN,NaN,NaN,NaN,NaN,NaN,NaN
NaN,NaN,NaN,3.816666667,0,-56.8541297912598,NaN,NaN,NaN,NaN,NaN,NaN,NaN,NaN,NaN,NaN,NaN
NaN,NaN,NaN,2.488888889,0,NaN,NaN,NaN,NaN,NaN,NaN,NaN,NaN,NaN,NaN,NaN,NaN
NaN,NaN,NaN,1.688888889,0,NaN,NaN,NaN,NaN,NaN,NaN,NaN,NaN,NaN,NaN,NaN,NaN
NaN,NaN,NaN,0.788888889,0,-72.6778793334961,NaN,NaN,NaN,NaN,NaN,NaN,NaN,NaN,NaN,NaN,NaN
NaN,NaN,NaN,1.2,0,-24.7803230285645,NaN,NaN,NaN,NaN,NaN,NaN,NaN,NaN,NaN,NaN,NaN
0.617930023156364,-0.000422911854013187,1.08977868129685,NaN,0,-37.439998626709,NaN,0.278157065732327,0.981530287837474,-0.159759769748689,0.841115374645985,1.00088014744983,0.00121444083525694,0.490572908974433,0.979383866317991,-0.000638627085680305,0.480501840374968
1.08076755003175,-0.000929157299893484,0.507474539457692,0.844444444,0,NaN,NaN,0.44980067286,1.32311433111429,0.436870773514543,1.52307999462857,1.08620976193714,-6.06354265028571e-06,0.287604149988315,1.09723898729941,0.000179405100251496,0.352311936731633
0.629622949254783,0.00016581375116322,1.41549297020007,1.038888889,0,-47.0074424743652,NaN,0.869828400743226,1.86807500221935,1.52160815234323,2.95567885788387,1.43406960261677,0.00152394848384516,0.658574678536427,1.15129063170128,0.00103720915263709,0.612725502135323
0.828691948806837,0.000704814883183583,1.68882628095475,1.588888889,0,-64.3405456542969,NaN,1.352634979176,2.07537139008,2.125542553272,3.59448327144,1.468942335648,0.001879685559432,1.09594721137278,1.36653936321874,0.00155243177331361,1.10574407736435
-2.33301792217882,NaN,4.59177471400792,3.20625,0,-76.59912109375,NaN,4.64041455816774,4.64344731243871,5.4006394371329,5.66691701109677,0.266278013907097,-9999,2.71227889901206,0.252800545478529,0.00461792437786955,2.91473744637648
-3.09788647677865,NaN,4.92332176213854,5.316666667,0,-109.920669555664,NaN,5.5572121332,4.50030905856,7.74705966454224,8.27612863128,0.52905641976,-9999,2.27759667635917,0.228055932946103,0.00706476108051995,2.40630299763312
-2.60527441599981,NaN,3.12568118287673,4.8375,0,NaN,NaN,6.14763068632258,6.38670154668387,8.47844145306581,9.93993869589677,1.46150363914839,-9999,1.83058151817993,1.16537005040157,0.00732508626413872,1.8470278056745
-2.35002411713581,NaN,3.17938034935296,3.75,0,NaN,NaN,5.26665650469677,6.22791638129032,6.95847687428671,8.7652029123871,1.80671740049032,-9999,1.63236504234269,1.30074881806255,0.00680398563294678,1.64212700355128
-1.16794092778737,0.0048571944005407,2.16910051758539,2.566666667,0,NaN,NaN,2.868841349136,3.85519801464,3.935137570848,5.41842255072,1.483287596352,0.00672949361736,0.881278432299129,1.55420940453402,0.00646873631419528,0.8643262597403
1.314466087814,0.00319564918675844,0.595013667589641,1.555555556,0,NaN,NaN,0.965462111527587,2.59203684332903,1.5411692182529,3.49759543076129,1.95642720983613,0.00281324611950968,0.311813055776445,1.76574862803535,0.00501605435398336,0.335586962226403
0.895550098563192,0.00393250347762307,0.221786312936831,0.872222222,0,NaN,NaN,0.2485985157504,0.93501260136,0.22633022376,1.03591314936,0.809583656112,0.00374085482328,0.105723386991595,0.980357729562672,0.00309189661146106,0.0774901041941099
NaN,NaN,NaN,NaN,NaN,NaN,NaN,0.411931929894968,1.41461236985806,0.202663935917419,1.13532594108387,0.932664012154839,-0.000228717421548388,0.114207366995246,1.0267725250587,0.00157455224338593,0.0128182659932392
1.24312346761289,NaN,0.110401484796459,NaN,0,NaN,NaN,0.461442473254452,1.73896551731613,0.352556130102968,1.75273808771613,1.40018046837677,0.00204395906276129,0.0670531522358071,1.22438742207751,0.00172255274212212,0.0725399923959137
NaN,NaN,NaN,0.761111111,0,NaN,NaN,0.393476254176857,0.675541564457143,-0.550390831585714,1.15356392691429,1.70396032821429,0.00313721424516857,0.232927113844219,1.16929051482399,0.00237213542280196,0.173757212707319
0.933286909015819,-0.000186864063810236,0.850697675240976,0.822222222,0,NaN,NaN,0.627310747345703,1.33862167045161,0.335095786707097,1.53898033006452,1.20388508872258,0.00393783818934194,0.425295351564909,1.14888254157125,0.00286946446128647,0.407055085592529
0.875161160734656,0.00790795133249491,1.59241429768293,2.2375,0,NaN,NaN,1.3066326606276,2.3785351164,0.9602921827656,2.20536349992,1.245073560264,0.00782444566728,0.846305879322031,1.17196593306804,0.00749999670202184,0.758998890787647
-0.553558088525029,NaN,2.41505480200366,4.077777778,0,NaN,NaN,3.35514616802477,3.69036496103226,4.43314396706168,5.30350299150968,0.870360051925161,0.0106086923681806,1.61333682655955,0.893957557180459,0.0117403925930294,1.57400505441604
-4.31617009174395,0.0157719598582627,3.93788605645576,5.127777778,0,3.52139139175415,NaN,6.80831245328256,5.44441770648,7.936422381576,7.74193924008,-0.19448663256,0.0184071533184,2.72960352869093,-0.166973810926866,0.0164439707379167,2.65757850267942
-5.70970789390402,-0.00142625393451443,6.63911544462989,4.866666667,0,-66.6401596069336,NaN,8.53977426989574,7.78995925989677,7.24849786848774,7.66344052289032,0.414943121729032,0.00963200762430968,3.34338361264313,0.39645898584531,0.0105974744681931,3.30344101394553
-3.72224328697132,NaN,5.43843422376189,4.388888889,0,NaN,NaN,6.54697306271148,7.22049594851613,5.42416469433213,7.19948388309677,1.77530839803871,0.00309577494309677,2.80827416431293,1.44490453204531,0.00695637526076726,2.72473078063044
-2.94053805327104,NaN,4.33672250417342,3.538888889,0,NaN,NaN,5.1160064610168,6.1957692504,3.28827933324,5.09088657672,1.802607174,0.002075516592768,1.87996966877364,1.35536186090312,0.0101393446756339,1.86409693200966
-0.582382202898219,0.00784468392366993,2.27741359888729,1.566666667,0,-220.005661010742,NaN,2.12382051555019,3.27178593917419,1.95837264083613,4.18272576805161,2.22436213385806,0.00011909992436129,0.965290849599368,1.53518375635117,0.00581062384418865,0.832130081379149
1.15565629546925,NaN,0.211431594357394,0.933333333,0,-155.316284179688,NaN,0.6623270365752,1.95358360536,0.6870940062696,1.96650536544,1.2794134127256,-0.00149572911312,0.139787318181397,1.37518086821969,0.00146509746008675,0.152929257789171
NaN,NaN,NaN,1.244444444,NaN,-55.311206817627,NaN,0.476872243306839,1.57228013380645,-0.0354673770503225,1.90890764779355,1.94437748062452,-0.000815211547664516,0.0705869652125168,1.48280623047257,0.00282463175651208,0.149306014172231
NaN,NaN,NaN,NaN,0,-38.9198532104492,NaN,NaN,NaN,NaN,NaN,NaN,NaN,NaN,NaN,NaN,NaN
NaN,NaN,NaN,0.8,0,-18.7011947631836,NaN,NaN,NaN,NaN,NaN,NaN,NaN,NaN,NaN,NaN,NaN
NaN,NaN,NaN,1.072222222,0,-58.5954246520996,NaN,NaN,NaN,NaN,NaN,NaN,NaN,NaN,NaN,NaN,NaN
NaN,NaN,NaN,1.2,0,-67.3399276733398,NaN,NaN,NaN,NaN,NaN,NaN,NaN,NaN,NaN,NaN,NaN
NaN,NaN,NaN,2.766666667,0,-38.4853439331055,NaN,NaN,NaN,NaN,NaN,NaN,NaN,NaN,NaN,NaN,NaN
NaN,NaN,NaN,4.211111111,0,-77.307975769043,NaN,NaN,NaN,NaN,NaN,NaN,NaN,NaN,NaN,NaN,NaN
NaN,NaN,NaN,4.264285714,0,-175.857452392578,NaN,NaN,NaN,NaN,NaN,NaN,NaN,NaN,NaN,NaN,NaN
NaN,NaN,NaN,4.155555556,0,-189.509979248047,NaN,NaN,NaN,NaN,NaN,NaN,NaN,NaN,NaN,NaN,NaN
NaN,NaN,NaN,2.683333333,0,-224.886703491211,NaN,NaN,NaN,NaN,NaN,NaN,NaN,NaN,NaN,NaN,NaN
NaN,NaN,NaN,1.525,0,-145.144409179688,NaN,NaN,NaN,NaN,NaN,NaN,NaN,NaN,NaN,NaN,NaN
NaN,NaN,NaN,NaN,0,-35.7291374206543,NaN,NaN,NaN,NaN,NaN,NaN,NaN,NaN,NaN,NaN,NaN
NaN,NaN,NaN,1.25,0,-25.9742374420166,NaN,NaN,NaN,NaN,NaN,NaN,NaN,NaN,NaN,NaN,NaN
NaN,NaN,NaN,1.2,0,-26.4997081756592,NaN,NaN,NaN,NaN,NaN,NaN,NaN,NaN,NaN,NaN,NaN
NaN,NaN,NaN,0.7,0,0.0199986156076193,NaN,NaN,NaN,NaN,NaN,NaN,NaN,NaN,NaN,NaN,NaN
NaN,NaN,NaN,1.25,0,42.8862571716309,NaN,NaN,NaN,NaN,NaN,NaN,NaN,NaN,NaN,NaN,NaN
NaN,NaN,NaN,1.866666667,0,-37.5829544067383,NaN,NaN,NaN,NaN,NaN,NaN,NaN,NaN,NaN,NaN,NaN
NaN,NaN,NaN,4.933333333,0,-60.1222686767578,NaN,NaN,NaN,NaN,NaN,NaN,NaN,NaN,NaN,NaN,NaN
NaN,NaN,NaN,4.6,0,-119.352447509766,NaN,NaN,NaN,NaN,NaN,NaN,NaN,NaN,NaN,NaN,NaN
NaN,NaN,NaN,4.633333333,0,-166.508575439453,NaN,NaN,NaN,NaN,NaN,NaN,NaN,NaN,NaN,NaN,NaN
NaN,NaN,NaN,3.861111111,0,-190.896728515625,NaN,NaN,NaN,NaN,NaN,NaN,NaN,NaN,NaN,NaN,NaN
NaN,NaN,NaN,4.14,0,-172.816528320312,NaN,NaN,NaN,NaN,NaN,NaN,NaN,NaN,NaN,NaN,NaN
NaN,NaN,NaN,NaN,0,-105.487060546875,NaN,NaN,NaN,NaN,NaN,NaN,NaN,NaN,NaN,NaN,NaN
NaN,NaN,NaN,1.033333333,0,-97.6319046020508,NaN,NaN,NaN,NaN,NaN,NaN,NaN,NaN,NaN,NaN,NaN
NaN,NaN,NaN,NaN,NaN,-71.1472549438477,NaN,NaN,NaN,NaN,NaN,NaN,NaN,NaN,NaN,NaN,NaN
NaN,NaN,NaN,NaN,0,3.26803684234619,NaN,NaN,NaN,NaN,NaN,NaN,NaN,NaN,NaN,NaN,NaN
NaN,NaN,NaN,0.925,0,47.2027359008789,NaN,NaN,NaN,NaN,NaN,NaN,NaN,NaN,NaN,NaN,NaN
NaN,NaN,NaN,1.033333333,0,4.2754340171814,NaN,NaN,NaN,NaN,NaN,NaN,NaN,NaN,NaN,NaN,NaN
NaN,NaN,NaN,1.278571429,0,NaN,NaN,NaN,NaN,NaN,NaN,NaN,NaN,NaN,NaN,NaN,NaN
NaN,NaN,NaN,3.96,0,NaN,NaN,NaN,NaN,NaN,NaN,NaN,NaN,NaN,NaN,NaN,NaN
NaN,NaN,NaN,5.4125,0,NaN,NaN,NaN,NaN,NaN,NaN,NaN,NaN,NaN,NaN,NaN,NaN
NaN,NaN,NaN,4.8,0,NaN,NaN,NaN,NaN,NaN,NaN,NaN,NaN,NaN,NaN,NaN,NaN
NaN,NaN,NaN,3.3,0,NaN,NaN,NaN,NaN,NaN,NaN,NaN,NaN,NaN,NaN,NaN,NaN
NaN,NaN,NaN,4.23125,0,NaN,NaN,NaN,NaN,NaN,NaN,NaN,NaN,NaN,NaN,NaN,NaN
NaN,NaN,NaN,1.616666667,0,NaN,NaN,NaN,NaN,NaN,NaN,NaN,NaN,NaN,NaN,NaN,NaN
NaN,NaN,NaN,1,0,NaN,NaN,NaN,NaN,NaN,NaN,NaN,NaN,NaN,NaN,NaN,NaN
NaN,NaN,NaN,1.35,NaN,NaN,NaN,NaN,NaN,NaN,NaN,NaN,NaN,NaN,NaN,NaN,NaN
