NBE,CH4,ET,LAI,SCF,EWT,ABGB,GPP_DT,ER_DT,GPP_NT,ER_NT,NBE_F,CH4_F,ET_F,NBE_ANN,CH4_ANN,ET_ANN
NaN,NaN,NaN,0.116666667,0.605,23.3758811950684,NaN,NaN,NaN,NaN,NaN,NaN,NaN,NaN,NaN,NaN,NaN
NaN,NaN,NaN,0.111111111,0.6422222222,82.1372985839844,NaN,NaN,NaN,NaN,NaN,NaN,NaN,NaN,NaN,NaN,NaN
NaN,NaN,NaN,0.66,0.5938888889,80.2892379760742,NaN,NaN,NaN,NaN,NaN,NaN,NaN,NaN,NaN,NaN,NaN
NaN,NaN,NaN,NaN,0,72.6990051269531,NaN,NaN,NaN,NaN,NaN,NaN,NaN,NaN,NaN,NaN,NaN
NaN,NaN,NaN,1.65,0,59.8748931884766,NaN,NaN,NaN,NaN,NaN,NaN,NaN,NaN,NaN,NaN,NaN
NaN,NaN,NaN,3.233333333,0,-34.4918403625488,NaN,NaN,NaN,NaN,NaN,NaN,NaN,NaN,NaN,NaN,NaN
NaN,NaN,NaN,3.361111111,0,-30.8803730010986,NaN,NaN,NaN,NaN,NaN,NaN,NaN,NaN,NaN,NaN,NaN
NaN,NaN,NaN,4.261111111,0,-39.6807861328125,NaN,NaN,NaN,NaN,NaN,NaN,NaN,NaN,NaN,NaN,NaN
NaN,NaN,NaN,3.883333333,0,-53.679313659668,NaN,NaN,NaN,NaN,NaN,NaN,NaN,NaN,NaN,NaN,NaN
NaN,NaN,NaN,2.027777778,0,-58.7026672363281,NaN,NaN,NaN,NaN,NaN,NaN,NaN,NaN,NaN,NaN,NaN
NaN,NaN,NaN,0.958333333,0,-54.236686706543,NaN,NaN,NaN,NaN,NaN,NaN,NaN,NaN,NaN,NaN,NaN
NaN,NaN,NaN,0.144444444,0.58,-4.13556671142578,NaN,NaN,NaN,NaN,NaN,NaN,NaN,NaN,NaN,NaN,NaN
NaN,NaN,NaN,0.1,0.6833333333,50.4777069091797,NaN,NaN,NaN,NaN,NaN,NaN,NaN,NaN,NaN,NaN,NaN
NaN,NaN,NaN,0.122222222,0.6255555556,71.9018859863281,NaN,NaN,NaN,NaN,NaN,NaN,NaN,NaN,NaN,NaN,NaN
NaN,NaN,NaN,0.18,0.6594444444,129.911956787109,NaN,NaN,NaN,NaN,NaN,NaN,NaN,NaN,NaN,NaN,NaN
NaN,NaN,NaN,0.666666667,0,129.354339599609,NaN,NaN,NaN,NaN,NaN,NaN,NaN,NaN,NaN,NaN,NaN
NaN,NaN,NaN,2.4,0,69.5520095825195,NaN,NaN,NaN,NaN,NaN,NaN,NaN,NaN,NaN,NaN,NaN
NaN,NaN,NaN,2.3875,0,13.355936050415,NaN,NaN,NaN,NaN,NaN,NaN,NaN,NaN,NaN,NaN,NaN
NaN,NaN,NaN,3.266666667,0,-72.3793640136719,NaN,NaN,NaN,NaN,NaN,NaN,NaN,NaN,NaN,NaN,NaN
NaN,NaN,NaN,3.55625,0,-58.6328048706055,NaN,NaN,NaN,NaN,NaN,NaN,NaN,NaN,NaN,NaN,NaN
NaN,NaN,NaN,3.36875,0,-108.806083679199,NaN,NaN,NaN,NaN,NaN,NaN,NaN,NaN,NaN,NaN,NaN
NaN,NaN,NaN,1.79375,0,-101.948516845703,NaN,NaN,NaN,NaN,NaN,NaN,NaN,NaN,NaN,NaN,NaN
NaN,NaN,NaN,1.15,0,-89.174072265625,NaN,NaN,NaN,NaN,NaN,NaN,NaN,NaN,NaN,NaN,NaN
NaN,NaN,NaN,0.75,0,-29.9978408813477,NaN,NaN,NaN,NaN,NaN,NaN,NaN,NaN,NaN,NaN,NaN
NaN,NaN,NaN,0.333333333,0.5222222222,-7.08966445922852,NaN,NaN,NaN,NaN,NaN,NaN,NaN,NaN,NaN,NaN,NaN
NaN,NaN,NaN,0.466666667,0.03666666667,9.06824970245361,NaN,NaN,NaN,NaN,NaN,NaN,NaN,NaN,NaN,NaN,NaN
NaN,NaN,NaN,0.8,0,43.9502868652344,NaN,NaN,NaN,NaN,NaN,NaN,NaN,NaN,NaN,NaN,NaN
NaN,NaN,NaN,NaN,0,-2.21510314941406,NaN,NaN,NaN,NaN,NaN,NaN,NaN,NaN,NaN,NaN,NaN
NaN,NaN,NaN,1.5,0,-31.7335433959961,NaN,NaN,NaN,NaN,NaN,NaN,NaN,NaN,NaN,NaN,NaN
NaN,NaN,NaN,NaN,0,15.8143520355225,NaN,NaN,NaN,NaN,NaN,NaN,NaN,NaN,NaN,NaN,NaN
NaN,NaN,NaN,4.51875,0,-34.606128692627,NaN,NaN,NaN,NaN,NaN,NaN,NaN,NaN,NaN,NaN,NaN
NaN,NaN,NaN,3.461111111,0,-72.4219665527344,NaN,NaN,NaN,NaN,NaN,NaN,NaN,NaN,NaN,NaN,NaN
NaN,NaN,NaN,3.305555556,0,-78.6683959960938,NaN,NaN,NaN,NaN,NaN,NaN,NaN,NaN,NaN,NaN,NaN
NaN,NaN,NaN,2.161111111,0,-105.733749389648,NaN,NaN,NaN,NaN,NaN,NaN,NaN,NaN,NaN,NaN,NaN
NaN,NaN,NaN,0.433333333,0.05333333333,-19.2803974151611,NaN,NaN,NaN,NaN,NaN,NaN,NaN,NaN,NaN,NaN,NaN
NaN,NaN,NaN,0.2,0.294,37.5483207702637,NaN,NaN,NaN,NaN,NaN,NaN,NaN,NaN,NaN,NaN,NaN
NaN,NaN,NaN,NaN,0.5077777778,54.625732421875,NaN,NaN,NaN,NaN,NaN,NaN,NaN,NaN,NaN,NaN,NaN
NaN,NaN,NaN,0.4,0.3161111111,36.5932807922363,NaN,NaN,NaN,NaN,NaN,NaN,NaN,NaN,NaN,NaN,NaN
NaN,NaN,NaN,0.1,0.07222222222,72.4953155517578,NaN,NaN,NaN,NaN,NaN,NaN,NaN,NaN,NaN,NaN,NaN
NaN,NaN,NaN,NaN,0,102.697151184082,NaN,NaN,NaN,NaN,NaN,NaN,NaN,NaN,NaN,NaN,NaN
NaN,NaN,NaN,2.1,0,68.5067825317383,NaN,NaN,NaN,NaN,NaN,NaN,NaN,NaN,NaN,NaN,NaN
NaN,NaN,NaN,5.6,0,7.72945642471313,NaN,NaN,NaN,NaN,NaN,NaN,NaN,NaN,NaN,NaN,NaN
NaN,NaN,NaN,4.178571429,0,-54.0563163757324,NaN,NaN,NaN,NaN,NaN,NaN,NaN,NaN,NaN,NaN,NaN
NaN,NaN,NaN,4.178571429,0,-54.3747177124023,NaN,NaN,NaN,NaN,NaN,NaN,NaN,NaN,NaN,NaN,NaN
NaN,NaN,NaN,2.958333333,0,-92.1601715087891,NaN,NaN,NaN,NaN,NaN,NaN,NaN,NaN,NaN,NaN,NaN
NaN,NaN,NaN,1.833333333,0,-106.981292724609,NaN,NaN,NaN,NaN,NaN,NaN,NaN,NaN,NaN,NaN,NaN
NaN,NaN,NaN,1.1,0.01888888889,-47.8403434753418,NaN,NaN,NaN,NaN,NaN,NaN,NaN,NaN,NaN,NaN,NaN
NaN,NaN,NaN,0.3875,NaN,36.2936477661133,NaN,NaN,NaN,NaN,NaN,NaN,NaN,NaN,NaN,NaN,NaN
NaN,NaN,NaN,0.1,0.6261111111,55.7279739379883,NaN,NaN,NaN,NaN,NaN,NaN,NaN,NaN,NaN,NaN,NaN
NaN,NaN,NaN,0.15,0.6261111111,84.0259628295898,NaN,NaN,NaN,NaN,NaN,NaN,NaN,NaN,NaN,NaN,NaN
NaN,NaN,NaN,NaN,0.339,131.036087036133,NaN,NaN,NaN,NaN,NaN,NaN,NaN,NaN,NaN,NaN,NaN
NaN,NaN,NaN,0.5,0,107.165992736816,NaN,NaN,NaN,NaN,NaN,NaN,NaN,NaN,NaN,NaN,NaN
NaN,NaN,NaN,3.2,0,44.6750450134277,NaN,NaN,NaN,NaN,NaN,NaN,NaN,NaN,NaN,NaN,NaN
NaN,NaN,NaN,NaN,0,-16.3308506011963,NaN,NaN,NaN,NaN,NaN,NaN,NaN,NaN,NaN,NaN,NaN
NaN,NaN,NaN,4.621428571,0,-24.1459102630615,NaN,NaN,NaN,NaN,NaN,NaN,NaN,NaN,NaN,NaN,NaN
NaN,NaN,NaN,4.022222222,0,-100.903427124023,NaN,NaN,NaN,NaN,NaN,NaN,NaN,NaN,NaN,NaN,NaN
NaN,NaN,NaN,4.666666667,0,-146.404586791992,NaN,NaN,NaN,NaN,NaN,NaN,NaN,NaN,NaN,NaN,NaN
NaN,NaN,NaN,0.55,0,-144.659027099609,NaN,NaN,NaN,NaN,NaN,NaN,NaN,NaN,NaN,NaN,NaN
NaN,NaN,NaN,NaN,0,-89.2716064453125,NaN,NaN,NaN,NaN,NaN,NaN,NaN,NaN,NaN,NaN,NaN
NaN,NaN,NaN,0.266666667,NaN,-26.6046867370605,NaN,NaN,NaN,NaN,NaN,NaN,NaN,NaN,NaN,NaN,NaN
0.473232459785798,NaN,0.0232405845817654,NaN,0.6072222222,52.370532989502,NaN,0.165035712983226,0.50961796299871,0.680523672472258,1.69142524536774,1.01090002654452,-9999,0.0296178075475329,1.6171587647982,0.000184677271508969,-0.0437889734738445
0.681061926980536,NaN,0.173879510457175,0.16,0.57,93.6516189575195,NaN,0.111286750000114,0.262018173445714,0.38164327848,1.238717178,0.857072832402857,-9999,0.150287688346354,1.31333035911476,0.000123174706731848,0.113461243175679
1.07327503871109,NaN,1.30571518656081,0.5,0,70.7774963378906,NaN,1.14115546342452,2.02491310027355,2.19700726552939,3.94701522596129,1.75001227885161,-9999,0.900329029067732,1.83044737964181,-0.000296653536184713,0.845689647423054
-5.87067392728941,-0.000642280398407063,3.38094252646858,2.05,0,43.134407043457,NaN,5.959796851584,3.135829569552,8.848139478048,7.8625101168,-0.98562471912,-0.000300321175714286,2.03817619236943,-0.685816206592124,-0.00040052599041564,2.03171861792897
-8.66905212850613,0.000513869810558887,2.89920745571983,2.633333333,0,50.4516143798828,NaN,10.4584165420181,5.35691564981419,14.6563111966529,11.609705339071,-3.04660345308387,0.000813271159741935,1.87004194997696,-2.424499332635,0.00072942012115414,1.80391039403171
-2.78076510153413,0.00204267911849926,3.73799711542723,3.227777778,0,33.2809257507324,NaN,9.014433887592,9.526051177272,12.153608741088,14.30873275824,2.15513932392,0.002462668752528,2.5408360452421,1.96758011877716,0.00213892527177971,2.59022985574445
-6.95140631881417,0.0018004936895809,5.07276469306382,4.377777778,0,-30.2759075164795,NaN,10.4480754175742,7.59539656820903,15.5922756450503,15.5857841941935,-0.00648094482580643,0.00373588839150968,3.06219712689063,0.248663211263923,0.0030939345201487,3.07201329854732
-2.13000886702588,0.00216295567664531,3.41116537382007,3.111111111,0,-35.6994209289551,NaN,6.73805277209032,6.79692982675355,10.5821716207587,13.3279889358194,2.74581736745806,0.00289961867364387,1.94161153315261,3.14935669811726,0.0024474494145966,1.93528192564461
-4.40773795276845,0.00092080598569794,2.60068949470319,2.755555556,0,-32.4346122741699,NaN,6.6295898442,5.51446873812,8.58136189032,9.87284595528,1.29149763336,0.00135044950392,1.45328440071444,1.07041747218358,0.00130252297002319,1.49327784840884
-0.13508655503205,0.00163494549944567,1.44927325842837,3.066666667,0,-21.1275253295898,NaN,3.44347253386839,5.05063044039484,5.05206757239863,8.06878761816774,3.01671245717419,0.00117088973203355,0.744562127073305,2.91394612826746,0.00140725123095273,0.74524706205126
1.17267822052944,0.0006123550676941,0.283085008697511,0.8,0.03333333333,46.5738716125488,NaN,0.9419178195072,1.495252495224,2.0819593165464,4.29605071632,2.21409014904,0.000622051776072,0.112238932763428,2.48294519606657,0.000829640253938175,0.137440734633776
2.23697322559434,0.000756202373571462,NaN,0.121428571,0.64,91.38037109375,NaN,0.498972369100645,4.73037909600774,0.200733954526452,2.90146193814194,2.70072468515613,0.000559194367517419,-0.0520303173676896,2.63182961943924,0.000572532080317901,-0.0563816828564806
2.276156985071,-0.000446838441230549,NaN,0.1,0.4938888889,NaN,NaN,0.35133679655071,1.61898579032516,1.38637633963123,4.00465607109677,2.61828336704516,0.00018759074012129,-0.103940464481203,2.12210855678585,0.00026958204510039,-0.110617926703584
1.38116076653227,0.000371194068820091,0.118064431857838,0.475,0.585,75.9058990478516,NaN,0.304266155335714,0.744049669397143,0.759501719254286,2.18170468285714,1.422202488534,0.000411061692317143,0.0864029852014785,1.6555991148661,0.000424257202665158,0.0681734669204891
0.596693383040114,0.000269034307694201,1.56254621202678,NaN,0.06666666667,95.2187194824219,NaN,1.21379766658839,1.49482710917419,2.27377581920895,3.91159536967742,1.63782176376542,0.000395239843788387,0.919374301043695,1.83173640443085,0.000320541623840066,0.892208667851626
-6.54659966807428,-0.000139480866682698,3.98883445675411,NaN,0,45.4666748046875,NaN,8.36683556688,4.21135521768,13.7971943220888,13.15868351688,-0.6385115808,0.00010389336732,2.44165247681972,-1.3274236090205,1.40804251573459e-05,2.44205176830615
-9.9251733628249,0.000151749762870665,4.8612261951749,3.488888889,0,9.67751884460449,NaN,13.1998374701419,8.75144299004129,17.7659241596129,15.2337980399226,-2.53211919995613,7.43769476593548e-05,2.98795923880993,-2.84216183351653,7.81267480227305e-05,3.01891316159484
-2.26063525480488,0.000569547768744966,3.83101327592095,3.375,0,NaN,NaN,9.582283543248,9.795046026672,12.688071872472,14.24839273488,1.56032915328,0.000723663430488,2.57791222441598,1.91548737374403,0.000675563465226751,2.5532096263533
-6.93390809649761,-6.72145162130175e-06,3.97215439426018,3.62,0,-60.0626564025879,NaN,12.83665189752,10.5873628557832,15.3497220891097,14.6154143998452,-0.734303315612904,0.000400054784794839,2.62808745175741,-0.96340003365066,0.000545651935544673,2.62189359770688
-0.319235931773939,0.000988976716065445,4.28696316253746,3.005555556,0,-21.4474258422852,NaN,7.85057311028903,9.53712252745548,12.5371113436335,17.2189093338581,4.68178983824516,0.00115068583988129,2.4480504927579,3.68544511477608,0.00110229197941702,2.57562067556434
-5.13406745889554,0.00151457521464576,2.93878459858756,3.7,0,-88.5800476074219,NaN,6.440390311104,5.332528360368,9.655429151736,10.81743373512,1.1620014790392,0.00188861691384,1.31228719410343,1.69719338162712,0.00174723621905801,1.39134215031823
1.10194734199329,0.00193206098009281,1.2178690719937,1.54375,0,-95.5346527099609,NaN,1.88744138057032,1.89225194262968,4.39006318594839,7.53795898165161,3.14789277901935,0.00209158398281032,0.574082920457275,2.88963978250603,0.00190953886439016,0.652546845849682
1.80160561394568,0.000518346510493576,0.358405556650157,1.161111111,0,-70.3106460571289,NaN,0.7756506798048,0.749192235264,1.6956676265472,4.514771448,2.81910572424,0.000542098956168,0.215538913896512,2.79582096929086,0.000687001122326274,0.299082847847501
2.61654883472967,-0.000174575730135068,NaN,0.5,0,25.579704284668,NaN,0.622429183662968,2.71212565073806,0.462483804634839,3.35418644833548,2.89170041332645,0.000514566967819355,-0.053121997467875,2.75349974971506,0.000543204615253318,-0.0693123756878403
3.18464303118814,NaN,NaN,0.3,0.665,60.7852401733398,NaN,0.30975927903871,2.35519430467355,0.373864683344516,3.94485956059355,3.57099735065806,-0.000537975960851613,-0.171106822246948,2.34309213690129,0.000107038312246,-0.153717727039724
2.33835691305668,-0.000741782415563296,0.0477106623253934,0.15,0.6566666667,69.9516372680664,NaN,0.194393462917457,1.21588359835034,-1.51415525608138,1.95276051384828,3.46691674695724,-0.000885785779213427,0.00514617442219961,1.83625030429011,-0.000313046945794458,-0.0336571430166888
1.65682074323729,NaN,0.647639666925152,0.272222222,0.4672222222,72.7883911132812,NaN,0.614332013875363,1.73976496007226,1.54477404853084,3.60258141553548,2.05780650844645,-9999,0.417506846874524,2.32047984125968,0.000202379308450564,0.489467790880618
-2.52546953639365,NaN,2.08337080258352,0.72,0,36.6143226623535,NaN,5.4535036620384,3.87402033132,7.27687966032,7.24083448824,-0.03604511952,-9999,1.4564893914395,0.382943571857207,0.000312056377079062,1.43625106878932
-10.509482992757,NaN,3.86923861389475,NaN,0,NaN,NaN,11.2328383686735,5.94984090133161,16.3425747395613,14.9986256883097,-1.34394029753806,-9999,2.27031832259005,-2.2352336055344,0.00025654184425186,2.26876998828261
-3.16414087360457,NaN,3.95211346929879,3.4,0,-30.0232849121094,NaN,8.671888611864,7.866378391392,13.68954077544,15.76939586472,2.0798689482,-9999,2.57794131581818,2.00058129765552,0.000651370188220986,2.58996832535457
-6.20929226835327,NaN,3.54278391514101,3.31875,0,-41.1749572753906,NaN,11.0676057619355,9.85801956977032,12.6670716739974,12.7550867741419,0.0880012163612903,-9999,2.13382071333338,0.667135405123683,0.0013609344862555,2.0877176425436
-3.68637189357027,NaN,4.80793945213692,3.438888889,0,-114.519348144531,NaN,8.89724098806968,10.1224179505626,8.91067804539097,12.0437583981677,3.1331000907871,-9999,2.60117176703282,3.25470255238224,0.00210616664071313,2.50499115891324
-5.29826147826756,NaN,2.99247933507918,4.15,0,-118.751182556152,NaN,5.801005376892,4.167927709128,8.7965334368136,9.43003031256,0.63350161992,-9999,1.40593012106919,1.63158253789163,0.00300038137917376,1.37806848895287
-0.379812526913251,NaN,1.24816466328025,1.9125,0,NaN,NaN,2.767896190008,2.73117504720774,6.02558164901497,9.01873393734193,2.9931550704,-9999,0.596694664173237,3.04490707358379,0.00280131340604031,0.537402134289049
0.589527096430903,NaN,0.591191703817396,1.5,0,-28.7986030578613,NaN,1.128386370888,0.608970773664,2.515516191792,4.81157239248,2.296060358616,-9999,0.33182892860218,2.55880981086587,0.00203829454406791,0.26726839477285
3.3559868068644,NaN,NaN,NaN,NaN,-17.7498588562012,NaN,0.230401788329032,3.29228615810323,-0.196282146274839,3.37107963483871,3.5673646131871,-9999,-0.160565809142414,3.03437416286946,0.00118348295192094,-0.132183039695347
NaN,NaN,NaN,0.1875,0.6077777778,85.9594345092773,NaN,NaN,NaN,NaN,NaN,NaN,NaN,NaN,NaN,NaN,NaN
NaN,NaN,NaN,0.466666667,0.6338888889,113.268905639648,NaN,NaN,NaN,NaN,NaN,NaN,NaN,NaN,NaN,NaN,NaN
NaN,NaN,NaN,0.321428571,0.5327777778,NaN,NaN,NaN,NaN,NaN,NaN,NaN,NaN,NaN,NaN,NaN,NaN
NaN,NaN,NaN,NaN,0,112.257843017578,NaN,NaN,NaN,NaN,NaN,NaN,NaN,NaN,NaN,NaN,NaN
NaN,NaN,NaN,3.1875,0,116.935531616211,NaN,NaN,NaN,NaN,NaN,NaN,NaN,NaN,NaN,NaN,NaN
NaN,NaN,NaN,3.477777778,0,109.651786804199,NaN,NaN,NaN,NaN,NaN,NaN,NaN,NaN,NaN,NaN,NaN
NaN,NaN,NaN,4.95,0,-11.8215103149414,NaN,NaN,NaN,NaN,NaN,NaN,NaN,NaN,NaN,NaN,NaN
NaN,NaN,NaN,3.761111111,0,NaN,NaN,NaN,NaN,NaN,NaN,NaN,NaN,NaN,NaN,NaN,NaN
NaN,NaN,NaN,3.588888889,0,NaN,NaN,NaN,NaN,NaN,NaN,NaN,NaN,NaN,NaN,NaN,NaN
NaN,NaN,NaN,1.666666667,0,-53.1509399414062,NaN,NaN,NaN,NaN,NaN,NaN,NaN,NaN,NaN,NaN,NaN
NaN,NaN,NaN,0.141666667,0.3161111111,29.3890037536621,NaN,NaN,NaN,NaN,NaN,NaN,NaN,NaN,NaN,NaN,NaN
NaN,NaN,NaN,0.5,0.6044444444,-3.25293159484863,NaN,NaN,NaN,NaN,NaN,NaN,NaN,NaN,NaN,NaN,NaN
NaN,NaN,NaN,NaN,0.5122222222,34.985221862793,NaN,NaN,NaN,NaN,NaN,NaN,NaN,NaN,NaN,NaN,NaN
NaN,NaN,NaN,0.4,0.4266666667,NaN,NaN,NaN,NaN,NaN,NaN,NaN,NaN,NaN,NaN,NaN,NaN
NaN,NaN,NaN,0.8,0,102.975540161133,NaN,NaN,NaN,NaN,NaN,NaN,NaN,NaN,NaN,NaN,NaN
NaN,NaN,NaN,NaN,0,34.4949035644531,NaN,NaN,NaN,NaN,NaN,NaN,NaN,NaN,NaN,NaN,NaN
NaN,NaN,NaN,3.3,0,23.7920589447021,NaN,NaN,NaN,NaN,NaN,NaN,NaN,NaN,NaN,NaN,NaN
NaN,NaN,NaN,2.933333333,0,-40.9614639282227,NaN,NaN,NaN,NaN,NaN,NaN,NaN,NaN,NaN,NaN,NaN
NaN,NaN,NaN,3.577777778,0,NaN,NaN,NaN,NaN,NaN,NaN,NaN,NaN,NaN,NaN,NaN,NaN
NaN,NaN,NaN,3.975,0,-4.67262697219849,NaN,NaN,NaN,NaN,NaN,NaN,NaN,NaN,NaN,NaN,NaN
NaN,NaN,NaN,3.3875,0,-25.1536159515381,NaN,NaN,NaN,NaN,NaN,NaN,NaN,NaN,NaN,NaN,NaN
NaN,NaN,NaN,1.733333333,0,-31.5436477661133,NaN,NaN,NaN,NaN,NaN,NaN,NaN,NaN,NaN,NaN,NaN
NaN,NaN,NaN,1.4,0,52.0143699645996,NaN,NaN,NaN,NaN,NaN,NaN,NaN,NaN,NaN,NaN,NaN
NaN,NaN,NaN,0.155555556,0,NaN,NaN,NaN,NaN,NaN,NaN,NaN,NaN,NaN,NaN,NaN,NaN
NaN,NaN,NaN,0.1,0.6416666667,122.513214111328,1452.137715,NaN,NaN,NaN,NaN,NaN,NaN,NaN,NaN,NaN,NaN
NaN,NaN,NaN,0.1,0.5794444444,138.662734985352,1452.137715,NaN,NaN,NaN,NaN,NaN,NaN,NaN,NaN,NaN,NaN
NaN,NaN,NaN,0.75,0.2272222222,90.4838104248047,1452.137715,NaN,NaN,NaN,NaN,NaN,NaN,NaN,NaN,NaN,NaN
NaN,NaN,NaN,NaN,0,74.5625610351562,1452.137715,NaN,NaN,NaN,NaN,NaN,NaN,NaN,NaN,NaN,NaN
NaN,NaN,NaN,NaN,0,62.758602142334,1452.137715,NaN,NaN,NaN,NaN,NaN,NaN,NaN,NaN,NaN,NaN
NaN,NaN,NaN,4.45,0,NaN,1452.137715,NaN,NaN,NaN,NaN,NaN,NaN,NaN,NaN,NaN,NaN
NaN,NaN,NaN,3.76,0,-114.826675415039,1452.137715,NaN,NaN,NaN,NaN,NaN,NaN,NaN,NaN,NaN,NaN
NaN,NaN,NaN,3.811111111,0,-126.09595489502,1452.137715,NaN,NaN,NaN,NaN,NaN,NaN,NaN,NaN,NaN,NaN
NaN,NaN,NaN,3.366666667,0,-147.936721801758,1452.137715,NaN,NaN,NaN,NaN,NaN,NaN,NaN,NaN,NaN,NaN
NaN,NaN,NaN,1.8,0,NaN,1452.137715,NaN,NaN,NaN,NaN,NaN,NaN,NaN,NaN,NaN,NaN
NaN,NaN,NaN,1.542857143,0,NaN,1452.137715,NaN,NaN,NaN,NaN,NaN,NaN,NaN,NaN,NaN,NaN
NaN,NaN,NaN,NaN,0.05428571429,-145.704315185547,1452.137715,NaN,NaN,NaN,NaN,NaN,NaN,NaN,NaN,NaN,NaN
