NBE,CH4,ET,LAI,SCF,EWT,ABGB,GPP_DT,ER_DT,GPP_NT,ER_NT,NBE_F,CH4_F,ET_F,NBE_ANN,CH4_ANN,ET_ANN
NaN,NaN,NaN,3.25,0,NaN,NaN,NaN,NaN,NaN,NaN,NaN,NaN,NaN,NaN,NaN,NaN
NaN,NaN,NaN,3.61,0,NaN,NaN,NaN,NaN,NaN,NaN,NaN,NaN,NaN,NaN,NaN,NaN
NaN,NaN,NaN,NaN,0,NaN,NaN,NaN,NaN,NaN,NaN,NaN,NaN,NaN,NaN,NaN,NaN
NaN,NaN,NaN,1.07,0,NaN,NaN,NaN,NaN,NaN,NaN,NaN,NaN,NaN,NaN,NaN,NaN
NaN,NaN,NaN,1,0,NaN,NaN,NaN,NaN,NaN,NaN,NaN,NaN,NaN,NaN,NaN,NaN
NaN,NaN,NaN,NaN,0,NaN,NaN,NaN,NaN,NaN,NaN,NaN,NaN,NaN,NaN,NaN,NaN
NaN,NaN,NaN,3.8,0,NaN,NaN,NaN,NaN,NaN,NaN,NaN,NaN,NaN,NaN,NaN,NaN
NaN,NaN,NaN,2.23,0,NaN,NaN,NaN,NaN,NaN,NaN,NaN,NaN,NaN,NaN,NaN,NaN
NaN,NaN,NaN,NaN,0,NaN,NaN,NaN,NaN,NaN,NaN,NaN,NaN,NaN,NaN,NaN,NaN
NaN,NaN,NaN,3.6125,0,NaN,NaN,NaN,NaN,NaN,NaN,NaN,NaN,NaN,NaN,NaN,NaN
NaN,NaN,NaN,3.5375,0,NaN,NaN,NaN,NaN,NaN,NaN,NaN,NaN,NaN,NaN,NaN,NaN
NaN,NaN,NaN,3.63,0,NaN,NaN,NaN,NaN,NaN,NaN,NaN,NaN,NaN,NaN,NaN,NaN
NaN,NaN,NaN,2.275,0,NaN,NaN,NaN,NaN,NaN,NaN,NaN,NaN,NaN,NaN,NaN,NaN
NaN,NaN,NaN,NaN,0,NaN,NaN,NaN,NaN,NaN,NaN,NaN,NaN,NaN,NaN,NaN,NaN
NaN,NaN,NaN,1.525,0,NaN,NaN,NaN,NaN,NaN,NaN,NaN,NaN,NaN,NaN,NaN,NaN
NaN,NaN,NaN,NaN,0,NaN,NaN,NaN,NaN,NaN,NaN,NaN,NaN,NaN,NaN,NaN,NaN
NaN,NaN,NaN,NaN,0,NaN,NaN,NaN,NaN,NaN,NaN,NaN,NaN,NaN,NaN,NaN,NaN
NaN,NaN,NaN,NaN,0,NaN,NaN,NaN,NaN,NaN,NaN,NaN,NaN,NaN,NaN,NaN,NaN
NaN,NaN,NaN,2.68,0,NaN,NaN,NaN,NaN,NaN,NaN,NaN,NaN,NaN,NaN,NaN,NaN
NaN,NaN,NaN,7,0,NaN,NaN,NaN,NaN,NaN,NaN,NaN,NaN,NaN,NaN,NaN,NaN
NaN,NaN,NaN,4.51,0,NaN,NaN,NaN,NaN,NaN,NaN,NaN,NaN,NaN,NaN,NaN,NaN
NaN,NaN,NaN,3.62,0,NaN,NaN,NaN,NaN,NaN,NaN,NaN,NaN,NaN,NaN,NaN,NaN
NaN,NaN,NaN,4,0,NaN,NaN,NaN,NaN,NaN,NaN,NaN,NaN,NaN,NaN,NaN,NaN
NaN,NaN,NaN,2.91,0,NaN,NaN,NaN,NaN,NaN,NaN,NaN,NaN,NaN,NaN,NaN,NaN
NaN,NaN,NaN,3.43,0,NaN,NaN,NaN,NaN,NaN,NaN,NaN,NaN,NaN,NaN,NaN,NaN
NaN,NaN,NaN,2.16,0,NaN,NaN,NaN,NaN,NaN,NaN,NaN,NaN,NaN,NaN,NaN,NaN
NaN,NaN,NaN,3.84,0,NaN,NaN,NaN,NaN,NaN,NaN,NaN,NaN,NaN,NaN,NaN,NaN
NaN,NaN,NaN,2.46,0,NaN,NaN,NaN,NaN,NaN,NaN,NaN,NaN,NaN,NaN,NaN,NaN
NaN,NaN,NaN,2.96,0,NaN,NaN,NaN,NaN,NaN,NaN,NaN,NaN,NaN,NaN,NaN,NaN
NaN,NaN,NaN,3.7,0,NaN,NaN,NaN,NaN,NaN,NaN,NaN,NaN,NaN,NaN,NaN,NaN
NaN,NaN,NaN,2.53,0,NaN,NaN,NaN,NaN,NaN,NaN,NaN,NaN,NaN,NaN,NaN,NaN
NaN,NaN,NaN,2.9375,0,NaN,NaN,NaN,NaN,NaN,NaN,NaN,NaN,NaN,NaN,NaN,NaN
NaN,NaN,NaN,4.075,0,NaN,NaN,NaN,NaN,NaN,NaN,NaN,NaN,NaN,NaN,NaN,NaN
NaN,NaN,NaN,4.11,0,NaN,NaN,NaN,NaN,NaN,NaN,NaN,NaN,NaN,NaN,NaN,NaN
NaN,NaN,NaN,2.82,0,NaN,NaN,NaN,NaN,NaN,NaN,NaN,NaN,NaN,NaN,NaN,NaN
NaN,NaN,NaN,3.7,0,NaN,NaN,NaN,NaN,NaN,NaN,NaN,NaN,NaN,NaN,NaN,NaN
NaN,NaN,NaN,3.16,0,NaN,NaN,NaN,NaN,NaN,NaN,NaN,NaN,NaN,NaN,NaN,NaN
NaN,NaN,NaN,3.22,0,NaN,NaN,NaN,NaN,NaN,NaN,NaN,NaN,NaN,NaN,NaN,NaN
NaN,NaN,NaN,3.25,0,NaN,NaN,NaN,NaN,NaN,NaN,NaN,NaN,NaN,NaN,NaN,NaN
NaN,NaN,NaN,2.2,0,NaN,NaN,NaN,NaN,NaN,NaN,NaN,NaN,NaN,NaN,NaN,NaN
NaN,NaN,NaN,1.225,0,NaN,NaN,NaN,NaN,NaN,NaN,NaN,NaN,NaN,NaN,NaN,NaN
NaN,NaN,NaN,2.625,0,NaN,NaN,NaN,NaN,NaN,NaN,NaN,NaN,NaN,NaN,NaN,NaN
NaN,NaN,NaN,2.425,0,NaN,NaN,NaN,NaN,NaN,NaN,NaN,NaN,NaN,NaN,NaN,NaN
NaN,NaN,NaN,4.59,0,NaN,NaN,NaN,NaN,NaN,NaN,NaN,NaN,NaN,NaN,NaN,NaN
NaN,NaN,NaN,4.71,0,NaN,NaN,NaN,NaN,NaN,NaN,NaN,NaN,NaN,NaN,NaN,NaN
NaN,NaN,NaN,4.225,0,NaN,NaN,NaN,NaN,NaN,NaN,NaN,NaN,NaN,NaN,NaN,NaN
NaN,NaN,NaN,3.03,0,NaN,NaN,NaN,NaN,NaN,NaN,NaN,NaN,NaN,NaN,NaN,NaN
NaN,NaN,NaN,2.77,0,NaN,NaN,NaN,NaN,NaN,NaN,NaN,NaN,NaN,NaN,NaN,NaN
NaN,NaN,NaN,3.56,0,NaN,NaN,NaN,NaN,NaN,NaN,NaN,NaN,NaN,NaN,NaN,NaN
NaN,NaN,NaN,2.67,0,NaN,NaN,NaN,NaN,NaN,NaN,NaN,NaN,NaN,NaN,NaN,NaN
NaN,NaN,NaN,NaN,0,NaN,NaN,NaN,NaN,NaN,NaN,NaN,NaN,NaN,NaN,NaN,NaN
NaN,NaN,NaN,3.62,0,NaN,NaN,NaN,NaN,NaN,NaN,NaN,NaN,NaN,NaN,NaN,NaN
NaN,NaN,NaN,NaN,NaN,NaN,NaN,NaN,NaN,NaN,NaN,NaN,NaN,NaN,NaN,NaN,NaN
NaN,NaN,NaN,NaN,0,NaN,NaN,NaN,NaN,NaN,NaN,NaN,NaN,NaN,NaN,NaN,NaN
NaN,NaN,NaN,NaN,0,NaN,NaN,NaN,NaN,NaN,NaN,NaN,NaN,NaN,NaN,NaN,NaN
NaN,NaN,NaN,4.583333333,0,NaN,NaN,NaN,NaN,NaN,NaN,NaN,NaN,NaN,NaN,NaN,NaN
NaN,NaN,NaN,5.45,0,NaN,NaN,NaN,NaN,NaN,NaN,NaN,NaN,NaN,NaN,NaN,NaN
NaN,NaN,NaN,4.116666667,0,NaN,NaN,NaN,NaN,NaN,NaN,NaN,NaN,NaN,NaN,NaN,NaN
NaN,NaN,NaN,2.2375,0,NaN,NaN,NaN,NaN,NaN,NaN,NaN,NaN,NaN,NaN,NaN,NaN
NaN,NaN,NaN,2.85,0,NaN,NaN,NaN,NaN,NaN,NaN,NaN,NaN,NaN,NaN,NaN,NaN
NaN,NaN,NaN,3.5,0,NaN,NaN,6.36434304501397,3.11752475777625,5.79181449473988,3.91393602728895,-1.87787830203377,0.00855959065551352,1.79796182596682,-2.2054852388122,0.011673932962283,2.22580076347271
-2.98855720118582,0.00474139633308263,2.12864010257825,2.76,0,NaN,NaN,6.2828541112171,3.31977300827586,5.63611890058759,2.60934167172414,-3.02677601449655,0.00695648403285517,2.12617530619996,-3.08949546400852,0.00791161626726778,2.20589168259802
-3.18210627502107,0.0036395200531803,2.29732531510256,3.475,0.0375,NaN,NaN,6.83449399112516,3.86456703096774,6.51578358836903,3.30644828903226,-3.20933418359226,0.00484590360720774,2.12599944442696,-3.28405345835829,0.00648661928457036,2.2261583182544
0.635410517137964,0.0223712299493801,1.70759653815415,0.1,0,NaN,NaN,7.7954179396176,6.6631318344,7.0536256981776,5.06892384,-1.98469489356,0.01973746446768,2.59655456821175,-2.14928716257646,0.0201460021136093,2.68694736064986
0.0668662637672397,0.036830355342467,2.78056237289306,2.5,0,NaN,NaN,9.69550628355639,7.63749393677419,9.32575427259097,6.6629754116129,-2.66277999692903,0.0302357385220645,4.01717261746616,-2.58382147936362,0.0291855061746222,4.04111514998399
2.09451152701097,0.0520572932004396,2.77979208359184,4.95,0,NaN,NaN,7.4703660932808,7.4950565688,7.392678192432,6.51268836,-0.87999582312,0.0506845407096,4.35288906528665,-1.01574438523145,0.0442733327595778,4.66698132044033
1.60036128178835,0.0603691272411068,2.76225952451597,4.9,0,NaN,NaN,7.72826568975406,6.76200921677419,7.9965144010591,6.59432691870968,-1.40219048299355,0.0617482532113548,4.75375408293226,-1.53809341710471,0.059039383267628,5.22469716190441
0.592403415786858,0.0567373835033743,3.20034515068026,NaN,0,NaN,NaN,7.57510455809032,7.1977946516129,7.85542193208,6.30395797935484,-1.55146232206452,0.0516769020789677,4.64258635381223,-1.54377619401635,0.054316938243967,4.58578923137883
-1.36795802696012,0.0603809728457758,4.43157627121729,4.98,0,NaN,NaN,8.495227873656,7.4078537112,8.079099615576,6.258050856,-1.82105320536,0.0577154548584,4.49937105318353,-1.89731012630118,0.0570733642995149,4.5028829878729
-2.4426924712105,0.0427954485592774,4.36041890833058,NaN,0,NaN,NaN,8.28263787642581,6.72034599406452,7.87088441637058,5.9007056283871,-1.97018112727742,0.0424155576634839,3.98456431301919,-2.2557684637122,0.0423558573094937,3.98840712643132
-2.59191783776322,0.0289629463913119,3.46400403849098,3.6625,0,NaN,NaN,7.381735881768,4.034083428,7.670188746576,4.637343024,-3.03284910096,0.0281025054684,3.40510177616952,-3.0948407154307,0.0288748339706017,3.45099456699713
-3.99232396372382,0.0158572739809368,3.32518665716506,4.42,0,NaN,NaN,8.17636699001032,4.89930391045161,7.78220779732955,3.99808175225806,-3.78412385388387,0.0171351676507355,3.23596656999619,-3.84857101007095,0.0187497987053752,3.23301059679133
-3.19207634592301,0.0122049457053533,2.54583237086907,4.19,0,NaN,NaN,7.31459098112516,3.82251435329032,7.15667996410839,3.49063936258064,-3.66604533346064,0.0122438902821677,2.62415929392214,-3.65858074166757,0.0128608195266961,2.61354401507802
-3.7647858073809,0.0134392404984202,2.7046100811326,2.03,0,NaN,NaN,8.29383332467886,4.637810466,7.44181530936429,3.43556778857143,-4.0062467754,0.0128176291164857,2.84357112533421,-4.22533974912481,0.0123877008404557,2.84681029063085
-2.78772811233883,0.00635279430061604,2.12094556578532,3.2875,0,NaN,NaN,7.5574191268289,4.41317689548387,7.03001797827097,3.55767273290323,-3.47234037421936,0.00644947298756129,2.17045565497635,-3.47787708084922,0.00715940102196783,2.17896106114061
-0.506892301189769,0.0171591324872891,2.07782587431431,4.12,0,NaN,NaN,9.558453924,7.4335984128,7.8510696870528,4.6798632,-3.17122147584,0.015856831968768,2.89778389470947,-3.18725014885001,0.0142038954324072,2.97285982162807
-0.521363311205169,0.0222296571978255,3.18459996003718,3.875,0,NaN,NaN,9.49043728408645,8.28615591406452,8.57527903551484,6.69329059354839,-1.8819924075871,0.0225380931087484,3.73408570169254,-1.96624429577561,0.0213596322999066,3.71006611532451
3.74675350554079,0.0280064187477962,1.90870190704412,3.52,0,NaN,NaN,6.76956003786432,8.6338284048,7.2777181139928,7.058293272,-0.21941025696,0.0370078450344,4.03286908071471,-0.527229505033711,0.0397879093072091,4.3832523154433
0.424875764277912,0.0781544362042947,4.48465920308787,5.18,0,NaN,NaN,8.131139310816,8.34332287122581,7.29465534622219,6.9446026916129,-0.350050248696774,0.0771334896309677,4.83640285554531,-0.424666782892251,0.0731222139859864,4.84032996688519
4.0518786812717,0.045874346930613,2.37653325520512,3.966666667,0,NaN,NaN,7.79348915911277,7.9239786596129,7.78746470732129,7.81061142193548,0.0231568520516129,0.0494406277269677,4.82099962083504,-0.619672408831588,0.0567817907264315,5.20504212151757
0.128277517409932,0.0694769002291162,3.80083683903502,5.425,0,NaN,NaN,7.598871268992,7.3480457808,7.0298669072736,6.246444528,-0.78341763312,0.0682309761552,4.12300491472399,-1.01881389310691,0.0635766493442272,4.46051463716635
-3.35770663781765,0.041849011296896,5.40803213516609,4.08,0,NaN,NaN,8.65453100451097,5.83932481780645,8.48565934460129,5.54079820645161,-2.94487181210323,0.0416162156469677,5.14643567201055,-3.00471754470917,0.0415269253070156,5.00201597853279
NaN,NaN,NaN,4,0,NaN,NaN,6.80392998504,6.1525337256,-9999,4.262612184,-9999,-9999,-9999,-1.77663581632579,0.0258021290744249,2.88266812180092
NaN,NaN,NaN,4.31,0,NaN,NaN,7.29564605814194,5.750456328,-9999,3.1436485316129,-9999,-9999,-9999,-3.36096967270017,0.0196778815851581,3.07528672203935
NaN,NaN,NaN,3.2,0,NaN,NaN,5.64984089837419,5.43992969729032,-9999,2.5344989883871,-9999,-9999,-9999,-2.45875246577548,0.0133970524532688,2.36037016859963
-2.6177874133082,0.00856968455369073,2.26910098511046,3.3,0,NaN,NaN,6.27326806782857,3.02775867,7.11327919941391,3.17942511428571,-3.57942465297391,0.00863836403863305,2.46316454504728,-3.31945984033622,0.0087672944130512,2.47187596900194
-2.32358125137229,0.00884417104361354,2.63876324371709,3.58,0,NaN,NaN,8.57162214229006,4.97329843819355,8.31269559451355,4.52725701677419,-3.78544111664516,0.00941881341623226,3.02988595549474,-3.85847633082539,0.0100762487300046,2.9930612842385
-0.565558042366319,0.0089178440978931,2.34631388610769,3.3,0,NaN,NaN,8.310912155208,6.6317743944,8.065422657648,5.603783184,-2.4616328184,0.0082853441532,3.02030904977028,-2.64002266918618,0.00899850591517031,3.04795317063399
2.84395402590045,0.0158625487436108,2.24174704957822,3.78,0,NaN,NaN,7.36941104001523,6.96264299070968,9.83356593579871,7.73945286967742,-2.09411651612903,0.0150261084253161,4.55600044520503,-2.56166334502813,0.0159527195722747,4.8363198195521
1.22390191881281,0.037874449912256,3.20590408261932,3.3625,0,NaN,NaN,7.637022986976,7.5174168096,7.1896127349888,6.417544032,-0.7720612668,0.0363962431008,4.07187970291937,-0.617120554975886,0.0336594118366282,4.20259224621998
-0.172077879073266,0.0395373149444726,3.84558934934601,5.9,0,NaN,NaN,8.15070443391917,7.33956510193548,6.96206708684129,5.66131045935484,-1.30075228100903,0.0425788408289032,4.34608915968618,-1.05348978368126,0.0434953938181475,4.42783704095536
-0.380547928712846,0.0628238135193521,3.87494015777408,1.5,0,NaN,NaN,7.60404574935174,7.71352703767742,7.80337266578245,7.18036878193548,-0.623011710425806,0.0611073762363871,4.29555449327439,-0.277014897306405,0.0564377974587408,4.22015927895793
1.95945474785124,0.0834229718743723,3.53031517643209,3.8,0,NaN,NaN,7.0376588986248,7.6164097968,6.605740717632,6.873179184,0.26743363164,0.0788153706648,4.44104856226308,-0.230061755547329,0.0804224758664022,4.41795574482807
-0.925962395293561,0.0654259095901123,3.88459659407231,3.26,0,NaN,NaN,5.22145033616207,5.07218305703226,4.66760971709419,4.21428465290323,-0.453327960263226,0.066193727681729,3.52499378634731,-0.431204574431779,0.0652581444518412,3.561944815487
-3.14716290395908,0.0314117736980604,3.34011788574196,4,0,NaN,NaN,5.939184942,4.6886939064,5.36609086056216,3.68705988,-1.67903401032,0.031765805262,2.67865592779634,-1.76093152145945,0.0261879420247883,2.65997397540629
-6.1407712965479,NaN,3.3577608667792,2.7,0,NaN,NaN,5.1613598535329,3.2764026123871,4.92449210117094,2.67964903741935,-2.24483770474839,0.0156228815148387,2.27407967728618,-2.4308249675209,0.0138235412468723,2.32532211004974
NaN,NaN,NaN,3.42,0,NaN,NaN,NaN,NaN,NaN,NaN,NaN,NaN,NaN,NaN,NaN,NaN
NaN,NaN,NaN,3.06,0,NaN,NaN,NaN,NaN,NaN,NaN,NaN,NaN,NaN,NaN,NaN,NaN
NaN,NaN,NaN,2.6,0,NaN,NaN,NaN,NaN,NaN,NaN,NaN,NaN,NaN,NaN,NaN,NaN
NaN,NaN,NaN,NaN,0,NaN,NaN,NaN,NaN,NaN,NaN,NaN,NaN,NaN,NaN,NaN,NaN
NaN,NaN,NaN,2.4,0,NaN,NaN,NaN,NaN,NaN,NaN,NaN,NaN,NaN,NaN,NaN,NaN
NaN,NaN,NaN,3.1,0,NaN,NaN,NaN,NaN,NaN,NaN,NaN,NaN,NaN,NaN,NaN,NaN
NaN,NaN,NaN,4.5,0,NaN,NaN,NaN,NaN,NaN,NaN,NaN,NaN,NaN,NaN,NaN,NaN
NaN,NaN,NaN,6.8,0,NaN,NaN,NaN,NaN,NaN,NaN,NaN,NaN,NaN,NaN,NaN,NaN
NaN,NaN,NaN,4.84,0,NaN,NaN,NaN,NaN,NaN,NaN,NaN,NaN,NaN,NaN,NaN,NaN
NaN,NaN,NaN,4.8125,0,NaN,NaN,NaN,NaN,NaN,NaN,NaN,NaN,NaN,NaN,NaN,NaN
NaN,NaN,NaN,3.33,0,NaN,NaN,NaN,NaN,NaN,NaN,NaN,NaN,NaN,NaN,NaN,NaN
NaN,NaN,NaN,3.02,0,NaN,NaN,NaN,NaN,NaN,NaN,NaN,NaN,NaN,NaN,NaN,NaN
NaN,NaN,NaN,3.59,0,NaN,NaN,NaN,NaN,NaN,NaN,NaN,NaN,NaN,NaN,NaN,NaN
NaN,NaN,NaN,3.2875,0,NaN,NaN,NaN,NaN,NaN,NaN,NaN,NaN,NaN,NaN,NaN,NaN
NaN,NaN,NaN,3.72,0,NaN,NaN,NaN,NaN,NaN,NaN,NaN,NaN,NaN,NaN,NaN,NaN
NaN,NaN,NaN,4.19,0,NaN,NaN,NaN,NaN,NaN,NaN,NaN,NaN,NaN,NaN,NaN,NaN
NaN,NaN,NaN,NaN,0,NaN,NaN,NaN,NaN,NaN,NaN,NaN,NaN,NaN,NaN,NaN,NaN
NaN,NaN,NaN,4.033333333,0,NaN,NaN,NaN,NaN,NaN,NaN,NaN,NaN,NaN,NaN,NaN,NaN
NaN,NaN,NaN,4.61,0,NaN,NaN,NaN,NaN,NaN,NaN,NaN,NaN,NaN,NaN,NaN,NaN
NaN,NaN,NaN,2.22,0,NaN,NaN,NaN,NaN,NaN,NaN,NaN,NaN,NaN,NaN,NaN,NaN
NaN,NaN,NaN,NaN,0,NaN,NaN,NaN,NaN,NaN,NaN,NaN,NaN,NaN,NaN,NaN,NaN
NaN,NaN,NaN,5.0375,0,NaN,NaN,NaN,NaN,NaN,NaN,NaN,NaN,NaN,NaN,NaN,NaN
NaN,NaN,NaN,3.325,0,NaN,NaN,NaN,NaN,NaN,NaN,NaN,NaN,NaN,NaN,NaN,NaN
NaN,NaN,NaN,2.99,0,NaN,NaN,NaN,NaN,NaN,NaN,NaN,NaN,NaN,NaN,NaN,NaN
NaN,NaN,NaN,2.93,0,NaN,NaN,NaN,NaN,NaN,NaN,NaN,NaN,NaN,NaN,NaN,NaN
NaN,NaN,NaN,3.46,0,NaN,NaN,NaN,NaN,NaN,NaN,NaN,NaN,NaN,NaN,NaN,NaN
NaN,NaN,NaN,2.78,0,NaN,NaN,NaN,NaN,NaN,NaN,NaN,NaN,NaN,NaN,NaN,NaN
NaN,NaN,NaN,3.9,0,NaN,NaN,NaN,NaN,NaN,NaN,NaN,NaN,NaN,NaN,NaN,NaN
NaN,NaN,NaN,5.033333333,0,NaN,NaN,NaN,NaN,NaN,NaN,NaN,NaN,NaN,NaN,NaN,NaN
NaN,NaN,NaN,NaN,0,NaN,NaN,NaN,NaN,NaN,NaN,NaN,NaN,NaN,NaN,NaN,NaN
NaN,NaN,NaN,3.24,0,NaN,NaN,NaN,NaN,NaN,NaN,NaN,NaN,NaN,NaN,NaN,NaN
NaN,NaN,NaN,3.45,0,NaN,NaN,NaN,NaN,NaN,NaN,NaN,NaN,NaN,NaN,NaN,NaN
NaN,NaN,NaN,3.066666667,0,NaN,NaN,NaN,NaN,NaN,NaN,NaN,NaN,NaN,NaN,NaN,NaN
NaN,NaN,NaN,3.02,0,NaN,NaN,NaN,NaN,NaN,NaN,NaN,NaN,NaN,NaN,NaN,NaN
NaN,NaN,NaN,3.83,0,NaN,NaN,NaN,NaN,NaN,NaN,NaN,NaN,NaN,NaN,NaN,NaN
NaN,NaN,NaN,3.88,0,NaN,NaN,NaN,NaN,NaN,NaN,NaN,NaN,NaN,NaN,NaN,NaN
