NBE,CH4,ET,LAI,SCF,EWT,ABGB,GPP_DT,ER_DT,GPP_NT,ER_NT,NBE_F,CH4_F,ET_F,NBE_ANN,CH4_ANN,ET_ANN
NaN,NaN,NaN,1.261111111,0,-18.9813385009766,NaN,NaN,NaN,NaN,NaN,NaN,NaN,NaN,NaN,NaN,NaN
NaN,NaN,NaN,1.211111111,0,-5.18634843826294,NaN,NaN,NaN,NaN,NaN,NaN,NaN,NaN,NaN,NaN,NaN
NaN,NaN,NaN,1.225,0,-7.76393938064575,NaN,NaN,NaN,NaN,NaN,NaN,NaN,NaN,NaN,NaN,NaN
NaN,NaN,NaN,0.988888889,0,-27.1383666992188,NaN,NaN,NaN,NaN,NaN,NaN,NaN,NaN,NaN,NaN,NaN
NaN,NaN,NaN,0.9875,0,NaN,NaN,NaN,NaN,NaN,NaN,NaN,NaN,NaN,NaN,NaN,NaN
NaN,NaN,NaN,0.9,0,-40.4073257446289,NaN,NaN,NaN,NaN,NaN,NaN,NaN,NaN,NaN,NaN,NaN
NaN,NaN,NaN,1.083333333,0,-63.095458984375,NaN,NaN,NaN,NaN,NaN,NaN,NaN,NaN,NaN,NaN,NaN
NaN,NaN,NaN,0.78,0,-78.0029144287109,NaN,NaN,NaN,NaN,NaN,NaN,NaN,NaN,NaN,NaN,NaN
NaN,NaN,NaN,0.516666667,0,-51.3798675537109,NaN,NaN,NaN,NaN,NaN,NaN,NaN,NaN,NaN,NaN,NaN
NaN,NaN,NaN,0.811111111,0,NaN,NaN,NaN,NaN,NaN,NaN,NaN,NaN,NaN,NaN,NaN,NaN
NaN,NaN,NaN,1.08,0,-19.4992351531982,NaN,NaN,NaN,NaN,NaN,NaN,NaN,NaN,NaN,NaN,NaN
NaN,NaN,NaN,1.38125,0,8.08887672424316,NaN,NaN,NaN,NaN,NaN,NaN,NaN,NaN,NaN,NaN,NaN
NaN,NaN,NaN,1.7375,0,51.4916381835938,NaN,NaN,NaN,NaN,NaN,NaN,NaN,NaN,NaN,NaN,NaN
NaN,NaN,NaN,0.92,0,39.8323364257812,NaN,NaN,NaN,NaN,NaN,NaN,NaN,NaN,NaN,NaN,NaN
NaN,NaN,NaN,1.333333333,0,NaN,NaN,NaN,NaN,NaN,NaN,NaN,NaN,NaN,NaN,NaN,NaN
NaN,NaN,NaN,0.94,0,72.9396896362305,NaN,NaN,NaN,NaN,NaN,NaN,NaN,NaN,NaN,NaN,NaN
NaN,NaN,NaN,0.775,0,79.5132827758789,NaN,NaN,NaN,NaN,NaN,NaN,NaN,NaN,NaN,NaN,NaN
NaN,NaN,NaN,1.164285714,0,52.7582244873047,NaN,NaN,NaN,NaN,NaN,NaN,NaN,NaN,NaN,NaN,NaN
NaN,NaN,NaN,1.383333333,0,24.5713787078857,NaN,NaN,NaN,NaN,NaN,NaN,NaN,NaN,NaN,NaN,NaN
NaN,NaN,NaN,0.925,0,NaN,NaN,NaN,NaN,NaN,NaN,NaN,NaN,NaN,NaN,NaN,NaN
NaN,NaN,NaN,0.625,0,NaN,NaN,NaN,NaN,NaN,NaN,NaN,NaN,NaN,NaN,NaN,NaN
NaN,NaN,NaN,0.6625,0,2.77033066749573,NaN,NaN,NaN,NaN,NaN,NaN,NaN,NaN,NaN,NaN,NaN
NaN,NaN,NaN,0.88,0,10.509349822998,NaN,NaN,NaN,NaN,NaN,NaN,NaN,NaN,NaN,NaN,NaN
NaN,NaN,NaN,1.0625,0,38.9277801513672,NaN,NaN,NaN,NaN,NaN,NaN,NaN,NaN,NaN,NaN,NaN
NaN,NaN,NaN,0.86,0,51.6728820800781,NaN,NaN,NaN,NaN,NaN,NaN,NaN,NaN,NaN,NaN,NaN
NaN,NaN,NaN,0.9625,0,NaN,NaN,NaN,NaN,NaN,NaN,NaN,NaN,NaN,NaN,NaN,NaN
NaN,NaN,NaN,1,0,81.4686279296875,NaN,NaN,NaN,NaN,NaN,NaN,NaN,NaN,NaN,NaN,NaN
NaN,NaN,NaN,1.1,0,74.5730895996094,NaN,NaN,NaN,NaN,NaN,NaN,NaN,NaN,NaN,NaN,NaN
NaN,NaN,NaN,0.766666667,0,79.7214050292969,NaN,NaN,NaN,NaN,NaN,NaN,NaN,NaN,NaN,NaN,NaN
NaN,NaN,NaN,1.08125,0,61.6430511474609,NaN,NaN,NaN,NaN,NaN,NaN,NaN,NaN,NaN,NaN,NaN
NaN,NaN,NaN,1.233333333,0,NaN,NaN,NaN,NaN,NaN,NaN,NaN,NaN,NaN,NaN,NaN,NaN
NaN,NaN,NaN,0.808333333,0,32.2549858093262,NaN,NaN,NaN,NaN,NaN,NaN,NaN,NaN,NaN,NaN,NaN
NaN,NaN,NaN,0.592857143,0,19.2023696899414,NaN,NaN,NaN,NaN,NaN,NaN,NaN,NaN,NaN,NaN,NaN
NaN,NaN,NaN,0.86875,0,27.2123737335205,NaN,NaN,NaN,NaN,NaN,NaN,NaN,NaN,NaN,NaN,NaN
NaN,NaN,NaN,1.15,0,46.0139312744141,NaN,NaN,NaN,NaN,NaN,NaN,NaN,NaN,NaN,NaN,NaN
NaN,NaN,NaN,2.022222222,0,NaN,NaN,NaN,NaN,NaN,NaN,NaN,NaN,NaN,NaN,NaN,NaN
NaN,NaN,NaN,1.25,0,68.1963729858398,832.7885911,NaN,NaN,NaN,NaN,NaN,NaN,NaN,NaN,NaN,NaN
NaN,NaN,NaN,1.233333333,0,54.9638290405273,832.7885911,NaN,NaN,NaN,NaN,NaN,NaN,NaN,NaN,NaN,NaN
NaN,NaN,NaN,1.15,0,66.6706848144531,832.7885911,NaN,NaN,NaN,NaN,NaN,NaN,NaN,NaN,NaN,NaN
NaN,NaN,NaN,0.9,0,40.4164428710938,832.7885911,NaN,NaN,NaN,NaN,NaN,NaN,NaN,NaN,NaN,NaN
NaN,NaN,NaN,0.8,0,52.6915702819824,832.7885911,NaN,NaN,NaN,NaN,NaN,NaN,NaN,NaN,NaN,NaN
NaN,NaN,NaN,1.233333333,0,NaN,832.7885911,NaN,NaN,NaN,NaN,NaN,NaN,NaN,NaN,NaN,NaN
NaN,NaN,NaN,1.2,0,-29.2281551361084,832.7885911,NaN,NaN,NaN,NaN,NaN,NaN,NaN,NaN,NaN,NaN
NaN,NaN,NaN,0.7,0,-43.8477516174316,832.7885911,NaN,NaN,NaN,NaN,NaN,NaN,NaN,NaN,NaN,NaN
NaN,NaN,NaN,0.383333333,0,-47.3008499145508,832.7885911,NaN,NaN,NaN,NaN,NaN,NaN,NaN,NaN,NaN,NaN
NaN,NaN,NaN,0.4375,0,NaN,832.7885911,NaN,NaN,NaN,NaN,NaN,NaN,NaN,NaN,NaN,NaN
NaN,NaN,NaN,0.927777778,0,NaN,832.7885911,NaN,NaN,NaN,NaN,NaN,NaN,NaN,NaN,NaN,NaN
NaN,NaN,NaN,1.233333333,0,-48.6067276000977,832.7885911,NaN,NaN,NaN,NaN,NaN,NaN,NaN,NaN,NaN,NaN
NaN,NaN,NaN,1.29375,0,-37.4434280395508,NaN,NaN,NaN,NaN,NaN,NaN,NaN,NaN,NaN,NaN,NaN
NaN,NaN,NaN,1.08125,0,24.0069770812988,NaN,NaN,NaN,NaN,NaN,NaN,NaN,NaN,NaN,NaN,NaN
NaN,NaN,NaN,1.183333333,0,20.6426048278809,NaN,NaN,NaN,NaN,NaN,NaN,NaN,NaN,NaN,NaN,NaN
NaN,NaN,NaN,1.15,0,NaN,NaN,NaN,NaN,NaN,NaN,NaN,NaN,NaN,NaN,NaN,NaN
NaN,NaN,NaN,0.625,0,8.79537105560303,NaN,NaN,NaN,NaN,NaN,NaN,NaN,NaN,NaN,NaN,NaN
NaN,NaN,NaN,1.141666667,0,5.89430809020996,NaN,NaN,NaN,NaN,NaN,NaN,NaN,NaN,NaN,NaN,NaN
NaN,NaN,NaN,0.775,0,-9.98943996429443,NaN,NaN,NaN,NaN,NaN,NaN,NaN,NaN,NaN,NaN,NaN
NaN,NaN,NaN,0.783333333,0,-38.5215835571289,NaN,NaN,NaN,NaN,NaN,NaN,NaN,NaN,NaN,NaN,NaN
NaN,NaN,NaN,0.725,0,NaN,NaN,NaN,NaN,NaN,NaN,NaN,NaN,NaN,NaN,NaN,NaN
NaN,NaN,NaN,0.535714286,0,NaN,NaN,NaN,NaN,NaN,NaN,NaN,NaN,NaN,NaN,NaN,NaN
NaN,NaN,NaN,0.91875,0,-9.76991844177246,NaN,NaN,NaN,NaN,NaN,NaN,NaN,NaN,NaN,NaN,NaN
NaN,NaN,NaN,0.88125,0,-13.9449701309204,NaN,NaN,NaN,NaN,NaN,NaN,NaN,NaN,NaN,NaN,NaN
-2.54184384219149,NaN,1.12052653264444,0.566666667,0,-24.8052253723145,NaN,4.15440311791587,1.42022639513032,4.83350621038281,2.8228445811871,-2.01066114170323,-9999,1.06605988200272,-1.75262480162207,0.0210311698258624,0.998586798083614
-4.40263682881239,NaN,1.1374899244224,0.7,0,NaN,NaN,7.94783460812657,6.21770228213143,7.87717800812571,4.78156793451429,-3.0956085738,-9999,1.100304115894,-3.32154696646407,0.0189715429794056,1.3108417148242
-4.70901891462572,NaN,2.2049025831808,0.991666667,0,-14.4784116744995,NaN,8.16390105092826,6.53833848785806,9.14669414972826,7.74719401145806,-1.3995091899871,-9999,1.55750365258282,-2.16156726745983,0.00763913020347741,1.76576426701547
-4.76720799114293,NaN,2.59919879745117,0.725,0,-18.4161109924316,NaN,10.252491283872,11.313548212392,10.287147699144,11.37965733,1.0925169552,-9999,1.98014005675794,0.266160225188509,-0.00909865521367644,2.16141830812274
0.0305978996802742,NaN,3.7969479552028,0.666666667,0,-3.37907648086548,NaN,4.98375522394839,6.88594920531097,7.46376871199226,11.386053431071,3.92227631674839,-9999,2.73802260704894,3.65592740859085,-0.00637480980324872,2.66877160195564
3.13954476993055,NaN,2.96816528209428,0.85,0,-30.0391120910645,NaN,1.728948292992,5.70616828704,0.926132949864,4.02631430112,3.10017934728,-9999,1.88380329623505,5.63855547378312,-4.56157011984223e-05,2.07297280091331
4.41718262968771,NaN,6.69071112138166,0.65,0,NaN,NaN,6.59747929068,11.3874909579639,6.54511238588903,11.0380569925935,4.49293627997419,-9999,4.68584235810532,5.56448719202503,0.00904032467073302,4.69075307771177
-15.5023336388356,NaN,7.07773479167534,0.3,0,NaN,NaN,15.854500520129,11.4444941808542,20.1161689830813,15.6446799665806,-4.47148181938064,-9999,4.0631943542743,-3.8159446455416,0.0164989090169799,4.45508090311449
-3.85813624162897,NaN,3.49738518601997,0.475,0,NaN,NaN,11.33397038592,10.553239070568,11.863384773264,11.51111709792,-0.3522637728,-9999,2.54221080392369,-0.107301167187607,0.00581891501255261,2.51154815320244
3.38214430130423,NaN,2.17773981486237,0.592857143,0,NaN,NaN,1.26315168380663,4.69831340387613,2.61857532623226,7.18553885132903,4.56696372883355,-9999,1.20944971556005,4.36834743626777,-0.0137802590250055,1.39602695423082
0.735685085197562,-0.030346317584686,1.01615299615576,0.877777778,0,NaN,NaN,2.2767900209712,3.389069099304,2.862552890592,5.15818950984,2.295637246512,-0.03483912433752,0.840285395427661,1.64302912653411,-0.0357851617611165,0.886293789571935
-1.56722099873687,-0.045923112790274,0.391743169727717,1.08125,0,NaN,NaN,2.98171163845161,1.95583235242065,3.01148487917419,2.36732284033548,-0.644157295896774,-0.0485058527879226,0.269656444053876,-0.467908303474218,-0.0518953707783306,0.4752891537113
-2.88562901688418,-0.0396125213679943,0.807925912395835,1.141666667,0,NaN,NaN,5.39561295464516,3.33257191613419,5.19418520361058,3.71711019809032,-1.47706762281445,-0.0470738538889548,0.624181606034426,-1.90256005973525,-0.0520746017640995,0.79917075538694
-4.67973930348804,-0.067408898602517,1.16690393763482,1.025,0,NaN,NaN,5.89916103382286,2.58503271086571,6.52852848525429,3.63899158431429,-2.88953482988571,-0.0647472639857143,0.873738597909472,-2.63391236763666,-0.0649377025638437,0.879232551876462
-6.7482008187728,-0.0568476395798265,1.82502068228046,0.975,0,NaN,NaN,8.57041836131613,5.01300029255226,7.73556589512,4.29672245550968,-3.43883325925161,-0.0503135684059355,1.13407157641482,-3.10067655574875,-0.0552023815827911,1.13265176878008
-5.53497930876016,-0.0251690105383809,5.61470849712023,1.13125,0,NaN,NaN,9.66644175528,8.3129463918,10.488668549688,9.90901635336,-0.5796569376,-0.039470288997446,3.96237480281096,-0.4080640500818,-0.0339902172659013,3.92738556572677
8.53336427187175,NaN,3.90643641477164,0.82,0,NaN,NaN,0.828910463009342,8.65985194697806,2.11160528563355,10.6983789043355,8.58676641677419,-9999,2.76452888825298,8.44671976304313,-0.0362275163754387,2.75350891290979
7.38354012750821,NaN,4.35238974443119,0.8,0,-8.176513671875,NaN,1.908902977344,9.036579214296,2.644094480112,10.75509296928,8.111005128,-9999,3.17270746079511,8.27044869003464,-0.0236526777628142,3.18474494372814
-13.7537632175144,NaN,7.43181720393496,0.766666667,0,-31.5418472290039,NaN,20.1258994215948,16.1445626410297,20.5060182948465,16.4693290649806,-4.03668757649032,-9999,4.9821915612309,-4.44708109224401,-0.0175465907651773,4.96644716212509
-1.11587494177804,NaN,5.21050114540322,0.8,0,NaN,NaN,13.8050780374684,15.1900559420748,12.6411820573935,13.5324367297548,0.891257046967742,-9999,4.32059770348214,0.782355759540919,-0.0128844789134941,4.28845931024576
-1.52525861581951,NaN,3.02732113642037,0.6,0,NaN,NaN,7.88449486017096,8.459818754112,8.46666560412,9.92334881664,1.45668486744,-9999,2.15965317535838,1.38746341877883,-0.0156347141932567,2.21198206170449
4.83404501114624,NaN,2.07536229318621,0.55,0,-52.2480621337891,NaN,0.385756379214968,4.94196303000774,0.517741516823226,5.55596786554839,5.03822585032258,-9999,1.65235694974443,4.87152377248768,-0.0113379120200554,1.63854070759425
0.180351305929,NaN,1.45199627260345,0.7,0,-47.9616889953613,NaN,2.4528951901512,3.165806338632,2.6749594296144,3.65999186592,0.98503149744,-9999,1.15374566685727,1.10823663906233,-0.0151094324025702,1.12596117965669
-2.77727315449799,NaN,1.21639837458414,1.114285714,0,-31.8080749511719,NaN,4.75606119207484,2.26525118713548,5.61373439785084,3.99923365796129,-1.61449129019613,-9999,1.12820845868197,-1.48280550033112,-0.00116834065386802,0.988510918013975
NaN,NaN,NaN,0.3,0,-27.5823040008545,NaN,NaN,NaN,NaN,NaN,NaN,NaN,NaN,NaN,NaN,NaN
NaN,NaN,NaN,1.066666667,0,-28.1935920715332,NaN,NaN,NaN,NaN,NaN,NaN,NaN,NaN,NaN,NaN,NaN
NaN,NaN,NaN,0.9,0,-14.1213722229004,NaN,NaN,NaN,NaN,NaN,NaN,NaN,NaN,NaN,NaN,NaN
NaN,NaN,NaN,0.95,0,-18.0227680206299,NaN,NaN,NaN,NaN,NaN,NaN,NaN,NaN,NaN,NaN,NaN
NaN,NaN,NaN,1.116666667,0,-10.9118843078613,NaN,NaN,NaN,NaN,NaN,NaN,NaN,NaN,NaN,NaN,NaN
NaN,NaN,NaN,0.6,0,-10.6639499664307,NaN,NaN,NaN,NaN,NaN,NaN,NaN,NaN,NaN,NaN,NaN
NaN,NaN,NaN,0.666666667,0,-38.3733940124512,NaN,NaN,NaN,NaN,NaN,NaN,NaN,NaN,NaN,NaN,NaN
NaN,NaN,NaN,0.444444444,0,-56.0185394287109,NaN,NaN,NaN,NaN,NaN,NaN,NaN,NaN,NaN,NaN,NaN
NaN,NaN,NaN,0.5,0,-78.0907897949219,NaN,NaN,NaN,NaN,NaN,NaN,NaN,NaN,NaN,NaN,NaN
NaN,NaN,NaN,1.15,0,-76.5641632080078,NaN,NaN,NaN,NaN,NaN,NaN,NaN,NaN,NaN,NaN,NaN
NaN,NaN,NaN,1.1,0,-64.2467422485352,NaN,NaN,NaN,NaN,NaN,NaN,NaN,NaN,NaN,NaN,NaN
NaN,NaN,NaN,1.1,0,-5.32285404205322,NaN,NaN,NaN,NaN,NaN,NaN,NaN,NaN,NaN,NaN,NaN
NaN,NaN,NaN,0.95,0,-2.64187216758728,734.437063,NaN,NaN,NaN,NaN,NaN,NaN,NaN,NaN,NaN,NaN
NaN,NaN,NaN,0.7,0,-12.2555780410767,734.437063,NaN,NaN,NaN,NaN,NaN,NaN,NaN,NaN,NaN,NaN
NaN,NaN,NaN,0.75,0,-1.00519287586212,734.437063,NaN,NaN,NaN,NaN,NaN,NaN,NaN,NaN,NaN,NaN
NaN,NaN,NaN,0.666666667,0,-36.3660163879395,734.437063,NaN,NaN,NaN,NaN,NaN,NaN,NaN,NaN,NaN,NaN
NaN,NaN,NaN,0.616666667,0,-28.4329452514648,734.437063,NaN,NaN,NaN,NaN,NaN,NaN,NaN,NaN,NaN,NaN
NaN,NaN,NaN,NaN,0,-42.0558700561523,734.437063,NaN,NaN,NaN,NaN,NaN,NaN,NaN,NaN,NaN,NaN
NaN,NaN,NaN,0.7,0,-68.1701049804688,734.437063,NaN,NaN,NaN,NaN,NaN,NaN,NaN,NaN,NaN,NaN
NaN,NaN,NaN,0.7,0,-69.4837036132812,734.437063,NaN,NaN,NaN,NaN,NaN,NaN,NaN,NaN,NaN,NaN
NaN,NaN,NaN,0.25,0,-75.9250793457031,734.437063,NaN,NaN,NaN,NaN,NaN,NaN,NaN,NaN,NaN,NaN
NaN,NaN,NaN,NaN,0,-58.6794242858887,734.437063,NaN,NaN,NaN,NaN,NaN,NaN,NaN,NaN,NaN,NaN
NaN,NaN,NaN,1.1,0,-79.0114440917969,734.437063,NaN,NaN,NaN,NaN,NaN,NaN,NaN,NaN,NaN,NaN
NaN,NaN,NaN,0.99,0,-43.8426132202148,734.437063,NaN,NaN,NaN,NaN,NaN,NaN,NaN,NaN,NaN,NaN
NaN,NaN,NaN,1.2,0,-1.64881896972656,NaN,NaN,NaN,NaN,NaN,NaN,NaN,NaN,NaN,NaN,NaN
NaN,NaN,NaN,NaN,0,-14.7863845825195,NaN,NaN,NaN,NaN,NaN,NaN,NaN,NaN,NaN,NaN,NaN
NaN,NaN,NaN,1.1,0,-1.30128490924835,NaN,NaN,NaN,NaN,NaN,NaN,NaN,NaN,NaN,NaN,NaN
NaN,NaN,NaN,0.9,0,NaN,NaN,NaN,NaN,NaN,NaN,NaN,NaN,NaN,NaN,NaN,NaN
NaN,NaN,NaN,NaN,0,NaN,NaN,NaN,NaN,NaN,NaN,NaN,NaN,NaN,NaN,NaN,NaN
NaN,NaN,NaN,1.05,0,NaN,NaN,NaN,NaN,NaN,NaN,NaN,NaN,NaN,NaN,NaN,NaN
NaN,NaN,NaN,0.66,0,NaN,NaN,NaN,NaN,NaN,NaN,NaN,NaN,NaN,NaN,NaN,NaN
NaN,NaN,NaN,0.725,0,NaN,NaN,NaN,NaN,NaN,NaN,NaN,NaN,NaN,NaN,NaN,NaN
NaN,NaN,NaN,0.5,0,NaN,NaN,NaN,NaN,NaN,NaN,NaN,NaN,NaN,NaN,NaN,NaN
NaN,NaN,NaN,0.49,0,NaN,NaN,NaN,NaN,NaN,NaN,NaN,NaN,NaN,NaN,NaN,NaN
NaN,NaN,NaN,1.228571429,0,NaN,NaN,NaN,NaN,NaN,NaN,NaN,NaN,NaN,NaN,NaN,NaN
NaN,NaN,NaN,1.14,0,NaN,NaN,NaN,NaN,NaN,NaN,NaN,NaN,NaN,NaN,NaN,NaN
