NBE,CH4,ET,LAI,SCF,EWT,ABGB,GPP_DT,ER_DT,GPP_NT,ER_NT,NBE_F,CH4_F,ET_F,NBE_ANN,CH4_ANN,ET_ANN
NaN,NaN,NaN,0.225,0,96.6011199951172,NaN,NaN,NaN,NaN,NaN,NaN,NaN,NaN,NaN,NaN,NaN
NaN,NaN,NaN,0.122222222,0,99.2220687866211,NaN,NaN,NaN,NaN,NaN,NaN,NaN,NaN,NaN,NaN,NaN
NaN,NaN,NaN,0.172222222,0,189.692138671875,NaN,NaN,NaN,NaN,NaN,NaN,NaN,NaN,NaN,NaN,NaN
NaN,NaN,NaN,0.677777778,0,163.293380737305,NaN,NaN,NaN,NaN,NaN,NaN,NaN,NaN,NaN,NaN,NaN
NaN,NaN,NaN,0.96,0,139.335754394531,NaN,NaN,NaN,NaN,NaN,NaN,NaN,NaN,NaN,NaN,NaN
NaN,NaN,NaN,0.7,0,125.291915893555,NaN,NaN,NaN,NaN,NaN,NaN,NaN,NaN,NaN,NaN,NaN
NaN,NaN,NaN,2.214285714,0,29.3127136230469,NaN,NaN,NaN,NaN,NaN,NaN,NaN,NaN,NaN,NaN,NaN
NaN,NaN,NaN,2.805555556,0,-25.0271434783936,NaN,NaN,NaN,NaN,NaN,NaN,NaN,NaN,NaN,NaN,NaN
NaN,NaN,NaN,1.25625,0,-46.0933647155762,NaN,NaN,NaN,NaN,NaN,NaN,NaN,NaN,NaN,NaN,NaN
NaN,NaN,NaN,0.575,0,-37.2870407104492,NaN,NaN,NaN,NaN,NaN,NaN,NaN,NaN,NaN,NaN,NaN
NaN,NaN,NaN,0.322222222,0,71.6662139892578,NaN,NaN,NaN,NaN,NaN,NaN,NaN,NaN,NaN,NaN,NaN
NaN,NaN,NaN,0.127777778,0,77.2651138305664,NaN,NaN,NaN,NaN,NaN,NaN,NaN,NaN,NaN,NaN,NaN
NaN,NaN,NaN,0.183333333,0,60.2531776428223,NaN,NaN,NaN,NaN,NaN,NaN,NaN,NaN,NaN,NaN,NaN
NaN,NaN,NaN,0.138888889,0,81.9712982177734,NaN,NaN,NaN,NaN,NaN,NaN,NaN,NaN,NaN,NaN,NaN
NaN,NaN,NaN,0.3,0,62.4895515441895,NaN,NaN,NaN,NaN,NaN,NaN,NaN,NaN,NaN,NaN,NaN
NaN,NaN,NaN,0.488888889,0,93.5641326904297,NaN,NaN,NaN,NaN,NaN,NaN,NaN,NaN,NaN,NaN,NaN
NaN,NaN,NaN,0.94375,0,76.7961730957031,NaN,NaN,NaN,NaN,NaN,NaN,NaN,NaN,NaN,NaN,NaN
NaN,NaN,NaN,3.15,0,-19.9141845703125,NaN,NaN,NaN,NaN,NaN,NaN,NaN,NaN,NaN,NaN,NaN
NaN,NaN,NaN,2.966666667,0,-50.4082336425781,NaN,NaN,NaN,NaN,NaN,NaN,NaN,NaN,NaN,NaN,NaN
NaN,NaN,NaN,2.655555556,0,-90.3900909423828,NaN,NaN,NaN,NaN,NaN,NaN,NaN,NaN,NaN,NaN,NaN
NaN,NaN,NaN,1.233333333,0,-55.6230506896973,NaN,NaN,NaN,NaN,NaN,NaN,NaN,NaN,NaN,NaN,NaN
NaN,NaN,NaN,NaN,0,-18.0302505493164,NaN,NaN,NaN,NaN,NaN,NaN,NaN,NaN,NaN,NaN,NaN
NaN,NaN,NaN,0.328571429,0,-11.3800525665283,NaN,NaN,NaN,NaN,NaN,NaN,NaN,NaN,NaN,NaN,NaN
NaN,NaN,NaN,0.1,0.2738888889,25.404727935791,NaN,NaN,NaN,NaN,NaN,NaN,NaN,NaN,NaN,NaN,NaN
NaN,NaN,NaN,NaN,0,90.460823059082,NaN,NaN,NaN,NaN,NaN,NaN,NaN,NaN,NaN,NaN,NaN
NaN,NaN,NaN,0.116666667,0.405,73.5375061035156,NaN,NaN,NaN,NaN,NaN,NaN,NaN,NaN,NaN,NaN,NaN
NaN,NaN,NaN,NaN,0,119.61434173584,NaN,NaN,NaN,NaN,NaN,NaN,NaN,NaN,NaN,NaN,NaN
NaN,NaN,NaN,0.342857143,0,141.988586425781,NaN,NaN,NaN,NaN,NaN,NaN,NaN,NaN,NaN,NaN,NaN
NaN,NaN,NaN,0.875,0,80.7339401245117,NaN,NaN,NaN,NaN,NaN,NaN,NaN,NaN,NaN,NaN,NaN
NaN,NaN,NaN,1.9125,0,-13.1301107406616,NaN,NaN,NaN,NaN,NaN,NaN,NaN,NaN,NaN,NaN,NaN
NaN,NaN,NaN,3.10625,0,-77.6602172851562,NaN,NaN,NaN,NaN,NaN,NaN,NaN,NaN,NaN,NaN,NaN
NaN,NaN,NaN,2.411111111,0,-105.350997924805,NaN,NaN,NaN,NaN,NaN,NaN,NaN,NaN,NaN,NaN,NaN
NaN,NaN,NaN,1.077777778,0,-152.327926635742,NaN,NaN,NaN,NaN,NaN,NaN,NaN,NaN,NaN,NaN,NaN
NaN,NaN,NaN,0.592857143,0,-88.9624862670898,NaN,NaN,NaN,NaN,NaN,NaN,NaN,NaN,NaN,NaN,NaN
NaN,NaN,NaN,0.194444444,0,-96.2592163085938,NaN,NaN,NaN,NaN,NaN,NaN,NaN,NaN,NaN,NaN,NaN
NaN,NaN,NaN,0.244444444,0,-23.1030941009521,NaN,NaN,NaN,NaN,NaN,NaN,NaN,NaN,NaN,NaN,NaN
NaN,NaN,NaN,0.438888889,0,-27.3496246337891,NaN,NaN,NaN,NaN,NaN,NaN,NaN,NaN,NaN,NaN,NaN
NaN,NaN,NaN,0.41875,0,-22.4536724090576,NaN,NaN,NaN,NaN,NaN,NaN,NaN,NaN,NaN,NaN,NaN
NaN,NaN,NaN,0.625,0,-18.6235408782959,NaN,NaN,NaN,NaN,NaN,NaN,NaN,NaN,NaN,NaN,NaN
NaN,NaN,NaN,NaN,0,-32.6658401489258,NaN,NaN,NaN,NaN,NaN,NaN,NaN,NaN,NaN,NaN,NaN
NaN,NaN,NaN,1.055555556,0,-56.287841796875,NaN,NaN,NaN,NaN,NaN,NaN,NaN,NaN,NaN,NaN,NaN
NaN,NaN,NaN,1.8,0,5.67856979370117,NaN,NaN,NaN,NaN,NaN,NaN,NaN,NaN,NaN,NaN,NaN
NaN,NaN,NaN,2.427777778,0,-102.634460449219,NaN,NaN,NaN,NaN,NaN,NaN,NaN,NaN,NaN,NaN,NaN
NaN,NaN,NaN,1.8375,0,-149.026336669922,NaN,NaN,NaN,NaN,NaN,NaN,NaN,NaN,NaN,NaN,NaN
NaN,NaN,NaN,1.25,0,-170.304718017578,NaN,NaN,NaN,NaN,NaN,NaN,NaN,NaN,NaN,NaN,NaN
NaN,NaN,NaN,0.48,0,-192.567169189453,NaN,NaN,NaN,NaN,NaN,NaN,NaN,NaN,NaN,NaN,NaN
NaN,NaN,NaN,0.322222222,0,-122.537887573242,NaN,NaN,NaN,NaN,NaN,NaN,NaN,NaN,NaN,NaN,NaN
NaN,NaN,NaN,0.2375,0,-43.172664642334,NaN,NaN,NaN,NaN,NaN,NaN,NaN,NaN,NaN,NaN,NaN
NaN,NaN,NaN,0.133333333,0,1.46061432361603,NaN,NaN,NaN,NaN,NaN,NaN,NaN,NaN,NaN,NaN,NaN
NaN,NaN,NaN,0.23125,0,1.90014815330505,NaN,NaN,NaN,NaN,NaN,NaN,NaN,NaN,NaN,NaN,NaN
NaN,NaN,NaN,0.288888889,0,-19.6650505065918,NaN,NaN,NaN,NaN,NaN,NaN,NaN,NaN,NaN,NaN,NaN
NaN,NaN,NaN,0.455555556,0,42.5981559753418,NaN,NaN,NaN,NaN,NaN,NaN,NaN,NaN,NaN,NaN,NaN
NaN,NaN,NaN,NaN,0,44.1136016845703,NaN,NaN,NaN,NaN,NaN,NaN,NaN,NaN,NaN,NaN,NaN
NaN,NaN,NaN,2.1,0,18.052547454834,NaN,NaN,NaN,NaN,NaN,NaN,NaN,NaN,NaN,NaN,NaN
NaN,NaN,NaN,2.877777778,0,-69.6792678833008,NaN,NaN,NaN,NaN,NaN,NaN,NaN,NaN,NaN,NaN,NaN
NaN,NaN,NaN,2.1,0,-90.8593902587891,NaN,NaN,NaN,NaN,NaN,NaN,NaN,NaN,NaN,NaN,NaN
NaN,NaN,NaN,0.827777778,0,-120.231246948242,NaN,NaN,NaN,NaN,NaN,NaN,NaN,NaN,NaN,NaN,NaN
NaN,NaN,NaN,0.35,0,-155.403137207031,NaN,NaN,NaN,NaN,NaN,NaN,NaN,NaN,NaN,NaN,NaN
NaN,NaN,NaN,0.244444444,0,-45.666690826416,NaN,NaN,NaN,NaN,NaN,NaN,NaN,NaN,NaN,NaN,NaN
NaN,NaN,NaN,0.1,0,126.984367370605,NaN,NaN,NaN,NaN,NaN,NaN,NaN,NaN,NaN,NaN,NaN
0.391786052327551,NaN,0.0620290517602532,0.033333333,0.7033333333,120.195373535156,NaN,0.055331618388733,0.196793083850652,2.545264539146,3.03026165882981,0.485000697030721,-9999,0.0217436607008305,0.465310011192768,0.00480744636574902,-0.0123378507992876
0.581241049050642,NaN,0.555791394512164,0.221428571,0,137.279190063477,NaN,0.0834887090507143,0.420281208514286,0.244112352171429,0.712481569714286,0.468369608502857,-9999,0.523348916629003,0.581961879245337,0.00261515900461152,0.50833038339702
2.17999560903343,NaN,1.99223124120607,0.294444444,0,161.62890625,NaN,0.163263620572258,1.39561906621935,0.861089646309677,2.74106131258065,1.87996963085419,-9999,1.54926763772965,1.69922064006285,-0.000706826306152842,1.50806610324429
1.17555583887384,0.0114466310545048,2.03484447694359,0.77,0,172.731018066406,NaN,0.43748139889008,0.8963342064,1.008988454808,2.183715265752,1.17472373424,0.0120106808154,2.02801191911529,1.21400648947173,0.011425289521702,2.01093943988489
0.201033531384158,0.156719546106303,4.62522576597681,0.788888889,0,117.746810913086,NaN,2.96291382136258,2.80898953432258,2.17525849599484,2.52755019432,0.352293991548387,0.151998421658632,3.73116303389226,0.379465765529564,0.154550061525737,3.79784270694851
-9.23181410642059,0.0839609842049318,4.88050263058623,1.533333333,0,38.4282760620117,NaN,11.47411805256,3.951118638,12.1480371989136,4.91377179096,-7.23426756336,0.091271016453168,4.50883507123444,-7.01366862252319,0.0978440581283812,4.4676851881081
-12.3810642371035,0.335475460310721,4.8471765969364,3.361111111,0,-13.2888698577881,NaN,16.6138864878426,7.83659717233548,18.4615413939848,9.79023133776774,-8.67129853726452,0.332279618214194,4.13863328193923,-8.72892081358891,0.307873026974061,4.13535422909527
-9.1846592543789,0.206138155667377,4.8189619120832,1.311111111,0,-99.2601928710938,NaN,11.8061993643097,7.92886457055484,13.0818978703277,9.63763966865032,-3.44427416407742,0.219877721744516,3.29450845440028,-3.53344955600498,0.232459510973061,3.28718967602342
-0.341638995677434,0.00789542348750961,2.23791323295699,1.2375,0,-149.726150512695,NaN,3.126083777208,3.76083499536,3.50098477164,4.933461610368,1.4324742396,0.013207811307696,1.49909838428758,1.59383671444113,0.0103822682044677,1.48141043504213
1.72685000725084,0.00494162749890731,0.694435679398369,0.477777778,0,-147.489288330078,NaN,1.88206633853419,2.35805925042581,0.501954242934194,2.37594189976258,1.87398886830968,0.00813935209573161,0.46112951277303,1.87579312833721,0.00541892638856308,0.452853502122695
1.05514056300593,0.00173995747528869,0.149473182735337,0.172222222,0,-100.526733398438,NaN,0.345653052629976,0.958302486,-0.0138978547056,1.02437626932,1.0382732172,0.0010552335331032,0.0925268098188506,1.08920531868156,0.00239381965306352,0.0947710265583653
0.488984881409196,0.00484242736705705,0.162972798718565,0.19,0,-26.9249820709229,NaN,0.0726551028371613,0.623126694890323,0.0191582854072258,0.521546170645161,0.502388224490323,0.00425632667748991,0.0849002932249454,0.52694647076992,0.00312619059721628,0.0666404918371307
0.336163759579868,0.00271029624501603,0.227111472255102,0.275,0,83.9096221923828,NaN,0.119431629011613,0.635166447096774,-0.0206369858968258,0.287418897127742,0.308055716825806,0.00296483829099097,0.15799892488739,0.39083248688721,0.00339799403010262,0.12348654364264
0.338950511390075,0.00528164085387892,0.432334073953973,0.271428571,0,100.346832275391,NaN,0.104489276824286,0.399822112028571,0.124317244598657,0.450352694571429,0.326035043845714,0.00270892498376571,0.250461898963063,0.419569595515141,0.00458008776767097,0.249878356936067
0.819516383009951,0.0176033045222216,1.32911769754843,0.338888889,0,101.181327819824,NaN,0.223430046826064,0.765172806503226,0.310677137941935,1.19117970555097,0.880501470015484,0.00552396524214194,0.930142796463628,0.975684801191734,0.0110346002901597,0.911994325650815
2.58139648866848,0.0222796084911479,2.65200313377075,0.7,0,85.2578277587891,NaN,0.162659866354632,1.93224999384,0.4931989543224,3.09870027792,2.6055016704,0.014329220943528,1.92503950046474,2.38525999892461,0.017166851476093,1.92670676064381
1.95763610089437,0.0269664034730461,2.82519370449854,0.9375,0,102.036468505859,NaN,1.33802618051629,2.3680769012129,0.519385227568258,2.43318832820129,1.91380362550606,0.0246519918120774,2.3110212954176,1.90019909785169,0.0242046684177985,2.32772659200553
-2.44157203810912,0.0500214224807381,4.16846054707085,1.066666667,0,48.0012435913086,NaN,5.35793019984,4.9938632424,4.789005786144,4.153045031208,-0.635962051296,0.049446468082872,3.08573948488655,-0.677512053847482,0.0532967918477751,3.09094158604972
-14.4032011224848,0.2186579625303,5.60449856725501,3.211111111,0,1.46641397476196,NaN,17.6184291658065,10.094427396929,16.5629283113265,8.21312898319742,-8.34979194371613,0.214904163716129,4.28587361039902,-8.92429391556097,0.214422251250683,4.23418213676331
-14.8354636343826,0.206548764729164,4.41731243137339,2.361111111,0,-66.570686340332,NaN,14.2443559813935,8.50813994810323,13.1634951296075,5.69714232727742,-7.46635489176774,0.183803791986581,2.88229883104394,-6.98248818882165,0.185664718861003,2.90580797566542
-6.90946502691625,NaN,2.66520260846794,1.166666667,0,-84.7459411621094,NaN,7.463310492024,6.22726900992,6.8913072308736,4.769544962592,-2.12175728136,0.0726920811216,1.51023701812466,-2.220487865026,0.0481773716372547,1.50192481775743
-1.29708111687033,0.0108266355958504,0.86163538971385,0.427777778,0,-83.6134719848633,NaN,1.68379155703742,1.58393364456774,1.71245145746323,1.7390161367071,0.0265703871483871,0.00810984570572903,0.455332281640328,0.120570700459232,0.00758109938171631,0.448572983403574
1.28424615037399,0.00180233650364056,0.223823770677656,0.16875,0,26.9167041778564,NaN,0.114003152424,1.39276786464,0.0865716756408,1.413153226296,1.32658247088,0.00127127966472,0.115997785169371,1.14654148615507,0.00313935414455382,0.116454516523322
0.543474813054484,0.00966922504510813,0.18261636604131,NaN,0,73.2968292236328,NaN,0.0243080933806452,0.640998582270968,0.0115447575553548,0.47856697776,0.467022448056774,0.00838553597070968,0.0884908167932717,0.49397560926711,0.00604539710076885,0.0698018824044759
NaN,NaN,NaN,NaN,0,NaN,NaN,NaN,NaN,NaN,NaN,NaN,NaN,NaN,NaN,NaN,NaN
NaN,NaN,NaN,0.166666667,0,26.2615375518799,NaN,NaN,NaN,NaN,NaN,NaN,NaN,NaN,NaN,NaN,NaN
NaN,NaN,NaN,0.125,0,102.549224853516,NaN,NaN,NaN,NaN,NaN,NaN,NaN,NaN,NaN,NaN,NaN
NaN,NaN,NaN,0.433333333,0,48.6023750305176,NaN,NaN,NaN,NaN,NaN,NaN,NaN,NaN,NaN,NaN,NaN
NaN,NaN,NaN,1.028571429,0,24.472785949707,NaN,NaN,NaN,NaN,NaN,NaN,NaN,NaN,NaN,NaN,NaN
NaN,NaN,NaN,5.2,0,NaN,NaN,NaN,NaN,NaN,NaN,NaN,NaN,NaN,NaN,NaN,NaN
NaN,NaN,NaN,3.327777778,0,-63.466796875,NaN,NaN,NaN,NaN,NaN,NaN,NaN,NaN,NaN,NaN,NaN
NaN,NaN,NaN,2.544444444,0,-76.5040664672852,NaN,NaN,NaN,NaN,NaN,NaN,NaN,NaN,NaN,NaN,NaN
NaN,NaN,NaN,1,0,-147.32405090332,NaN,NaN,NaN,NaN,NaN,NaN,NaN,NaN,NaN,NaN,NaN
NaN,NaN,NaN,0.422222222,0,-154.904586791992,NaN,NaN,NaN,NaN,NaN,NaN,NaN,NaN,NaN,NaN,NaN
NaN,NaN,NaN,NaN,0,-80.9111785888672,NaN,NaN,NaN,NaN,NaN,NaN,NaN,NaN,NaN,NaN,NaN
NaN,NaN,NaN,0.141666667,0,-17.9505367279053,NaN,NaN,NaN,NaN,NaN,NaN,NaN,NaN,NaN,NaN,NaN
NaN,NaN,NaN,0.125,0,13.8695583343506,NaN,NaN,NaN,NaN,NaN,NaN,NaN,NaN,NaN,NaN,NaN
NaN,NaN,NaN,0.1375,0.6061111111,19.9735279083252,NaN,NaN,NaN,NaN,NaN,NaN,NaN,NaN,NaN,NaN,NaN
NaN,NaN,NaN,0.244444444,0,61.3039627075195,NaN,NaN,NaN,NaN,NaN,NaN,NaN,NaN,NaN,NaN,NaN
NaN,NaN,NaN,0.666666667,0,-26.8784618377686,NaN,NaN,NaN,NaN,NaN,NaN,NaN,NaN,NaN,NaN,NaN
NaN,NaN,NaN,0.7125,0,NaN,NaN,NaN,NaN,NaN,NaN,NaN,NaN,NaN,NaN,NaN,NaN
NaN,NaN,NaN,1.275,0,-63.4132385253906,NaN,NaN,NaN,NaN,NaN,NaN,NaN,NaN,NaN,NaN,NaN
NaN,NaN,NaN,2.64375,0,-131.035369873047,NaN,NaN,NaN,NaN,NaN,NaN,NaN,NaN,NaN,NaN,NaN
NaN,NaN,NaN,1.888888889,0,-209.058959960938,NaN,NaN,NaN,NaN,NaN,NaN,NaN,NaN,NaN,NaN,NaN
NaN,NaN,NaN,0.833333333,0,-154.339706420898,NaN,NaN,NaN,NaN,NaN,NaN,NaN,NaN,NaN,NaN,NaN
NaN,NaN,NaN,0.464285714,0,NaN,NaN,NaN,NaN,NaN,NaN,NaN,NaN,NaN,NaN,NaN,NaN
NaN,NaN,NaN,NaN,0,-10.9486389160156,NaN,NaN,NaN,NaN,NaN,NaN,NaN,NaN,NaN,NaN,NaN
NaN,NaN,NaN,0.25,0,19.8066062927246,NaN,NaN,NaN,NaN,NaN,NaN,NaN,NaN,NaN,NaN,NaN
NaN,NaN,NaN,NaN,0.00611111111,130.029830932617,NaN,NaN,NaN,NaN,NaN,NaN,NaN,NaN,NaN,NaN,NaN
NaN,NaN,NaN,0.188888889,0,135.187545776367,NaN,NaN,NaN,NaN,NaN,NaN,NaN,NaN,NaN,NaN,NaN
NaN,NaN,NaN,0.355555556,0,NaN,NaN,NaN,NaN,NaN,NaN,NaN,NaN,NaN,NaN,NaN,NaN
NaN,NaN,NaN,0.333333333,0,154.992034912109,NaN,NaN,NaN,NaN,NaN,NaN,NaN,NaN,NaN,NaN,NaN
NaN,NaN,NaN,0.922222222,0,192.556274414062,NaN,NaN,NaN,NaN,NaN,NaN,NaN,NaN,NaN,NaN,NaN
NaN,NaN,NaN,1.305555556,0,149.422546386719,NaN,NaN,NaN,NaN,NaN,NaN,NaN,NaN,NaN,NaN,NaN
NaN,NaN,NaN,3.76,0,-13.1397533416748,NaN,NaN,NaN,NaN,NaN,NaN,NaN,NaN,NaN,NaN,NaN
NaN,NaN,NaN,2.955555556,0,NaN,NaN,NaN,NaN,NaN,NaN,NaN,NaN,NaN,NaN,NaN,NaN
NaN,NaN,NaN,1.161111111,0,NaN,NaN,NaN,NaN,NaN,NaN,NaN,NaN,NaN,NaN,NaN,NaN
NaN,NaN,NaN,0.455555556,0,-56.7400398254395,NaN,NaN,NaN,NaN,NaN,NaN,NaN,NaN,NaN,NaN,NaN
NaN,NaN,NaN,0.322222222,0,40.0863876342773,NaN,NaN,NaN,NaN,NaN,NaN,NaN,NaN,NaN,NaN,NaN
NaN,NaN,NaN,0.294444444,0,35.1981315612793,NaN,NaN,NaN,NaN,NaN,NaN,NaN,NaN,NaN,NaN,NaN
