NBE,CH4,ET,LAI,SCF,EWT,ABGB,GPP_DT,ER_DT,GPP_NT,ER_NT,NBE_F,CH4_F,ET_F,NBE_ANN,CH4_ANN,ET_ANN
NaN,NaN,NaN,0,0.6972222222,1.98144721984863,NaN,NaN,NaN,NaN,NaN,NaN,NaN,NaN,NaN,NaN,NaN
NaN,NaN,NaN,0,0.7461111111,-3.32898163795471,NaN,NaN,NaN,NaN,NaN,NaN,NaN,NaN,NaN,NaN,NaN
NaN,NaN,NaN,NaN,0.7477777778,-7.94172191619873,NaN,NaN,NaN,NaN,NaN,NaN,NaN,NaN,NaN,NaN,NaN
NaN,NaN,NaN,0.1,0,-9.54606628417969,NaN,NaN,NaN,NaN,NaN,NaN,NaN,NaN,NaN,NaN,NaN
NaN,NaN,NaN,1.022222222,0,-8.48026561737061,NaN,NaN,NaN,NaN,NaN,NaN,NaN,NaN,NaN,NaN,NaN
NaN,NaN,NaN,1.877777778,0,-18.4737319946289,NaN,NaN,NaN,NaN,NaN,NaN,NaN,NaN,NaN,NaN,NaN
NaN,NaN,NaN,1.125,0,-25.0894927978516,NaN,NaN,NaN,NaN,NaN,NaN,NaN,NaN,NaN,NaN,NaN
NaN,NaN,NaN,1.533333333,0,-26.3909645080566,NaN,NaN,NaN,NaN,NaN,NaN,NaN,NaN,NaN,NaN,NaN
NaN,NaN,NaN,1.011111111,0,-33.1582489013672,NaN,NaN,NaN,NaN,NaN,NaN,NaN,NaN,NaN,NaN,NaN
NaN,NaN,NaN,0.655555556,0,-41.6878318786621,NaN,NaN,NaN,NaN,NaN,NaN,NaN,NaN,NaN,NaN,NaN
NaN,NaN,NaN,0.6125,0,-44.6606254577637,NaN,NaN,NaN,NaN,NaN,NaN,NaN,NaN,NaN,NaN,NaN
NaN,NaN,NaN,0.1,0.5522222222,-43.6132011413574,NaN,NaN,NaN,NaN,NaN,NaN,NaN,NaN,NaN,NaN,NaN
NaN,NaN,NaN,NaN,0.7355555556,NaN,NaN,NaN,NaN,NaN,NaN,NaN,NaN,NaN,NaN,NaN,NaN
NaN,NaN,NaN,0,0.6827777778,-30.3249816894531,NaN,NaN,NaN,NaN,NaN,NaN,NaN,NaN,NaN,NaN,NaN
NaN,NaN,NaN,0,0.6772222222,-39.258228302002,NaN,NaN,NaN,NaN,NaN,NaN,NaN,NaN,NaN,NaN,NaN
NaN,NaN,NaN,0.6,0,-44.5651168823242,NaN,NaN,NaN,NaN,NaN,NaN,NaN,NaN,NaN,NaN,NaN
NaN,NaN,NaN,0.925,0,-43.124137878418,NaN,NaN,NaN,NaN,NaN,NaN,NaN,NaN,NaN,NaN,NaN
NaN,NaN,NaN,1.916666667,0,NaN,NaN,NaN,NaN,NaN,NaN,NaN,NaN,NaN,NaN,NaN,NaN
NaN,NaN,NaN,1.961111111,0,-53.6719436645508,NaN,NaN,NaN,NaN,NaN,NaN,NaN,NaN,NaN,NaN,NaN
NaN,NaN,NaN,2.005555556,0,-53.4210052490234,NaN,NaN,NaN,NaN,NaN,NaN,NaN,NaN,NaN,NaN,NaN
NaN,NaN,NaN,1.155555556,0,-55.9903335571289,NaN,NaN,NaN,NaN,NaN,NaN,NaN,NaN,NaN,NaN,NaN
NaN,NaN,NaN,0.722222222,0,-59.0735816955566,NaN,NaN,NaN,NaN,NaN,NaN,NaN,NaN,NaN,NaN,NaN
NaN,NaN,NaN,NaN,0,-59.3807411193848,NaN,NaN,NaN,NaN,NaN,NaN,NaN,NaN,NaN,NaN,NaN
NaN,NaN,NaN,0,0.6627777778,-63.5574035644531,NaN,NaN,NaN,NaN,NaN,NaN,NaN,NaN,NaN,NaN,NaN
NaN,NaN,NaN,0,0.6744444444,-63.7092132568359,NaN,NaN,NaN,NaN,NaN,NaN,NaN,NaN,NaN,NaN,NaN
NaN,NaN,NaN,0,0.6866666667,-62.6965713500977,NaN,NaN,NaN,NaN,NaN,NaN,NaN,NaN,NaN,NaN,NaN
NaN,NaN,NaN,0,0.785,-63.8599739074707,NaN,NaN,NaN,NaN,NaN,NaN,NaN,NaN,NaN,NaN,NaN
NaN,NaN,NaN,0.016666667,0.6405555556,-59.4445953369141,NaN,NaN,NaN,NaN,NaN,NaN,NaN,NaN,NaN,NaN,NaN
NaN,NaN,NaN,1.3,0,NaN,NaN,NaN,NaN,NaN,NaN,NaN,NaN,NaN,NaN,NaN,NaN
NaN,NaN,NaN,1.408333333,0,-64.9975280761719,NaN,NaN,NaN,NaN,NaN,NaN,NaN,NaN,NaN,NaN,NaN
NaN,NaN,NaN,1.96,0,-68.6807479858398,NaN,NaN,NaN,NaN,NaN,NaN,NaN,NaN,NaN,NaN,NaN
NaN,NaN,NaN,2.733333333,0,-68.9321975708008,NaN,NaN,NaN,NaN,NaN,NaN,NaN,NaN,NaN,NaN,NaN
NaN,NaN,NaN,1.3,0,-72.6896438598633,NaN,NaN,NaN,NaN,NaN,NaN,NaN,NaN,NaN,NaN,NaN
NaN,NaN,NaN,1,0,NaN,NaN,NaN,NaN,NaN,NaN,NaN,NaN,NaN,NaN,NaN,NaN
NaN,NaN,NaN,0.666666667,0,-73.6171035766602,NaN,NaN,NaN,NaN,NaN,NaN,NaN,NaN,NaN,NaN,NaN
NaN,NaN,NaN,0,0.6305555556,-72.9353256225586,NaN,NaN,NaN,NaN,NaN,NaN,NaN,NaN,NaN,NaN,NaN
NaN,NaN,NaN,0,0.6266666667,-69.8044128417969,NaN,NaN,NaN,NaN,NaN,NaN,NaN,NaN,NaN,NaN,NaN
NaN,NaN,NaN,0,0.654375,-71.3655700683594,NaN,NaN,NaN,NaN,NaN,NaN,NaN,NaN,NaN,NaN,NaN
NaN,NaN,NaN,0,0.6211111111,NaN,NaN,NaN,NaN,NaN,NaN,NaN,NaN,NaN,NaN,NaN,NaN
NaN,NaN,NaN,0.1,0.3511111111,-68.0466384887695,NaN,NaN,NaN,NaN,NaN,NaN,NaN,NaN,NaN,NaN,NaN
NaN,NaN,NaN,1.377777778,0,-66.0759429931641,NaN,NaN,NaN,NaN,NaN,NaN,NaN,NaN,NaN,NaN,NaN
NaN,NaN,NaN,1.94,0,-65.3937301635742,NaN,NaN,NaN,NaN,NaN,NaN,NaN,NaN,NaN,NaN,NaN
NaN,NaN,NaN,1.966666667,0,-69.3392028808594,NaN,NaN,NaN,NaN,NaN,NaN,NaN,NaN,NaN,NaN,NaN
NaN,NaN,NaN,NaN,0,NaN,NaN,NaN,NaN,NaN,NaN,NaN,NaN,NaN,NaN,NaN,NaN
NaN,NaN,NaN,1.378571429,0,NaN,NaN,NaN,NaN,NaN,NaN,NaN,NaN,NaN,NaN,NaN,NaN
NaN,NaN,NaN,0.766666667,0,-65.0550689697266,NaN,NaN,NaN,NaN,NaN,NaN,NaN,NaN,NaN,NaN,NaN
NaN,NaN,NaN,NaN,0.06166666667,-65.0841751098633,NaN,NaN,NaN,NaN,NaN,NaN,NaN,NaN,NaN,NaN,NaN
NaN,NaN,NaN,0,0.7983333333,-65.1813583374023,NaN,NaN,NaN,NaN,NaN,NaN,NaN,NaN,NaN,NaN,NaN
NaN,NaN,NaN,0,0.6438888889,-60.4196548461914,NaN,NaN,NaN,NaN,NaN,NaN,NaN,NaN,NaN,NaN,NaN
NaN,NaN,NaN,0,0.7083333333,NaN,NaN,NaN,NaN,NaN,NaN,NaN,NaN,NaN,NaN,NaN,NaN
NaN,NaN,NaN,0,0.7538888889,-66.0745391845703,NaN,NaN,NaN,NaN,NaN,NaN,NaN,NaN,NaN,NaN,NaN
NaN,NaN,NaN,0.15,0,-63.3140754699707,NaN,NaN,NaN,NaN,NaN,NaN,NaN,NaN,NaN,NaN,NaN
NaN,NaN,NaN,1.283333333,0,-61.6102256774902,NaN,NaN,NaN,NaN,NaN,NaN,NaN,NaN,NaN,NaN,NaN
NaN,NaN,NaN,2.388888889,0,-63.2207412719727,NaN,NaN,NaN,NaN,NaN,NaN,NaN,NaN,NaN,NaN,NaN
NaN,NaN,NaN,1.827777778,0,NaN,NaN,NaN,NaN,NaN,NaN,NaN,NaN,NaN,NaN,NaN,NaN
NaN,NaN,NaN,1.816666667,0,-64.0574035644531,NaN,NaN,NaN,NaN,NaN,NaN,NaN,NaN,NaN,NaN,NaN
NaN,NaN,NaN,1.478571429,0,-68.7516098022461,NaN,NaN,NaN,NaN,NaN,NaN,NaN,NaN,NaN,NaN,NaN
NaN,NaN,NaN,0.74375,0,-68.9088516235352,NaN,NaN,NaN,NaN,NaN,NaN,NaN,NaN,NaN,NaN,NaN
NaN,NaN,NaN,0.34375,0,-67.7311401367188,NaN,NaN,NaN,NaN,NaN,NaN,NaN,NaN,NaN,NaN,NaN
NaN,NaN,NaN,0,0.1055555556,NaN,NaN,NaN,NaN,NaN,NaN,NaN,NaN,NaN,NaN,NaN,NaN
NaN,NaN,NaN,0,0.6622222222,-63.332347869873,NaN,0.348932786738998,0.272564364897735,-9999,0.0791189194583391,-9999,-9999,-9999,0.703547664152275,0.0181049295210927,0.272038319077513
NaN,NaN,NaN,0,0.7705555556,-61.0519638061523,NaN,0.533120013977143,0.294183479571429,-9999,0.09481377186,-9999,-9999,-9999,0.658525207375902,0.0118896762266564,0.383413518415709
NaN,NaN,NaN,0,0.7838888889,-68.5251007080078,NaN,0.604774892173936,0.358441186064516,-9999,0.142534178245161,-9999,-9999,-9999,0.484209544547606,0.00762257927857165,0.569991509220816
-0.766717502635442,0.00946947511779989,3.35717956616568,NaN,0,-71.1096878051758,NaN,0.72710886206808,0.41559714576,0.798278639319529,0.411971524272,-0.201653625930353,0.0101681583501176,1.91742098802525,-0.00553306416560134,0.0106446575740654,1.91687991407112
-1.83018000078156,0.0153669902370811,4.11635846872648,1.15,0,-71.2974472045898,NaN,1.60367849205677,0.512289665326452,2.12642942952774,1.47153393938323,-0.654893792802581,0.0163787213612903,2.52549242754753,-0.635171448251017,0.0166309214898433,2.5654363621654
NaN,NaN,NaN,1.633333333,0,NaN,NaN,4.647427088904,2.5159532112,4.444926815376,2.793656562624,-1.651271075928,0.028711863684,2.44787891244113,-1.92848705681693,0.0259585165410958,2.50981984977215
-4.5903737831687,0.044414048113973,4.61015499455514,1.9,0,-68.5346069335938,NaN,5.50806096001471,3.51609980516129,5.94376015365383,4.68458328890323,-1.25917524313548,0.0452619190683871,2.97634562828414,-1.28154691606858,0.0460700162928573,2.99025687479866
-4.17777073809168,0.0797941539262918,4.54004035023637,NaN,0,-69.4986190795898,NaN,5.36493746554839,3.90475602580645,5.97740525455123,5.07874276570065,-0.898656794756129,0.0770301422709677,2.86468463890939,-0.915710978356307,0.0755607935053751,2.83942824685837
-3.81276666501927,0.0619403270542451,3.67277547208175,1.433333333,0,-71.5978927612305,NaN,3.10089920544,1.976507964,3.5099583658092,2.938550755608,-0.57140655624,0.05851833696,1.86005053270073,-0.559944360219495,0.0631669832883874,1.87964230714354
-0.920181938081656,0.0558754396785066,2.38116676082508,NaN,0,NaN,NaN,1.22153173436903,0.789950594322581,1.37330155888258,1.31854174885161,-0.0547611125458064,0.0541417789858065,1.51121575515319,-0.142733271398461,0.0542079181756962,1.3003032504048
0.288880536702969,0.0407810881634366,0.640942768797653,0.561111111,0,NaN,NaN,0.440457893208,0.58169020608,0.505018295293608,0.893812078152,0.388795005216,0.0382540530857143,0.684755532521896,0.283949070103421,0.0365927708531189,0.648363864200508
0.395686489716244,NaN,0.218306230163669,0.133333333,0.6588888889,-70.2716903686523,NaN,0.116400564480774,0.474655707174194,0.0993109863042581,0.691209993483871,0.591898819482581,-9999,0.249738488517802,0.512809724492862,0.0213420157892048,0.248727489998375
0.568193977065207,NaN,0.337083171937926,0,0.6616666667,-66.6447601318359,NaN,0.138691234451613,0.426753250397419,-0.114359058320284,0.344610008802581,0.4589696088,-9999,0.379758587069412,0.544116997567528,0.00775398824494861,0.278458664854107
0.511220206303062,NaN,0.395172488894064,NaN,0.6611111111,-66.5331192016602,NaN,0.0791531960881655,0.287176437831724,-0.116451700629517,0.398915210209655,0.515367671337931,-9999,0.351894089080796,0.532881239336739,0.00455583867578606,0.24741262750432
0.281621846805943,NaN,0.389519232715084,0,0.7427777778,-68.6294860839844,NaN,0.0649154001534503,0.0864467321156129,0.2132467859376,0.503797572232258,0.290549211853239,0.0273620827787413,0.624359392426743,0.205971149098653,0.0126883584442003,0.541823224964899
-1.07838775389022,0.0293560665892465,3.30705339139514,0.175,0,NaN,NaN,0.8622182694024,0.39294051984,1.07239440053808,0.697672352232,-0.3747230999568,0.029812318056,2.12852887276709,-0.272268343598118,0.0253299590196685,1.9422441578934
-2.24058772633724,0.0276271130945623,4.1637006879808,1.166666667,0,-61.7593193054199,NaN,2.3686140685889,1.33860351251613,2.72568916034013,2.07883797226839,-0.646851259045161,0.0279880621780645,2.69211144768481,-0.779290432856662,0.0283968570156549,2.66530684000069
-5.93459263664621,0.041627056205397,4.05414566782667,2.011111111,0,-63.7388458251953,NaN,5.5922071032,2.916965808,5.6922906778992,3.165174156528,-2.527115739696,0.04289872752,2.54157489394866,-2.54733727011327,0.0430369302685955,2.49049983334958
-7.22298861778084,0.0631172211658179,4.63823884096684,1.644444444,0,-67.0854034423828,NaN,7.69885043718194,5.08640936051613,7.02597888205548,4.50092310886452,-2.52504498890323,0.0787614833032258,3.04582100259302,-2.5716459525987,0.0759146337032884,2.94227015910062
-5.03983154805209,0.123501441393996,4.89579665522415,1.788888889,0,-66.6224212646484,NaN,6.45689673183484,4.26867979354839,6.38323336184516,4.85672719169032,-1.52650146449032,0.12403068596129,3.27781796888593,-1.74183517915447,0.1209717443879,3.25485377140308
-5.61989309040239,0.121414246315142,4.17216884564668,1.342857143,0,NaN,NaN,4.17134189664,2.018119275792,4.965726439908,3.495458547792,-1.47026727432,0.12062884032,2.24842231030532,-1.62561198785537,0.116614341302338,2.13022831825521
-1.48700427769445,0.0719890840206714,2.32910092200106,0.877777778,0,NaN,NaN,1.29405312538839,0.601373249187097,1.55978977982284,1.28455603592516,-0.275232540216774,0.0694561984258065,1.52603162123729,-0.254280728441971,0.0698217213306372,1.27234817173063
0.0160339207106849,0.0310713636724939,0.660200495412285,0,0.5816666667,-63.5900573730469,NaN,0.3402894120048,0.32882490864,0.0858893224752,0.452963716416,0.36707412816,0.032126796,0.553701618206345,0.356355051110116,0.0314265620876063,0.420279875209624
0.504241378974709,0.0202811825454545,0.207404684438759,0,0.745,-62.0287742614746,NaN,0.0282400047870968,0.0371346558967742,0.156006533610581,0.443585362482581,0.287578745823484,0.0217497726580645,0.176517302267738,0.413219368999233,0.0193709517986128,0.245147933313371
0.106787060972308,0.0146872643657143,0.116247725821991,NaN,0.7122222222,-61.288890838623,NaN,0.0607924433032258,0.0374103630348387,-0.0503329876992,0.223352936895484,0.273684341682581,0.0171892402141936,0.172230400763583,0.432639965484662,0.0165754610981766,0.227352129286056
0.40840863552,NaN,0.243133684961176,0,0.6544444444,NaN,NaN,0.111302719225714,0.0612623526942857,-0.140905549828286,0.264101284157143,0.40500769014,0.0147892415914286,0.226960117656447,0.399521196541215,0.0138327902004092,0.276211801321097
0.155433576672,0.010791850752,0.256672434832049,0.027777778,0.7544444444,-62.9316864013672,NaN,0.188408239083871,0.104357272180645,0.104363492771613,0.353228185347097,0.24886511739871,0.0140350943612903,0.604126984081313,0.149019357931694,0.0131530124172278,0.577134848881554
-0.782228562012461,NaN,3.23418525012084,NaN,0,-63.7693710327148,NaN,0.6722096134824,0.40140581616,0.7478855254296,0.549231681672,-0.198654012,0.01836146964816,2.04446101015364,-0.162902115048269,0.0204357359515033,1.84134311097368
-1.63811048459267,NaN,4.1075047789383,1.41875,0,-63.593563079834,NaN,2.08506879916258,1.22007406993548,2.59322675117342,1.94964993757161,-0.643578733277419,0.0340077805176774,2.35417284428172,-0.58410132094762,0.032728410367275,2.27454286287548
-4.74778483745381,NaN,3.59295785601695,2.544444444,0,-64.0453109741211,NaN,5.259680285688,2.2491913248,5.8635301821912,3.326789126808,-2.536736597784,0.056264001984,2.56962379741114,-2.58000322241509,0.0564201784192552,2.53035353580151
-5.99532754045496,0.0929605460219484,5.13292095819949,2.177777778,0,NaN,NaN,7.60176199811613,5.376726,7.90213308639794,5.88302954988387,-2.01910254071226,0.0925441632,3.37900601134193,-2.18928711702196,0.0948080034036117,3.3234445381273
-5.64916905818259,0.150575617903743,4.97536451074146,1.566666667,0,NaN,NaN,5.93524763064,4.64896291354839,6.13776805410194,5.17728265035097,-0.960492505935484,0.144945777832258,2.64098411757823,-1.39668443396425,0.14680383106044,2.64067631990416
-3.7809321308857,0.129840971486836,4.0001226192348,1.55,0,NaN,NaN,3.348542882592,1.83868688952,3.939041526948,3.10025803788,-0.838783722528,0.11948720112,2.12639300862055,-0.962573998177595,0.124680288631295,2.00986923738887
-0.673210944600589,0.0739753754093404,1.88661583511645,0.6,0,NaN,NaN,1.10374510519742,1.05379368154839,1.31165386542302,1.60775301509419,0.296098344232258,0.0683153247483871,1.1140151341366,0.193247486513981,0.0675874448062023,1.05975729678348
0.148009023445749,0.0364423303808707,0.853419326995292,0,0,NaN,NaN,0.3598362153864,0.4297504176,0.3317728494528,0.680912233848,0.3491388554256,0.03459560904,0.627167615738032,0.31406370723811,0.0345607389584264,0.498684426928638
0.3181828464,0.0178153099741353,0.152404542415356,0,0.6561111111,NaN,NaN,0.255048876464516,0.209235784412903,-0.0963031399130323,0.340744297354839,0.437046802931613,0.0183601039587097,0.213987376785027,0.35344243477274,0.0198645508878363,0.120585062846107
0.448490197565217,0.0215030652988235,0.185026345619912,0,0.6188888889,NaN,NaN,0.191970102335226,0.178378633254194,0.00599058558069678,0.286080533535484,0.280090184562581,0.0199549610709677,0.187429678843737,0.371286106213673,0.019258831500614,0.153011770755055
0.247814800887537,0.0251657391238567,0.312540943515055,NaN,0.695,NaN,NaN,0.12851334666,0.118931534202857,-0.048357320544,0.329370512914286,0.37772751222,0.0237128537571429,0.268836298918781,0.335784206460995,0.0213593510693548,0.155640975024077
0.329226479298026,NaN,0.544446135824091,NaN,0.8216666667,NaN,NaN,0.121112529305806,0.19746954116129,0.225533076874839,0.399584026172903,0.174050880247742,0.0246606227303226,0.73376384857075,0.22301993272526,0.021230940895744,0.57000473311322
-0.0304868783277922,NaN,3.19697241067708,NaN,0,NaN,NaN,0.530489055672,0.5990364036,0.376970578160566,0.639382165992,0.165097688208923,0.0408330393364456,1.85189431627451,0.188134342694531,0.0395966917698358,1.69212565855622
NaN,NaN,NaN,1.22,0,NaN,NaN,2.19021524347355,1.76745165445161,-9999,1.89806196288774,-9999,-9999,-9999,0.100738018591498,0.067720560309334,2.27324579690426
NaN,NaN,NaN,1.655555556,0,-65.7449417114258,NaN,3.52314344664,2.736255744,-9999,3.223028015064,-9999,-9999,-9999,-0.355761538638169,0.0875189732568464,2.24761846059949
NaN,NaN,NaN,1.594444444,0,-69.4961090087891,NaN,5.13729834944516,4.40606408516129,-9999,5.11398721939355,-9999,-9999,-9999,-0.301056907973256,0.100629577080489,2.60612650887129
-4.96991078851785,0.088796874218886,4.39537017530212,1.875,0,NaN,NaN,5.2615628784,4.23156120387097,5.40272932457806,4.51939076786323,-0.883344396309677,0.0878959435354839,2.52401285838624,-0.735416732314803,0.0899968682971628,2.27620041649183
-4.16924223884013,0.11492139305561,4.31019457639069,1.5,0,NaN,NaN,3.94270565256,3.31359228,4.0240023060312,3.49457415912,-0.52942213476,0.1050511356,2.10167751694283,-0.764247485326479,0.0942842520448764,2.02527560273085
-1.41700795102356,0.0701498521293795,2.72301697006083,0.905555556,0,-64.049201965332,NaN,1.38381145513548,1.64698961109677,1.27257812286735,1.71159835947097,0.439020913470968,0.063479484,1.25720101416613,0.218871104780418,0.0668163823077131,1.10819371635551
-0.379709848902857,0.0399858764616588,1.34349933826092,0.757142857,0,-60.2385749816895,NaN,0.399018335112,0.45101274048,0.2754987840864,0.464188726872,0.188689978368,0.035329567752,0.671202102172248,0.257961795536416,0.0353792576142268,0.48963874953274
0.410777957376,0.015121166481,0.340512767264715,0,0.6188888889,-61.0319519042969,NaN,0.306044074544516,0.185453039612903,-0.0495730872394839,0.252975600394839,0.30254855832,0.0150396844503484,0.351202124295759,0.294547881009067,0.0206491113752203,0.118487758561169
NaN,NaN,NaN,0,0.69,-63.2312622070312,NaN,NaN,NaN,NaN,NaN,NaN,NaN,NaN,NaN,NaN,NaN
NaN,NaN,NaN,0,0.6388888889,-58.7113037109375,NaN,NaN,NaN,NaN,NaN,NaN,NaN,NaN,NaN,NaN,NaN
NaN,NaN,NaN,0,0.8116666667,-60.516658782959,NaN,NaN,NaN,NaN,NaN,NaN,NaN,NaN,NaN,NaN,NaN
NaN,NaN,NaN,0.766666667,0,-66.2135162353516,NaN,NaN,NaN,NaN,NaN,NaN,NaN,NaN,NaN,NaN,NaN
NaN,NaN,NaN,1.392857143,0,-59.919620513916,NaN,NaN,NaN,NaN,NaN,NaN,NaN,NaN,NaN,NaN,NaN
NaN,NaN,NaN,1.755555556,0,-58.5937576293945,NaN,NaN,NaN,NaN,NaN,NaN,NaN,NaN,NaN,NaN,NaN
NaN,NaN,NaN,1.566666667,0,-59.9543380737305,NaN,NaN,NaN,NaN,NaN,NaN,NaN,NaN,NaN,NaN,NaN
NaN,NaN,NaN,1.45,0,-65.3208770751953,NaN,NaN,NaN,NaN,NaN,NaN,NaN,NaN,NaN,NaN,NaN
NaN,NaN,NaN,1.438888889,0,-66.9051284790039,NaN,NaN,NaN,NaN,NaN,NaN,NaN,NaN,NaN,NaN,NaN
NaN,NaN,NaN,1.316666667,0,-56.0299873352051,NaN,NaN,NaN,NaN,NaN,NaN,NaN,NaN,NaN,NaN,NaN
NaN,NaN,NaN,0.0875,0,-54.3184204101562,NaN,NaN,NaN,NaN,NaN,NaN,NaN,NaN,NaN,NaN,NaN
NaN,NaN,NaN,0,0.6627777778,-54.0672874450684,NaN,NaN,NaN,NaN,NaN,NaN,NaN,NaN,NaN,NaN,NaN
NaN,NaN,NaN,0,0.6755555556,-52.0573463439941,NaN,NaN,NaN,NaN,NaN,NaN,NaN,NaN,NaN,NaN,NaN
NaN,NaN,NaN,0,0.775,-48.0278587341309,NaN,NaN,NaN,NaN,NaN,NaN,NaN,NaN,NaN,NaN,NaN
NaN,NaN,NaN,0.088888889,0.2622222222,-52.5063323974609,NaN,NaN,NaN,NaN,NaN,NaN,NaN,NaN,NaN,NaN,NaN
NaN,NaN,NaN,0.7,0,-56.7516403198242,NaN,NaN,NaN,NaN,NaN,NaN,NaN,NaN,NaN,NaN,NaN
NaN,NaN,NaN,1.475,0,-53.8139724731445,NaN,NaN,NaN,NaN,NaN,NaN,NaN,NaN,NaN,NaN,NaN
NaN,NaN,NaN,1.6,0,-56.3989334106445,NaN,NaN,NaN,NaN,NaN,NaN,NaN,NaN,NaN,NaN,NaN
NaN,NaN,NaN,1.855555556,0,-62.2590827941895,NaN,NaN,NaN,NaN,NaN,NaN,NaN,NaN,NaN,NaN,NaN
NaN,NaN,NaN,2.033333333,0,-63.0465087890625,NaN,NaN,NaN,NaN,NaN,NaN,NaN,NaN,NaN,NaN,NaN
NaN,NaN,NaN,1.328571429,0,-57.6119575500488,NaN,NaN,NaN,NaN,NaN,NaN,NaN,NaN,NaN,NaN,NaN
NaN,NaN,NaN,1.228571429,0,-56.2434310913086,NaN,NaN,NaN,NaN,NaN,NaN,NaN,NaN,NaN,NaN,NaN
NaN,NaN,NaN,NaN,0,-56.6149520874023,NaN,NaN,NaN,NaN,NaN,NaN,NaN,NaN,NaN,NaN,NaN
NaN,NaN,NaN,NaN,0.6538888889,-51.2846450805664,NaN,NaN,NaN,NaN,NaN,NaN,NaN,NaN,NaN,NaN,NaN
NaN,NaN,NaN,0,0.7755555556,-42.7492370605469,NaN,NaN,NaN,NaN,NaN,NaN,NaN,NaN,NaN,NaN,NaN
NaN,NaN,NaN,0,0.6972222222,-48.8827972412109,NaN,NaN,NaN,NaN,NaN,NaN,NaN,NaN,NaN,NaN,NaN
NaN,NaN,NaN,NaN,0.7966666667,-51.0559387207031,NaN,NaN,NaN,NaN,NaN,NaN,NaN,NaN,NaN,NaN,NaN
NaN,NaN,NaN,0.757142857,0,NaN,NaN,NaN,NaN,NaN,NaN,NaN,NaN,NaN,NaN,NaN,NaN
NaN,NaN,NaN,1.338888889,0,NaN,NaN,NaN,NaN,NaN,NaN,NaN,NaN,NaN,NaN,NaN,NaN
NaN,NaN,NaN,2.133333333,0,NaN,NaN,NaN,NaN,NaN,NaN,NaN,NaN,NaN,NaN,NaN,NaN
NaN,NaN,NaN,1.7625,0,NaN,NaN,NaN,NaN,NaN,NaN,NaN,NaN,NaN,NaN,NaN,NaN
NaN,NaN,NaN,1,0,NaN,NaN,NaN,NaN,NaN,NaN,NaN,NaN,NaN,NaN,NaN,NaN
NaN,NaN,NaN,1.405555556,0,NaN,NaN,NaN,NaN,NaN,NaN,NaN,NaN,NaN,NaN,NaN,NaN
NaN,NaN,NaN,1.061111111,0,NaN,NaN,NaN,NaN,NaN,NaN,NaN,NaN,NaN,NaN,NaN,NaN
NaN,NaN,NaN,0.364285714,0,NaN,NaN,NaN,NaN,NaN,NaN,NaN,NaN,NaN,NaN,NaN,NaN
NaN,NaN,NaN,NaN,0.6311111111,NaN,NaN,NaN,NaN,NaN,NaN,NaN,NaN,NaN,NaN,NaN,NaN
