NBE,CH4,ET,LAI,SCF,EWT,ABGB,GPP_DT,ER_DT,GPP_NT,ER_NT,NBE_F,CH4_F,ET_F,NBE_ANN,CH4_ANN,ET_ANN
NaN,NaN,NaN,0.244444444,0,3.36464023590088,NaN,NaN,NaN,NaN,NaN,NaN,NaN,NaN,NaN,NaN,NaN
NaN,NaN,NaN,0.316666667,0,-1.14333415031433,NaN,NaN,NaN,NaN,NaN,NaN,NaN,NaN,NaN,NaN,NaN
NaN,NaN,NaN,0.366666667,0,1.22363662719727,NaN,NaN,NaN,NaN,NaN,NaN,NaN,NaN,NaN,NaN,NaN
NaN,NaN,NaN,NaN,0,-3.4269711971283,NaN,NaN,NaN,NaN,NaN,NaN,NaN,NaN,NaN,NaN,NaN
NaN,NaN,NaN,0.9,0,-5.95741558074951,NaN,NaN,NaN,NaN,NaN,NaN,NaN,NaN,NaN,NaN,NaN
NaN,NaN,NaN,2.033333333,0,-7.21938371658325,NaN,NaN,NaN,NaN,NaN,NaN,NaN,NaN,NaN,NaN,NaN
NaN,NaN,NaN,1.9,0,2.75977826118469,NaN,NaN,NaN,NaN,NaN,NaN,NaN,NaN,NaN,NaN,NaN
NaN,NaN,NaN,2.825,0,-5.75266408920288,NaN,NaN,NaN,NaN,NaN,NaN,NaN,NaN,NaN,NaN,NaN
NaN,NaN,NaN,1.1125,0,-2.09648132324219,NaN,NaN,NaN,NaN,NaN,NaN,NaN,NaN,NaN,NaN,NaN
NaN,NaN,NaN,0.888888889,0,-3.36628103256226,NaN,NaN,NaN,NaN,NaN,NaN,NaN,NaN,NaN,NaN,NaN
NaN,NaN,NaN,0.441666667,0,-4.11360788345337,NaN,NaN,NaN,NaN,NaN,NaN,NaN,NaN,NaN,NaN,NaN
NaN,NaN,NaN,0.266666667,0,-6.97161149978638,NaN,NaN,NaN,NaN,NaN,NaN,NaN,NaN,NaN,NaN,NaN
NaN,NaN,NaN,0.194444444,0,-6.94197940826416,NaN,NaN,NaN,NaN,NaN,NaN,NaN,NaN,NaN,NaN,NaN
NaN,NaN,NaN,0.238888889,0,-4.36312627792358,NaN,NaN,NaN,NaN,NaN,NaN,NaN,NaN,NaN,NaN,NaN
NaN,NaN,NaN,0.5,0,-3.72900342941284,NaN,NaN,NaN,NaN,NaN,NaN,NaN,NaN,NaN,NaN,NaN
NaN,NaN,NaN,0.3,0,4.51237058639526,NaN,NaN,NaN,NaN,NaN,NaN,NaN,NaN,NaN,NaN,NaN
NaN,NaN,NaN,NaN,0,-0.641069293022156,NaN,NaN,NaN,NaN,NaN,NaN,NaN,NaN,NaN,NaN,NaN
NaN,NaN,NaN,NaN,0,-3.49793863296509,NaN,NaN,NaN,NaN,NaN,NaN,NaN,NaN,NaN,NaN,NaN
NaN,NaN,NaN,NaN,0,-4.03806638717651,NaN,NaN,NaN,NaN,NaN,NaN,NaN,NaN,NaN,NaN,NaN
NaN,NaN,NaN,NaN,0,-6.47234869003296,NaN,NaN,NaN,NaN,NaN,NaN,NaN,NaN,NaN,NaN,NaN
NaN,NaN,NaN,0.916666667,0,-4.71426439285278,NaN,NaN,NaN,NaN,NaN,NaN,NaN,NaN,NaN,NaN,NaN
NaN,NaN,NaN,0.75625,0,-2.78412008285522,NaN,NaN,NaN,NaN,NaN,NaN,NaN,NaN,NaN,NaN,NaN
NaN,NaN,NaN,0.344444444,0,-2.67440915107727,NaN,NaN,NaN,NaN,NaN,NaN,NaN,NaN,NaN,NaN,NaN
NaN,NaN,NaN,0.266666667,0,-4.18470811843872,NaN,NaN,NaN,NaN,NaN,NaN,NaN,NaN,NaN,NaN,NaN
NaN,NaN,NaN,0.238888889,0,-4.44815731048584,NaN,NaN,NaN,NaN,NaN,NaN,NaN,NaN,NaN,NaN,NaN
NaN,NaN,NaN,0.23125,0,-0.0664429068565369,NaN,NaN,NaN,NaN,NaN,NaN,NaN,NaN,NaN,NaN,NaN
NaN,NaN,NaN,0.291666667,0,0.302151590585709,NaN,NaN,NaN,NaN,NaN,NaN,NaN,NaN,NaN,NaN,NaN
NaN,NaN,NaN,0.55,0,-1.8901526927948,NaN,NaN,NaN,NaN,NaN,NaN,NaN,NaN,NaN,NaN,NaN
NaN,NaN,NaN,0.711111111,0,-5.32324028015137,NaN,NaN,NaN,NaN,NaN,NaN,NaN,NaN,NaN,NaN,NaN
NaN,NaN,NaN,NaN,0,-10.0263175964355,NaN,NaN,NaN,NaN,NaN,NaN,NaN,NaN,NaN,NaN,NaN
NaN,NaN,NaN,NaN,0,-3.39922332763672,NaN,NaN,NaN,NaN,NaN,NaN,NaN,NaN,NaN,NaN,NaN
NaN,NaN,NaN,2.372222222,0,-1.29420745372772,NaN,NaN,NaN,NaN,NaN,NaN,NaN,NaN,NaN,NaN,NaN
NaN,NaN,NaN,0.722222222,0,-6.50460052490234,NaN,NaN,NaN,NaN,NaN,NaN,NaN,NaN,NaN,NaN,NaN
NaN,NaN,NaN,0.878571429,0,-4.70251655578613,NaN,NaN,NaN,NaN,NaN,NaN,NaN,NaN,NaN,NaN,NaN
NaN,NaN,NaN,0.372222222,0,-3.96996736526489,NaN,NaN,NaN,NaN,NaN,NaN,NaN,NaN,NaN,NaN,NaN
NaN,NaN,NaN,0.244444444,0,-1.39329254627228,NaN,NaN,NaN,NaN,NaN,NaN,NaN,NaN,NaN,NaN,NaN
NaN,NaN,NaN,0.227777778,0,-0.0584929287433624,NaN,NaN,NaN,NaN,NaN,NaN,NaN,NaN,NaN,NaN,NaN
NaN,NaN,NaN,0.233333333,0,1.3464982509613,NaN,NaN,NaN,NaN,NaN,NaN,NaN,NaN,NaN,NaN,NaN
NaN,NaN,NaN,0.338888889,0,1.43719696998596,NaN,NaN,NaN,NaN,NaN,NaN,NaN,NaN,NaN,NaN,NaN
NaN,NaN,NaN,0.35,0,0.714827179908752,NaN,NaN,NaN,NaN,NaN,NaN,NaN,NaN,NaN,NaN,NaN
NaN,NaN,NaN,0.755555556,0,-3.8881504535675,NaN,NaN,NaN,NaN,NaN,NaN,NaN,NaN,NaN,NaN,NaN
NaN,NaN,NaN,1.26,0,2.92260766029358,NaN,NaN,NaN,NaN,NaN,NaN,NaN,NaN,NaN,NaN,NaN
NaN,NaN,NaN,NaN,0,2.15521192550659,NaN,NaN,NaN,NaN,NaN,NaN,NaN,NaN,NaN,NaN,NaN
NaN,NaN,NaN,NaN,0,-7.48804616928101,NaN,NaN,NaN,NaN,NaN,NaN,NaN,NaN,NaN,NaN,NaN
NaN,NaN,NaN,0.911111111,0,-7.90392351150513,NaN,NaN,NaN,NaN,NaN,NaN,NaN,NaN,NaN,NaN,NaN
NaN,NaN,NaN,0.728571429,0,-5.11547517776489,NaN,NaN,NaN,NaN,NaN,NaN,NaN,NaN,NaN,NaN,NaN
NaN,NaN,NaN,0.438888889,0,-4.03194236755371,NaN,NaN,NaN,NaN,NaN,NaN,NaN,NaN,NaN,NaN,NaN
NaN,NaN,NaN,0.294444444,0,-6.15582942962646,NaN,NaN,NaN,NaN,NaN,NaN,NaN,NaN,NaN,NaN,NaN
NaN,NaN,NaN,0.25,0,NaN,NaN,NaN,NaN,NaN,NaN,NaN,NaN,NaN,NaN,NaN,NaN
NaN,NaN,NaN,0.375,0,0.905724704265594,NaN,NaN,NaN,NaN,NaN,NaN,NaN,NaN,NaN,NaN,NaN
NaN,NaN,NaN,0.3,0,-16.4528312683105,NaN,NaN,NaN,NaN,NaN,NaN,NaN,NaN,NaN,NaN,NaN
NaN,NaN,NaN,0.38,0,-25.6144714355469,NaN,NaN,NaN,NaN,NaN,NaN,NaN,NaN,NaN,NaN,NaN
NaN,NaN,NaN,0.742857143,0,-23.4458312988281,NaN,NaN,NaN,NaN,NaN,NaN,NaN,NaN,NaN,NaN,NaN
NaN,NaN,NaN,NaN,0,NaN,NaN,NaN,NaN,NaN,NaN,NaN,NaN,NaN,NaN,NaN,NaN
NaN,NaN,NaN,2.56875,0,-22.5320720672607,NaN,NaN,NaN,NaN,NaN,NaN,NaN,NaN,NaN,NaN,NaN
NaN,NaN,NaN,2.2,0,-22.0235977172852,NaN,NaN,NaN,NaN,NaN,NaN,NaN,NaN,NaN,NaN,NaN
NaN,NaN,NaN,1.211111111,0,-21.0387306213379,NaN,NaN,NaN,NaN,NaN,NaN,NaN,NaN,NaN,NaN,NaN
NaN,NaN,NaN,0.525,0,-18.6003379821777,NaN,NaN,NaN,NaN,NaN,NaN,NaN,NaN,NaN,NaN,NaN
NaN,NaN,NaN,0.427777778,0,-18.5799503326416,NaN,NaN,NaN,NaN,NaN,NaN,NaN,NaN,NaN,NaN,NaN
NaN,NaN,NaN,0.261111111,0,-14.8483953475952,NaN,NaN,NaN,NaN,NaN,NaN,NaN,NaN,NaN,NaN,NaN
NaN,NaN,NaN,0.25,0,-15.2479572296143,NaN,0.818658728934523,1.21803796454084,-9999,0.292600075167056,-9999,-9999,-9999,-0.430174525379855,-0.0244361239546052,2.98698602763205
NaN,NaN,NaN,0.2125,0,-10.7919015884399,NaN,0.859443798190345,1.29898930593103,-9999,0.336033275834483,-9999,-9999,-9999,-0.0204520478718185,-0.000417657219796381,2.55904775056
NaN,NaN,NaN,0.25625,0,-5.83680629730225,NaN,0.610129732412903,1.05267574916129,0.45955644214536,0.969214742012903,0.64567867905,0.00307299025971,3.02924499438117,0.474694481914416,0.00203663029766285,2.16849902592408
0.0653424173865273,0.00189822618940409,4.5517396742179,0.466666667,0,-4.66806411743164,NaN,0.7127664203016,0.62770914,0.4994832957264,0.8350712136,0.335589363504,0.0023854492845,2.98205918174773,0.378001922211488,0.00171838212868367,2.62383484124758
-0.701787288664524,0.00702023839653965,6.40025906799771,0.933333333,0,NaN,NaN,0.748608706903413,0.512932545290323,0.765842575331613,0.630339757083871,-0.135502488562065,0.00841573601547074,3.874324394454,-0.268564113428923,0.0109445389391953,3.74275812884344
-6.00611802799901,0.0450111917384028,5.57032181652095,1.494444444,0,-11.0973978042603,NaN,5.347391925384,2.6355026088,5.289283766376,2.47274485632,-2.81654041176,0.045615186144,4.06678145983693,-2.86681421200195,0.0398322199160476,3.81377780501733
-11.5638935047896,0.0654120478086737,6.30132135190584,1.928571429,0,-9.49381732940674,NaN,10.1185476173419,4.40198212412903,9.89920841354477,4.03418137865806,-5.86503406172903,0.0649835238774194,4.64802116256543,-6.12096925003587,0.0618704673838338,4.43143261153242
-10.2319766681772,0.194788605667143,7.29284286592406,2.166666667,0,-11.424880027771,NaN,8.90480642019097,4.12664670116129,9.0857431999951,4.4350752500129,-4.65067439930323,0.15913974068129,5.15767537559367,-4.83698463900412,0.149058523490211,4.95923964442436
0.242074033223639,0.0263234448485323,4.95106762924526,1.072222222,0,-14.8055124282837,NaN,2.7305538417288,4.6156178736,2.673903980394,4.71701302776,2.043115133544,0.02900800165536,3.0118853516904,1.76934101666356,0.0293310963844882,2.92920029253089
0.49527993156611,0.00704922462920767,3.94451518318532,0.905555556,0,NaN,NaN,1.06905068902452,2.24254862245161,0.801379598473626,2.16447397316129,1.36309434015484,0.0124329607909781,2.40820648537077,1.35063933827315,0.00691887308024122,2.25865400657947
0.976469396084476,0.0012656322659016,2.79750898941521,0.383333333,0,-8.55614185333252,NaN,0.5290113566448,0.6800439312,-0.472590045792,0.77758908984,1.250179719984,0.0040558116204,1.73905217642033,1.01264713028018,0.00360522302251634,1.49231230737729
1.26746456933481,NaN,1.96355486843821,0.266666667,0,-6.3248462677002,NaN,0.511085567194839,0.418770048774194,-0.386304257562039,1.03900340972903,1.42530744611613,0.0075934856771071,1.38284665687499,1.2098867767543,0.0042010536012213,1.07991448195018
NaN,NaN,NaN,0.138888889,0,-0.904851198196411,NaN,NaN,NaN,NaN,NaN,NaN,NaN,NaN,NaN,NaN,NaN
NaN,NaN,NaN,0.255555556,0,0.815294444561005,NaN,NaN,NaN,NaN,NaN,NaN,NaN,NaN,NaN,NaN,NaN
NaN,NaN,NaN,0.325,0,NaN,NaN,NaN,NaN,NaN,NaN,NaN,NaN,NaN,NaN,NaN,NaN
NaN,NaN,NaN,0.527777778,0,0.12162372469902,NaN,NaN,NaN,NaN,NaN,NaN,NaN,NaN,NaN,NaN,NaN
NaN,NaN,NaN,0.85625,0,-3.49727964401245,NaN,NaN,NaN,NaN,NaN,NaN,NaN,NaN,NaN,NaN,NaN
NaN,NaN,NaN,NaN,0,-9.52868556976318,NaN,NaN,NaN,NaN,NaN,NaN,NaN,NaN,NaN,NaN,NaN
NaN,NaN,NaN,3.25,0,-8.00489616394043,NaN,NaN,NaN,NaN,NaN,NaN,NaN,NaN,NaN,NaN,NaN
NaN,NaN,NaN,1.7,0,NaN,NaN,NaN,NaN,NaN,NaN,NaN,NaN,NaN,NaN,NaN,NaN
NaN,NaN,NaN,0.944444444,0,NaN,NaN,NaN,NaN,NaN,NaN,NaN,NaN,NaN,NaN,NaN,NaN
NaN,NaN,NaN,1.05,0,-1.00369381904602,NaN,NaN,NaN,NaN,NaN,NaN,NaN,NaN,NaN,NaN,NaN
NaN,NaN,NaN,0.488888889,0,-2.72715616226196,NaN,NaN,NaN,NaN,NaN,NaN,NaN,NaN,NaN,NaN,NaN
NaN,NaN,NaN,0.255555556,0,-0.614571452140808,NaN,NaN,NaN,NaN,NaN,NaN,NaN,NaN,NaN,NaN,NaN
NaN,NaN,NaN,0.25,0,4.46055936813354,NaN,NaN,NaN,NaN,NaN,NaN,NaN,NaN,NaN,NaN,NaN
NaN,NaN,NaN,0.166666667,0,NaN,NaN,NaN,NaN,NaN,NaN,NaN,NaN,NaN,NaN,NaN,NaN
NaN,NaN,NaN,0.322222222,0,9.45278453826904,NaN,NaN,NaN,NaN,NaN,NaN,NaN,NaN,NaN,NaN,NaN
NaN,NaN,NaN,0.433333333,0,6.84986591339111,NaN,NaN,NaN,NaN,NaN,NaN,NaN,NaN,NaN,NaN,NaN
NaN,NaN,NaN,0.738888889,0,4.10506772994995,NaN,NaN,NaN,NaN,NaN,NaN,NaN,NaN,NaN,NaN,NaN
NaN,NaN,NaN,1.5,0,-1.22150862216949,NaN,NaN,NaN,NaN,NaN,NaN,NaN,NaN,NaN,NaN,NaN
NaN,NaN,NaN,2.505555556,0,NaN,NaN,NaN,NaN,NaN,NaN,NaN,NaN,NaN,NaN,NaN,NaN
NaN,NaN,NaN,2.15,0,4.79530811309814,NaN,NaN,NaN,NaN,NaN,NaN,NaN,NaN,NaN,NaN,NaN
NaN,NaN,NaN,1.1,0,0.981540441513062,NaN,NaN,NaN,NaN,NaN,NaN,NaN,NaN,NaN,NaN,NaN
NaN,NaN,NaN,0.766666667,0,6.49267911911011,NaN,NaN,NaN,NaN,NaN,NaN,NaN,NaN,NaN,NaN,NaN
NaN,NaN,NaN,0.422222222,0,5.14589071273804,NaN,NaN,NaN,NaN,NaN,NaN,NaN,NaN,NaN,NaN,NaN
NaN,NaN,NaN,0.294444444,0,NaN,NaN,NaN,NaN,NaN,NaN,NaN,NaN,NaN,NaN,NaN,NaN
NaN,NaN,NaN,0.216666667,0,14.152455329895,NaN,NaN,NaN,NaN,NaN,NaN,NaN,NaN,NaN,NaN,NaN
NaN,NaN,NaN,0.233333333,0,14.6961536407471,NaN,NaN,NaN,NaN,NaN,NaN,NaN,NaN,NaN,NaN,NaN
NaN,NaN,NaN,0.3625,0,14.4921312332153,NaN,NaN,NaN,NaN,NaN,NaN,NaN,NaN,NaN,NaN,NaN
NaN,NaN,NaN,NaN,0,8.61867332458496,NaN,NaN,NaN,NaN,NaN,NaN,NaN,NaN,NaN,NaN,NaN
NaN,NaN,NaN,1.05,0,7.14939594268799,NaN,NaN,NaN,NaN,NaN,NaN,NaN,NaN,NaN,NaN,NaN
NaN,NaN,NaN,NaN,0,NaN,NaN,NaN,NaN,NaN,NaN,NaN,NaN,NaN,NaN,NaN,NaN
NaN,NaN,NaN,3.077777778,0,4.29551792144775,NaN,NaN,NaN,NaN,NaN,NaN,NaN,NaN,NaN,NaN,NaN
NaN,NaN,NaN,NaN,0,3.15619230270386,NaN,NaN,NaN,NaN,NaN,NaN,NaN,NaN,NaN,NaN,NaN
NaN,NaN,NaN,1.005555556,0,5.92734289169312,NaN,NaN,NaN,NaN,NaN,NaN,NaN,NaN,NaN,NaN,NaN
NaN,NaN,NaN,0.833333333,0,NaN,NaN,NaN,NaN,NaN,NaN,NaN,NaN,NaN,NaN,NaN,NaN
NaN,NaN,NaN,0.561111111,0,NaN,NaN,NaN,NaN,NaN,NaN,NaN,NaN,NaN,NaN,NaN,NaN
NaN,NaN,NaN,0.316666667,0,12.1952867507935,NaN,NaN,NaN,NaN,NaN,NaN,NaN,NaN,NaN,NaN,NaN
