NBE,CH4,ET,LAI,SCF,EWT,ABGB,GPP_DT,ER_DT,GPP_NT,ER_NT,NBE_F,CH4_F,ET_F,NBE_ANN,CH4_ANN,ET_ANN
NaN,NaN,NaN,0,0.6916666667,11.2445259094238,NaN,NaN,NaN,NaN,NaN,NaN,NaN,NaN,NaN,NaN,NaN
NaN,NaN,NaN,0.016666667,0,4.53393840789795,NaN,NaN,NaN,NaN,NaN,NaN,NaN,NaN,NaN,NaN,NaN
NaN,NaN,NaN,NaN,0,1.39177453517914,NaN,NaN,NaN,NaN,NaN,NaN,NaN,NaN,NaN,NaN,NaN
NaN,NaN,NaN,0.16875,0,21.1036643981934,NaN,NaN,NaN,NaN,NaN,NaN,NaN,NaN,NaN,NaN,NaN
NaN,NaN,NaN,0.2,0,40.3091354370117,NaN,NaN,NaN,NaN,NaN,NaN,NaN,NaN,NaN,NaN,NaN
NaN,NaN,NaN,1.083333333,0,13.4611854553223,NaN,NaN,NaN,NaN,NaN,NaN,NaN,NaN,NaN,NaN,NaN
NaN,NaN,NaN,3.011111111,0,9.45803070068359,NaN,NaN,NaN,NaN,NaN,NaN,NaN,NaN,NaN,NaN,NaN
NaN,NaN,NaN,1.866666667,0,109.907646179199,NaN,NaN,NaN,NaN,NaN,NaN,NaN,NaN,NaN,NaN,NaN
NaN,NaN,NaN,1.366666667,0,120.763473510742,NaN,NaN,NaN,NaN,NaN,NaN,NaN,NaN,NaN,NaN,NaN
NaN,NaN,NaN,0.283333333,0,105.850326538086,NaN,NaN,NaN,NaN,NaN,NaN,NaN,NaN,NaN,NaN,NaN
NaN,NaN,NaN,0.155555556,0,89.3451843261719,NaN,NaN,NaN,NaN,NaN,NaN,NaN,NaN,NaN,NaN,NaN
NaN,NaN,NaN,0.111111111,0,39.1829719543457,NaN,NaN,NaN,NaN,NaN,NaN,NaN,NaN,NaN,NaN,NaN
NaN,NaN,NaN,0,0.6122222222,NaN,NaN,NaN,NaN,NaN,NaN,NaN,NaN,NaN,NaN,NaN,NaN
NaN,NaN,NaN,0.183333333,0,24.2400379180908,NaN,NaN,NaN,NaN,NaN,NaN,NaN,NaN,NaN,NaN,NaN
NaN,NaN,NaN,0.211111111,0,5.91739654541016,NaN,NaN,NaN,NaN,NaN,NaN,NaN,NaN,NaN,NaN,NaN
NaN,NaN,NaN,0.15,0,-13.7572813034058,NaN,NaN,NaN,NaN,NaN,NaN,NaN,NaN,NaN,NaN,NaN
NaN,NaN,NaN,0.2,0,-21.2829570770264,NaN,NaN,NaN,NaN,NaN,NaN,NaN,NaN,NaN,NaN,NaN
NaN,NaN,NaN,0.8,0,NaN,NaN,NaN,NaN,NaN,NaN,NaN,NaN,NaN,NaN,NaN,NaN
NaN,NaN,NaN,3.066666667,0,-30.0880241394043,NaN,NaN,NaN,NaN,NaN,NaN,NaN,NaN,NaN,NaN,NaN
NaN,NaN,NaN,2.133333333,0,10.3155221939087,NaN,NaN,NaN,NaN,NaN,NaN,NaN,NaN,NaN,NaN,NaN
NaN,NaN,NaN,1.027777778,0,-25.1089267730713,NaN,NaN,NaN,NaN,NaN,NaN,NaN,NaN,NaN,NaN,NaN
NaN,NaN,NaN,0.25,0,-26.5063285827637,NaN,NaN,NaN,NaN,NaN,NaN,NaN,NaN,NaN,NaN,NaN
NaN,NaN,NaN,0.144444444,0,-17.3038425445557,NaN,NaN,NaN,NaN,NaN,NaN,NaN,NaN,NaN,NaN,NaN
NaN,NaN,NaN,0.1,0,38.7902145385742,NaN,NaN,NaN,NaN,NaN,NaN,NaN,NaN,NaN,NaN,NaN
NaN,NaN,NaN,NaN,0,23.9363594055176,NaN,NaN,NaN,NaN,NaN,NaN,NaN,NaN,NaN,NaN,NaN
NaN,NaN,NaN,NaN,0,-19.618688583374,NaN,NaN,NaN,NaN,NaN,NaN,NaN,NaN,NaN,NaN,NaN
NaN,NaN,NaN,0.133333333,0,-44.7648239135742,NaN,NaN,NaN,NaN,NaN,NaN,NaN,NaN,NaN,NaN,NaN
NaN,NaN,NaN,0.1,0,-38.2818069458008,NaN,NaN,NaN,NaN,NaN,NaN,NaN,NaN,NaN,NaN,NaN
NaN,NaN,NaN,NaN,0,NaN,NaN,NaN,NaN,NaN,NaN,NaN,NaN,NaN,NaN,NaN,NaN
NaN,NaN,NaN,NaN,0,-58.8122520446777,NaN,NaN,NaN,NaN,NaN,NaN,NaN,NaN,NaN,NaN,NaN
NaN,NaN,NaN,2.966666667,0,15.3563165664673,NaN,NaN,NaN,NaN,NaN,NaN,NaN,NaN,NaN,NaN,NaN
NaN,NaN,NaN,2.005555556,0,56.4139747619629,NaN,NaN,NaN,NaN,NaN,NaN,NaN,NaN,NaN,NaN,NaN
NaN,NaN,NaN,0.735714286,0,76.0120468139648,NaN,NaN,NaN,NaN,NaN,NaN,NaN,NaN,NaN,NaN,NaN
NaN,NaN,NaN,0.322222222,0,NaN,NaN,NaN,NaN,NaN,NaN,NaN,NaN,NaN,NaN,NaN,NaN
NaN,NaN,NaN,0.133333333,0,138.383026123047,NaN,NaN,NaN,NaN,NaN,NaN,NaN,NaN,NaN,NaN,NaN
NaN,NaN,NaN,0.1,0.3983333333,107.225303649902,NaN,NaN,NaN,NaN,NaN,NaN,NaN,NaN,NaN,NaN,NaN
NaN,NaN,NaN,0,0.6916666667,133.529190063477,NaN,NaN,NaN,NaN,NaN,NaN,NaN,NaN,NaN,NaN,NaN
NaN,NaN,NaN,0.072222222,0.605,82.7375106811523,NaN,NaN,NaN,NaN,NaN,NaN,NaN,NaN,NaN,NaN,NaN
NaN,NaN,NaN,0.183333333,0,NaN,NaN,NaN,NaN,NaN,NaN,NaN,NaN,NaN,NaN,NaN,NaN
NaN,NaN,NaN,0.2,0,56.6962013244629,NaN,NaN,NaN,NaN,NaN,NaN,NaN,NaN,NaN,NaN,NaN
NaN,NaN,NaN,0.183333333,0,4.08761358261108,NaN,NaN,NaN,NaN,NaN,NaN,NaN,NaN,NaN,NaN,NaN
NaN,NaN,NaN,NaN,0,-30.0153541564941,NaN,NaN,NaN,NaN,NaN,NaN,NaN,NaN,NaN,NaN,NaN
NaN,NaN,NaN,NaN,0,32.9371109008789,NaN,NaN,NaN,NaN,NaN,NaN,NaN,NaN,NaN,NaN,NaN
NaN,NaN,NaN,1.5,0,NaN,NaN,NaN,NaN,NaN,NaN,NaN,NaN,NaN,NaN,NaN,NaN
NaN,NaN,NaN,0.527777778,0,NaN,NaN,NaN,NaN,NaN,NaN,NaN,NaN,NaN,NaN,NaN,NaN
NaN,NaN,NaN,0.414285714,0,34.7227783203125,NaN,NaN,NaN,NaN,NaN,NaN,NaN,NaN,NaN,NaN,NaN
NaN,NaN,NaN,0.194444444,0,29.0653705596924,NaN,NaN,NaN,NaN,NaN,NaN,NaN,NaN,NaN,NaN,NaN
NaN,NaN,NaN,0.075,0.6088888889,13.0615272521973,NaN,NaN,NaN,NaN,NaN,NaN,NaN,NaN,NaN,NaN,NaN
NaN,NaN,NaN,0.116666667,0,-35.6722068786621,NaN,NaN,NaN,NaN,NaN,NaN,NaN,NaN,NaN,NaN,NaN
NaN,NaN,NaN,0.144444444,0,NaN,NaN,NaN,NaN,NaN,NaN,NaN,NaN,NaN,NaN,NaN,NaN
NaN,NaN,NaN,0.2,0,0.403995037078857,NaN,NaN,NaN,NaN,NaN,NaN,NaN,NaN,NaN,NaN,NaN
NaN,NaN,NaN,NaN,0,-104.348564147949,NaN,NaN,NaN,NaN,NaN,NaN,NaN,NaN,NaN,NaN,NaN
NaN,NaN,NaN,0.2,0,-86.6423873901367,NaN,NaN,NaN,NaN,NaN,NaN,NaN,NaN,NaN,NaN,NaN
NaN,NaN,NaN,NaN,0,-132.072265625,NaN,NaN,NaN,NaN,NaN,NaN,NaN,NaN,NaN,NaN,NaN
NaN,NaN,NaN,2.466666667,0,NaN,NaN,NaN,NaN,NaN,NaN,NaN,NaN,NaN,NaN,NaN,NaN
NaN,NaN,NaN,2.144444444,0,-132.314117431641,NaN,NaN,NaN,NaN,NaN,NaN,NaN,NaN,NaN,NaN,NaN
NaN,NaN,NaN,0.716666667,0,-184.766235351562,NaN,NaN,NaN,NaN,NaN,NaN,NaN,NaN,NaN,NaN,NaN
NaN,NaN,NaN,0.305555556,0,-163.365020751953,NaN,NaN,NaN,NaN,NaN,NaN,NaN,NaN,NaN,NaN,NaN
NaN,NaN,NaN,0.2,0,-121.214485168457,NaN,NaN,NaN,NaN,NaN,NaN,NaN,NaN,NaN,NaN,NaN
NaN,NaN,NaN,0.072222222,0.08166666667,NaN,NaN,NaN,NaN,NaN,NaN,NaN,NaN,NaN,NaN,NaN,NaN
NaN,NaN,NaN,0.1,0.02666666667,-211.647644042969,NaN,0.612301666525573,0.233644806728895,-9999,1.01768845726452,-9999,-9999,-9999,1.05005659938969,0.00864667881274537,0.600393041450491
NaN,NaN,NaN,0.175,0,-196.626754760742,NaN,0.692433617117143,0.275023756542857,-9999,1.083437181,-9999,-9999,-9999,1.0353807913439,0.00882080867394328,0.832214487139699
NaN,NaN,NaN,0.192857143,0,-229.823303222656,NaN,0.859175085646452,0.432546392903226,-9999,1.28586765042581,-9999,-9999,-9999,1.19852994901309,0.00941564675810484,1.80964780841545
NaN,NaN,NaN,0.2125,0,-221.485275268555,NaN,0.902867014944,0.7061750604,-9999,1.5744492396,-9999,-9999,-9999,1.47833258512242,0.0136780140168704,2.5042319793009
-1.03314699541607,NaN,6.63733193751965,0.2,0,-250.887588500977,NaN,1.20987604158968,0.958596873909677,2.28691797010036,1.70475064490323,-0.656615803418182,-9999,4.71797958741165,0.676697175693566,0.103265447271755,3.93154773227741
-5.58166705604426,0.158562697763869,5.67456723499842,NaN,0,NaN,NaN,8.27172596952,5.18959793376,8.601663055104,5.20228920888,-3.39937080552,0.158963500944,4.62692514494382,-3.25854110686671,0.242730071190473,4.58865856050448
-6.90530157983832,0.176815276937142,4.22074055951434,NaN,0,-175.122039794922,NaN,10.3800121302658,6.12333902531613,10.9182629489574,6.93770272211613,-3.98056318109419,0.186631916051613,3.35856412159641,-4.10617151317458,0.178271103177634,3.35018002762435
-5.7029620898008,0.251077934911346,4.78304600216485,NaN,0,-135.622772216797,NaN,9.65590627686968,6.64961028131613,9.2356147881151,5.81006869571613,-3.42553704131613,0.238705267122581,3.80246057437802,-3.44226210884084,0.243023560581337,3.81763348783215
1.3228904230781,0.103957101775806,3.03789534979202,0.966666667,0,-173.755767822266,NaN,2.488662854676,3.43567714176,3.207356664264,5.04811249776,1.840751920224,0.1045171714896,2.35243508850822,1.60488939553619,0.0977075763639434,2.36350705304804
1.79138067970121,0.00631325063792776,2.00263021185172,0.344444444,0,NaN,NaN,0.176697855781781,1.62292787512258,0.674719786488774,2.53958328627097,1.86486570376258,0.0117273468802065,1.65682960739671,1.76514848665381,0.0157391614451026,1.569982177658
1.09214653162031,0.0139440035069394,0.917008045583438,0.1,0,NaN,NaN,0.221855342632632,1.09824772608,0.3228115455072,1.54771002144,1.224897156504,0.0161604510817896,0.748951502354611,1.2090801867888,0.014406388612022,0.724550679309819
1.06063003654398,NaN,0.953628747080978,0.1,0,-92.2505340576172,NaN,0.200366072886194,0.881666261651613,0.201560381681806,1.32749277212903,1.12593105968516,0.0120001896262452,0.753439538195212,1.10122832082455,0.0107298022521461,0.655214007847768
0.925006960172163,0.00813586575394403,0.611368502331778,0.1,0,-72.1585159301758,NaN,0.181742893858219,1.18833937850323,0.152358888495484,1.12629593984516,0.973935943409032,0.013565349929729,0.417468538329631,0.997034391724461,0.00925451090421196,0.462456626054236
1.07330961486728,0.00731292779248617,1.07557162609127,0.116666667,0,-108.825241088867,NaN,0.0693935704033572,0.798362600772414,0.109233433812414,1.19994048744828,1.09070882863448,0.00913770341627586,0.877745042250688,1.09018812069745,0.00872500762777289,0.835347854995431
1.43719651038836,0.0109811135813526,2.50074339129687,0.183333333,0,-107.343940734863,NaN,0.0855035242498591,1.59668111659355,0.305034389010581,1.68058047483871,1.37554801504258,0.0124186222962581,1.76631489256843,1.3482069127032,0.0107322125783161,1.79289309722017
1.68722263655278,0.0101571321914715,3.33290496323417,0.2,0,NaN,NaN,0.156956470434115,1.5693577884,0.2069289686016,1.86872716656,1.66179879216,0.01056751203096,2.58067668000027,1.66273175099964,0.012653965277248,2.54677295656472
0.798641271394061,0.0973470962794618,4.42127794718707,0.358333333,0,-54.8401222229004,NaN,1.11455935894767,1.95420506005161,1.33464159037626,2.39911328903226,1.06447243789161,0.090669551876129,3.38717802611762,1.05727355937737,0.0906584785387846,3.39484815206783
-7.4317939137979,0.212719781871428,5.34413296567816,2.433333333,0,-124.055053710938,NaN,10.0016538996931,6.5878301304,9.0762821399736,5.31643939848,-3.75984599868,0.19759380314112,3.71474978161659,-3.84573280058896,0.20660537856437,3.77865873426661
-9.74886709536786,0.157336961772924,4.26176430902505,NaN,0,-107.3564453125,NaN,11.7976530867794,7.67473606869677,12.3453527336361,8.10884717326452,-4.23651045625548,0.173398594529032,2.84060561444056,-4.32164505227134,0.183185726582556,2.84170065430673
-7.25425966869413,0.307759608681743,5.66856249162794,1.794444444,0,-49.3883857727051,NaN,9.65155342967094,6.10424144732903,10.8647830235148,8.57249179130323,-2.29229628270968,0.314063958193548,3.92070567724871,-3.09219553336296,0.284740742098204,3.92040314814537
0.720842143448789,0.115374740722298,3.03565133642293,0.425,0,NaN,NaN,2.3494931975088,3.56515749864,1.750351993416,3.06552778272,1.3151764001952,0.0932418031176,2.08317620087384,1.52053430155368,0.0997341284104768,2.03687927875804
1.31177679478822,0.00760128137252627,1.97105153298877,0.277777778,0,NaN,NaN,0.348728472779226,1.37289281574194,0.655868039864516,1.94255080234839,1.28668183746735,0.013639237568129,1.43061027750463,1.58404750235805,0.0148675068647209,1.33982922727001
1.58890440283791,0.0302273015322541,1.31323709381446,0.2,0,-13.3284292221069,NaN,0.049655211797592,0.82653520968,-0.0517976801784,1.57799613312,1.62979137216,0.06436989451008,0.880342336842988,1.38521403290349,0.0185718649917905,0.808084675971438
0.784200382294131,0.00939814579732997,0.546713258347536,0.105555556,0,-17.655647277832,NaN,0.0430830123004243,0.473591808232258,0.395054070884129,1.25528851021935,0.860234225063226,0.0151565034199355,0.42160170610229,1.03719179956372,0.011083309529163,0.490828809218045
1.02254980318747,0.00772554547347977,0.808454561004623,NaN,0,-50.9685096740723,NaN,0.460123533053396,1.39375304988387,0.41367944835871,1.56869079421935,1.15501186196129,0.0100851255485419,0.620031816194533,1.10329371365448,0.00906913408361132,0.565021466933004
0.676795693334653,0.00652533841426258,1.1423456126106,0.15,0,NaN,NaN,0.192109230576,0.917730024685714,0.117782037676286,0.852767225485714,0.734983782428571,0.00858842594822572,0.809127409940809,0.913894609013431,0.0084506747263097,0.767287757578132
1.1361931765969,0.004790110624184,1.79542331190494,0.22,0,-54.7356796264648,NaN,0.191585537767742,0.891325534993548,0.450657753282581,1.49516187329032,1.04450174679484,0.0043995913177471,1.23128296243953,1.24714845199274,0.00880276201929747,1.25872373697852
2.45346475671253,0.0191092929048723,3.95567566011646,0.183333333,0,-87.9556655883789,NaN,0.165107758679038,2.0535756228,-0.07008085896984,2.3691997224,2.439279577656,0.019248433694856,2.9721943443539,2.22032834517935,0.0165866088949575,2.95666966821709
1.04217166461851,0.093554256115786,4.28697478642052,0.2,0,-119.219329833984,NaN,0.792049462900061,1.8314243019871,0.780404933427097,2.05273239956129,1.27232963790968,0.0813919653497032,3.50482364557771,1.27045107728397,0.0795686592181333,3.50479549471427
-4.8820802740496,0.225363482618806,5.44694170709311,0.325,0,-158.151519775391,NaN,8.4857715659412,6.85475894592,7.637496474888,5.40229641264,-2.23520403816,0.20561974056,4.13979822961489,-2.38810226251911,0.207868054865017,4.135418804466
-7.93789888586975,0.202954923120419,3.39641669856802,NaN,0,NaN,NaN,11.2483206674872,8.09925631687742,11.1464666202194,7.51170550203871,-3.63476307576774,0.212518185212903,2.46967876884058,-3.72613232864021,0.198259683753668,2.42287859236068
-6.24726208790096,0.22923924981782,3.57897385422136,1.466666667,0,NaN,NaN,7.42719153873623,4.68095336291613,7.43197995332129,4.2733150155871,-3.1586541142529,0.201874403220387,2.55771884458924,-2.67061024491339,0.222050086584531,2.59162344166821
0.861023151451277,0.0411384898167725,3.12220415008704,0.677777778,0,NaN,NaN,2.25327210889248,3.3545721816,2.1568911214392,3.79424949552,1.63735942248,0.037115685252,2.05229827252468,1.53926682723833,0.0557812246804716,2.07531197043865
1.90394290511823,0.00539390314805614,1.52660626388687,0.342857143,0,NaN,NaN,0.103435213368403,1.18540357966452,0.314658537359226,2.45533333076129,2.14067556696774,0.00814638341009032,0.965065865107689,1.9672817032536,0.0116259213772875,0.997493691196985
1.2486866300884,0.0103370163763932,1.07327968866451,0.142857143,0,NaN,NaN,0.202332730316472,1.44902063808,0.1509810298704,1.46580274512,1.3148215164,0.0077840985744,0.798708123406801,1.32101711133218,0.0147463826653205,0.761355915838387
1.05362402368097,0.00712336283124133,0.579217283969228,0.166666667,0,NaN,NaN,0.0957222721068387,0.854223612851613,0.0316320430621936,1.07616079997419,1.04452759823226,0.00784371281225806,0.467611236629766,1.09594795129171,0.0109966690206133,0.416906271749004
1.37692732633433,0.0125124001283499,0.483428249241188,0.055555556,0,NaN,NaN,0.218868579900348,0.95580971163871,0.173011235200258,1.75829821130323,1.585287288,0.0187760943989419,0.325444864953215,1.27181112870506,0.0125748398350125,0.296083920945503
1.20851306935966,0.0108969530866155,0.478682310788842,0.185714286,0,NaN,NaN,0.195030818592429,1.07444465202857,0.387002539722857,1.61475890965714,1.22775255560571,0.0224918993468571,0.332480094153543,1.21685953549022,0.0120966116785983,0.344676532427585
1.37197443270765,0.0108304248813924,1.83226405615355,0.225,0,NaN,NaN,0.431569353839923,1.97425612196129,0.112285690462452,1.49901892327742,1.38673328609032,0.0128970071103484,1.25448740952389,1.40169370006415,0.0109052507899933,1.22278702315034
1.81335193138287,0.0131037681691945,3.12036389152185,0.2,0,NaN,NaN,0.225451733341298,1.83902654736,0.294898899888,2.03138008992,1.736483070384,0.0165009410712,2.39425470109352,1.81391806836303,0.0164419310886919,2.36698825211652
0.960354390960821,0.0668187248281482,3.70847071795576,0.266666667,0,NaN,NaN,1.21973740430175,2.11543877218064,1.28002138097806,2.48243749432258,1.20241408001806,0.0658421990105806,3.12188000136171,1.22218612375487,0.0618647846227264,3.0491219897138
-5.78618612559572,0.18705692429957,5.24101003344,NaN,0,-139.421661376953,NaN,8.57569730289768,6.87572691624,7.72164207432,5.20646617224,-2.51517615696,0.1799140925592,3.92080437796534,-2.86839311729156,0.175031681080919,3.82681779419661
-11.2760629868596,0.224560129867368,4.9770454668573,2.3875,0,-111.193222045898,NaN,10.9750057971074,5.65504920673548,11.2541832117058,5.52467618523871,-5.72950071794323,0.195078230941935,3.45651824490422,-5.54772059562315,0.2076244510885,3.34751819633077
-6.98218717129599,0.347524489660568,5.24417355692212,1.533333333,0,NaN,NaN,8.11537725018054,5.00981627403871,8.00673355410735,5.01914957341936,-2.9875822028129,0.303473267070968,3.65849953471829,-3.11414949442843,0.304366491206652,3.57243779924555
1.25681077118967,0.103639307372688,3.49546346985769,0.522222222,0,NaN,NaN,2.26004835441744,3.89642034384,2.523527989848,4.6409572368,2.11742870328,0.0987181867224,2.3684696402048,1.83316550639593,0.0966323931764537,2.35602410376263
1.74368393673504,0.0153930490061005,2.69100840754861,0.275,0,-91.0025939941406,NaN,0.205287189263303,1.30089553339355,1.09837544365161,3.23177877661935,2.13340361620645,0.0240870535780645,1.72334838873481,1.95060937593623,0.0184284754102978,1.70117817755171
1.16666561458434,0.00535391423035057,1.43899819854922,0.20625,0,-54.5153198242188,NaN,0.1405769590296,1.0418313492,0.438439608432,1.57516121664,1.1367205213032,0.00343435617792,0.847590627406218,1.39138704602788,0.0118963458393779,0.865203079005846
1.06554642915566,0.0109010266290999,0.799835169711539,0.121428571,0,-16.8353862762451,NaN,0.124172868460599,0.951539304541935,0.185921190921135,1.37139444185806,1.18547275540645,0.0167203432370323,0.535005399008388,1.21857929411097,0.0125645346109898,0.517245672570186
NaN,NaN,NaN,0.116666667,0,-31.3931503295898,NaN,NaN,NaN,NaN,NaN,NaN,NaN,NaN,NaN,NaN,NaN
NaN,NaN,NaN,0.15,0,-81.0429077148438,NaN,NaN,NaN,NaN,NaN,NaN,NaN,NaN,NaN,NaN,NaN
NaN,NaN,NaN,0.2,0,-127.02197265625,NaN,NaN,NaN,NaN,NaN,NaN,NaN,NaN,NaN,NaN,NaN
NaN,NaN,NaN,0.133333333,0,-124.281143188477,NaN,NaN,NaN,NaN,NaN,NaN,NaN,NaN,NaN,NaN,NaN
NaN,NaN,NaN,0.325,0,-129.133041381836,NaN,NaN,NaN,NaN,NaN,NaN,NaN,NaN,NaN,NaN,NaN
NaN,NaN,NaN,NaN,0,-144.093978881836,NaN,NaN,NaN,NaN,NaN,NaN,NaN,NaN,NaN,NaN,NaN
NaN,NaN,NaN,NaN,0,-192.405700683594,NaN,NaN,NaN,NaN,NaN,NaN,NaN,NaN,NaN,NaN,NaN
NaN,NaN,NaN,NaN,0,-139.169830322266,NaN,NaN,NaN,NaN,NaN,NaN,NaN,NaN,NaN,NaN,NaN
NaN,NaN,NaN,0.861111111,0,-104.587203979492,NaN,NaN,NaN,NaN,NaN,NaN,NaN,NaN,NaN,NaN,NaN
NaN,NaN,NaN,0.366666667,0,-111.470520019531,NaN,NaN,NaN,NaN,NaN,NaN,NaN,NaN,NaN,NaN,NaN
NaN,NaN,NaN,0.161111111,0,-62.8129959106445,NaN,NaN,NaN,NaN,NaN,NaN,NaN,NaN,NaN,NaN,NaN
NaN,NaN,NaN,0.116666667,0,-61.9582405090332,NaN,NaN,NaN,NaN,NaN,NaN,NaN,NaN,NaN,NaN,NaN
NaN,NaN,NaN,NaN,0,-70.3905334472656,NaN,NaN,NaN,NaN,NaN,NaN,NaN,NaN,NaN,NaN,NaN
NaN,NaN,NaN,0.19375,0,-80.9652099609375,NaN,NaN,NaN,NaN,NaN,NaN,NaN,NaN,NaN,NaN,NaN
NaN,NaN,NaN,0.2125,0,-60.0147399902344,NaN,NaN,NaN,NaN,NaN,NaN,NaN,NaN,NaN,NaN,NaN
NaN,NaN,NaN,0.15,0,-93.3129272460938,NaN,NaN,NaN,NaN,NaN,NaN,NaN,NaN,NaN,NaN,NaN
NaN,NaN,NaN,0.214285714,0,-107.878684997559,NaN,NaN,NaN,NaN,NaN,NaN,NaN,NaN,NaN,NaN,NaN
NaN,NaN,NaN,NaN,0,-124.302200317383,NaN,NaN,NaN,NaN,NaN,NaN,NaN,NaN,NaN,NaN,NaN
NaN,NaN,NaN,NaN,0,-129.576232910156,NaN,NaN,NaN,NaN,NaN,NaN,NaN,NaN,NaN,NaN,NaN
NaN,NaN,NaN,NaN,0,-33.3047752380371,NaN,NaN,NaN,NaN,NaN,NaN,NaN,NaN,NaN,NaN,NaN
NaN,NaN,NaN,0.7,0,48.8733901977539,NaN,NaN,NaN,NaN,NaN,NaN,NaN,NaN,NaN,NaN,NaN
NaN,NaN,NaN,0.408333333,0,1.61919355392456,NaN,NaN,NaN,NaN,NaN,NaN,NaN,NaN,NaN,NaN,NaN
NaN,NaN,NaN,0.22,0,-4.44718551635742,NaN,NaN,NaN,NaN,NaN,NaN,NaN,NaN,NaN,NaN,NaN
NaN,NaN,NaN,0.114285714,0,36.3598976135254,NaN,NaN,NaN,NaN,NaN,NaN,NaN,NaN,NaN,NaN,NaN
NaN,NaN,NaN,0.111111111,0,20.6910495758057,NaN,NaN,NaN,NaN,NaN,NaN,NaN,NaN,NaN,NaN,NaN
NaN,NaN,NaN,0.155555556,0,21.9639225006104,NaN,NaN,NaN,NaN,NaN,NaN,NaN,NaN,NaN,NaN,NaN
NaN,NaN,NaN,0.221428571,0,-9.38597583770752,NaN,NaN,NaN,NaN,NaN,NaN,NaN,NaN,NaN,NaN,NaN
NaN,NaN,NaN,0.20625,0,NaN,NaN,NaN,NaN,NaN,NaN,NaN,NaN,NaN,NaN,NaN,NaN
NaN,NaN,NaN,0.214285714,0,NaN,NaN,NaN,NaN,NaN,NaN,NaN,NaN,NaN,NaN,NaN,NaN
NaN,NaN,NaN,NaN,0,NaN,NaN,NaN,NaN,NaN,NaN,NaN,NaN,NaN,NaN,NaN,NaN
NaN,NaN,NaN,2.4,0,NaN,NaN,NaN,NaN,NaN,NaN,NaN,NaN,NaN,NaN,NaN,NaN
NaN,NaN,NaN,1.433333333,0,NaN,NaN,NaN,NaN,NaN,NaN,NaN,NaN,NaN,NaN,NaN,NaN
NaN,NaN,NaN,0.766666667,0,NaN,NaN,NaN,NaN,NaN,NaN,NaN,NaN,NaN,NaN,NaN,NaN
NaN,NaN,NaN,0.394444444,0,NaN,NaN,NaN,NaN,NaN,NaN,NaN,NaN,NaN,NaN,NaN,NaN
NaN,NaN,NaN,0.183333333,0,NaN,NaN,NaN,NaN,NaN,NaN,NaN,NaN,NaN,NaN,NaN,NaN
NaN,NaN,NaN,0.155555556,0,NaN,NaN,NaN,NaN,NaN,NaN,NaN,NaN,NaN,NaN,NaN,NaN
