NBE,CH4,ET,LAI,SCF,EWT,ABGB,GPP_DT,ER_DT,GPP_NT,ER_NT,NBE_F,CH4_F,ET_F,NBE_ANN,CH4_ANN,ET_ANN
NaN,NaN,NaN,NaN,NaN,32.3928489685059,NaN,NaN,NaN,NaN,NaN,NaN,NaN,NaN,NaN,NaN,NaN
NaN,NaN,NaN,NaN,0,26.2934074401855,NaN,NaN,NaN,NaN,NaN,NaN,NaN,NaN,NaN,NaN,NaN
NaN,NaN,NaN,6.255555556,0,18.3057022094727,NaN,NaN,NaN,NaN,NaN,NaN,NaN,NaN,NaN,NaN,NaN
NaN,NaN,NaN,5.055555556,0,22.378002166748,NaN,NaN,NaN,NaN,NaN,NaN,NaN,NaN,NaN,NaN,NaN
NaN,NaN,NaN,5.9,0,-20.0195503234863,NaN,NaN,NaN,NaN,NaN,NaN,NaN,NaN,NaN,NaN,NaN
NaN,NaN,NaN,5.755555556,0,-38.7499771118164,NaN,NaN,NaN,NaN,NaN,NaN,NaN,NaN,NaN,NaN,NaN
NaN,NaN,NaN,5.911111111,0,-29.0092105865479,NaN,NaN,NaN,NaN,NaN,NaN,NaN,NaN,NaN,NaN,NaN
NaN,NaN,NaN,NaN,0,-54.2470741271973,NaN,NaN,NaN,NaN,NaN,NaN,NaN,NaN,NaN,NaN,NaN
NaN,NaN,NaN,NaN,0,-102.437812805176,NaN,NaN,NaN,NaN,NaN,NaN,NaN,NaN,NaN,NaN,NaN
NaN,NaN,NaN,5.372222222,0,-72.5883560180664,NaN,NaN,NaN,NaN,NaN,NaN,NaN,NaN,NaN,NaN,NaN
NaN,NaN,NaN,5.242857143,0,-30.300235748291,NaN,NaN,NaN,NaN,NaN,NaN,NaN,NaN,NaN,NaN,NaN
NaN,NaN,NaN,NaN,0,-2.2031421661377,NaN,NaN,NaN,NaN,NaN,NaN,NaN,NaN,NaN,NaN,NaN
NaN,NaN,NaN,NaN,0,-0.0460114926099777,NaN,NaN,NaN,NaN,NaN,NaN,NaN,NaN,NaN,NaN,NaN
NaN,NaN,NaN,NaN,0,-1.94270300865173,NaN,NaN,NaN,NaN,NaN,NaN,NaN,NaN,NaN,NaN,NaN
NaN,NaN,NaN,NaN,0,7.92688417434692,NaN,NaN,NaN,NaN,NaN,NaN,NaN,NaN,NaN,NaN,NaN
NaN,NaN,NaN,4.4,0,11.4389228820801,NaN,NaN,NaN,NaN,NaN,NaN,NaN,NaN,NaN,NaN,NaN
NaN,NaN,NaN,3.592857143,0,22.7976913452148,NaN,NaN,NaN,NaN,NaN,NaN,NaN,NaN,NaN,NaN,NaN
NaN,NaN,NaN,5.572222222,0,27.2268295288086,NaN,NaN,NaN,NaN,NaN,NaN,NaN,NaN,NaN,NaN,NaN
NaN,NaN,NaN,6.4,0,36.8912467956543,NaN,NaN,NaN,NaN,NaN,NaN,NaN,NaN,NaN,NaN,NaN
NaN,NaN,NaN,4.98125,0,52.0834693908691,NaN,NaN,NaN,NaN,NaN,NaN,NaN,NaN,NaN,NaN,NaN
NaN,NaN,NaN,NaN,0,46.1750831604004,NaN,NaN,NaN,NaN,NaN,NaN,NaN,NaN,NaN,NaN,NaN
NaN,NaN,NaN,6.161111111,0,40.5312690734863,NaN,NaN,NaN,NaN,NaN,NaN,NaN,NaN,NaN,NaN,NaN
NaN,NaN,NaN,5.35,0,43.7098503112793,NaN,NaN,NaN,NaN,NaN,NaN,NaN,NaN,NaN,NaN,NaN
NaN,NaN,NaN,NaN,0,18.5531978607178,NaN,NaN,NaN,NaN,NaN,NaN,NaN,NaN,NaN,NaN,NaN
NaN,NaN,NaN,4.8,0,NaN,NaN,NaN,NaN,NaN,NaN,NaN,NaN,NaN,NaN,NaN,NaN
NaN,NaN,NaN,3.2,0,25.2643852233887,NaN,NaN,NaN,NaN,NaN,NaN,NaN,NaN,NaN,NaN,NaN
NaN,NaN,NaN,NaN,0,28.212682723999,NaN,NaN,NaN,NaN,NaN,NaN,NaN,NaN,NaN,NaN,NaN
NaN,NaN,NaN,NaN,0,31.7358436584473,NaN,NaN,NaN,NaN,NaN,NaN,NaN,NaN,NaN,NaN,NaN
NaN,NaN,NaN,5.788888889,0,38.854118347168,NaN,NaN,NaN,NaN,NaN,NaN,NaN,NaN,NaN,NaN,NaN
NaN,NaN,NaN,5.7,0,NaN,NaN,NaN,NaN,NaN,NaN,NaN,NaN,NaN,NaN,NaN,NaN
NaN,NaN,NaN,6,0,5.05241107940674,NaN,NaN,NaN,NaN,NaN,NaN,NaN,NaN,NaN,NaN,NaN
NaN,NaN,NaN,6.2,0,-29.440788269043,NaN,NaN,NaN,NaN,NaN,NaN,NaN,NaN,NaN,NaN,NaN
NaN,NaN,NaN,6.416666667,0,-8.19073581695557,NaN,NaN,NaN,NaN,NaN,NaN,NaN,NaN,NaN,NaN,NaN
NaN,NaN,NaN,NaN,0,-6.76681709289551,NaN,NaN,NaN,NaN,NaN,NaN,NaN,NaN,NaN,NaN,NaN
NaN,NaN,NaN,5.644444444,0,22.4944648742676,NaN,NaN,NaN,NaN,NaN,NaN,NaN,NaN,NaN,NaN,NaN
NaN,NaN,NaN,NaN,0,50.2749404907227,NaN,NaN,NaN,NaN,NaN,NaN,NaN,NaN,NaN,NaN,NaN
NaN,NaN,NaN,NaN,0,59.7004165649414,NaN,NaN,NaN,NaN,NaN,NaN,NaN,NaN,NaN,NaN,NaN
NaN,NaN,NaN,NaN,0,63.3603363037109,NaN,NaN,NaN,NaN,NaN,NaN,NaN,NaN,NaN,NaN,NaN
NaN,NaN,NaN,NaN,0,70.7781753540039,NaN,NaN,NaN,NaN,NaN,NaN,NaN,NaN,NaN,NaN,NaN
NaN,NaN,NaN,6.03125,0,45.2071075439453,NaN,NaN,NaN,NaN,NaN,NaN,NaN,NaN,NaN,NaN,NaN
NaN,NaN,NaN,5.6,0,NaN,NaN,NaN,NaN,NaN,NaN,NaN,NaN,NaN,NaN,NaN,NaN
NaN,NaN,NaN,5.411111111,0,18.7116413116455,NaN,NaN,NaN,NaN,NaN,NaN,NaN,NaN,NaN,NaN,NaN
NaN,NaN,NaN,5.6,0,-2.00723314285278,NaN,NaN,NaN,NaN,NaN,NaN,NaN,NaN,NaN,NaN,NaN
NaN,NaN,NaN,5.955555556,0,-16.6495475769043,NaN,NaN,NaN,NaN,NaN,NaN,NaN,NaN,NaN,NaN,NaN
NaN,NaN,NaN,NaN,0,-2.90405774116516,NaN,NaN,NaN,NaN,NaN,NaN,NaN,NaN,NaN,NaN,NaN
NaN,NaN,NaN,5.3,0,NaN,NaN,NaN,NaN,NaN,NaN,NaN,NaN,NaN,NaN,NaN,NaN
NaN,NaN,NaN,3,0,41.5690650939941,NaN,NaN,NaN,NaN,NaN,NaN,NaN,NaN,NaN,NaN,NaN
NaN,NaN,NaN,5,0,39.3501892089844,NaN,NaN,NaN,NaN,NaN,NaN,NaN,NaN,NaN,NaN,NaN
NaN,NaN,NaN,NaN,NaN,34.2288627624512,NaN,NaN,NaN,NaN,NaN,NaN,NaN,NaN,NaN,NaN,NaN
NaN,NaN,NaN,3.2,0,49.845588684082,NaN,NaN,NaN,NaN,NaN,NaN,NaN,NaN,NaN,NaN,NaN
NaN,NaN,NaN,NaN,0,NaN,NaN,NaN,NaN,NaN,NaN,NaN,NaN,NaN,NaN,NaN,NaN
NaN,NaN,NaN,5.375,0,58.4995307922363,NaN,NaN,NaN,NaN,NaN,NaN,NaN,NaN,NaN,NaN,NaN
NaN,NaN,NaN,5.761111111,0,65.890625,NaN,NaN,NaN,NaN,NaN,NaN,NaN,NaN,NaN,NaN,NaN
NaN,NaN,NaN,5.427777778,0,5.7606086730957,NaN,NaN,NaN,NaN,NaN,NaN,NaN,NaN,NaN,NaN,NaN
NaN,NaN,NaN,NaN,0,15.2877712249756,NaN,NaN,NaN,NaN,NaN,NaN,NaN,NaN,NaN,NaN,NaN
NaN,NaN,NaN,6.2,0,NaN,NaN,NaN,NaN,NaN,NaN,NaN,NaN,NaN,NaN,NaN,NaN
NaN,NaN,NaN,NaN,0,NaN,NaN,NaN,NaN,NaN,NaN,NaN,NaN,NaN,NaN,NaN,NaN
NaN,NaN,NaN,NaN,0,-31.6676445007324,NaN,NaN,NaN,NaN,NaN,NaN,NaN,NaN,NaN,NaN,NaN
NaN,NaN,NaN,NaN,0,12.733344078064,NaN,NaN,NaN,NaN,NaN,NaN,NaN,NaN,NaN,NaN,NaN
NaN,NaN,NaN,NaN,0,9.73215961456299,NaN,NaN,NaN,NaN,NaN,NaN,NaN,NaN,NaN,NaN,NaN
NaN,NaN,NaN,NaN,0,21.1663932800293,NaN,7.84869162644557,11.8299547806177,-9999,-9999,0.386783551835827,0.0488274734396706,3.9101291189569,2.03099040143289,0.0338600294226343,3.85444476944274
0.195853127273115,0.0421677090123918,5.79477469058556,NaN,0,NaN,NaN,8.99280305706857,11.1461653028571,-9999,-9999,0.8649810288,0.0349701906342857,5.39868911473491,1.04376143838508,0.0338253396857332,5.4092688815096
1.88762122830721,0.0323743760037515,5.07296684591793,NaN,0,-41.5826225280762,NaN,7.29448904153032,9.69838327741935,-9999,-9999,2.60300659772903,0.0302571839148387,4.50652985025252,2.65733879000575,0.0308759371265724,4.57307401586696
1.03696318606912,0.0415715102770604,5.21784363593097,6.1,0,2.56924891471863,NaN,8.8557941846952,11.942230392,-9999,-9999,2.17597121208,0.0368977667472,4.88044384677033,2.4660587439233,0.0311736920982828,4.83307700343654
1.79869917162499,0.0363217631478463,4.99788173313778,NaN,0,11.6600980758667,NaN,8.42608389861523,10.4642608877419,-9999,-9999,2.20104372495484,0.0306546930139355,5.04050971646168,2.36800374196692,0.0303126094548347,5.05564694848502
0.909872348248784,0.0328697805572599,5.26114838791748,5.5125,0,27.8095932006836,NaN,8.391670433892,9.259137792,-9999,-9999,1.71809001576,0.028724397768,4.98346309607653,1.86305338657073,0.0246377643427433,4.86916549598559
-1.45642001850645,0.0203999786804204,5.52825253744892,5.2,0,NaN,NaN,8.31491875925419,8.82879291870968,-9999,-9999,1.77824080428387,0.0186825809845161,4.21685815326941,2.02188886242242,0.0160821733381782,4.18929667408225
-0.598210535776205,0.0129937817473738,4.21754794745542,NaN,0,-51.8583755493164,NaN,13.5014852396903,15.4532824258065,-9999,-9999,3.17375634658065,0.0136879953582194,3.40502588865273,2.40217532242905,0.0169194405650387,3.37246018450821
-1.90219002004674,0.0179404636859905,5.25528912108768,NaN,0,-39.1267585754395,NaN,11.319820821576,12.615807672,-9999,-9999,1.1312410104,0.021851049708,4.32312143700835,1.12525730940316,0.0198807897136182,4.29884604992582
-0.834445122157,0.0368900466100622,4.91481184652598,NaN,0,-54.4758224487305,NaN,9.66009911578839,13.0792099122581,-9999,-9999,1.67149713832258,0.0295608811169032,3.85621086161546,1.94512063837616,0.0251328036835858,3.88810388535594
-1.75277774386718,0.0329164290095995,5.11667182143464,NaN,0,-16.6561374664307,NaN,11.5804159498505,14.235863616,-9999,-9999,0.89291278224,0.02423233662264,4.12244816962916,1.12886323549338,0.0259923884049152,4.09716569406465
-0.771487782547976,0.0274185099886256,7.2629467776931,5.544444444,0,NaN,NaN,10.3315492965368,13.4128089522581,-9999,-9999,2.43712111587097,0.0282292793070968,5.76016640663375,1.96396688261045,0.02585922639617,5.6402983835129
-0.722344490509576,0.036694844807727,6.53713357394099,5.211111111,0,45.5981369018555,NaN,10.4920900150994,13.9876409032258,-9999,-9999,1.52483616023226,0.0357393271610323,5.54085913632132,1.28240039645824,0.0336226076037057,5.59817305539034
-1.61079768091546,0.0403283836263673,6.57427173784474,NaN,0,66.785026550293,NaN,9.70830093972857,11.2015944514286,-9999,-9999,0.571917378857143,0.0389511743297143,5.500084781777,0.664188448711062,0.0369225778943128,5.57945879277681
0.948522945274311,0.0407255541657383,6.20214169741208,NaN,0,81.6605072021484,NaN,9.83701364631793,10.9329694606452,-9999,-9999,1.84008286683871,0.0400879602743226,4.96346864460236,1.47810327716942,0.0375233802669292,4.84444885802812
0.158570326379958,0.039543451200878,4.82993189455177,6.0625,0,54.2870712280273,NaN,8.060464566288,8.296869744,-9999,-9999,1.8402449904,0.0320348145096,3.97963111840173,1.95020913534942,0.0314197364183215,3.9668970201032
-0.46212647242812,0.0402339201319003,5.73604192322387,6.075,0,48.9427528381348,NaN,8.7238779377969,9.54084862451613,-9999,-9999,2.62777188541935,0.0317101434851613,4.46037716062286,2.55654301575685,0.0304425800954473,4.39587495685961
-2.99358041555428,0.0270762851534489,5.50984160722616,5.844444444,0,NaN,NaN,9.3118851804312,8.133734808,-9999,-9999,1.15500153096,0.0269461120608,3.97043767466403,1.38941341014769,0.0250623477304921,4.02732220449612
-2.43989690343908,0.0195345638208202,5.78566102198142,5.93125,0,-17.1055755615234,NaN,8.86309354347097,7.65386537806452,-9999,-9999,1.23735518477419,0.0188358400846452,4.09006881833431,1.60942652690695,0.0178236349853272,4.11084404586675
NaN,NaN,NaN,NaN,0,-41.1227645874023,NaN,17.3268365272258,17.6385296903226,-9999,-9999,-9999,-9999,-9999,0.694802350631592,0.0170740379058079,3.97396633758365
NaN,NaN,NaN,NaN,0,-65.6606903076172,NaN,17.4945312936,17.493001056,-9999,-9999,-9999,-9999,-9999,0.699984543319425,0.0211273277805799,4.3160937716803
NaN,NaN,NaN,NaN,0,NaN,NaN,16.610208272129,17.2857838529032,-9999,-9999,-9999,-9999,-9999,1.27916788348824,0.0258387805758403,4.53062657454783
NaN,NaN,NaN,2.714285714,0,NaN,NaN,15.3927373392,17.024433048,-9999,-9999,-9999,-9999,-9999,1.93050920169844,0.0260284737575914,5.26815257538382
NaN,NaN,NaN,NaN,0,18.301721572876,NaN,14.4333515032258,17.2602450580645,-9999,-9999,-9999,-9999,-9999,2.57631661519981,0.0277319985080343,6.38815775045593
NaN,NaN,NaN,NaN,0,43.601131439209,NaN,NaN,NaN,NaN,NaN,NaN,NaN,NaN,NaN,NaN,NaN
NaN,NaN,NaN,NaN,0,33.6012649536133,NaN,NaN,NaN,NaN,NaN,NaN,NaN,NaN,NaN,NaN,NaN
NaN,NaN,NaN,NaN,0,78.3718414306641,NaN,NaN,NaN,NaN,NaN,NaN,NaN,NaN,NaN,NaN,NaN
NaN,NaN,NaN,6.283333333,0,NaN,NaN,NaN,NaN,NaN,NaN,NaN,NaN,NaN,NaN,NaN,NaN
NaN,NaN,NaN,5.533333333,0,83.3648071289062,NaN,NaN,NaN,NaN,NaN,NaN,NaN,NaN,NaN,NaN,NaN
NaN,NaN,NaN,5.955555556,0,54.6926651000977,NaN,NaN,NaN,NaN,NaN,NaN,NaN,NaN,NaN,NaN,NaN
NaN,NaN,NaN,6.027777778,0,28.4216117858887,NaN,NaN,NaN,NaN,NaN,NaN,NaN,NaN,NaN,NaN,NaN
NaN,NaN,NaN,6.4,0,18.0019702911377,NaN,NaN,NaN,NaN,NaN,NaN,NaN,NaN,NaN,NaN,NaN
NaN,NaN,NaN,6.25,0,NaN,NaN,NaN,NaN,NaN,NaN,NaN,NaN,NaN,NaN,NaN,NaN
NaN,NaN,NaN,3.65,0,NaN,NaN,NaN,NaN,NaN,NaN,NaN,NaN,NaN,NaN,NaN,NaN
NaN,NaN,NaN,NaN,0,40.9161720275879,NaN,NaN,NaN,NaN,NaN,NaN,NaN,NaN,NaN,NaN,NaN
NaN,NaN,NaN,6.422222222,0,36.2302131652832,NaN,NaN,NaN,NaN,NaN,NaN,NaN,NaN,NaN,NaN,NaN
NaN,NaN,NaN,NaN,0,26.309928894043,NaN,NaN,NaN,NaN,NaN,NaN,NaN,NaN,NaN,NaN,NaN
NaN,NaN,NaN,NaN,0,NaN,NaN,NaN,NaN,NaN,NaN,NaN,NaN,NaN,NaN,NaN,NaN
NaN,NaN,NaN,NaN,0,76.8196640014648,NaN,NaN,NaN,NaN,NaN,NaN,NaN,NaN,NaN,NaN,NaN
NaN,NaN,NaN,6.6,0,73.6126937866211,NaN,NaN,NaN,NaN,NaN,NaN,NaN,NaN,NaN,NaN,NaN
NaN,NaN,NaN,5.8375,0,79.6641311645508,NaN,NaN,NaN,NaN,NaN,NaN,NaN,NaN,NaN,NaN,NaN
NaN,NaN,NaN,6.072222222,0,63.241455078125,NaN,NaN,NaN,NaN,NaN,NaN,NaN,NaN,NaN,NaN,NaN
NaN,NaN,NaN,6.122222222,0,NaN,NaN,NaN,NaN,NaN,NaN,NaN,NaN,NaN,NaN,NaN,NaN
NaN,NaN,NaN,6.385714286,0,NaN,NaN,NaN,NaN,NaN,NaN,NaN,NaN,NaN,NaN,NaN,NaN
NaN,NaN,NaN,4.833333333,0,NaN,NaN,NaN,NaN,NaN,NaN,NaN,NaN,NaN,NaN,NaN,NaN
NaN,NaN,NaN,NaN,0,NaN,NaN,NaN,NaN,NaN,NaN,NaN,NaN,NaN,NaN,NaN,NaN
NaN,NaN,NaN,6.116666667,0,NaN,NaN,NaN,NaN,NaN,NaN,NaN,NaN,NaN,NaN,NaN,NaN
NaN,NaN,NaN,NaN,0,NaN,NaN,NaN,NaN,NaN,NaN,NaN,NaN,NaN,NaN,NaN,NaN
NaN,NaN,NaN,NaN,0,NaN,NaN,NaN,NaN,NaN,NaN,NaN,NaN,NaN,NaN,NaN,NaN
NaN,NaN,NaN,NaN,0,NaN,NaN,NaN,NaN,NaN,NaN,NaN,NaN,NaN,NaN,NaN,NaN
NaN,NaN,NaN,6.116666667,0,NaN,NaN,NaN,NaN,NaN,NaN,NaN,NaN,NaN,NaN,NaN,NaN
NaN,NaN,NaN,NaN,0,NaN,NaN,NaN,NaN,NaN,NaN,NaN,NaN,NaN,NaN,NaN,NaN
NaN,NaN,NaN,6.01875,0,NaN,NaN,NaN,NaN,NaN,NaN,NaN,NaN,NaN,NaN,NaN,NaN
NaN,NaN,NaN,NaN,0,54.533275604248,NaN,NaN,NaN,NaN,NaN,NaN,NaN,NaN,NaN,NaN,NaN
NaN,NaN,NaN,6.127777778,0,52.0280532836914,NaN,NaN,NaN,NaN,NaN,NaN,NaN,NaN,NaN,NaN,NaN
NaN,NaN,NaN,6.6,0,NaN,NaN,NaN,NaN,NaN,NaN,NaN,NaN,NaN,NaN,NaN,NaN
NaN,NaN,NaN,NaN,0,NaN,NaN,NaN,NaN,NaN,NaN,NaN,NaN,NaN,NaN,NaN,NaN
NaN,NaN,NaN,NaN,0,16.0760402679443,NaN,NaN,NaN,NaN,NaN,NaN,NaN,NaN,NaN,NaN,NaN
NaN,NaN,NaN,6.36,0,52.5217094421387,NaN,NaN,NaN,NaN,NaN,NaN,NaN,NaN,NaN,NaN,NaN
NaN,NaN,NaN,6.244444444,0,75.4966888427734,NaN,NaN,NaN,NaN,NaN,NaN,NaN,NaN,NaN,NaN,NaN
