NBE,CH4,ET,LAI,SCF,EWT,ABGB,GPP_DT,ER_DT,GPP_NT,ER_NT,NBE_F,CH4_F,ET_F,NBE_ANN,CH4_ANN,ET_ANN
NaN,NaN,NaN,1.3,NaN,NaN,NaN,NaN,NaN,NaN,NaN,NaN,NaN,NaN,NaN,NaN,NaN
NaN,NaN,NaN,1.005555556,0,NaN,NaN,NaN,NaN,NaN,NaN,NaN,NaN,NaN,NaN,NaN,NaN
NaN,NaN,NaN,0.916666667,0,NaN,NaN,NaN,NaN,NaN,NaN,NaN,NaN,NaN,NaN,NaN,NaN
NaN,NaN,NaN,1.32,0,44.5929870605469,NaN,NaN,NaN,NaN,NaN,NaN,NaN,NaN,NaN,NaN,NaN
NaN,NaN,NaN,2.161111111,0,41.684928894043,NaN,NaN,NaN,NaN,NaN,NaN,NaN,NaN,NaN,NaN,NaN
NaN,NaN,NaN,3.238888889,0,NaN,NaN,NaN,NaN,NaN,NaN,NaN,NaN,NaN,NaN,NaN,NaN
NaN,NaN,NaN,3.066666667,0,NaN,NaN,NaN,NaN,NaN,NaN,NaN,NaN,NaN,NaN,NaN,NaN
NaN,NaN,NaN,3.028571429,0,26.1161136627197,NaN,NaN,NaN,NaN,NaN,NaN,NaN,NaN,NaN,NaN,NaN
NaN,NaN,NaN,3.116666667,0,17.2153205871582,NaN,NaN,NaN,NaN,NaN,NaN,NaN,NaN,NaN,NaN,NaN
NaN,NaN,NaN,1.933333333,0,12.4402942657471,NaN,NaN,NaN,NaN,NaN,NaN,NaN,NaN,NaN,NaN,NaN
NaN,NaN,NaN,1.233333333,0,34.7458534240723,NaN,NaN,NaN,NaN,NaN,NaN,NaN,NaN,NaN,NaN,NaN
NaN,NaN,NaN,1.3,NaN,44.6618843078613,NaN,NaN,NaN,NaN,NaN,NaN,NaN,NaN,NaN,NaN,NaN
NaN,NaN,NaN,0.95,NaN,48.1486587524414,NaN,NaN,NaN,NaN,NaN,NaN,NaN,NaN,NaN,NaN,NaN
NaN,NaN,NaN,0.611111111,0,57.8369369506836,NaN,NaN,NaN,NaN,NaN,NaN,NaN,NaN,NaN,NaN,NaN
NaN,NaN,NaN,0.583333333,0,51.1467971801758,NaN,NaN,NaN,NaN,NaN,NaN,NaN,NaN,NaN,NaN,NaN
NaN,NaN,NaN,1.7,0,34.9569854736328,NaN,NaN,NaN,NaN,NaN,NaN,NaN,NaN,NaN,NaN,NaN
NaN,NaN,NaN,2.46,0,20.0935440063477,NaN,NaN,NaN,NaN,NaN,NaN,NaN,NaN,NaN,NaN,NaN
NaN,NaN,NaN,2.594444444,0,NaN,NaN,NaN,NaN,NaN,NaN,NaN,NaN,NaN,NaN,NaN,NaN
NaN,NaN,NaN,3.705555556,0,-2.2067277431488,NaN,NaN,NaN,NaN,NaN,NaN,NaN,NaN,NaN,NaN,NaN
NaN,NaN,NaN,1.666666667,0,-6.86309719085693,NaN,NaN,NaN,NaN,NaN,NaN,NaN,NaN,NaN,NaN,NaN
NaN,NaN,NaN,1.994444444,0,-23.2427711486816,NaN,NaN,NaN,NaN,NaN,NaN,NaN,NaN,NaN,NaN,NaN
NaN,NaN,NaN,1.688888889,0,-21.999979019165,NaN,NaN,NaN,NaN,NaN,NaN,NaN,NaN,NaN,NaN,NaN
NaN,NaN,NaN,1.077777778,0,-19.8344821929932,NaN,NaN,NaN,NaN,NaN,NaN,NaN,NaN,NaN,NaN,NaN
NaN,NaN,NaN,1.188888889,NaN,-10.4268732070923,NaN,NaN,NaN,NaN,NaN,NaN,NaN,NaN,NaN,NaN,NaN
NaN,NaN,NaN,0.572222222,NaN,9.06619358062744,NaN,NaN,NaN,NaN,NaN,NaN,NaN,NaN,NaN,NaN,NaN
NaN,NaN,NaN,1.044444444,0,31.1080379486084,NaN,NaN,NaN,NaN,NaN,NaN,NaN,NaN,NaN,NaN,NaN
NaN,NaN,NaN,NaN,0,15.5090951919556,NaN,NaN,NaN,NaN,NaN,NaN,NaN,NaN,NaN,NaN,NaN
NaN,NaN,NaN,1.278571429,0,14.7354688644409,NaN,NaN,NaN,NaN,NaN,NaN,NaN,NaN,NaN,NaN,NaN
NaN,NaN,NaN,2.433333333,0,8.31565284729004,NaN,NaN,NaN,NaN,NaN,NaN,NaN,NaN,NaN,NaN,NaN
NaN,NaN,NaN,3.671428571,0,0.125332668423653,NaN,NaN,NaN,NaN,NaN,NaN,NaN,NaN,NaN,NaN,NaN
NaN,NaN,NaN,3.03125,0,-2.60376405715942,NaN,NaN,NaN,NaN,NaN,NaN,NaN,NaN,NaN,NaN,NaN
NaN,NaN,NaN,3.45,0,-13.2747087478638,NaN,NaN,NaN,NaN,NaN,NaN,NaN,NaN,NaN,NaN,NaN
NaN,NaN,NaN,2.2125,0,-15.2415504455566,NaN,NaN,NaN,NaN,NaN,NaN,NaN,NaN,NaN,NaN,NaN
NaN,NaN,NaN,1.888888889,0,-16.4085693359375,NaN,NaN,NaN,NaN,NaN,NaN,NaN,NaN,NaN,NaN,NaN
NaN,NaN,NaN,NaN,0,2.12385964393616,NaN,NaN,NaN,NaN,NaN,NaN,NaN,NaN,NaN,NaN,NaN
NaN,NaN,NaN,1.055555556,NaN,3.6564793586731,NaN,NaN,NaN,NaN,NaN,NaN,NaN,NaN,NaN,NaN,NaN
NaN,NaN,NaN,1.233333333,NaN,6.95900344848633,NaN,NaN,NaN,NaN,NaN,NaN,NaN,NaN,NaN,NaN,NaN
NaN,NaN,NaN,0.3,0,30.0576992034912,NaN,NaN,NaN,NaN,NaN,NaN,NaN,NaN,NaN,NaN,NaN
NaN,NaN,NaN,NaN,0,25.2311992645264,NaN,NaN,NaN,NaN,NaN,NaN,NaN,NaN,NaN,NaN,NaN
NaN,NaN,NaN,1.75,0,17.2005367279053,NaN,NaN,NaN,NaN,NaN,NaN,NaN,NaN,NaN,NaN,NaN
NaN,NaN,NaN,2.233333333,0,16.2408409118652,NaN,NaN,NaN,NaN,NaN,NaN,NaN,NaN,NaN,NaN,NaN
NaN,NaN,NaN,3.25,0,-7.90673685073853,NaN,NaN,NaN,NaN,NaN,NaN,NaN,NaN,NaN,NaN,NaN
NaN,NaN,NaN,3.822222222,0,-11.8557033538818,NaN,NaN,NaN,NaN,NaN,NaN,NaN,NaN,NaN,NaN,NaN
NaN,NaN,NaN,3.111111111,0,-6.45759534835815,NaN,NaN,NaN,NaN,NaN,NaN,NaN,NaN,NaN,NaN,NaN
NaN,NaN,NaN,2.928571429,0,-19.477014541626,NaN,NaN,NaN,NaN,NaN,NaN,NaN,NaN,NaN,NaN,NaN
NaN,NaN,NaN,1.533333333,0,-18.08225440979,NaN,NaN,NaN,NaN,NaN,NaN,NaN,NaN,NaN,NaN,NaN
NaN,NaN,NaN,1.622222222,0,-19.4852905273438,NaN,NaN,NaN,NaN,NaN,NaN,NaN,NaN,NaN,NaN,NaN
NaN,NaN,NaN,1.133333333,NaN,-3.91344809532166,NaN,NaN,NaN,NaN,NaN,NaN,NaN,NaN,NaN,NaN,NaN
NaN,NaN,NaN,0.81875,NaN,3.58084154129028,NaN,NaN,NaN,NaN,NaN,NaN,NaN,NaN,NaN,NaN,NaN
NaN,NaN,NaN,0.464285714,0,8.18807411193848,NaN,NaN,NaN,NaN,NaN,NaN,NaN,NaN,NaN,NaN,NaN
NaN,NaN,NaN,0.594444444,0,19.7600688934326,NaN,NaN,NaN,NaN,NaN,NaN,NaN,NaN,NaN,NaN,NaN
NaN,NaN,NaN,1.12,0,17.0400314331055,NaN,NaN,NaN,NaN,NaN,NaN,NaN,NaN,NaN,NaN,NaN
NaN,NaN,NaN,2.857142857,0,5.30340099334717,NaN,NaN,NaN,NaN,NaN,NaN,NaN,NaN,NaN,NaN,NaN
NaN,NaN,NaN,3.7,0,-0.039249774068594,NaN,NaN,NaN,NaN,NaN,NaN,NaN,NaN,NaN,NaN,NaN
NaN,NaN,NaN,3.5,0,-26.1682281494141,NaN,NaN,NaN,NaN,NaN,NaN,NaN,NaN,NaN,NaN,NaN
NaN,NaN,NaN,2.033333333,0,-20.4078388214111,NaN,NaN,NaN,NaN,NaN,NaN,NaN,NaN,NaN,NaN,NaN
NaN,NaN,NaN,2.378571429,0,-23.5792446136475,NaN,NaN,NaN,NaN,NaN,NaN,NaN,NaN,NaN,NaN,NaN
NaN,NaN,NaN,2.191666667,0,-29.647970199585,NaN,NaN,NaN,NaN,NaN,NaN,NaN,NaN,NaN,NaN,NaN
NaN,NaN,NaN,1.542857143,0,-22.6883392333984,NaN,NaN,NaN,NaN,NaN,NaN,NaN,NaN,NaN,NaN,NaN
NaN,NaN,NaN,1.033333333,NaN,-9.68403625488281,NaN,NaN,NaN,NaN,NaN,NaN,NaN,NaN,NaN,NaN,NaN
-0.0288861390267401,NaN,0.851947972115026,1.144444444,NaN,8.74492073059082,NaN,0.285859631085524,0.503878048713192,0.395573190313417,0.456282649166232,0.0607104758930405,-9999,0.826077471144179,-0.0100820687679656,0.00842273041297957,0.84039175394386
-0.349376299304096,NaN,0.642242223395228,0.588888889,0,15.6565427780151,NaN,0.403373646190286,0.7975133046,0.951008816982857,0.773795550342857,-0.177222311485714,-9999,0.6209306760562,-0.165632372759035,0.00933158208740335,0.667578317159143
0.0523572801823839,NaN,1.16828739995856,0.8375,0,26.2600860595703,NaN,0.861915148532129,1.01094645908903,1.24721484010374,1.11310786823226,-0.134107910384516,-9999,1.05168294869424,0.0876766498926157,0.0090000498968498,1.09997887205456
-2.15445175306087,NaN,1.43078467574403,1.79375,0,7.1740083694458,NaN,4.768672765536,3.5895294612,4.8245482368,3.67466439096,-1.149886296,-9999,1.09082103929651,-1.28333604183727,0.00992581570208634,1.11340834994372
-5.85143465687731,NaN,0.404656231326712,3.144444444,0,-5.37584018707275,NaN,8.51896425263226,2.77598190409548,10.0852255485917,5.17779406637419,-4.90743755767742,-9999,0.414586079836219,-4.94637334397347,0.0130261914443292,0.395658948301275
-4.03963667231204,NaN,2.91692904635061,2.725,0,7.15108919143677,NaN,9.7072699560192,5.980504884264,10.0153813137408,6.74253363888,-3.272830128,-9999,2.83232561591907,-3.33819958292043,0.0069525893180054,2.81060691520239
-4.29658028910185,NaN,4.06400045711244,3.09375,0,4.68453407287598,NaN,7.06477387724129,3.04267457020645,7.73010189550452,4.36967597194839,-3.3604365672,-9999,3.67799776642561,-3.11615860371334,0.00345596731698481,3.73542547594967
-4.58966248297867,NaN,2.71535728388809,3.285714286,0,6.98099803924561,NaN,6.50132058007974,3.68348719243355,8.67848287027355,6.38967647705806,-2.28881942477419,-9999,2.1498917224354,-2.65043664093127,0.00296862550933354,2.16227517139823
-2.15163872797674,NaN,1.65035383452788,1.9,0,3.01377749443054,NaN,4.1861097345024,2.059704591552,5.7606151858128,4.79792804688,-0.96267706488,-9999,1.40745220559852,-1.0681201437816,0.00594482711416017,1.41856285167649
0.114238703320172,NaN,1.39379537049821,1.657142857,0,-5.13523054122925,NaN,1.85616389479123,2.18818485664258,2.05103312291032,2.99384084670968,0.942807439045161,-9999,1.00873570184424,0.71393101081821,0.0121836075859124,1.1190058858675
-0.457422140999303,NaN,0.830690511200431,1.15,0.2233333333,7.31914329528809,NaN,0.26908505135172,0.821730762216,1.655112465216,1.21622637816,-0.438876025632,-9999,0.782011144957069,-0.324067567075973,0.0191810953882822,0.785871869137722
0.222240314305567,NaN,0.551287814585005,1.114285714,NaN,22.7332324981689,NaN,0.313135871231845,0.731682957042581,1.13757923835406,1.44259900699355,0.305028296500645,-9999,0.484262321468772,0.282984480018198,0.0201106832595036,0.509871226551063
-0.0145116081777685,NaN,0.64462422180186,1.207142857,NaN,17.6033706665039,NaN,0.583125962953006,1.81612788600774,0.777014839277419,0.76280904116129,-0.0142090401367743,-9999,0.637607159323108,0.0091008964984466,0.0161070320462549,0.643102120279362
0.214763591617734,NaN,0.80760427893556,0.983333333,0,15.8613290786743,NaN,0.44023340511499,0.653806870113103,0.761314960032828,1.05501170855172,0.293692803144827,-9999,0.69827599428075,0.260685600507131,0.0123214400718683,0.743838010952009
-0.0641046071335209,NaN,1.50090906501539,0.716666667,0,28.3732967376709,NaN,1.01557990312026,1.43054815621935,0.918987191266065,1.21092577943226,0.291938230219355,-9999,1.33201599064067,0.135588323385648,0.0153291346439002,1.29555010825673
-1.43148533218566,NaN,2.35663315890387,1.6875,0,36.5469207763672,NaN,2.7293610772224,1.584583791264,3.19456446516,2.52800721432,-0.66655369224,-9999,1.97928073251925,-0.790095367546615,0.0174552127105068,1.98657675677288
-5.31181116078173,NaN,4.83225880080169,2.644444444,0,19.1943340301514,NaN,8.00236981614194,4.7461435170271,8.59412710911484,5.34763196500645,-3.2464887452129,-9999,3.83315891889359,-3.28227833026098,0.018804261052418,3.83460111568802
-6.53892027278884,NaN,5.33276783214486,2.955555556,0,-0.674453973770142,NaN,11.08714788936,7.379146423728,10.150465852224,6.22817459208,-3.92228560152,-9999,4.32265929610258,-3.94889846957513,0.0150269629174018,4.38616273765097
-3.866730821436,NaN,4.15006292599582,1.75,0,-13.1757545471191,NaN,7.71009983890839,5.71806777251613,9.7940368224929,7.4278605528,-2.36618675767742,-9999,3.68810815283996,-2.37206162731973,0.0117374380145328,3.76004299873725
-1.45358679322526,NaN,3.72412495322481,2.921428571,0,-16.9377555847168,NaN,4.51100409039174,2.65415158177548,5.99208173012903,5.97592451938065,-0.0161608357161291,-9999,3.29773376840721,-0.469476434579803,0.0118830741934334,3.34072732245851
-3.98805288258841,NaN,3.44458355499644,2.433333333,0,-17.3107872009277,NaN,4.81226219208,4.106121655608,5.1756484555656,3.82960880856,-1.34603586648,-9999,2.69679434187676,-1.31185880478395,0.0155755406114489,2.66684974825951
-0.611161084721469,NaN,1.60935504163233,1.575,0,-15.0446748733521,NaN,2.42956589518452,3.65205389144516,2.31855438479226,2.59456140255484,0.276006758632258,-9999,1.37239006305386,0.284662577193984,0.0183399241570606,1.44774641197949
0.318237416221481,NaN,0.925113804729414,1.42,0,-8.90439796447754,NaN,0.62950067403696,1.034504241552,0.9643462320384,1.58454123408,0.620195566248,-9999,0.811345435127312,0.599090631055779,0.0210655404897269,0.845302025184066
0.253895664594066,NaN,0.315500741525865,1.122222222,NaN,3.61831879615784,NaN,0.332360268238452,0.825259098286452,0.331332812175484,0.675436235690323,0.344106124274323,-9999,0.292932628597648,0.337240358719602,0.023370912143907,0.294770814035428
-0.0540186836396923,NaN,NaN,0.916666667,NaN,9.73942184448242,NaN,0.0435909878265832,0.981438030673548,0.411024278113548,0.473546633574194,0.0625242351135484,-9999,-9999,0.00376200878265942,0.0234111124712531,0.35144843324455
-0.0107066139350669,NaN,NaN,0.66,0,13.1077651977539,NaN,0.195523222315114,0.6370383834,0.821406939032571,0.861744631371428,0.0403342684920001,-9999,-9999,0.080306057399599,0.0216804114508025,0.623607311398987
-0.123919456956446,NaN,NaN,0.857142857,0,17.6538066864014,NaN,0.806078655146323,0.653469893210323,1.22395746325959,1.50113951512258,0.277182997676129,-9999,-9999,0.177145100401977,0.0201798997566126,1.25614357805365
-2.11584458614349,0.0217381384988177,NaN,1.827777778,0,7.12276697158813,NaN,4.0184375404896,3.12462666324,3.883306267656,3.23483731272,-0.648470993472,0.0200549913755294,-9999,-0.904333927957769,0.020426778872232,2.33704628572333
-4.90728588581215,0.0201017643443309,NaN,3.327777778,0,0.572474241256714,NaN,6.14331564060379,0.913407643091613,8.00039999612903,4.12235409274839,-3.87804639115045,0.0191154493602581,-9999,-3.82898123079959,0.0192112261875211,3.10152156381782
NaN,NaN,NaN,3.675,0,-10.9211053848267,NaN,6.36419863407456,1.149141267,8.815574325024,6.04133330184,-2.77423651242,0.020378313144,-9999,-3.33594333523673,0.0192069076307478,3.70785531457334
-3.28174942607117,0.0208879037376175,NaN,3.511111111,0,-17.8298110961914,NaN,5.80497310354692,1.97509463653935,7.06767562252335,5.38155149783226,-1.68612430380387,0.0175993666676129,-9999,-2.05809705860222,0.0193053100558245,4.40002599920875
-2.72794420695918,NaN,NaN,3.033333333,0,-26.2395267486572,NaN,4.82059117009161,1.80860859288,7.15643197680774,6.24947821269677,-0.90695690496,-9999,-9999,-1.0008585702651,0.0221227993771936,4.66687005757904
-3.18738026191127,NaN,NaN,1.975,0,-38.7697830200195,NaN,4.29568443399168,2.715064543152,4.6314071332128,3.369523086,-1.26188645256,-9999,-9999,-1.27320096306997,0.0206283116784938,2.83057164550392
0.568453612390435,NaN,NaN,1.81875,0,-36.0632362365723,NaN,1.27573581865239,1.5652809396929,1.66327455024,2.5501384467871,0.886864518766452,-9999,-9999,0.807028962759599,0.0184842035229872,1.55193572357192
1.73107061491833,NaN,NaN,0.85,0,-29.6184253692627,NaN,0.20701751202,1.5148219518,0.3693187429488,2.091139434,1.7218241874,-9999,-9999,1.59132790502868,0.022008943526326,1.00313558785446
0.82415347942564,NaN,NaN,0.4,NaN,-4.39163160324097,NaN,0.249727600508539,0.973048617150968,0.496636049749935,1.37744658975484,0.880808669465806,-9999,-9999,0.750731898340962,0.026212221906323,0.627567313953402
NaN,NaN,NaN,0.07,NaN,10.8711318969727,NaN,NaN,NaN,NaN,NaN,NaN,NaN,NaN,NaN,NaN,NaN
NaN,NaN,NaN,NaN,0.2861111111,9.79277801513672,NaN,NaN,NaN,NaN,NaN,NaN,NaN,NaN,NaN,NaN,NaN
NaN,NaN,NaN,0.485714286,0,5.08009624481201,NaN,NaN,NaN,NaN,NaN,NaN,NaN,NaN,NaN,NaN,NaN
NaN,NaN,NaN,1.666666667,0,-0.375015884637833,NaN,NaN,NaN,NaN,NaN,NaN,NaN,NaN,NaN,NaN,NaN
NaN,NaN,NaN,2.222222222,0,-8.70958614349365,NaN,NaN,NaN,NaN,NaN,NaN,NaN,NaN,NaN,NaN,NaN
NaN,NaN,NaN,3.344444444,0,-9.78797149658203,NaN,NaN,NaN,NaN,NaN,NaN,NaN,NaN,NaN,NaN,NaN
NaN,NaN,NaN,3.783333333,0,-28.9033241271973,NaN,NaN,NaN,NaN,NaN,NaN,NaN,NaN,NaN,NaN,NaN
NaN,NaN,NaN,3.044444444,0,-26.1049308776855,NaN,NaN,NaN,NaN,NaN,NaN,NaN,NaN,NaN,NaN,NaN
NaN,NaN,NaN,2.666666667,0,-16.5693340301514,NaN,NaN,NaN,NaN,NaN,NaN,NaN,NaN,NaN,NaN,NaN
NaN,NaN,NaN,1.85,0,-8.03318405151367,NaN,NaN,NaN,NaN,NaN,NaN,NaN,NaN,NaN,NaN,NaN
NaN,NaN,NaN,1.455555556,NaN,3.10394310951233,NaN,NaN,NaN,NaN,NaN,NaN,NaN,NaN,NaN,NaN,NaN
NaN,NaN,NaN,0.28,NaN,27.2168827056885,NaN,NaN,NaN,NaN,NaN,NaN,NaN,NaN,NaN,NaN,NaN
NaN,NaN,NaN,1.31,NaN,NaN,NaN,NaN,NaN,NaN,NaN,NaN,NaN,NaN,NaN,NaN,NaN
NaN,NaN,NaN,0.594444444,0,27.8295440673828,NaN,NaN,NaN,NaN,NaN,NaN,NaN,NaN,NaN,NaN,NaN
NaN,NaN,NaN,0.938888889,0,19.1726531982422,NaN,NaN,NaN,NaN,NaN,NaN,NaN,NaN,NaN,NaN,NaN
NaN,NaN,NaN,1.366666667,0,6.79857301712036,NaN,NaN,NaN,NaN,NaN,NaN,NaN,NaN,NaN,NaN,NaN
NaN,NaN,NaN,2.638888889,0,-11.479564666748,NaN,NaN,NaN,NaN,NaN,NaN,NaN,NaN,NaN,NaN,NaN
NaN,NaN,NaN,3.666666667,0,NaN,NaN,NaN,NaN,NaN,NaN,NaN,NaN,NaN,NaN,NaN,NaN
NaN,NaN,NaN,2.977777778,0,-26.8301944732666,NaN,NaN,NaN,NaN,NaN,NaN,NaN,NaN,NaN,NaN,NaN
NaN,NaN,NaN,3.566666667,0,-15.4925498962402,NaN,NaN,NaN,NaN,NaN,NaN,NaN,NaN,NaN,NaN,NaN
NaN,NaN,NaN,2.366666667,0,-22.893102645874,NaN,NaN,NaN,NaN,NaN,NaN,NaN,NaN,NaN,NaN,NaN
NaN,NaN,NaN,2.705555556,0,-24.7589282989502,NaN,NaN,NaN,NaN,NaN,NaN,NaN,NaN,NaN,NaN,NaN
NaN,NaN,NaN,1.533333333,0,-24.6269989013672,NaN,NaN,NaN,NaN,NaN,NaN,NaN,NaN,NaN,NaN,NaN
NaN,NaN,NaN,1.211111111,NaN,8.45273876190186,NaN,NaN,NaN,NaN,NaN,NaN,NaN,NaN,NaN,NaN,NaN
NaN,NaN,NaN,0.777777778,NaN,12.1554937362671,NaN,NaN,NaN,NaN,NaN,NaN,NaN,NaN,NaN,NaN,NaN
NaN,NaN,NaN,0.4,0.4583333333,13.6303176879883,NaN,NaN,NaN,NaN,NaN,NaN,NaN,NaN,NaN,NaN,NaN
NaN,NaN,NaN,0.833333333,0,14.9757680892944,NaN,NaN,NaN,NaN,NaN,NaN,NaN,NaN,NaN,NaN,NaN
NaN,NaN,NaN,1.166666667,0,2.42061734199524,NaN,NaN,NaN,NaN,NaN,NaN,NaN,NaN,NaN,NaN,NaN
NaN,NaN,NaN,3.0375,0,NaN,NaN,NaN,NaN,NaN,NaN,NaN,NaN,NaN,NaN,NaN,NaN
NaN,NaN,NaN,2.95,0,-9.31028747558594,NaN,NaN,NaN,NaN,NaN,NaN,NaN,NaN,NaN,NaN,NaN
NaN,NaN,NaN,4.6,0,-3.23530054092407,NaN,NaN,NaN,NaN,NaN,NaN,NaN,NaN,NaN,NaN,NaN
NaN,NaN,NaN,3.16875,0,-20.982852935791,NaN,NaN,NaN,NaN,NaN,NaN,NaN,NaN,NaN,NaN,NaN
NaN,NaN,NaN,2.678571429,0,-27.8398361206055,NaN,NaN,NaN,NaN,NaN,NaN,NaN,NaN,NaN,NaN,NaN
NaN,NaN,NaN,1.816666667,0,NaN,NaN,NaN,NaN,NaN,NaN,NaN,NaN,NaN,NaN,NaN,NaN
NaN,NaN,NaN,1.327777778,0,-5.88443803787231,NaN,NaN,NaN,NaN,NaN,NaN,NaN,NaN,NaN,NaN,NaN
NaN,NaN,NaN,NaN,NaN,-7.23494434356689,NaN,NaN,NaN,NaN,NaN,NaN,NaN,NaN,NaN,NaN,NaN
