NBE,CH4,ET,LAI,SCF,EWT,ABGB,GPP_DT,ER_DT,GPP_NT,ER_NT,NBE_F,CH4_F,ET_F,NBE_ANN,CH4_ANN,ET_ANN
NaN,NaN,NaN,3.983333333,0,-5.20506191253662,NaN,NaN,NaN,NaN,NaN,NaN,NaN,NaN,NaN,NaN,NaN
NaN,NaN,NaN,2.8,0,143.16520690918,NaN,NaN,NaN,NaN,NaN,NaN,NaN,NaN,NaN,NaN,NaN
NaN,NaN,NaN,3.866666667,0,179.019073486328,NaN,NaN,NaN,NaN,NaN,NaN,NaN,NaN,NaN,NaN,NaN
NaN,NaN,NaN,3.533333333,0,198.633346557617,NaN,NaN,NaN,NaN,NaN,NaN,NaN,NaN,NaN,NaN,NaN
NaN,NaN,NaN,2.75,0,156.624771118164,NaN,NaN,NaN,NaN,NaN,NaN,NaN,NaN,NaN,NaN,NaN
NaN,NaN,NaN,2.316666667,0,93.9328460693359,NaN,NaN,NaN,NaN,NaN,NaN,NaN,NaN,NaN,NaN,NaN
NaN,NaN,NaN,2.027777778,0,-19.318172454834,NaN,NaN,NaN,NaN,NaN,NaN,NaN,NaN,NaN,NaN,NaN
NaN,NaN,NaN,2.033333333,0,-74.4009246826172,NaN,NaN,NaN,NaN,NaN,NaN,NaN,NaN,NaN,NaN,NaN
NaN,NaN,NaN,6.5,0,-113.27473449707,NaN,NaN,NaN,NaN,NaN,NaN,NaN,NaN,NaN,NaN,NaN
NaN,NaN,NaN,NaN,0,-130.958251953125,NaN,NaN,NaN,NaN,NaN,NaN,NaN,NaN,NaN,NaN,NaN
NaN,NaN,NaN,2.733333333,0,-128.82405090332,NaN,NaN,NaN,NaN,NaN,NaN,NaN,NaN,NaN,NaN,NaN
NaN,NaN,NaN,3.285714286,0,-51.1861114501953,NaN,NaN,NaN,NaN,NaN,NaN,NaN,NaN,NaN,NaN,NaN
NaN,NaN,NaN,3.466666667,0,-27.9546146392822,NaN,NaN,NaN,NaN,NaN,NaN,NaN,NaN,NaN,NaN,NaN
NaN,NaN,NaN,3.194444444,0,15.2954273223877,NaN,NaN,NaN,NaN,NaN,NaN,NaN,NaN,NaN,NaN,NaN
NaN,NaN,NaN,3.644444444,0,106.84342956543,NaN,NaN,NaN,NaN,NaN,NaN,NaN,NaN,NaN,NaN,NaN
NaN,NaN,NaN,3.011111111,0,168.614501953125,NaN,NaN,NaN,NaN,NaN,NaN,NaN,NaN,NaN,NaN,NaN
NaN,NaN,NaN,2.938888889,0,134.655319213867,NaN,NaN,NaN,NaN,NaN,NaN,NaN,NaN,NaN,NaN,NaN
NaN,NaN,NaN,2.455555556,0,9.23847675323486,NaN,NaN,NaN,NaN,NaN,NaN,NaN,NaN,NaN,NaN,NaN
NaN,NaN,NaN,2.288888889,0,-10.2325429916382,NaN,NaN,NaN,NaN,NaN,NaN,NaN,NaN,NaN,NaN,NaN
NaN,NaN,NaN,2.272222222,0,-102.955017089844,NaN,NaN,NaN,NaN,NaN,NaN,NaN,NaN,NaN,NaN,NaN
NaN,NaN,NaN,2.727777778,0,-139.169235229492,NaN,NaN,NaN,NaN,NaN,NaN,NaN,NaN,NaN,NaN,NaN
NaN,NaN,NaN,4.011111111,0,-175.452560424805,NaN,NaN,NaN,NaN,NaN,NaN,NaN,NaN,NaN,NaN,NaN
NaN,NaN,NaN,3.1,0,-137.118606567383,NaN,NaN,NaN,NaN,NaN,NaN,NaN,NaN,NaN,NaN,NaN
NaN,NaN,NaN,3.5,0,-17.3461723327637,NaN,NaN,NaN,NaN,NaN,NaN,NaN,NaN,NaN,NaN,NaN
NaN,NaN,NaN,4.2125,0,27.7200775146484,NaN,NaN,NaN,NaN,NaN,NaN,NaN,NaN,NaN,NaN,NaN
NaN,NaN,NaN,3.722222222,0,97.6936187744141,NaN,NaN,NaN,NaN,NaN,NaN,NaN,NaN,NaN,NaN,NaN
NaN,NaN,NaN,3.938888889,0,103.666412353516,NaN,NaN,NaN,NaN,NaN,NaN,NaN,NaN,NaN,NaN,NaN
NaN,NaN,NaN,3.344444444,0,151.090789794922,NaN,NaN,NaN,NaN,NaN,NaN,NaN,NaN,NaN,NaN,NaN
NaN,NaN,NaN,2.716666667,0,52.0034332275391,NaN,NaN,NaN,NaN,NaN,NaN,NaN,NaN,NaN,NaN,NaN
NaN,NaN,NaN,2.2,0,-12.5705509185791,NaN,NaN,NaN,NaN,NaN,NaN,NaN,NaN,NaN,NaN,NaN
NaN,NaN,NaN,1.866666667,0,-22.6685886383057,NaN,NaN,NaN,NaN,NaN,NaN,NaN,NaN,NaN,NaN,NaN
NaN,NaN,NaN,1.65,0,-114.781356811523,NaN,NaN,NaN,NaN,NaN,NaN,NaN,NaN,NaN,NaN,NaN
NaN,NaN,NaN,NaN,0,-164.669723510742,NaN,NaN,NaN,NaN,NaN,NaN,NaN,NaN,NaN,NaN,NaN
NaN,NaN,NaN,3.161111111,0,-192.13720703125,NaN,NaN,NaN,NaN,NaN,NaN,NaN,NaN,NaN,NaN,NaN
NaN,NaN,NaN,3.244444444,0,-171.522750854492,NaN,NaN,NaN,NaN,NaN,NaN,NaN,NaN,NaN,NaN,NaN
NaN,NaN,NaN,2.388888889,0,-118.291709899902,NaN,NaN,NaN,NaN,NaN,NaN,NaN,NaN,NaN,NaN,NaN
NaN,NaN,NaN,3.675,0,NaN,NaN,NaN,NaN,NaN,NaN,NaN,NaN,NaN,NaN,NaN,NaN
NaN,NaN,NaN,3.022222222,0,48.3202896118164,NaN,NaN,NaN,NaN,NaN,NaN,NaN,NaN,NaN,NaN,NaN
NaN,NaN,NaN,2.961111111,0,169.661926269531,NaN,NaN,NaN,NaN,NaN,NaN,NaN,NaN,NaN,NaN,NaN
NaN,NaN,NaN,3.244444444,0,185.017333984375,NaN,NaN,NaN,NaN,NaN,NaN,NaN,NaN,NaN,NaN,NaN
NaN,NaN,NaN,2.627777778,0,157.268966674805,NaN,NaN,NaN,NaN,NaN,NaN,NaN,NaN,NaN,NaN,NaN
NaN,NaN,NaN,2.044444444,0,NaN,NaN,NaN,NaN,NaN,NaN,NaN,NaN,NaN,NaN,NaN,NaN
NaN,NaN,NaN,1.866666667,0,3.34325098991394,NaN,NaN,NaN,NaN,NaN,NaN,NaN,NaN,NaN,NaN,NaN
NaN,NaN,NaN,1.65,0,-72.4401397705078,NaN,NaN,NaN,NaN,NaN,NaN,NaN,NaN,NaN,NaN,NaN
NaN,NaN,NaN,NaN,0,-178.512817382812,NaN,NaN,NaN,NaN,NaN,NaN,NaN,NaN,NaN,NaN,NaN
NaN,NaN,NaN,1.916666667,0,-188.94548034668,NaN,NaN,NaN,NaN,NaN,NaN,NaN,NaN,NaN,NaN,NaN
NaN,NaN,NaN,2.605555556,0,-153.284606933594,NaN,NaN,NaN,NaN,NaN,NaN,NaN,NaN,NaN,NaN,NaN
NaN,NaN,NaN,2.672222222,0,-78.4231109619141,NaN,NaN,NaN,NaN,NaN,NaN,NaN,NaN,NaN,NaN,NaN
NaN,NaN,NaN,NaN,0,-44.3800582885742,NaN,NaN,NaN,NaN,NaN,NaN,NaN,NaN,NaN,NaN,NaN
NaN,NaN,NaN,4.055555556,0,86.8365859985352,NaN,NaN,NaN,NaN,NaN,NaN,NaN,NaN,NaN,NaN,NaN
NaN,NaN,NaN,3.161111111,0,51.323055267334,NaN,NaN,NaN,NaN,NaN,NaN,NaN,NaN,NaN,NaN,NaN
NaN,NaN,NaN,3.027777778,0,52.0943794250488,NaN,NaN,NaN,NaN,NaN,NaN,NaN,NaN,NaN,NaN,NaN
NaN,NaN,NaN,2.377777778,0,NaN,NaN,NaN,NaN,NaN,NaN,NaN,NaN,NaN,NaN,NaN,NaN
NaN,NaN,NaN,2.4,0,64.8579864501953,NaN,NaN,NaN,NaN,NaN,NaN,NaN,NaN,NaN,NaN,NaN
NaN,NaN,NaN,2.127777778,0,-123.094161987305,NaN,NaN,NaN,NaN,NaN,NaN,NaN,NaN,NaN,NaN,NaN
NaN,NaN,NaN,1.822222222,0,-166.472595214844,NaN,NaN,NaN,NaN,NaN,NaN,NaN,NaN,NaN,NaN,NaN
NaN,NaN,NaN,1.933333333,0,-201.736968994141,NaN,NaN,NaN,NaN,NaN,NaN,NaN,NaN,NaN,NaN,NaN
NaN,NaN,NaN,2.25,0,NaN,NaN,NaN,NaN,NaN,NaN,NaN,NaN,NaN,NaN,NaN,NaN
NaN,NaN,NaN,3.394444444,0,-186.889556884766,NaN,NaN,NaN,NaN,NaN,NaN,NaN,NaN,NaN,NaN,NaN
NaN,NaN,NaN,3.138888889,0,-72.3091735839844,NaN,NaN,NaN,NaN,NaN,NaN,NaN,NaN,NaN,NaN,NaN
NaN,NaN,NaN,3.083333333,0,-52.2506713867188,NaN,NaN,NaN,NaN,NaN,NaN,NaN,NaN,NaN,NaN,NaN
NaN,NaN,NaN,2.5125,0,95.0802230834961,NaN,NaN,NaN,NaN,NaN,NaN,NaN,NaN,NaN,NaN,NaN
NaN,NaN,NaN,2.766666667,0,NaN,NaN,NaN,NaN,NaN,NaN,NaN,NaN,NaN,NaN,NaN,NaN
NaN,NaN,NaN,4.377777778,0,141.690338134766,NaN,NaN,NaN,NaN,NaN,NaN,NaN,NaN,NaN,NaN,NaN
NaN,NaN,NaN,2.383333333,0,48.9268493652344,NaN,NaN,NaN,NaN,NaN,NaN,NaN,NaN,NaN,NaN,NaN
NaN,NaN,NaN,1.8,0,4.42991733551025,NaN,NaN,NaN,NaN,NaN,NaN,NaN,NaN,NaN,NaN,NaN
NaN,NaN,NaN,2.116666667,0,-57.203311920166,NaN,NaN,NaN,NaN,NaN,NaN,NaN,NaN,NaN,NaN,NaN
NaN,NaN,NaN,1.822222222,0,NaN,NaN,NaN,NaN,NaN,NaN,NaN,NaN,NaN,NaN,NaN,NaN
NaN,NaN,NaN,2.072222222,0,NaN,NaN,NaN,NaN,NaN,NaN,NaN,NaN,NaN,NaN,NaN,NaN
NaN,NaN,NaN,3.388888889,0,-182.976409912109,NaN,NaN,NaN,NaN,NaN,NaN,NaN,NaN,NaN,NaN,NaN
NaN,NaN,NaN,3.083333333,0,-153.871810913086,NaN,NaN,NaN,NaN,NaN,NaN,NaN,NaN,NaN,NaN,NaN
-3.84202569930089,-0.0037977411135524,6.58955198758112,2.861111111,0,-20.6314163208008,NaN,6.75691005050614,5.24979623493486,7.32901683145905,6.34138956157316,-0.987631196435352,0.000799097676893617,4.6157072923447,-1.0402549702818,-0.00324812135120281,4.68974333248123
-4.20451841907949,0.0540091950359982,6.95846992837781,3.738888889,0,23.5167999267578,NaN,6.29101090458581,3.07656957065806,7.30665944718968,6.36264990696774,-0.944014369006452,0.0465084398926452,4.7029931104749,-1.15975691667326,0.0424327192381793,4.73075197227872
-5.73636176375438,0.166445129758096,6.76204980225497,NaN,0,NaN,NaN,6.47944380177429,3.03070396654286,7.35043048300286,4.8580581384,-2.49237939677143,0.147339489085714,4.85927604572907,-2.29931101074918,0.145650956937814,4.75415297164111
-5.54047515323094,0.0952566768871198,6.97963689687346,3.233333333,0,212.615997314453,NaN,5.300586057888,1.35608602157419,6.5997751153471,4.05165988683871,-2.54811236051613,0.0878137757419355,5.21239262166952,-2.68550821445526,0.0883204468862203,5.07786328532954
-5.75024099627466,0.089106527101931,7.03674804149676,3.2125,0,155.901626586914,NaN,6.51612926592,4.63613784336,7.271302287744,5.68745563536,-1.5838530696,0.08143501608,4.5814254395164,-1.91383433607111,0.0827640390462903,4.5016190839308
-4.01769431444595,0.107651533201374,5.69556860575141,2.344444444,0,142.895889282227,NaN,4.99000059196258,3.17126530637419,5.40184230127951,4.64274547687742,-0.759102470709678,0.0912553845677419,3.6042570321236,-0.659084661184153,0.0934797201296824,3.51426994835271
-1.81994857733622,0.125464471233814,4.59647011606138,2.194444444,0,41.1414909362793,NaN,3.8760922238472,3.0654611388,5.85629834044339,6.81179650992,0.961003102456216,0.0959649331913514,3.06421806016499,0.731631652062189,0.101595024874038,2.91639450979625
NaN,NaN,NaN,2.072222222,0,NaN,NaN,2.13280223987613,0.257050777703226,-9999,7.93276837827097,-9999,-9999,-9999,0.972533151173599,-0.0036734659881661,2.50013464014782
NaN,NaN,NaN,2.127777778,0,-37.2427787780762,NaN,2.55729954227923,0.548067723329032,-9999,9.46987140565161,-9999,-9999,-9999,0.935563600564579,-0.0181892225991968,2.76473345025924
NaN,NaN,NaN,2.741666667,0,-100.735260009766,NaN,3.1988868928272,0.860884848,-9999,10.07502923376,-9999,-9999,-9999,0.813397306052119,-0.032539487297069,2.58365808442083
NaN,NaN,NaN,2.2,0,-204.421142578125,NaN,3.67347003986787,1.11282695047742,-9999,9.13097416505806,-9999,-9999,-9999,0.55310659472065,-0.0177696492958724,3.04530206087993
NaN,NaN,NaN,2.366666667,0,-114.090179443359,NaN,4.4581574526768,1.23055799544,-9999,6.65100793368,-9999,-9999,-9999,-0.412281534274022,-0.0158941886200438,3.9084092484109
NaN,NaN,NaN,3.666666667,0,NaN,NaN,4.68771691691613,1.38160321432258,-9999,5.08459187032258,-9999,-9999,-9999,-0.671416779035111,0.0077839303906578,4.0322887734359
-6.00097241109107,0.184377303101265,7.3745137372147,3.733333333,0,82.1467514038086,NaN,6.05877209419355,1.48009797058064,7.3486687027455,5.02700697545806,-2.4898805865,0.15916425075,5.35960543095017,-2.05943910232003,0.126776259430777,5.13287303439185
-8.1454626115477,0.191618561739447,8.01655926961877,3.327777778,0,150.646850585938,NaN,7.992751500342,3.41165762614286,9.20277108612,6.52240181057143,-2.68037087888571,0.160109908971429,5.0220543042629,-2.86911303378749,0.161575861103209,5.30778785779588
-5.48887052824693,0.148106962963956,6.56011660957745,3.411111111,0,97.4150695800781,NaN,7.10388603550452,4.16570901909677,8.62601278431716,6.81917276740645,-1.80683511630968,0.134304635380645,4.96427044875388,-2.29010717235397,0.129290490168753,5.04334087319847
-5.02427814544573,0.143208028199381,6.24816180367426,3.275,0,108.455291748047,NaN,5.860408170888,4.2446149128,8.514284712552,7.9065083052,-0.607778568,0.1244649708,4.1365960811673,-1.23886856504047,0.118020130436599,3.92509898755333
-3.90476505972884,0.122049152632619,5.12945156866444,2.855555556,0,150.51969909668,NaN,4.40738509956387,2.19338153535484,6.70888476294968,6.52692491442581,-0.181971082683871,0.10886652531871,3.3213302833503,-0.44254999379428,0.106016950181971,3.17530047049342
-1.85220615010831,0.135038142037899,5.88308028108713,2.383333333,0,NaN,NaN,3.174122480832,2.68725532032,5.45693813784,6.79726132992,1.3403251728,0.10426865832,3.31329763443804,1.35498707210793,0.101477259814702,3.18890887733611
0.38854552226043,0.00851072271300672,4.52472781685574,1.988888889,0,-18.9342384338379,NaN,2.2752569485015,2.53411781458065,4.71611503280439,7.09735860859355,2.38124425703226,0.00738369249096774,2.64922661897245,2.21379934584315,0.00656041505932875,2.62414423391927
0.167966621707965,0.000859825024319613,5.73315744886738,1.911111111,0,-89.426643371582,NaN,1.35943533536632,1.31930783256774,4.04908659690503,6.12086393914839,2.0717783883871,0.00275059706423226,3.22557977219991,2.11959150685992,0.00128850243692606,3.27608460866244
0.145536256432036,-0.0174568855414303,3.97247335321233,NaN,0,-99.4531936645508,NaN,3.0068680407408,3.36831456168,4.150434856536,6.05422347984,1.9037887632,-0.008244007889616,2.699991469432,2.13061270323763,-0.0106537378816889,2.96542710026947
0.925946712782228,0.00138980460399039,4.65133351425249,NaN,0,NaN,NaN,3.26320865227277,3.88544880170323,5.42331044789574,8.39837327156129,2.9750706836129,0.00213453490735742,3.30085803441892,2.61773922006179,0.00149600993532168,3.13959792174889
-2.76272656035584,-0.00114620517442231,5.92774077818903,3.4625,0,NaN,NaN,6.2869816950048,5.07759534864,6.481677884544,6.369016842,-0.11266061328,-0.000234586545192,4.29471092372826,-0.176036513464462,0.000531973452510178,4.16082010698868
-3.04697673053159,0.00275612063237247,6.97633772203705,2.822222222,0,-163.031692504883,NaN,6.06980913500439,4.66034911037419,7.8405782960671,7.66489155654194,-0.17569313396129,0.00285966329667097,4.6777539303786,0.211731004399027,0.00307804796350216,4.56028697217581
-1.64788066583047,0.00798574782100158,6.25641532580129,3.894444444,0,-223.516250610352,NaN,6.31992027123639,6.16441325504516,10.015835235329,11.7660059296258,1.750168944,0.0118191299388387,4.29929648640843,0.782200952239656,0.00770717787703383,4.25074165920531
-6.66738368425544,0.18879593831721,8.04114712728687,4.022222222,0,-33.3050651550293,NaN,7.77277913409931,5.26772002915862,8.67707301474372,6.36544768096552,-2.31162683983448,0.155643595944828,5.61546467382636,-2.39185967286608,0.1526646533651,5.26347264264773
-7.11031704373471,0.194798597895977,7.38979824990466,4.294444444,0,-56.8795166015625,NaN,8.71202998197523,6.28193107695484,7.821023047992,6.51861946428387,-1.30240637187097,0.178495011406452,5.01272219816994,-2.54745545934934,0.162174093201456,4.79109059780094
-4.54428108529741,0.170304155789389,7.62452471390934,3.583333333,0,NaN,NaN,5.024532603816,2.7705306132,3.61871026884,3.01819705272,-0.6005101824,0.13908282912,4.70720525560724,-0.858689719019645,0.136992750040242,4.47892951233354
-2.63672625595737,0.124482270455321,4.96096747430568,2.411111111,0,-32.7407035827637,NaN,5.45678471912284,4.52388405065806,8.2285108884929,8.77610558694193,0.547590692903226,0.103600855649032,3.18618188354803,0.350982496735713,0.0951395634583633,3.25361578260012
-1.34729179211195,0.0246296078706993,4.20193324417923,2.266666667,0,-121.413047790527,NaN,3.7582564834296,3.30129212112,6.001496815536,6.99749668584,0.995998721544,0.017429457174768,2.66916010517926,1.20236231409921,0.0136344907981599,2.67419037369009
-1.76592695992423,0.00235753028190417,6.06443836993995,2.011111111,0,-230.45182800293,NaN,2.80224566740707,1.77242023138065,6.69226964488258,7.70887746348387,1.01660714175484,0.00239338440743226,3.35367106495605,1.16672255916857,0.00291997062575564,3.30455357290978
-1.01058406639547,-4.12459251922052e-05,4.84058265415859,1.95,0,-302.225982666016,NaN,2.2429859224457,1.99693087803871,2.75353801258065,3.55118502727742,0.797648596652903,-0.00111793077685161,3.11500468710195,1.35999579275242,0.000837970163945695,2.96028285464667
-1.15164014200061,-0.00163162050163655,5.19481808429449,2.825,0,NaN,NaN,3.3452866046808,3.40606162296,3.92954466312,5.4047562876,1.475204932584,-0.000876831479784,3.09947923823191,1.70107265940803,0.000134422604676224,3.00632393419886
-2.35161721640138,0.00160794987014299,7.0643161893058,2.627777778,0,NaN,NaN,5.22446928837445,3.94387454415484,7.14131680336258,8.35715512590968,1.21584373989677,0.00243727677383226,4.72340527382794,1.05186611492662,0.00192457481692632,4.54786487241156
-4.91498710699668,0.00638595502869351,6.83660421213666,4.45,0,-200.25,NaN,7.7597196766488,5.39539670088,10.030394073168,9.20976278544,-0.820625832,0.00665089541379109,4.66522805937197,-0.866192632937321,0.00292972283274667,4.50164782645978
-4.38200669423918,NaN,6.95853335673819,NaN,0,-161.831420898438,NaN,7.03787785679845,3.07074504634839,8.03615849331097,6.27550039463226,-1.76065416232258,-9999,5.20199076794948,-1.56748422052508,0.00166020666218554,5.14856429485706
NaN,NaN,NaN,3.722222222,0,-137.979507446289,NaN,NaN,NaN,NaN,NaN,NaN,NaN,NaN,NaN,NaN,NaN
NaN,NaN,NaN,4.111111111,0,NaN,NaN,NaN,NaN,NaN,NaN,NaN,NaN,NaN,NaN,NaN,NaN
NaN,NaN,NaN,2.46875,0,6.88446521759033,NaN,NaN,NaN,NaN,NaN,NaN,NaN,NaN,NaN,NaN,NaN
NaN,NaN,NaN,3.466666667,0,83.0520172119141,NaN,NaN,NaN,NaN,NaN,NaN,NaN,NaN,NaN,NaN,NaN
NaN,NaN,NaN,2.994444444,0,32.0766487121582,NaN,NaN,NaN,NaN,NaN,NaN,NaN,NaN,NaN,NaN,NaN
NaN,NaN,NaN,2.388888889,0,-69.7451858520508,NaN,NaN,NaN,NaN,NaN,NaN,NaN,NaN,NaN,NaN,NaN
NaN,NaN,NaN,2.066666667,0,NaN,NaN,NaN,NaN,NaN,NaN,NaN,NaN,NaN,NaN,NaN,NaN
NaN,NaN,NaN,1.755555556,0,NaN,NaN,NaN,NaN,NaN,NaN,NaN,NaN,NaN,NaN,NaN,NaN
NaN,NaN,NaN,NaN,0,NaN,NaN,NaN,NaN,NaN,NaN,NaN,NaN,NaN,NaN,NaN,NaN
NaN,NaN,NaN,2.6,0,NaN,NaN,NaN,NaN,NaN,NaN,NaN,NaN,NaN,NaN,NaN,NaN
NaN,NaN,NaN,4.077777778,0,NaN,NaN,NaN,NaN,NaN,NaN,NaN,NaN,NaN,NaN,NaN,NaN
NaN,NaN,NaN,2.633333333,0,NaN,NaN,NaN,NaN,NaN,NaN,NaN,NaN,NaN,NaN,NaN,NaN
NaN,NaN,NaN,4.183333333,0,NaN,NaN,NaN,NaN,NaN,NaN,NaN,NaN,NaN,NaN,NaN,NaN
NaN,NaN,NaN,2.294444444,0,NaN,NaN,NaN,NaN,NaN,NaN,NaN,NaN,NaN,NaN,NaN,NaN
NaN,NaN,NaN,3.73125,0,NaN,NaN,NaN,NaN,NaN,NaN,NaN,NaN,NaN,NaN,NaN,NaN
NaN,NaN,NaN,3.272222222,0,NaN,NaN,NaN,NaN,NaN,NaN,NaN,NaN,NaN,NaN,NaN,NaN
NaN,NaN,NaN,2.527777778,0,NaN,NaN,NaN,NaN,NaN,NaN,NaN,NaN,NaN,NaN,NaN,NaN
NaN,NaN,NaN,1.994444444,0,-17.9302291870117,NaN,NaN,NaN,NaN,NaN,NaN,NaN,NaN,NaN,NaN,NaN
NaN,NaN,NaN,1.933333333,0,-76.6484603881836,NaN,NaN,NaN,NaN,NaN,NaN,NaN,NaN,NaN,NaN,NaN
NaN,NaN,NaN,1.7,0,NaN,NaN,NaN,NaN,NaN,NaN,NaN,NaN,NaN,NaN,NaN,NaN
NaN,NaN,NaN,2.066666667,0,NaN,NaN,NaN,NaN,NaN,NaN,NaN,NaN,NaN,NaN,NaN,NaN
NaN,NaN,NaN,3.35,0,-148.201965332031,NaN,NaN,NaN,NaN,NaN,NaN,NaN,NaN,NaN,NaN,NaN
NaN,NaN,NaN,4,0,-151.073013305664,NaN,NaN,NaN,NaN,NaN,NaN,NaN,NaN,NaN,NaN,NaN
NaN,NaN,NaN,3.727777778,0,7.33930158615112,NaN,NaN,NaN,NaN,NaN,NaN,NaN,NaN,NaN,NaN,NaN
NaN,NaN,NaN,3.533333333,0,-14.9938697814941,NaN,NaN,NaN,NaN,NaN,NaN,NaN,NaN,NaN,NaN,NaN
NaN,NaN,NaN,2.233333333,0,34.9286994934082,NaN,NaN,NaN,NaN,NaN,NaN,NaN,NaN,NaN,NaN,NaN
NaN,NaN,NaN,3.561111111,0,106.081809997559,NaN,NaN,NaN,NaN,NaN,NaN,NaN,NaN,NaN,NaN,NaN
NaN,NaN,NaN,2.766666667,0,149.023818969727,NaN,NaN,NaN,NaN,NaN,NaN,NaN,NaN,NaN,NaN,NaN
NaN,NaN,NaN,2.888888889,0,77.6561813354492,NaN,NaN,NaN,NaN,NaN,NaN,NaN,NaN,NaN,NaN,NaN
NaN,NaN,NaN,2.433333333,0,-24.8276119232178,NaN,NaN,NaN,NaN,NaN,NaN,NaN,NaN,NaN,NaN,NaN
NaN,NaN,NaN,2.083333333,0,-49.3808517456055,NaN,NaN,NaN,NaN,NaN,NaN,NaN,NaN,NaN,NaN,NaN
NaN,NaN,NaN,1.844444444,0,-93.105712890625,NaN,NaN,NaN,NaN,NaN,NaN,NaN,NaN,NaN,NaN,NaN
NaN,NaN,NaN,NaN,0,-155.415512084961,NaN,NaN,NaN,NaN,NaN,NaN,NaN,NaN,NaN,NaN,NaN
NaN,NaN,NaN,2.811111111,0,-166.296768188477,NaN,NaN,NaN,NaN,NaN,NaN,NaN,NaN,NaN,NaN,NaN
NaN,NaN,NaN,3.877777778,0,-163.540222167969,NaN,NaN,NaN,NaN,NaN,NaN,NaN,NaN,NaN,NaN,NaN
NaN,NaN,NaN,3.292857143,0,-122.582252502441,NaN,NaN,NaN,NaN,NaN,NaN,NaN,NaN,NaN,NaN,NaN
