NBE,CH4,ET,LAI,SCF,EWT,ABGB,GPP_DT,ER_DT,GPP_NT,ER_NT,NBE_F,CH4_F,ET_F,NBE_ANN,CH4_ANN,ET_ANN
NaN,NaN,NaN,2.633333333,NaN,-10.4712696075439,NaN,NaN,NaN,NaN,NaN,NaN,NaN,NaN,NaN,NaN,NaN
NaN,NaN,NaN,3.066666667,NaN,-28.0242137908936,NaN,NaN,NaN,NaN,NaN,NaN,NaN,NaN,NaN,NaN,NaN
NaN,NaN,NaN,3.427777778,NaN,-33.0418472290039,NaN,NaN,NaN,NaN,NaN,NaN,NaN,NaN,NaN,NaN,NaN
NaN,NaN,NaN,2.966666667,NaN,-29.5746898651123,NaN,NaN,NaN,NaN,NaN,NaN,NaN,NaN,NaN,NaN,NaN
NaN,NaN,NaN,2.761111111,NaN,-16.3652381896973,NaN,NaN,NaN,NaN,NaN,NaN,NaN,NaN,NaN,NaN,NaN
NaN,NaN,NaN,1.911111111,NaN,8.21403217315674,NaN,NaN,NaN,NaN,NaN,NaN,NaN,NaN,NaN,NaN,NaN
NaN,NaN,NaN,2.722222222,NaN,-4.46823883056641,NaN,NaN,NaN,NaN,NaN,NaN,NaN,NaN,NaN,NaN,NaN
NaN,NaN,NaN,1.866666667,NaN,23.0059204101562,NaN,NaN,NaN,NaN,NaN,NaN,NaN,NaN,NaN,NaN,NaN
NaN,NaN,NaN,2.155555556,NaN,31.8354911804199,NaN,NaN,NaN,NaN,NaN,NaN,NaN,NaN,NaN,NaN,NaN
NaN,NaN,NaN,2.327777778,NaN,48.1555480957031,NaN,NaN,NaN,NaN,NaN,NaN,NaN,NaN,NaN,NaN,NaN
NaN,NaN,NaN,1.983333333,NaN,37.2573852539062,NaN,NaN,NaN,NaN,NaN,NaN,NaN,NaN,NaN,NaN,NaN
NaN,NaN,NaN,2.233333333,NaN,8.90400981903076,NaN,NaN,NaN,NaN,NaN,NaN,NaN,NaN,NaN,NaN,NaN
NaN,NaN,NaN,3.577777778,NaN,-5.18965482711792,NaN,NaN,NaN,NaN,NaN,NaN,NaN,NaN,NaN,NaN,NaN
NaN,NaN,NaN,2.371428571,NaN,-24.3316192626953,NaN,NaN,NaN,NaN,NaN,NaN,NaN,NaN,NaN,NaN,NaN
NaN,NaN,NaN,4.372222222,NaN,-40.4939613342285,NaN,NaN,NaN,NaN,NaN,NaN,NaN,NaN,NaN,NaN,NaN
NaN,NaN,NaN,3.633333333,NaN,-37.6933288574219,NaN,NaN,NaN,NaN,NaN,NaN,NaN,NaN,NaN,NaN,NaN
NaN,NaN,NaN,2.777777778,NaN,-35.9102096557617,NaN,NaN,NaN,NaN,NaN,NaN,NaN,NaN,NaN,NaN,NaN
NaN,NaN,NaN,2.566666667,NaN,-4.66795825958252,NaN,NaN,NaN,NaN,NaN,NaN,NaN,NaN,NaN,NaN,NaN
NaN,NaN,NaN,2.955555556,NaN,27.5222988128662,NaN,NaN,NaN,NaN,NaN,NaN,NaN,NaN,NaN,NaN,NaN
NaN,NaN,NaN,3.338888889,NaN,27.2769813537598,NaN,NaN,NaN,NaN,NaN,NaN,NaN,NaN,NaN,NaN,NaN
NaN,NaN,NaN,2.5,NaN,15.0750818252563,NaN,NaN,NaN,NaN,NaN,NaN,NaN,NaN,NaN,NaN,NaN
NaN,NaN,NaN,2.6,NaN,34.2324142456055,NaN,NaN,NaN,NaN,NaN,NaN,NaN,NaN,NaN,NaN,NaN
NaN,NaN,NaN,2.816666667,NaN,20.8163948059082,NaN,NaN,NaN,NaN,NaN,NaN,NaN,NaN,NaN,NaN,NaN
NaN,NaN,NaN,3.06875,NaN,-0.94639664888382,NaN,NaN,NaN,NaN,NaN,NaN,NaN,NaN,NaN,NaN,NaN
NaN,NaN,NaN,3.95,NaN,-26.2098159790039,NaN,NaN,NaN,NaN,NaN,NaN,NaN,NaN,NaN,NaN,NaN
NaN,NaN,NaN,3.594444444,NaN,-29.853551864624,NaN,NaN,NaN,NaN,NaN,NaN,NaN,NaN,NaN,NaN,NaN
NaN,NaN,NaN,3.805555556,NaN,4.34585046768188,NaN,NaN,NaN,NaN,NaN,NaN,NaN,NaN,NaN,NaN,NaN
NaN,NaN,NaN,3.238888889,NaN,-24.708324432373,NaN,NaN,NaN,NaN,NaN,NaN,NaN,NaN,NaN,NaN,NaN
NaN,NaN,NaN,3.705555556,NaN,-9.20950126647949,NaN,NaN,NaN,NaN,NaN,NaN,NaN,NaN,NaN,NaN,NaN
NaN,NaN,NaN,2.383333333,NaN,1.65418815612793,NaN,NaN,NaN,NaN,NaN,NaN,NaN,NaN,NaN,NaN,NaN
NaN,NaN,NaN,3.061111111,NaN,23.9975070953369,NaN,NaN,NaN,NaN,NaN,NaN,NaN,NaN,NaN,NaN,NaN
NaN,NaN,NaN,2.75,NaN,17.1852607727051,NaN,NaN,NaN,NaN,NaN,NaN,NaN,NaN,NaN,NaN,NaN
NaN,NaN,NaN,2.5,NaN,26.1624736785889,NaN,NaN,NaN,NaN,NaN,NaN,NaN,NaN,NaN,NaN,NaN
NaN,NaN,NaN,2.85,NaN,39.6850357055664,NaN,NaN,NaN,NaN,NaN,NaN,NaN,NaN,NaN,NaN,NaN
NaN,NaN,NaN,1.855555556,NaN,8.16063022613525,NaN,NaN,NaN,NaN,NaN,NaN,NaN,NaN,NaN,NaN,NaN
NaN,NaN,NaN,2.211111111,NaN,-8.76046371459961,NaN,NaN,NaN,NaN,NaN,NaN,NaN,NaN,NaN,NaN,NaN
NaN,NaN,NaN,1.866666667,NaN,-15.5957174301147,NaN,NaN,NaN,NaN,NaN,NaN,NaN,NaN,NaN,NaN,NaN
NaN,NaN,NaN,3.616666667,NaN,-4.4109320640564,NaN,NaN,NaN,NaN,NaN,NaN,NaN,NaN,NaN,NaN,NaN
NaN,NaN,NaN,2.938888889,NaN,-46.9671859741211,NaN,NaN,NaN,NaN,NaN,NaN,NaN,NaN,NaN,NaN,NaN
NaN,NaN,NaN,3.261111111,NaN,-50.4259033203125,NaN,NaN,NaN,NaN,NaN,NaN,NaN,NaN,NaN,NaN,NaN
NaN,NaN,NaN,3.227777778,NaN,-35.5306396484375,NaN,NaN,NaN,NaN,NaN,NaN,NaN,NaN,NaN,NaN,NaN
NaN,NaN,NaN,1.833333333,NaN,-0.913012266159058,NaN,NaN,NaN,NaN,NaN,NaN,NaN,NaN,NaN,NaN,NaN
NaN,NaN,NaN,2.122222222,NaN,15.3956050872803,NaN,NaN,NaN,NaN,NaN,NaN,NaN,NaN,NaN,NaN,NaN
NaN,NaN,NaN,2.533333333,NaN,45.267520904541,NaN,NaN,NaN,NaN,NaN,NaN,NaN,NaN,NaN,NaN,NaN
NaN,NaN,NaN,1.233333333,NaN,51.3755073547363,NaN,NaN,NaN,NaN,NaN,NaN,NaN,NaN,NaN,NaN,NaN
NaN,NaN,NaN,2.533333333,NaN,33.9531669616699,NaN,NaN,NaN,NaN,NaN,NaN,NaN,NaN,NaN,NaN,NaN
NaN,NaN,NaN,1.694444444,NaN,30.1592864990234,NaN,NaN,NaN,NaN,NaN,NaN,NaN,NaN,NaN,NaN,NaN
NaN,NaN,NaN,1.975,NaN,18.9167709350586,NaN,NaN,NaN,NaN,NaN,NaN,NaN,NaN,NaN,NaN,NaN
NaN,NaN,NaN,3.061111111,NaN,NaN,NaN,NaN,NaN,NaN,NaN,NaN,NaN,NaN,NaN,NaN,NaN
NaN,NaN,NaN,3.572222222,NaN,-4.4446177482605,NaN,NaN,NaN,NaN,NaN,NaN,NaN,NaN,NaN,NaN,NaN
NaN,NaN,NaN,3.383333333,NaN,-48.5501098632812,NaN,NaN,NaN,NaN,NaN,NaN,NaN,NaN,NaN,NaN,NaN
NaN,NaN,NaN,2.244444444,NaN,-16.3023624420166,NaN,NaN,NaN,NaN,NaN,NaN,NaN,NaN,NaN,NaN,NaN
NaN,NaN,NaN,2.561111111,NaN,19.4173488616943,NaN,NaN,NaN,NaN,NaN,NaN,NaN,NaN,NaN,NaN,NaN
NaN,NaN,NaN,3.038888889,NaN,NaN,NaN,NaN,NaN,NaN,NaN,NaN,NaN,NaN,NaN,NaN,NaN
NaN,NaN,NaN,3.161111111,NaN,50.7591094970703,NaN,NaN,NaN,NaN,NaN,NaN,NaN,NaN,NaN,NaN,NaN
NaN,NaN,NaN,2.327777778,NaN,47.4266242980957,NaN,NaN,NaN,NaN,NaN,NaN,NaN,NaN,NaN,NaN,NaN
NaN,NaN,NaN,2.9125,NaN,41.7089157104492,NaN,NaN,NaN,NaN,NaN,NaN,NaN,NaN,NaN,NaN,NaN
NaN,NaN,NaN,4,NaN,27.3464794158936,NaN,NaN,NaN,NaN,NaN,NaN,NaN,NaN,NaN,NaN,NaN
NaN,NaN,NaN,2.511111111,NaN,36.2836837768555,NaN,NaN,NaN,NaN,NaN,NaN,NaN,NaN,NaN,NaN,NaN
NaN,NaN,NaN,NaN,NaN,3.21403789520264,NaN,NaN,NaN,NaN,NaN,NaN,NaN,NaN,NaN,NaN,NaN
-3.67965038987922,NaN,3.97834071133346,3.161111111,NaN,7.59273481369019,NaN,5.28671475703742,4.32521370139355,4.04765976597677,2.46061217496774,-1.58704383483871,0.0897092777684903,2.67409058632218,-1.7253966064128,0.115562189404893,2.55228278031246
-3.16404308507966,0.0781297469030286,3.75452927328521,3.161111111,NaN,-27.5318546295166,NaN,4.74655703774896,4.86342469787586,3.26665495277379,2.543100192,-0.723555831724138,0.0786712069273655,2.10434564405245,-0.951088370856595,0.0798551018130904,2.09921935702881
-2.8479705926045,0.0658610120572005,3.48060484810497,2.311111111,NaN,-26.3323669433594,NaN,3.75836841731613,3.57230915837419,2.90392606957006,2.12743495509677,-0.776488538554839,0.0640882025612129,2.13774064550599,-0.721874885182851,0.0681230987917282,2.03066101792749
-2.25298154643113,0.0688373977553736,2.16983829226933,3.266666667,NaN,-23.8649082183838,NaN,2.938358796048,3.06745477416,2.3794792458624,1.8813145104,-0.4981639602168,0.06870765860136,1.24053435760861,-0.441682064610897,0.0692550115784877,1.28353228285903
-1.50513494064901,0.0538383837705501,2.07954164929539,3.344444444,NaN,NaN,NaN,1.57386139079226,1.36018531068387,1.57651416884439,1.53260389858065,-0.0439073259329032,0.0536087040677419,0.973352739816359,0.0037847920539183,0.0580085778142793,1.03300102629374
-0.984533602337657,0.0528922242251246,2.07024079943002,3.116666667,NaN,38.4132766723633,NaN,1.3491184558464,1.37265886152,1.3336846481664,1.4287282848,0.095043979584,0.0486901514016,0.968319344909823,0.107206764886234,0.0521546397367645,0.962032375071346
-1.23157803401233,0.0479011891601129,2.25849798514346,2.85,NaN,46.5973205566406,NaN,1.17062019772258,1.35423002972903,0.985077849899613,0.996385257290323,0.0113069377161291,0.0436612932113806,0.970915456802,0.129988470226108,0.0472202838485551,0.94741437418173
-2.08623141608021,0.0544512130027687,3.34578535779572,2.477777778,NaN,57.0167121887207,NaN,1.61204604580103,1.29794499778065,1.6137004256849,1.35571370167742,-0.257985328877419,0.0542475388505032,1.32828902944263,-0.324565825921025,0.0493361613026579,1.37386539797725
-1.77157776709653,0.0447757512832189,2.60713357309278,2.8,NaN,54.8608169555664,NaN,2.2160808567072,1.87314182928,2.0004585158952,1.4500429056,-0.55041588,0.04448877021,1.5511430838012,-0.621326405258929,0.0468585130245878,1.61270303688168
-2.1723227444267,0.0684228962174725,3.41283836605175,1.814285714,NaN,NaN,NaN,3.05312088643432,2.7458232740129,2.31991943257161,1.45232304619355,-0.867596160309677,0.0609644647806968,2.09083870016254,-0.915199002297186,0.0609488626317127,2.02672107728585
-2.48512629821481,0.0667936498951338,3.03877851262241,1.4625,NaN,13.895359992981,NaN,3.58285340664,3.20739543792,2.686661541936,1.7775584136,-0.909101924568,0.0628386646032,1.89235701273234,-1.07189481372571,0.0653835047319461,1.86468413328385
-2.50484594201544,0.0751217928134765,4.10873251893005,2.366666667,NaN,4.56317949295044,NaN,3.90236807350219,3.49393051486452,2.99082031508871,2.21735285651613,-0.773468662064516,0.0709245953781677,2.47134519790408,-0.903125872561006,0.0734479383721665,2.50028300167069
-2.41608734927448,0.071282452776541,3.59585975509464,2.622222222,NaN,-3.01229333877563,NaN,4.13320762743561,3.67709972516129,3.5175574738591,2.58336158864516,-0.934197303483871,0.0706435036931613,2.4100624859052,-1.00062552539421,0.0700624601426998,2.38119455125159
-2.63980013647711,0.0352975633229746,3.56177023031903,3.161111111,NaN,-3.68068647384644,NaN,3.58352677340229,3.12834166277143,3.25227922044171,2.65200882685714,-0.6002674452,0.0348391091658857,2.09484295457308,-0.612232881785798,0.0373861781507143,2.07201012519072
-1.94395239063727,0.0206869840532419,3.00863062482984,3.266666667,NaN,NaN,NaN,3.70355646934452,4.07035064763871,2.63593321527484,2.51557063664516,-0.120361537858065,0.0225278246708129,1.66431752253455,-0.277934196026573,0.023361893055073,1.7437288333305
-2.10164536153555,0.0139580867973072,3.71579954117073,2.066666667,NaN,-26.7157726287842,NaN,2.7569332704528,3.26410086816,2.462540459472,2.8289396448,0.366398659008,0.01553097607056,1.7435224084638,0.0573882421131236,0.0178623198803855,1.68112798321239
-1.40551883842451,0.0273149470852554,2.78840507865154,3.016666667,NaN,7.44772005081177,NaN,1.73124687449195,1.90548787935484,1.61522547248903,1.85613734554839,0.240911311981935,0.0229099630371097,1.18505770404192,0.264216074571257,0.021912432005958,1.12525337771512
-0.189151185328079,0.0270067210793995,1.50117774536254,1.8375,NaN,39.6924705505371,NaN,1.0866842351352,0.89936516592,1.0449941148432,1.1990030904,0.15400935216,0.02814807092904,0.914701198497818,0.211068930085985,0.0284879924166616,0.822772575973598
-1.33950826146492,0.0314801547393099,1.83437757994253,2.738888889,NaN,28.8719253540039,NaN,1.63792307556859,1.98075378100645,1.20716147309342,1.27097035896774,0.063808390683871,0.0333844458802839,0.894835962191473,0.055368055204603,0.0321763380683298,0.852008269352261
-1.37313919431711,0.0348284082688075,2.80614545482312,2.333333333,NaN,NaN,NaN,2.01393557182452,2.65138368503226,1.3268853153151,1.26525930503226,-0.0616269153367742,0.0351266674129548,1.45947715898026,-0.148246034769965,0.036443964845938,1.41568200535249
-1.1941720536477,0.0402234912701641,2.77561380533213,1.8,NaN,NaN,NaN,1.7142650177328,1.27048656816,1.67714091830952,1.3562264664,-0.3209149944,0.0391228382808,1.73631023347412,-0.323910845840889,0.0404289755054982,1.77644946734969
-2.23776675495499,0.0569378732851926,3.10408426285298,1.42,NaN,30.2522239685059,NaN,3.10721613812826,2.84001349796129,2.30770779306968,1.58810503587097,-0.719603833470968,0.0535565634319742,1.76840607515427,-0.820867587950531,0.0530090910244182,1.82319315697937
-2.40570259778783,0.0664428252206967,3.66213212182027,3.294444444,NaN,32.7284469604492,NaN,3.1504116009744,2.58315668856,2.7579313701144,2.0389297176,-0.719002217304,0.06200766340344,2.08735533911039,-0.790446492921894,0.064289127091845,2.09784483214219
-2.646263894343,0.0779514145855982,4.21686390030086,2.544444444,NaN,33.4202117919922,NaN,4.70544007164387,4.42805187623226,3.29663675951303,2.40933389341936,-0.887301922529032,0.0751398297761032,2.50595557560235,-0.988303275968056,0.0775291582497687,2.51058836133039
-2.2535854683108,0.0846640340368473,3.97800307645855,3.244444444,NaN,9.008864402771,NaN,3.88077063879484,3.2586869132129,3.25519311577006,2.52229135122581,-0.732901029677419,0.0814042109568774,2.6224219391075,-0.891339162353423,0.0846374116419553,2.61287973931753
-2.3796608669735,0.0480939029068556,3.27948869285898,3.544444444,NaN,NaN,NaN,3.80081330825143,3.62028454174286,3.245867759664,2.57765084228571,-0.668220134142857,0.0474735222586286,1.98485721071524,-0.622049881055233,0.0475622596269629,1.98534473999658
-2.17082104886116,0.0263964935494156,3.14443108118674,3.288888889,NaN,-58.7974739074707,NaN,3.12625115038452,2.68926060541935,2.63764939275801,2.2444118036129,-0.393235880307097,0.0265869899507613,1.87965026559964,-0.356798469054586,0.0278130099551373,1.84716791530927
-1.79089698532493,0.0181861866749257,3.38922743311194,3.183333333,NaN,-30.3319091796875,NaN,2.99206390908888,3.47568025896,2.223817871328,2.3039023176,0.08008597584,0.01924051301712,1.72768600944141,-0.0279619187320754,0.0204290738765998,1.83644930015486
-2.22090195505448,0.0184703718737789,2.78709172991899,3.266666667,NaN,8.4591588973999,NaN,2.31111263958248,2.92546773847742,1.9081022925391,2.21906316541935,0.310960541473548,0.0192359404974194,1.13031842334745,0.0871115973676354,0.0215060262283597,1.25179879914322
-1.06433638223663,0.021627354839402,1.933730601899,3.1,NaN,40.1489715576172,NaN,1.421617821552,1.69174636704,1.1301396195816,1.319360004,0.189220512672,0.0222746507964,1.28490784658488,0.170895413245834,0.0241113447920485,1.10794469384014
-0.885654777340453,0.0324121550442155,2.15611589027542,3.205555556,NaN,NaN,NaN,1.44982656921135,1.28390105055484,1.07780422078452,1.01223060619355,-0.0655731257341936,0.029524981630529,1.25056359421874,-0.0536153442799845,0.0320513607194678,1.18043541740501
-1.19071463560045,0.0337807504689532,2.53857375538038,2.277777778,NaN,58.9753875732422,NaN,1.84439437069471,1.69847035292903,1.55115682569058,1.45937340464516,-0.091784170683871,0.031728285539071,1.43998239736558,-0.17998566690396,0.0334812517990453,1.35306225936028
-1.78087793053427,0.041917158040921,3.1056585671091,1.944444444,NaN,68.8992462158203,NaN,2.454878882592,2.41667370864,1.8820922034312,1.2987126216,-0.583379433144,0.03898400620968,1.86009489483248,-0.5483031785948,0.0409205437260473,1.86860324400759
-2.03888373363532,0.0545998847833275,3.43215695846536,2.65,NaN,63.5227546691895,NaN,2.99429954549419,2.76908589917419,2.20062278912981,1.51480339432258,-0.685819430398452,0.0536589427782194,2.09104043782388,-0.756735595125764,0.053160507042427,2.05095181685003
-2.06010614835014,0.0673826584635783,3.89920318634375,2.533333333,NaN,51.5014114379883,NaN,3.0722486418072,2.36140010208,2.8444384576944,1.942782624,-0.90165692592,0.0631709000316,2.64421696655414,-0.983095708426472,0.0653335079875401,2.55377530758845
-2.57688810532379,0.0635780329915992,3.61081304432633,1.766666667,NaN,NaN,NaN,4.32348116901677,3.86713491073548,3.20517539701084,2.27505928412903,-0.930115704077419,0.0594308895663484,2.33270696474162,-0.9429672987778,0.0640154152280972,2.246320586449
-2.75247537809596,0.0531181685930083,4.38922385756208,3.055555556,NaN,-0.332648009061813,NaN,4.74548432613677,4.45767847176774,3.21263974243022,2.634828696,-0.577812288867097,0.0491118462464516,2.46567180229626,-0.745557342761286,0.0552699286358954,2.44822512396604
-2.86786289909516,0.0267543288857415,4.5841885076867,3.566666667,NaN,-12.4503402709961,NaN,3.75349355359714,3.02502478808571,3.00359075091429,2.53475964514286,-0.468830836542857,0.0260596139166,2.66432915274679,-0.656996254386853,0.0273632597577409,2.55334971747882
-3.25386263886057,0.0193011208060294,4.43787337110525,2.25625,NaN,-15.7571277618408,NaN,3.76370127929032,3.47664735987097,2.9639136597415,2.38908222812903,-0.574833656670968,0.0189911317698581,2.219502351848,-0.661246002893452,0.0212359329922727,2.26483209369137
-2.20295952484335,0.0191487707831544,3.54983273717425,2.75,NaN,49.0016136169434,NaN,3.4323468544872,4.25029740912,2.2152486753,2.2969592136,0.0817119672624,0.01982695350528,1.85191409910783,-0.189765067109313,0.0208029332975925,1.81382283391363
-1.73825694058853,0.0271725236804069,2.9045376756079,1.95,NaN,35.1611289978027,NaN,2.36753940164284,2.617270488,1.64039137165161,1.66775674296774,0.0273622940129033,0.0274233323352774,1.39820003020546,0.0195054993607891,0.0270662225940925,1.35946499590641
-1.30524299599251,0.0392375084774215,2.2318693137729,2.49375,NaN,NaN,NaN,1.5260359233816,1.68453637488,1.4658954895548,1.4215201848,-0.0443771953488,0.0394019704152,1.31183396188908,0.00406590136261774,0.0374347913556532,1.23895782951348
-0.972524093106677,0.0319555474945895,2.52303739261818,3.016666667,NaN,45.1639862060547,NaN,1.0294635524832,0.716465608490323,1.04983609939897,1.52623566116129,0.476401297273548,0.0314465638712516,1.15980198221245,0.176502504031879,0.0337857240184489,1.19621517228957
-1.57054066796886,0.030801873840375,2.70570683046761,2.294444444,NaN,82.5180206298828,NaN,1.60718305887639,1.63550209354839,1.29419828664852,1.19941093858065,-0.0947856234193548,0.0292342080750968,1.31327120975879,-0.116572475468609,0.0341957890749702,1.34411250020723
-1.47465254913974,0.0464445038593538,3.10263938982533,1.971428571,NaN,80.1288223266602,NaN,2.3610207257352,2.27758289544,1.78226903839464,1.5754238568,-0.20684587752,0.04727481231312,1.73799690533646,-0.362154943425405,0.0449851257579269,1.74256273527116
-2.69080910635724,0.0598923548781607,2.77745800750131,2.7,NaN,NaN,NaN,3.30332057374761,2.74794308547097,2.74007946967804,1.59896369729032,-1.14111610940903,0.054463946924671,1.65406213496011,-1.17305055956477,0.0578780756682256,1.72738042278312
-2.66328662913304,0.0673354675769906,3.51714523293255,1.905555556,NaN,NaN,NaN,3.64824639756,2.76178676544,3.02022599184,1.91271744,-1.10750948568,0.06391683360792,2.17216756977178,-1.15975933498029,0.0619068111474389,2.16065641477257
-3.24177796165527,NaN,3.64184458198958,2.25,NaN,12.078182220459,NaN,4.92892055364848,3.80236084164667,3.99213944926221,2.31157224271791,-1.68056823972107,0.0700794960738004,2.34871926820329,-1.69381202206715,0.0495342199913965,2.33153418427256
NaN,NaN,NaN,3.25,NaN,24.0344429016113,NaN,NaN,NaN,NaN,NaN,NaN,NaN,NaN,NaN,NaN,NaN
NaN,NaN,NaN,3.361111111,NaN,17.2501373291016,NaN,NaN,NaN,NaN,NaN,NaN,NaN,NaN,NaN,NaN,NaN
NaN,NaN,NaN,2.716666667,NaN,13.295129776001,NaN,NaN,NaN,NaN,NaN,NaN,NaN,NaN,NaN,NaN,NaN
NaN,NaN,NaN,2.944444444,NaN,NaN,NaN,NaN,NaN,NaN,NaN,NaN,NaN,NaN,NaN,NaN,NaN
NaN,NaN,NaN,2.591666667,NaN,15.0719318389893,NaN,NaN,NaN,NaN,NaN,NaN,NaN,NaN,NaN,NaN,NaN
NaN,NaN,NaN,2.761111111,NaN,20.0333023071289,NaN,NaN,NaN,NaN,NaN,NaN,NaN,NaN,NaN,NaN,NaN
NaN,NaN,NaN,2.638888889,NaN,75.1918640136719,NaN,NaN,NaN,NaN,NaN,NaN,NaN,NaN,NaN,NaN,NaN
NaN,NaN,NaN,3.133333333,NaN,45.5656089782715,NaN,NaN,NaN,NaN,NaN,NaN,NaN,NaN,NaN,NaN,NaN
NaN,NaN,NaN,3.78,NaN,NaN,NaN,NaN,NaN,NaN,NaN,NaN,NaN,NaN,NaN,NaN,NaN
NaN,NaN,NaN,2.45,NaN,NaN,NaN,NaN,NaN,NaN,NaN,NaN,NaN,NaN,NaN,NaN,NaN
NaN,NaN,NaN,3.82,NaN,47.4406585693359,NaN,NaN,NaN,NaN,NaN,NaN,NaN,NaN,NaN,NaN,NaN
NaN,NaN,NaN,2.96875,NaN,2.00763988494873,NaN,NaN,NaN,NaN,NaN,NaN,NaN,NaN,NaN,NaN,NaN
NaN,NaN,NaN,2.383333333,NaN,5.11355352401733,NaN,NaN,NaN,NaN,NaN,NaN,NaN,NaN,NaN,NaN,NaN
NaN,NaN,NaN,3.075,NaN,NaN,NaN,NaN,NaN,NaN,NaN,NaN,NaN,NaN,NaN,NaN,NaN
NaN,NaN,NaN,2.1,NaN,-10.7428884506226,NaN,NaN,NaN,NaN,NaN,NaN,NaN,NaN,NaN,NaN,NaN
NaN,NaN,NaN,2.827777778,NaN,19.7146034240723,NaN,NaN,NaN,NaN,NaN,NaN,NaN,NaN,NaN,NaN,NaN
NaN,NaN,NaN,3.388888889,NaN,49.4260330200195,NaN,NaN,NaN,NaN,NaN,NaN,NaN,NaN,NaN,NaN,NaN
NaN,NaN,NaN,3.227777778,NaN,33.3211860656738,NaN,NaN,NaN,NaN,NaN,NaN,NaN,NaN,NaN,NaN,NaN
NaN,NaN,NaN,2.927777778,NaN,NaN,NaN,NaN,NaN,NaN,NaN,NaN,NaN,NaN,NaN,NaN,NaN
NaN,NaN,NaN,1.911111111,NaN,NaN,NaN,NaN,NaN,NaN,NaN,NaN,NaN,NaN,NaN,NaN,NaN
NaN,NaN,NaN,1.95,NaN,NaN,NaN,NaN,NaN,NaN,NaN,NaN,NaN,NaN,NaN,NaN,NaN
NaN,NaN,NaN,2.033333333,NaN,NaN,NaN,NaN,NaN,NaN,NaN,NaN,NaN,NaN,NaN,NaN,NaN
NaN,NaN,NaN,1.522222222,NaN,NaN,NaN,NaN,NaN,NaN,NaN,NaN,NaN,NaN,NaN,NaN,NaN
NaN,NaN,NaN,2.038888889,NaN,NaN,NaN,NaN,NaN,NaN,NaN,NaN,NaN,NaN,NaN,NaN,NaN
NaN,NaN,NaN,2.575,NaN,NaN,NaN,NaN,NaN,NaN,NaN,NaN,NaN,NaN,NaN,NaN,NaN
NaN,NaN,NaN,3.083333333,NaN,NaN,NaN,NaN,NaN,NaN,NaN,NaN,NaN,NaN,NaN,NaN,NaN
NaN,NaN,NaN,2.35625,NaN,NaN,NaN,NaN,NaN,NaN,NaN,NaN,NaN,NaN,NaN,NaN,NaN
NaN,NaN,NaN,3.525,NaN,NaN,NaN,NaN,NaN,NaN,NaN,NaN,NaN,NaN,NaN,NaN,NaN
NaN,NaN,NaN,3.161111111,NaN,NaN,NaN,NaN,NaN,NaN,NaN,NaN,NaN,NaN,NaN,NaN,NaN
NaN,NaN,NaN,2.816666667,NaN,35.4803886413574,NaN,NaN,NaN,NaN,NaN,NaN,NaN,NaN,NaN,NaN,NaN
NaN,NaN,NaN,2.483333333,NaN,48.6614379882812,NaN,NaN,NaN,NaN,NaN,NaN,NaN,NaN,NaN,NaN,NaN
NaN,NaN,NaN,2.305555556,NaN,NaN,NaN,NaN,NaN,NaN,NaN,NaN,NaN,NaN,NaN,NaN,NaN
NaN,NaN,NaN,1.838888889,NaN,NaN,NaN,NaN,NaN,NaN,NaN,NaN,NaN,NaN,NaN,NaN,NaN
NaN,NaN,NaN,2.483333333,NaN,64.9797286987305,NaN,NaN,NaN,NaN,NaN,NaN,NaN,NaN,NaN,NaN,NaN
NaN,NaN,NaN,2.772222222,NaN,65.2299346923828,NaN,NaN,NaN,NaN,NaN,NaN,NaN,NaN,NaN,NaN,NaN
NaN,NaN,NaN,1.994444444,NaN,52.0384140014648,NaN,NaN,NaN,NaN,NaN,NaN,NaN,NaN,NaN,NaN,NaN
