NBE,CH4,ET,LAI,SCF,EWT,ABGB,GPP_DT,ER_DT,GPP_NT,ER_NT,NBE_F,CH4_F,ET_F,NBE_ANN,CH4_ANN,ET_ANN
NaN,NaN,NaN,1,0,-7.7070894241333,NaN,NaN,NaN,NaN,NaN,NaN,NaN,NaN,NaN,NaN,NaN
NaN,NaN,NaN,1.73,0,2.71852850914001,NaN,NaN,NaN,NaN,NaN,NaN,NaN,NaN,NaN,NaN,NaN
NaN,NaN,NaN,5.1,0,6.5965051651001,NaN,NaN,NaN,NaN,NaN,NaN,NaN,NaN,NaN,NaN,NaN
NaN,NaN,NaN,1.60625,0,-27.7317333221436,NaN,NaN,NaN,NaN,NaN,NaN,NaN,NaN,NaN,NaN,NaN
NaN,NaN,NaN,1.15,0,-43.2681579589844,NaN,NaN,NaN,NaN,NaN,NaN,NaN,NaN,NaN,NaN,NaN
NaN,NaN,NaN,1.36,0,-41.0777359008789,NaN,NaN,NaN,NaN,NaN,NaN,NaN,NaN,NaN,NaN,NaN
NaN,NaN,NaN,1.24,0,-17.7952079772949,NaN,NaN,NaN,NaN,NaN,NaN,NaN,NaN,NaN,NaN,NaN
NaN,NaN,NaN,NaN,0,3.57546424865723,NaN,NaN,NaN,NaN,NaN,NaN,NaN,NaN,NaN,NaN,NaN
NaN,NaN,NaN,NaN,0,1.31970584392548,NaN,NaN,NaN,NaN,NaN,NaN,NaN,NaN,NaN,NaN,NaN
NaN,NaN,NaN,3.75,0,21.4196872711182,NaN,NaN,NaN,NaN,NaN,NaN,NaN,NaN,NaN,NaN,NaN
NaN,NaN,NaN,NaN,0,21.2078247070312,NaN,NaN,NaN,NaN,NaN,NaN,NaN,NaN,NaN,NaN,NaN
NaN,NaN,NaN,1.721428571,0,5.82256126403809,NaN,NaN,NaN,NaN,NaN,NaN,NaN,NaN,NaN,NaN,NaN
NaN,NaN,NaN,2.54,0,-0.983978867530823,NaN,NaN,NaN,NaN,NaN,NaN,NaN,NaN,NaN,NaN,NaN
NaN,NaN,NaN,NaN,0,-3.44993567466736,NaN,NaN,NaN,NaN,NaN,NaN,NaN,NaN,NaN,NaN,NaN
NaN,NaN,NaN,2.692857143,0,-5.75607395172119,NaN,NaN,NaN,NaN,NaN,NaN,NaN,NaN,NaN,NaN,NaN
NaN,NaN,NaN,2.29375,0,-34.4630241394043,NaN,NaN,NaN,NaN,NaN,NaN,NaN,NaN,NaN,NaN,NaN
NaN,NaN,NaN,NaN,0,-21.9351615905762,NaN,NaN,NaN,NaN,NaN,NaN,NaN,NaN,NaN,NaN,NaN
NaN,NaN,NaN,NaN,0,-18.3322372436523,NaN,NaN,NaN,NaN,NaN,NaN,NaN,NaN,NaN,NaN,NaN
NaN,NaN,NaN,NaN,0,5.29640865325928,NaN,NaN,NaN,NaN,NaN,NaN,NaN,NaN,NaN,NaN,NaN
NaN,NaN,NaN,2.383333333,0,33.2730941772461,NaN,NaN,NaN,NaN,NaN,NaN,NaN,NaN,NaN,NaN,NaN
NaN,NaN,NaN,NaN,0,21.2461891174316,NaN,NaN,NaN,NaN,NaN,NaN,NaN,NaN,NaN,NaN,NaN
NaN,NaN,NaN,1.4,0,18.8003196716309,NaN,NaN,NaN,NaN,NaN,NaN,NaN,NaN,NaN,NaN,NaN
NaN,NaN,NaN,NaN,0,15.3655586242676,NaN,NaN,NaN,NaN,NaN,NaN,NaN,NaN,NaN,NaN,NaN
NaN,NaN,NaN,NaN,0,35.069164276123,NaN,NaN,NaN,NaN,NaN,NaN,NaN,NaN,NaN,NaN,NaN
NaN,NaN,NaN,NaN,0,-5.25849151611328,NaN,NaN,NaN,NaN,NaN,NaN,NaN,NaN,NaN,NaN,NaN
NaN,NaN,NaN,2.15,0,-12.3443784713745,NaN,NaN,NaN,NaN,NaN,NaN,NaN,NaN,NaN,NaN,NaN
NaN,NaN,NaN,1.271428571,0,-32.8066711425781,NaN,NaN,NaN,NaN,NaN,NaN,NaN,NaN,NaN,NaN,NaN
NaN,NaN,NaN,NaN,0,-25.9977836608887,NaN,NaN,NaN,NaN,NaN,NaN,NaN,NaN,NaN,NaN,NaN
NaN,NaN,NaN,NaN,0,-13.7526893615723,NaN,NaN,NaN,NaN,NaN,NaN,NaN,NaN,NaN,NaN,NaN
NaN,NaN,NaN,NaN,0,16.4770736694336,NaN,NaN,NaN,NaN,NaN,NaN,NaN,NaN,NaN,NaN,NaN
NaN,NaN,NaN,2.4625,0,-2.2383713722229,NaN,NaN,NaN,NaN,NaN,NaN,NaN,NaN,NaN,NaN,NaN
NaN,NaN,NaN,NaN,0,32.877498626709,NaN,NaN,NaN,NaN,NaN,NaN,NaN,NaN,NaN,NaN,NaN
NaN,NaN,NaN,NaN,0,32.7254943847656,NaN,NaN,NaN,NaN,NaN,NaN,NaN,NaN,NaN,NaN,NaN
NaN,NaN,NaN,NaN,0,34.748176574707,NaN,NaN,NaN,NaN,NaN,NaN,NaN,NaN,NaN,NaN,NaN
NaN,NaN,NaN,2.105555556,0,20.251615524292,NaN,NaN,NaN,NaN,NaN,NaN,NaN,NaN,NaN,NaN,NaN
NaN,NaN,NaN,2.7625,0,9.18262386322021,NaN,NaN,NaN,NaN,NaN,NaN,NaN,NaN,NaN,NaN,NaN
NaN,NaN,NaN,2.192857143,0,-32.5903434753418,NaN,NaN,NaN,NaN,NaN,NaN,NaN,NaN,NaN,NaN,NaN
NaN,NaN,NaN,1.585714286,0,-33.2364616394043,NaN,NaN,NaN,NaN,NaN,NaN,NaN,NaN,NaN,NaN,NaN
NaN,NaN,NaN,1.572222222,0,-29.8934345245361,NaN,NaN,NaN,NaN,NaN,NaN,NaN,NaN,NaN,NaN,NaN
NaN,NaN,NaN,1.616666667,0,-30.7652435302734,NaN,NaN,NaN,NaN,NaN,NaN,NaN,NaN,NaN,NaN,NaN
NaN,NaN,NaN,1.05625,0,-37.5827713012695,NaN,NaN,NaN,NaN,NaN,NaN,NaN,NaN,NaN,NaN,NaN
NaN,NaN,NaN,NaN,0,-29.5252418518066,NaN,NaN,NaN,NaN,NaN,NaN,NaN,NaN,NaN,NaN,NaN
NaN,NaN,NaN,1.4,0,-20.186279296875,NaN,NaN,NaN,NaN,NaN,NaN,NaN,NaN,NaN,NaN,NaN
NaN,NaN,NaN,NaN,0,7.63933849334717,NaN,NaN,NaN,NaN,NaN,NaN,NaN,NaN,NaN,NaN,NaN
NaN,NaN,NaN,2.675,0,8.75307273864746,NaN,NaN,NaN,NaN,NaN,NaN,NaN,NaN,NaN,NaN,NaN
NaN,NaN,NaN,NaN,0,36.2787322998047,NaN,NaN,NaN,NaN,NaN,NaN,NaN,NaN,NaN,NaN,NaN
NaN,NaN,NaN,1.2,0,34.0950622558594,NaN,NaN,NaN,NaN,NaN,NaN,NaN,NaN,NaN,NaN,NaN
NaN,NaN,NaN,NaN,0,4.67921686172485,NaN,NaN,NaN,NaN,NaN,NaN,NaN,NaN,NaN,NaN,NaN
NaN,NaN,NaN,2.3,0,NaN,NaN,NaN,NaN,NaN,NaN,NaN,NaN,NaN,NaN,NaN,NaN
NaN,NaN,NaN,3.275,0,0.184253662824631,NaN,NaN,NaN,NaN,NaN,NaN,NaN,NaN,NaN,NaN,NaN
NaN,NaN,NaN,NaN,0,-7.26349115371704,NaN,NaN,NaN,NaN,NaN,NaN,NaN,NaN,NaN,NaN,NaN
NaN,NaN,NaN,NaN,0,-30.3793411254883,NaN,NaN,NaN,NaN,NaN,NaN,NaN,NaN,NaN,NaN,NaN
NaN,NaN,NaN,1.02,0,-48.0215530395508,NaN,NaN,NaN,NaN,NaN,NaN,NaN,NaN,NaN,NaN,NaN
NaN,NaN,NaN,NaN,0,NaN,NaN,NaN,NaN,NaN,NaN,NaN,NaN,NaN,NaN,NaN,NaN
NaN,NaN,NaN,NaN,0,25.5424003601074,NaN,NaN,NaN,NaN,NaN,NaN,NaN,NaN,NaN,NaN,NaN
NaN,NaN,NaN,NaN,0,31.5053634643555,NaN,NaN,NaN,NaN,NaN,NaN,NaN,NaN,NaN,NaN,NaN
NaN,NaN,NaN,NaN,0,34.2562141418457,NaN,NaN,NaN,NaN,NaN,NaN,NaN,NaN,NaN,NaN,NaN
NaN,NaN,NaN,5.1,0,33.6486968994141,NaN,NaN,NaN,NaN,NaN,NaN,NaN,NaN,NaN,NaN,NaN
NaN,NaN,NaN,NaN,0,11.5760879516602,NaN,NaN,NaN,NaN,NaN,NaN,NaN,NaN,NaN,NaN,NaN
NaN,NaN,NaN,2.16,0,49.0777168273926,NaN,NaN,NaN,NaN,NaN,NaN,NaN,NaN,NaN,NaN,NaN
NaN,NaN,NaN,NaN,0,29.3911285400391,NaN,1.07074045723355,2.37442599476129,-9999,2.89392333329032,-9999,-9999,-9999,-2.42702890709114,0.0152195090497106,2.46907785244805
NaN,NaN,NaN,2.2,0,18.1895885467529,NaN,1.11361060030345,2.37158573536552,-9999,2.94400580027586,-9999,-9999,-9999,-5.03462864898743,0.0181873457686225,2.7422654918252
NaN,NaN,NaN,1.15,0,-2.0853283405304,NaN,1.16404465440774,2.42690872854194,-9999,3.07729325914839,-9999,-9999,-9999,-3.21245713673317,0.0180684021479237,2.91703413092789
NaN,NaN,NaN,2.283333333,0,-18.2132434844971,NaN,1.3674804984,2.58450533568,-9999,3.36921635952,-9999,-9999,-9999,-0.0667457643759059,0.0120334741762135,2.62520925268224
NaN,NaN,NaN,NaN,0,NaN,NaN,1.28121497916852,2.53940377703226,-9999,3.35783234647742,-9999,-9999,-9999,1.30345111320669,0.0101313741438195,1.92647732249605
NaN,NaN,NaN,NaN,0,-12.0389137268066,NaN,1.122857870544,2.48170979952,-9999,3.32839040904,-9999,-9999,-9999,1.04460874163113,0.0139796781544,1.89192623763708
NaN,NaN,NaN,NaN,0,41.9133453369141,NaN,1.02545014252645,2.41764294100645,-9999,3.28596166660645,-9999,-9999,-9999,-0.851281990897625,0.0222618108057468,1.99151242462224
NaN,NaN,NaN,4.266666667,0,57.4162254333496,NaN,1.03161035783613,2.40061557669677,-9999,3.31646853112258,-9999,-9999,-9999,-5.05665402627794,0.0393279687466285,2.44281128747935
NaN,NaN,NaN,2.357142857,0,30.2455348968506,NaN,1.030259609496,2.41004883672,-9999,3.38792024736,-9999,-9999,-9999,-5.8103241013908,0.0275956771686582,2.80311946441574
NaN,NaN,NaN,NaN,0,NaN,NaN,1.04741277085161,2.43291135669677,-9999,3.48196870033548,-9999,-9999,-9999,-1.32108964373979,0.00222896022068345,2.68794184513703
NaN,NaN,NaN,2.9,0,29.5573787689209,NaN,1.041925452696,2.45621385936,-9999,3.5773162848,-9999,-9999,-9999,1.23509603391226,-0.0024550362537492,2.73178306931979
0.24856434613329,0.0144835194050512,3.04654440154339,2.716666667,0,33.6194152832031,NaN,1.18135586996129,1.73242665731613,1.62564887192727,2.48561382379355,0.696349815396364,0.0133857147154087,2.54754473554783,0.626845388895536,0.0135201209283663,2.61493819286644
-2.18367390851488,0.0295109382730089,3.30422210162972,3.06,0,-7.10034084320068,NaN,4.07299428348387,3.01034108252903,3.93347652830013,2.69820321027097,-1.23527362412903,0.0302612617021936,3.08584226027872,-1.6410257826971,0.0308400251869707,3.0278483134375
-7.90346550003754,0.0349193245883897,4.08103687597856,2.65,0,-10.6281414031982,NaN,9.60715129757143,4.7117840724,9.29803426950086,4.0057728228,-5.29224486685714,0.0351625246714286,3.88862175193426,-5.4129803561534,0.0345805320512798,3.8196408870313
-6.28053265295663,0.0346031060152149,4.44981635622002,1.2,0,NaN,NaN,9.43030192668387,6.41883531414194,9.02664364729935,5.64269279783226,-3.38394690185806,0.0321436375571613,4.22181224366543,-3.52575585431001,0.0295781059344857,4.13380267437301
-0.208403569927385,0.00165282756242346,2.81863476951591,0.871428571,0,-33.9919738769531,NaN,3.38288290704,4.14138346272,3.97779761988,5.01097103928,1.03317272064,0.00287388577656,2.40397178720407,1.04829619535775,0.00419201513293349,2.47217464920803
-1.81608245051905,0.000873028746018511,3.26531421398983,1.1,0,-38.3007278442383,NaN,4.15206495615484,4.82134528033548,4.46953735811613,5.61641041672258,1.14687435181935,0.00223995318944516,2.49113354451705,0.727592586046302,0.00044268445186847,2.38825382498516
-0.128238823261826,0.0188998423523896,3.89837002696399,2.95,0,-13.0712413787842,NaN,2.37459164832,3.79027859544,2.672092391904,4.37903744904,1.70694507528,0.0161714545416,3.05539801704858,1.38536065237494,0.0153007088083323,2.99889292864837
-2.76812507361029,0.0541908102350213,3.98843397304205,2.177777778,0,9.59255599975586,NaN,3.86772375112258,2.98461160776774,4.44289549788465,4.05600521736774,-0.386897174477419,0.0468573529424516,3.15072753367935,-0.659147552121559,0.0459810566188934,3.12162282101034
-11.7567413630044,0.0708363011342107,4.1628626617523,NaN,NaN,NaN,NaN,8.95360615664516,3.13597041932903,9.74952919198057,4.52874568180645,-5.22078606185806,0.0693813933267097,3.28241764550834,-5.08433830636299,0.0645497391032103,3.21072418979855
-12.4899345978092,0.0897489135112826,4.11125148920492,NaN,0,NaN,NaN,8.2654306848,2.86124797728,10.059716099088,5.88154210344,-4.17818155104,0.0920166266952,3.11662025835594,-4.5118871625828,0.0720635494020573,3.02359164244218
-3.44905209818653,0.0262948549356357,3.96185958654888,1.25,0,36.2734069824219,NaN,4.17080279868387,3.43896909050323,5.384768440752,5.62818506516129,0.2434133592,0.032117739651871,2.85788331386321,-0.164623832645005,0.028164086762745,2.85793516158199
1.39399625123903,0.026283777309724,3.42521854420107,1.7125,0,47.0479507446289,NaN,0.845718916032,2.20354375824,1.10758657998672,2.71918411632,1.611597486168,0.027097478388,3.13122504953184,1.85414387831959,0.028078205084973,3.01267534119171
-0.685503725696726,0.0611386317134343,3.36282078569078,2.25,0,21.5869255065918,NaN,2.14034438670968,1.61674411076129,2.56655230746735,2.40446160162581,-0.162094752650323,0.0574077608802581,3.09518569150678,0.111325373450184,0.0538675761415361,3.09038221558944
-6.59351864986821,0.0601381415569026,4.45326563711234,1.014285714,0,1.41644072532654,NaN,9.00298471248,3.22134865362581,9.39958136829522,3.9296585835871,-5.46992613220645,0.0608380766477419,4.53060948267064,-5.20146993387575,0.0609000585952796,4.52061463176193
-8.96091782650269,0.0582207536640628,4.5379475816801,2.005555556,0,NaN,NaN,10.9598936443714,3.95736939282857,11.3343521031334,4.84425001208571,-6.49009619485714,0.0550463112745714,4.45645005962618,-6.54453462960263,0.055999126476378,4.53400201617645
-0.0292798377791569,0.0287476547201398,4.08527162333301,1.088888889,0,-28.7065887451172,NaN,5.34649874330323,6.12464735055484,5.14847540357419,5.78603040898064,0.637550673909678,0.0259327836931355,4.02135479632005,-0.0644900312644441,0.0267977500530883,4.05993471585184
-0.2712907169783,-0.000249066964771514,3.40654781719678,0.933333333,0,-29.3990993499756,NaN,4.1722491708,4.66472907144,4.339101116808,4.8636365364,0.5245349472,-0.000642281145264,3.30187381379915,0.651837218746253,-0.000329356190491232,3.24711622863552
1.16225684638563,0.0103457925693162,3.2579818380869,1.95,0,-34.0208587646484,NaN,2.37100574499097,4.24771706392258,2.61673104874994,4.59186284740645,1.97513325761806,0.0125707382895484,3.00185951482252,1.82309893363223,0.01214696386293,3.02365397572771
-1.4765619173128,0.154970549503562,3.85539744624961,1.505555556,0,-38.0110015869141,NaN,3.36486994848,3.72674929968,3.8424305192904,4.37868650088,0.53625396168,0.143918586288,3.50332362899362,0.647670461461001,0.134044743659281,3.40421742780629
-6.1865086145732,0.104380232947313,3.66923690547111,NaN,0,NaN,NaN,6.99215323889032,3.30915804526452,7.99251780432774,4.82570463832258,-3.16681091117419,0.101970049308387,3.22781380225624,-2.4750169300926,0.0959739628114974,3.23690558606896
-11.0297869842872,0.0588716729368908,4.99025670581767,NaN,0,25.2657089233398,NaN,10.8718550177806,5.81754277858065,11.3769395750787,6.35596958787097,-5.02096151310968,0.0596017721496774,3.99603001747077,-5.53104603720716,0.0604214037664225,4.06212247107912
-8.91200267248594,0.0241602754061397,4.80220898200496,2.8,0,31.0316944122314,NaN,8.69971799808,5.07737719728,9.27225451188,6.26932905048,-3.002932598256,0.0241706450232,3.63077723852776,-3.63182860190139,0.0255775370411743,3.72124854803605
0.908693047299123,0.00828723867931955,3.35928920659715,NaN,0,47.1875038146973,NaN,2.8951917939871,5.09400386895484,3.11658493223331,5.18617739218065,2.06495313405729,0.00943535470104,2.82251287068598,1.48483855660169,0.0133635892886584,3.01740908980107
NaN,NaN,NaN,3.833333333,0,14.7490730285645,NaN,1.583555268672,3.93156150912,-9999,4.98461811984,-9999,-9999,-9999,2.24757913692853,0.0306456603482477,3.19116135774267
NaN,NaN,NaN,NaN,0,NaN,NaN,1.38901022396129,3.81236730108387,-9999,4.81381411285161,-9999,-9999,-9999,-0.149887393281957,0.0623930908525795,3.77947111833913
NaN,NaN,NaN,2.027777778,0,-16.7843132019043,NaN,NaN,NaN,NaN,NaN,NaN,NaN,NaN,NaN,NaN,NaN
NaN,NaN,NaN,2.0375,0,-19.3284759521484,NaN,NaN,NaN,NaN,NaN,NaN,NaN,NaN,NaN,NaN,NaN
NaN,NaN,NaN,1.692857143,0,10.370641708374,NaN,NaN,NaN,NaN,NaN,NaN,NaN,NaN,NaN,NaN,NaN
NaN,NaN,NaN,1.05,0,-28.6429576873779,NaN,NaN,NaN,NaN,NaN,NaN,NaN,NaN,NaN,NaN,NaN
NaN,NaN,NaN,0.8875,0,-44.4614067077637,NaN,NaN,NaN,NaN,NaN,NaN,NaN,NaN,NaN,NaN,NaN
NaN,NaN,NaN,3.033333333,0,NaN,NaN,NaN,NaN,NaN,NaN,NaN,NaN,NaN,NaN,NaN,NaN
NaN,NaN,NaN,1.2,0,-7.63368368148804,NaN,NaN,NaN,NaN,NaN,NaN,NaN,NaN,NaN,NaN,NaN
NaN,NaN,NaN,NaN,0,-22.1820411682129,NaN,NaN,NaN,NaN,NaN,NaN,NaN,NaN,NaN,NaN,NaN
NaN,NaN,NaN,1.8,0,8.22378540039062,NaN,NaN,NaN,NaN,NaN,NaN,NaN,NaN,NaN,NaN,NaN
NaN,NaN,NaN,NaN,0,NaN,NaN,NaN,NaN,NaN,NaN,NaN,NaN,NaN,NaN,NaN,NaN
NaN,NaN,NaN,1.942857143,0,NaN,NaN,NaN,NaN,NaN,NaN,NaN,NaN,NaN,NaN,NaN,NaN
NaN,NaN,NaN,1.86,0,42.209659576416,NaN,NaN,NaN,NaN,NaN,NaN,NaN,NaN,NaN,NaN,NaN
NaN,NaN,NaN,1.788888889,0,1.30667877197266,NaN,NaN,NaN,NaN,NaN,NaN,NaN,NaN,NaN,NaN,NaN
NaN,NaN,NaN,2.4,0,-18.2753982543945,NaN,NaN,NaN,NaN,NaN,NaN,NaN,NaN,NaN,NaN,NaN
NaN,NaN,NaN,NaN,0,-24.1844635009766,NaN,NaN,NaN,NaN,NaN,NaN,NaN,NaN,NaN,NaN,NaN
NaN,NaN,NaN,1.572222222,0,NaN,NaN,NaN,NaN,NaN,NaN,NaN,NaN,NaN,NaN,NaN,NaN
NaN,NaN,NaN,1.566666667,0,-38.6861839294434,NaN,NaN,NaN,NaN,NaN,NaN,NaN,NaN,NaN,NaN,NaN
NaN,NaN,NaN,NaN,0,-31.0978240966797,NaN,NaN,NaN,NaN,NaN,NaN,NaN,NaN,NaN,NaN,NaN
NaN,NaN,NaN,1.371428571,0,-3.0129189491272,NaN,NaN,NaN,NaN,NaN,NaN,NaN,NaN,NaN,NaN,NaN
NaN,NaN,NaN,3.9,0,12.2412004470825,NaN,NaN,NaN,NaN,NaN,NaN,NaN,NaN,NaN,NaN,NaN
NaN,NaN,NaN,NaN,0,NaN,NaN,NaN,NaN,NaN,NaN,NaN,NaN,NaN,NaN,NaN,NaN
NaN,NaN,NaN,1.5,0,NaN,NaN,NaN,NaN,NaN,NaN,NaN,NaN,NaN,NaN,NaN,NaN
NaN,NaN,NaN,5.7,0,26.5759449005127,NaN,NaN,NaN,NaN,NaN,NaN,NaN,NaN,NaN,NaN,NaN
NaN,NaN,NaN,NaN,0,-16.1912441253662,NaN,NaN,NaN,NaN,NaN,NaN,NaN,NaN,NaN,NaN,NaN
NaN,NaN,NaN,NaN,0,10.225492477417,NaN,NaN,NaN,NaN,NaN,NaN,NaN,NaN,NaN,NaN,NaN
NaN,NaN,NaN,2.716666667,0,NaN,NaN,NaN,NaN,NaN,NaN,NaN,NaN,NaN,NaN,NaN,NaN
NaN,NaN,NaN,3.666666667,0,-11.7670059204102,NaN,NaN,NaN,NaN,NaN,NaN,NaN,NaN,NaN,NaN,NaN
NaN,NaN,NaN,6.3,0,-40.8270683288574,NaN,NaN,NaN,NaN,NaN,NaN,NaN,NaN,NaN,NaN,NaN
NaN,NaN,NaN,NaN,0,-44.9096221923828,NaN,NaN,NaN,NaN,NaN,NaN,NaN,NaN,NaN,NaN,NaN
NaN,NaN,NaN,1.666666667,0,-17.7248725891113,NaN,NaN,NaN,NaN,NaN,NaN,NaN,NaN,NaN,NaN,NaN
NaN,NaN,NaN,NaN,NaN,NaN,NaN,NaN,NaN,NaN,NaN,NaN,NaN,NaN,NaN,NaN,NaN
NaN,NaN,NaN,2,0,NaN,NaN,NaN,NaN,NaN,NaN,NaN,NaN,NaN,NaN,NaN,NaN
NaN,NaN,NaN,5.85,0,NaN,NaN,NaN,NaN,NaN,NaN,NaN,NaN,NaN,NaN,NaN,NaN
NaN,NaN,NaN,NaN,0,NaN,NaN,NaN,NaN,NaN,NaN,NaN,NaN,NaN,NaN,NaN,NaN
NaN,NaN,NaN,2.422222222,0,NaN,NaN,NaN,NaN,NaN,NaN,NaN,NaN,NaN,NaN,NaN,NaN
NaN,NaN,NaN,NaN,0,NaN,NaN,NaN,NaN,NaN,NaN,NaN,NaN,NaN,NaN,NaN,NaN
