NBE,CH4,ET,LAI,SCF,EWT,ABGB,GPP_DT,ER_DT,GPP_NT,ER_NT,NBE_F,CH4_F,ET_F,NBE_ANN,CH4_ANN,ET_ANN
NaN,NaN,NaN,NaN,NaN,-43.6384201049805,NaN,NaN,NaN,NaN,NaN,NaN,NaN,NaN,NaN,NaN,NaN
NaN,NaN,NaN,0.4,NaN,-27.1077365875244,NaN,NaN,NaN,NaN,NaN,NaN,NaN,NaN,NaN,NaN,NaN
NaN,NaN,NaN,NaN,0.7633333333,-30.7561702728271,NaN,NaN,NaN,NaN,NaN,NaN,NaN,NaN,NaN,NaN,NaN
NaN,NaN,NaN,0,0.7433333333,-22.6807117462158,NaN,NaN,NaN,NaN,NaN,NaN,NaN,NaN,NaN,NaN,NaN
NaN,NaN,NaN,0.166666667,0.7416666667,-2.54737591743469,NaN,NaN,NaN,NaN,NaN,NaN,NaN,NaN,NaN,NaN,NaN
NaN,NaN,NaN,0.9,0,-17.9950695037842,NaN,NaN,NaN,NaN,NaN,NaN,NaN,NaN,NaN,NaN,NaN
NaN,NaN,NaN,1.516666667,0,-47.6794090270996,NaN,NaN,NaN,NaN,NaN,NaN,NaN,NaN,NaN,NaN,NaN
NaN,NaN,NaN,0.733333333,0,-46.6495208740234,NaN,NaN,NaN,NaN,NaN,NaN,NaN,NaN,NaN,NaN,NaN
NaN,NaN,NaN,0.366666667,0,-43.8466644287109,NaN,NaN,NaN,NaN,NaN,NaN,NaN,NaN,NaN,NaN,NaN
NaN,NaN,NaN,0.8,NaN,-59.2983016967773,NaN,NaN,NaN,NaN,NaN,NaN,NaN,NaN,NaN,NaN,NaN
NaN,NaN,NaN,0,NaN,-45.859447479248,NaN,NaN,NaN,NaN,NaN,NaN,NaN,NaN,NaN,NaN,NaN
NaN,NaN,NaN,NaN,NaN,-28.6632461547852,NaN,NaN,NaN,NaN,NaN,NaN,NaN,NaN,NaN,NaN,NaN
NaN,NaN,NaN,0.3,NaN,-30.4468517303467,NaN,NaN,NaN,NaN,NaN,NaN,NaN,NaN,NaN,NaN,NaN
NaN,NaN,NaN,0,NaN,-22.2853488922119,NaN,NaN,NaN,NaN,NaN,NaN,NaN,NaN,NaN,NaN,NaN
NaN,NaN,NaN,NaN,0.73,-13.8229093551636,NaN,NaN,NaN,NaN,NaN,NaN,NaN,NaN,NaN,NaN,NaN
NaN,NaN,NaN,0,0.7483333333,9.76328754425049,NaN,NaN,NaN,NaN,NaN,NaN,NaN,NaN,NaN,NaN,NaN
NaN,NaN,NaN,0.316666667,0.63,19.6815528869629,NaN,NaN,NaN,NaN,NaN,NaN,NaN,NaN,NaN,NaN,NaN
NaN,NaN,NaN,0.9,0,-3.17850637435913,NaN,NaN,NaN,NaN,NaN,NaN,NaN,NaN,NaN,NaN,NaN
NaN,NaN,NaN,1.633333333,0,-38.1583251953125,NaN,NaN,NaN,NaN,NaN,NaN,NaN,NaN,NaN,NaN,NaN
NaN,NaN,NaN,0.8,0,-42.9697952270508,NaN,NaN,NaN,NaN,NaN,NaN,NaN,NaN,NaN,NaN,NaN
NaN,NaN,NaN,0.35,0,-39.8766326904297,NaN,NaN,NaN,NaN,NaN,NaN,NaN,NaN,NaN,NaN,NaN
NaN,NaN,NaN,NaN,NaN,-50.2368316650391,NaN,NaN,NaN,NaN,NaN,NaN,NaN,NaN,NaN,NaN,NaN
NaN,NaN,NaN,0.166666667,NaN,-36.4606819152832,NaN,NaN,NaN,NaN,NaN,NaN,NaN,NaN,NaN,NaN,NaN
NaN,NaN,NaN,NaN,NaN,-26.9135265350342,NaN,NaN,NaN,NaN,NaN,NaN,NaN,NaN,NaN,NaN,NaN
NaN,NaN,NaN,0.266666667,NaN,NaN,NaN,NaN,NaN,NaN,NaN,NaN,NaN,NaN,NaN,NaN,NaN
NaN,NaN,NaN,0.1,NaN,-6.5458517074585,NaN,NaN,NaN,NaN,NaN,NaN,NaN,NaN,NaN,NaN,NaN
NaN,NaN,NaN,NaN,0.6816666667,-5.09231185913086,NaN,NaN,NaN,NaN,NaN,NaN,NaN,NaN,NaN,NaN,NaN
NaN,NaN,NaN,0,0.7833333333,11.0625982284546,NaN,NaN,NaN,NaN,NaN,NaN,NaN,NaN,NaN,NaN,NaN
NaN,NaN,NaN,0,0.7716666667,25.2644309997559,NaN,NaN,NaN,NaN,NaN,NaN,NaN,NaN,NaN,NaN,NaN
NaN,NaN,NaN,0.883333333,0,NaN,NaN,NaN,NaN,NaN,NaN,NaN,NaN,NaN,NaN,NaN,NaN
NaN,NaN,NaN,1.816666667,0,-27.2128772735596,NaN,NaN,NaN,NaN,NaN,NaN,NaN,NaN,NaN,NaN,NaN
NaN,NaN,NaN,1.3,0,-40.9551048278809,NaN,NaN,NaN,NaN,NaN,NaN,NaN,NaN,NaN,NaN,NaN
NaN,NaN,NaN,NaN,0,-43.4503707885742,NaN,NaN,NaN,NaN,NaN,NaN,NaN,NaN,NaN,NaN,NaN
NaN,NaN,NaN,0.083333333,NaN,-55.4928741455078,NaN,NaN,NaN,NaN,NaN,NaN,NaN,NaN,NaN,NaN,NaN
NaN,NaN,NaN,0.2,NaN,-48.2015647888184,NaN,NaN,NaN,NaN,NaN,NaN,NaN,NaN,NaN,NaN,NaN
NaN,NaN,NaN,NaN,NaN,-27.8143615722656,NaN,NaN,NaN,NaN,NaN,NaN,NaN,NaN,NaN,NaN,NaN
NaN,NaN,NaN,NaN,NaN,-34.9518547058105,NaN,NaN,NaN,NaN,NaN,NaN,NaN,NaN,NaN,NaN,NaN
NaN,NaN,NaN,0.45,NaN,-28.2649593353271,NaN,NaN,NaN,NaN,NaN,NaN,NaN,NaN,NaN,NaN,NaN
NaN,NaN,NaN,0,0.7516666667,-19.6625442504883,NaN,NaN,NaN,NaN,NaN,NaN,NaN,NaN,NaN,NaN,NaN
NaN,NaN,NaN,0,0.7166666667,-13.5508394241333,NaN,NaN,NaN,NaN,NaN,NaN,NaN,NaN,NaN,NaN,NaN
NaN,NaN,NaN,0.325,0.52,NaN,NaN,NaN,NaN,NaN,NaN,NaN,NaN,NaN,NaN,NaN,NaN
NaN,NaN,NaN,0.3,0,-19.5264072418213,NaN,NaN,NaN,NaN,NaN,NaN,NaN,NaN,NaN,NaN,NaN
NaN,NaN,NaN,1.833333333,0,-40.520824432373,NaN,NaN,NaN,NaN,NaN,NaN,NaN,NaN,NaN,NaN,NaN
NaN,NaN,NaN,0.866666667,0,-38.2150726318359,NaN,NaN,NaN,NaN,NaN,NaN,NaN,NaN,NaN,NaN,NaN
NaN,NaN,NaN,0.9,0,-36.2407646179199,NaN,NaN,NaN,NaN,NaN,NaN,NaN,NaN,NaN,NaN,NaN
NaN,NaN,NaN,0.05,NaN,NaN,NaN,NaN,NaN,NaN,NaN,NaN,NaN,NaN,NaN,NaN,NaN
NaN,NaN,NaN,0.2,NaN,-22.039794921875,NaN,NaN,NaN,NaN,NaN,NaN,NaN,NaN,NaN,NaN,NaN
NaN,NaN,NaN,NaN,NaN,-19.1519470214844,NaN,NaN,NaN,NaN,NaN,NaN,NaN,NaN,NaN,NaN,NaN
NaN,NaN,NaN,NaN,NaN,8.58860969543457,NaN,NaN,NaN,NaN,NaN,NaN,NaN,NaN,NaN,NaN,NaN
NaN,NaN,NaN,0,NaN,9.22618103027344,NaN,NaN,NaN,NaN,NaN,NaN,NaN,NaN,NaN,NaN,NaN
NaN,NaN,NaN,0,0.7516666667,NaN,NaN,NaN,NaN,NaN,NaN,NaN,NaN,NaN,NaN,NaN,NaN
NaN,NaN,NaN,0,0.81,21.1048278808594,NaN,NaN,NaN,NaN,NaN,NaN,NaN,NaN,NaN,NaN,NaN
NaN,NaN,NaN,0.425,0,52.1598739624023,NaN,NaN,NaN,NaN,NaN,NaN,NaN,NaN,NaN,NaN,NaN
NaN,NaN,NaN,0.5,0,18.5878486633301,NaN,NaN,NaN,NaN,NaN,NaN,NaN,NaN,NaN,NaN,NaN
NaN,NaN,NaN,1.666666667,0,-7.08888530731201,NaN,NaN,NaN,NaN,NaN,NaN,NaN,NaN,NaN,NaN,NaN
NaN,NaN,NaN,1.116666667,0,NaN,NaN,NaN,NaN,NaN,NaN,NaN,NaN,NaN,NaN,NaN,NaN
NaN,NaN,NaN,0.316666667,0,NaN,NaN,NaN,NaN,NaN,NaN,NaN,NaN,NaN,NaN,NaN,NaN
NaN,NaN,NaN,0.1,NaN,-25.0221786499023,NaN,NaN,NaN,NaN,NaN,NaN,NaN,NaN,NaN,NaN,NaN
NaN,NaN,NaN,NaN,NaN,-8.23710823059082,NaN,NaN,NaN,NaN,NaN,NaN,NaN,NaN,NaN,NaN,NaN
NaN,NaN,NaN,NaN,NaN,8.39110851287842,NaN,NaN,NaN,NaN,NaN,NaN,NaN,NaN,NaN,NaN,NaN
NaN,NaN,NaN,NaN,NaN,6.12734508514404,NaN,0.00328940540129032,Inf,-9999,Inf,-9999,-9999,-9999,0.041264810558227,0.00477678047871371,-0.00668302377601192
NaN,NaN,NaN,0,NaN,NaN,NaN,0.0253406184942857,0.0770225490145255,-9999,0.199061170514383,-9999,-9999,-9999,0.0119728268761943,0.00326563679368398,0.00694713521634749
NaN,NaN,NaN,NaN,0.7633333333,35.3771896362305,NaN,0.0437527600954839,0.0755802335112096,-9999,0.146585424193641,-9999,-9999,-9999,0.0180230002946555,0.00251719013995613,0.0168374129079205
0.0789306216037213,0.00303779198551025,0.179635893926302,0,0.7466666667,39.9578514099121,NaN,0.016189038504,0.129471660936,0.0784428902454857,0.13019603004,0.0507417340834286,0.00298110738272727,0.127956667771259,0.0551298809148088,0.00210822010983328,0.0932731494479458
0.320127422608466,0.00307704258541596,0.501419519557767,0.016666667,0.7716666667,49.6979064941406,NaN,0.670611999019355,0.36128338443871,0.0152581083445161,0.33822219816,0.322964099535484,0.00321716428789936,0.44034364355594,0.314442878937003,0.00322536627695749,0.433576183165032
0.401801406990973,0.0240381027089445,1.5924159981831,0.633333333,0,59.9465560913086,NaN,1.63034338104,1.0816244856,1.0028165329512,1.5207088896,0.51789188664,0.022332869928,1.39861373889138,0.56779267798177,0.0211358668368521,1.36982477926666
-3.1169172509757,0.0557865404929542,1.89000632769108,2.033333333,0,NaN,NaN,4.45177619651613,2.04554383664516,5.29541260211613,2.77644727741935,-2.51896446139355,0.0561508206967742,1.66565223372894,-2.45911899038764,0.0552052759904122,1.66552018186954
-2.2605085887927,0.0709964944209457,2.01182527728002,1.766666667,0,-16.0088214874268,NaN,3.76327706887742,2.35371702193548,3.56451074103019,2.14498165935484,-1.41952940458839,0.0705502008,1.5804394481201,-1.39204571005846,0.070049681565103,1.58233772384422
0.76322295506371,0.0354084627047788,0.710483230316767,0.45,0,-43.1227951049805,NaN,0.38197186092,1.0518543216,0.404020201644,1.2203451288,0.816325403184,0.03544830936,0.483782864622103,0.79908344036421,0.0355774431122623,0.510698909043184
0.565340952038362,0.0219218991348636,0.296786119465937,0.1,NaN,-40.4195022583008,NaN,0.165430880036129,0.983880013935484,0.0372965792376774,0.618314033032258,0.581017284464516,0.0217823471303226,0.219915036775779,0.571842819794958,0.0208485538483954,0.212206578495748
0.354616155041648,0.0137370253142058,0.0291315732129153,NaN,NaN,-24.3950176239014,NaN,0.051824331792,0.38763261884952,-0.3050149531968,0.2187686921184,0.52378385688,0.0138265370928,0.0230827054349242,0.455091032173679,0.0130240351374862,0.0200103989001245
0.299021205190635,0.0086473416567033,0.00531957716461853,NaN,NaN,NaN,NaN,0.000920503509677419,0.0290733444613142,-0.236180820774194,0.0595900805344763,0.295770823432258,0.00690606111483871,0.00779869016394715,0.392836346767433,0.00721501106130877,0.00429469589161905
0.363742769770817,0.00764275378762733,0.0082889764864288,0.3,NaN,-7.08358001708984,NaN,0.0109483572309677,0.0862408966233645,-0.21661061651071,0.0540188311271301,0.270629849478194,0.00593167281677419,-0.000524666918592471,0.138163475246078,0.00461978687565391,0.00207640198697231
0.0185790487729897,0.00222038158080158,0.0133488074955062,0,NaN,3.11982989311218,NaN,0.00847619609142857,0.142630942005099,0.0900839322025714,0.0898822263386743,-0.000201609192394279,0.00203890196952,0.0051631379207068,0.0501277409757171,0.00240288544810878,0.00443750276492318
0.0608933368211756,0.00252546930889521,0.0222910347857438,0,0.7583333333,11.0796070098877,NaN,0.0135010924095484,2.32186064516129e+183,5.23319225806452e+140,5.23319225806452e+140,0.072336160728,0.00237541474451613,0.00658306973941134,0.0718385669755784,0.00247892660055508,0.016789268546353
0.0739297696087088,0.00252177235712999,0.0808357997118834,0,0.7166666667,22.1659698486328,NaN,0.0538496038296,0.0740536916904,-0.0228636586250712,0.057315474288,0.0801791052696,0.00298066685544,0.0556485837731625,0.0748056231226499,0.0023817798907169,0.055045392608051
0.174103168821515,0.00318362918355445,0.19136166216384,0,0.8016666667,20.2904224395752,NaN,0.175997402472774,0.318973886941936,0.115848025041135,0.295363924025806,0.179516044688516,0.00330871096567742,0.168712807083033,0.199997624598058,0.00366431270913581,0.17591093257995
0.428120638363752,0.0230416005689739,1.50487035880708,0.683333333,0,NaN,NaN,1.0576262270736,1.2894739344,0.874643197824,1.1944247472,0.319781144016,0.023852176056,1.34997014739668,0.292883045208865,0.0237744369619825,1.34323128639635
-3.13932545923134,0.0546884932316183,1.85778397380283,1.866666667,0,-19.805534362793,NaN,4.77975523772903,2.40461372903226,4.75012042095484,2.23711701677419,-2.5129993824,0.0545073339019355,1.5951435972655,-2.48077059401361,0.0544185638676005,1.59515736561783
-1.73515199147961,0.0498353553298753,1.18611424441716,1.416666667,0,-15.9911022186279,NaN,2.68054167212129,1.58691543329032,2.8338495867871,1.77367981935484,-1.06016979725419,0.0503600744670968,0.878153667293476,-1.03322064671733,0.0506608935924554,0.866743255973023
0.959047521882183,0.0273687331952816,0.494864675937782,0.433333333,0,-42.1165504455566,NaN,0.11517978348,0.9492442488,0.07756544044296,1.000660068,0.923094772488,0.027784507608,0.312702694805725,0.978310271847079,0.0283056805267001,0.33378281186814
0.409758077999835,0.0213566782804438,0.0484081776371555,0,NaN,NaN,NaN,0.0518119166554839,0.507820814709677,0.00819213362941936,0.466369913032258,0.458177561187097,0.0225269506526897,0.045922856024561,0.49374461551612,0.0198072797322725,0.0602182598831258
0.0193768875766738,NaN,NaN,0.25,NaN,NaN,NaN,0.008116675992,0.1378155425688,0.1363359098304,0.34728940232352,0.210951878616,-9999,-9999,0.427889488159038,0.0148251788068511,0.00739781667422867
NaN,NaN,NaN,NaN,NaN,-19.4053344726562,NaN,0.000183549344516129,Inf,-9999,Inf,-9999,-9999,-9999,0.427320699095169,0.00895576683143113,0.00649043179088875
NaN,NaN,NaN,NaN,NaN,9.99880695343018,NaN,0.00321052450064516,Inf,-9999,Inf,-9999,-9999,-9999,0.220566680270659,0.0061817985081734,0.00851463195216476
NaN,NaN,NaN,NaN,NaN,30.0226173400879,NaN,0.0225243453351724,Inf,-9999,Inf,-9999,-9999,-9999,0.144256816780277,0.00400961783129984,0.00730867202859186
NaN,NaN,NaN,0,0.7116666667,28.6386661529541,NaN,0.0449939177651613,0.0734570559918127,-9999,0.245052287874709,-9999,-9999,-9999,0.10903315492307,0.00407814145574364,0.0158073875528563
NaN,NaN,NaN,0,0.755,NaN,NaN,0.050946997608,0.114143102136,-9999,0.51080458032,-9999,-9999,-9999,0.0954196533854321,0.00365387971232868,0.0678219896781709
NaN,NaN,NaN,0.4,0.84,34.685489654541,NaN,0.039155247963871,0.273198553780645,-9999,1.31676668593548,-9999,-9999,-9999,0.130519392233076,0.00688536042530087,0.262002545069127
-1.66414934268939,0.0251859946465097,1.46445026545485,1,0,2.62353849411011,NaN,2.3849887932,1.142650188,3.3959733552,1.90541628,-1.511982924,0.024720699432,1.33116143471225,-1.3326723907287,0.0241400152823333,1.40005788052868
NaN,NaN,NaN,1.9,0,0.0719334706664085,NaN,3.90756597050323,1.41890042554839,4.10209374586065,1.91949054967742,-2.18260330188387,0.0534473327845161,1.24053490915679,-2.30371997785043,0.0560138746893899,1.2777556182674
-1.41336109060983,0.0663712093752015,1.50804767073256,1.133333333,0,-29.7076377868652,NaN,3.11989636405161,2.27475225058065,3.06978705250606,2.14346178580645,-0.926325006503226,0.0666358626658065,1.2443314064552,-0.883973862437516,0.0655071952074547,1.2362238711737
1.09081343367859,0.0387313706383639,0.559965384311369,0.3,0,NaN,NaN,0.1434740155056,1.0116116784,0.1872747457056,1.2918064896,1.10453178312,0.038111682312,0.397683091372166,1.10162876003052,0.0379382917788877,0.402036806199986
0.658735298719863,0.0216868212170515,0.110937667279471,NaN,NaN,NaN,NaN,0.0126927531569032,1.00562801574194,0.00707408446505807,0.666368849032258,0.659294842064516,0.0216678458787097,0.0687086987608085,0.653750853726428,0.0219391423885238,0.0928376247256569
0.476062124372417,0.0218658530144382,0.0178922645394549,NaN,NaN,33.8064804077148,NaN,0.030688770384,0.17736964420248,-0.032863348152,0.467226123336,0.500089176,0.019550502864,0.0144727941802575,0.425998643318192,0.0184317935974513,0.0198839389407181
0.437110327942791,0.0138027340961646,0.0498959645729506,NaN,NaN,56.8954620361328,NaN,0.000695258709677419,0.0910385851561218,-0.185625228472258,0.249385611314937,0.435010817032258,0.0129155086265806,0.0432909485965238,0.402313873016463,0.0130990009049095,0.0330630201444696
NaN,NaN,NaN,0.2,NaN,60.8925285339355,NaN,NaN,NaN,NaN,NaN,NaN,NaN,NaN,NaN,NaN,NaN
NaN,NaN,NaN,0,NaN,NaN,NaN,NaN,NaN,NaN,NaN,NaN,NaN,NaN,NaN,NaN,NaN
NaN,NaN,NaN,0,0.7516666667,94.7085113525391,NaN,NaN,NaN,NaN,NaN,NaN,NaN,NaN,NaN,NaN,NaN
NaN,NaN,NaN,0,0.7616666667,101.425468444824,NaN,NaN,NaN,NaN,NaN,NaN,NaN,NaN,NaN,NaN,NaN
NaN,NaN,NaN,0.05,0.705,107.760475158691,NaN,NaN,NaN,NaN,NaN,NaN,NaN,NaN,NaN,NaN,NaN
NaN,NaN,NaN,0.933333333,0,80.168083190918,NaN,NaN,NaN,NaN,NaN,NaN,NaN,NaN,NaN,NaN,NaN
NaN,NaN,NaN,1.916666667,0,NaN,NaN,NaN,NaN,NaN,NaN,NaN,NaN,NaN,NaN,NaN,NaN
NaN,NaN,NaN,1.35,0,NaN,NaN,NaN,NaN,NaN,NaN,NaN,NaN,NaN,NaN,NaN,NaN
NaN,NaN,NaN,0.7,0,NaN,NaN,NaN,NaN,NaN,NaN,NaN,NaN,NaN,NaN,NaN,NaN
NaN,NaN,NaN,0,NaN,NaN,NaN,NaN,NaN,NaN,NaN,NaN,NaN,NaN,NaN,NaN,NaN
NaN,NaN,NaN,NaN,NaN,NaN,NaN,NaN,NaN,NaN,NaN,NaN,NaN,NaN,NaN,NaN,NaN
NaN,NaN,NaN,NaN,NaN,NaN,NaN,NaN,NaN,NaN,NaN,NaN,NaN,NaN,NaN,NaN,NaN
NaN,NaN,NaN,NaN,NaN,NaN,NaN,NaN,NaN,NaN,NaN,NaN,NaN,NaN,NaN,NaN,NaN
NaN,NaN,NaN,0,NaN,NaN,NaN,NaN,NaN,NaN,NaN,NaN,NaN,NaN,NaN,NaN,NaN
NaN,NaN,NaN,0,0.6816666667,NaN,NaN,NaN,NaN,NaN,NaN,NaN,NaN,NaN,NaN,NaN,NaN
NaN,NaN,NaN,0,0.7966666667,NaN,NaN,NaN,NaN,NaN,NaN,NaN,NaN,NaN,NaN,NaN,NaN
NaN,NaN,NaN,NaN,0.8266666667,NaN,NaN,NaN,NaN,NaN,NaN,NaN,NaN,NaN,NaN,NaN,NaN
NaN,NaN,NaN,0.433333333,0,63.7832412719727,NaN,NaN,NaN,NaN,NaN,NaN,NaN,NaN,NaN,NaN,NaN
NaN,NaN,NaN,1.7,0,-16.7885227203369,NaN,NaN,NaN,NaN,NaN,NaN,NaN,NaN,NaN,NaN,NaN
NaN,NaN,NaN,1.7,0,NaN,NaN,NaN,NaN,NaN,NaN,NaN,NaN,NaN,NaN,NaN,NaN
NaN,NaN,NaN,0.516666667,0,NaN,NaN,NaN,NaN,NaN,NaN,NaN,NaN,NaN,NaN,NaN,NaN
NaN,NaN,NaN,0,NaN,-42.8353118896484,NaN,NaN,NaN,NaN,NaN,NaN,NaN,NaN,NaN,NaN,NaN
NaN,NaN,NaN,0.1,NaN,-49.4028434753418,NaN,NaN,NaN,NaN,NaN,NaN,NaN,NaN,NaN,NaN,NaN
NaN,NaN,NaN,NaN,NaN,-33.9302101135254,NaN,NaN,NaN,NaN,NaN,NaN,NaN,NaN,NaN,NaN,NaN
NaN,NaN,NaN,6.4,NaN,-24.6542186737061,NaN,NaN,NaN,NaN,NaN,NaN,NaN,NaN,NaN,NaN,NaN
NaN,NaN,NaN,0.1,NaN,-27.3671932220459,NaN,NaN,NaN,NaN,NaN,NaN,NaN,NaN,NaN,NaN,NaN
NaN,NaN,NaN,0,0.6683333333,-12.9920234680176,NaN,NaN,NaN,NaN,NaN,NaN,NaN,NaN,NaN,NaN,NaN
NaN,NaN,NaN,0,0.7933333333,4.5984354019165,NaN,NaN,NaN,NaN,NaN,NaN,NaN,NaN,NaN,NaN,NaN
NaN,NaN,NaN,0.3,0.8083333333,17.3863964080811,NaN,NaN,NaN,NaN,NaN,NaN,NaN,NaN,NaN,NaN,NaN
NaN,NaN,NaN,1.866666667,0,-20.4082679748535,NaN,NaN,NaN,NaN,NaN,NaN,NaN,NaN,NaN,NaN,NaN
NaN,NaN,NaN,2.1,0,-72.2578964233398,NaN,NaN,NaN,NaN,NaN,NaN,NaN,NaN,NaN,NaN,NaN
NaN,NaN,NaN,1.3,0,-72.4779891967773,NaN,NaN,NaN,NaN,NaN,NaN,NaN,NaN,NaN,NaN,NaN
NaN,NaN,NaN,0.55,0,-72.5381164550781,NaN,NaN,NaN,NaN,NaN,NaN,NaN,NaN,NaN,NaN,NaN
NaN,NaN,NaN,0.083333333,NaN,-69.5361862182617,NaN,NaN,NaN,NaN,NaN,NaN,NaN,NaN,NaN,NaN,NaN
NaN,NaN,NaN,NaN,NaN,-65.9704360961914,NaN,NaN,NaN,NaN,NaN,NaN,NaN,NaN,NaN,NaN,NaN
NaN,NaN,NaN,NaN,NaN,-52.126838684082,NaN,NaN,NaN,NaN,NaN,NaN,NaN,NaN,NaN,NaN,NaN
