NBE,CH4,ET,LAI,SCF,EWT,ABGB,GPP_DT,ER_DT,GPP_NT,ER_NT,NBE_F,CH4_F,ET_F,NBE_ANN,CH4_ANN,ET_ANN
NaN,NaN,NaN,NaN,NaN,-43.6384201049805,NaN,NaN,NaN,NaN,NaN,NaN,NaN,NaN,NaN,NaN,NaN
NaN,NaN,NaN,0.4,NaN,-27.1077365875244,NaN,NaN,NaN,NaN,NaN,NaN,NaN,NaN,NaN,NaN,NaN
NaN,NaN,NaN,NaN,0.755,-30.7561702728271,NaN,NaN,NaN,NaN,NaN,NaN,NaN,NaN,NaN,NaN,NaN
NaN,NaN,NaN,0,0.74,-22.6807117462158,NaN,NaN,NaN,NaN,NaN,NaN,NaN,NaN,NaN,NaN,NaN
NaN,NaN,NaN,0.211111111,0.7394444444,-2.54737591743469,NaN,NaN,NaN,NaN,NaN,NaN,NaN,NaN,NaN,NaN,NaN
NaN,NaN,NaN,0.955555556,0,-17.9950695037842,NaN,NaN,NaN,NaN,NaN,NaN,NaN,NaN,NaN,NaN,NaN
NaN,NaN,NaN,1.616666667,0,-47.6794090270996,NaN,NaN,NaN,NaN,NaN,NaN,NaN,NaN,NaN,NaN,NaN
NaN,NaN,NaN,0.666666667,0,-46.6495208740234,NaN,NaN,NaN,NaN,NaN,NaN,NaN,NaN,NaN,NaN,NaN
NaN,NaN,NaN,0.411111111,0,-43.8466644287109,NaN,NaN,NaN,NaN,NaN,NaN,NaN,NaN,NaN,NaN,NaN
NaN,NaN,NaN,0.65,NaN,-59.2983016967773,NaN,NaN,NaN,NaN,NaN,NaN,NaN,NaN,NaN,NaN,NaN
NaN,NaN,NaN,0.088888889,NaN,-45.859447479248,NaN,NaN,NaN,NaN,NaN,NaN,NaN,NaN,NaN,NaN,NaN
NaN,NaN,NaN,NaN,NaN,-28.6632461547852,NaN,NaN,NaN,NaN,NaN,NaN,NaN,NaN,NaN,NaN,NaN
NaN,NaN,NaN,0.3,NaN,-30.4468517303467,NaN,NaN,NaN,NaN,NaN,NaN,NaN,NaN,NaN,NaN,NaN
NaN,NaN,NaN,0,NaN,-22.2853488922119,NaN,NaN,NaN,NaN,NaN,NaN,NaN,NaN,NaN,NaN,NaN
NaN,NaN,NaN,0,0.7255555556,-13.8229093551636,NaN,NaN,NaN,NaN,NaN,NaN,NaN,NaN,NaN,NaN,NaN
NaN,NaN,NaN,0,0.7472222222,9.76328754425049,NaN,NaN,NaN,NaN,NaN,NaN,NaN,NaN,NaN,NaN,NaN
NaN,NaN,NaN,0.361111111,0.5788888889,19.6815528869629,NaN,NaN,NaN,NaN,NaN,NaN,NaN,NaN,NaN,NaN,NaN
NaN,NaN,NaN,0.9,0,-3.17850637435913,NaN,NaN,NaN,NaN,NaN,NaN,NaN,NaN,NaN,NaN,NaN
NaN,NaN,NaN,1.7,0,-38.1583251953125,NaN,NaN,NaN,NaN,NaN,NaN,NaN,NaN,NaN,NaN,NaN
NaN,NaN,NaN,0.933333333,0,-42.9697952270508,NaN,NaN,NaN,NaN,NaN,NaN,NaN,NaN,NaN,NaN,NaN
NaN,NaN,NaN,0.4,0,-39.8766326904297,NaN,NaN,NaN,NaN,NaN,NaN,NaN,NaN,NaN,NaN,NaN
NaN,NaN,NaN,NaN,NaN,-50.2368316650391,NaN,NaN,NaN,NaN,NaN,NaN,NaN,NaN,NaN,NaN,NaN
NaN,NaN,NaN,0.111111111,NaN,-36.4606819152832,NaN,NaN,NaN,NaN,NaN,NaN,NaN,NaN,NaN,NaN,NaN
NaN,NaN,NaN,NaN,NaN,-26.9135265350342,NaN,NaN,NaN,NaN,NaN,NaN,NaN,NaN,NaN,NaN,NaN
NaN,NaN,NaN,0.288888889,NaN,NaN,NaN,NaN,NaN,NaN,NaN,NaN,NaN,NaN,NaN,NaN,NaN
NaN,NaN,NaN,0.083333333,NaN,-6.5458517074585,NaN,NaN,NaN,NaN,NaN,NaN,NaN,NaN,NaN,NaN,NaN
NaN,NaN,NaN,NaN,0.6761111111,-5.09231185913086,NaN,NaN,NaN,NaN,NaN,NaN,NaN,NaN,NaN,NaN,NaN
NaN,NaN,NaN,0,0.7811111111,11.0625982284546,NaN,NaN,NaN,NaN,NaN,NaN,NaN,NaN,NaN,NaN,NaN
NaN,NaN,NaN,0,0.7672222222,25.2644309997559,NaN,NaN,NaN,NaN,NaN,NaN,NaN,NaN,NaN,NaN,NaN
NaN,NaN,NaN,1.111111111,0,NaN,NaN,NaN,NaN,NaN,NaN,NaN,NaN,NaN,NaN,NaN,NaN
NaN,NaN,NaN,2.083333333,0,-27.2128772735596,NaN,NaN,NaN,NaN,NaN,NaN,NaN,NaN,NaN,NaN,NaN
NaN,NaN,NaN,1.377777778,0,-40.9551048278809,NaN,NaN,NaN,NaN,NaN,NaN,NaN,NaN,NaN,NaN,NaN
NaN,NaN,NaN,NaN,0,-43.4503707885742,NaN,NaN,NaN,NaN,NaN,NaN,NaN,NaN,NaN,NaN,NaN
NaN,NaN,NaN,0.094444444,NaN,-55.4928741455078,NaN,NaN,NaN,NaN,NaN,NaN,NaN,NaN,NaN,NaN,NaN
NaN,NaN,NaN,NaN,NaN,-48.2015647888184,NaN,NaN,NaN,NaN,NaN,NaN,NaN,NaN,NaN,NaN,NaN
NaN,NaN,NaN,NaN,NaN,-27.8143615722656,NaN,NaN,NaN,NaN,NaN,NaN,NaN,NaN,NaN,NaN,NaN
NaN,NaN,NaN,NaN,NaN,-34.9518547058105,NaN,NaN,NaN,NaN,NaN,NaN,NaN,NaN,NaN,NaN,NaN
NaN,NaN,NaN,0.466666667,NaN,-28.2649593353271,NaN,NaN,NaN,NaN,NaN,NaN,NaN,NaN,NaN,NaN,NaN
NaN,NaN,NaN,0,0.7488888889,-19.6625442504883,NaN,NaN,NaN,NaN,NaN,NaN,NaN,NaN,NaN,NaN,NaN
NaN,NaN,NaN,0,0.7144444444,-13.5508394241333,NaN,NaN,NaN,NaN,NaN,NaN,NaN,NaN,NaN,NaN,NaN
NaN,NaN,NaN,0.29375,0.4116666667,NaN,NaN,NaN,NaN,NaN,NaN,NaN,NaN,NaN,NaN,NaN,NaN
NaN,NaN,NaN,0.3,0,-19.5264072418213,NaN,NaN,NaN,NaN,NaN,NaN,NaN,NaN,NaN,NaN,NaN
NaN,NaN,NaN,1.916666667,0,-40.520824432373,NaN,NaN,NaN,NaN,NaN,NaN,NaN,NaN,NaN,NaN,NaN
NaN,NaN,NaN,1.033333333,0,-38.2150726318359,NaN,NaN,NaN,NaN,NaN,NaN,NaN,NaN,NaN,NaN,NaN
NaN,NaN,NaN,0.7,0,-36.2407646179199,NaN,NaN,NaN,NaN,NaN,NaN,NaN,NaN,NaN,NaN,NaN
NaN,NaN,NaN,0.055555556,NaN,NaN,NaN,NaN,NaN,NaN,NaN,NaN,NaN,NaN,NaN,NaN,NaN
NaN,NaN,NaN,0.2,NaN,-22.039794921875,NaN,NaN,NaN,NaN,NaN,NaN,NaN,NaN,NaN,NaN,NaN
NaN,NaN,NaN,NaN,NaN,-19.1519470214844,NaN,NaN,NaN,NaN,NaN,NaN,NaN,NaN,NaN,NaN,NaN
NaN,NaN,NaN,NaN,NaN,8.58860969543457,NaN,NaN,NaN,NaN,NaN,NaN,NaN,NaN,NaN,NaN,NaN
NaN,NaN,NaN,0,NaN,9.22618103027344,NaN,NaN,NaN,NaN,NaN,NaN,NaN,NaN,NaN,NaN,NaN
NaN,NaN,NaN,0,0.74,NaN,NaN,NaN,NaN,NaN,NaN,NaN,NaN,NaN,NaN,NaN,NaN
NaN,NaN,NaN,0,0.8044444444,21.1048278808594,NaN,NaN,NaN,NaN,NaN,NaN,NaN,NaN,NaN,NaN,NaN
NaN,NaN,NaN,0.43,0,52.1598739624023,NaN,NaN,NaN,NaN,NaN,NaN,NaN,NaN,NaN,NaN,NaN
NaN,NaN,NaN,0.527777778,0,18.5878486633301,NaN,NaN,NaN,NaN,NaN,NaN,NaN,NaN,NaN,NaN,NaN
NaN,NaN,NaN,1.755555556,0,-7.08888530731201,NaN,NaN,NaN,NaN,NaN,NaN,NaN,NaN,NaN,NaN,NaN
NaN,NaN,NaN,1.355555556,0,NaN,NaN,NaN,NaN,NaN,NaN,NaN,NaN,NaN,NaN,NaN,NaN
NaN,NaN,NaN,0.366666667,0,NaN,NaN,NaN,NaN,NaN,NaN,NaN,NaN,NaN,NaN,NaN,NaN
NaN,NaN,NaN,0.083333333,NaN,-25.0221786499023,NaN,NaN,NaN,NaN,NaN,NaN,NaN,NaN,NaN,NaN,NaN
NaN,NaN,NaN,NaN,NaN,-8.23710823059082,NaN,NaN,NaN,NaN,NaN,NaN,NaN,NaN,NaN,NaN,NaN
NaN,NaN,NaN,NaN,NaN,8.39110851287842,NaN,NaN,NaN,NaN,NaN,NaN,NaN,NaN,NaN,NaN,NaN
NaN,NaN,NaN,NaN,NaN,6.12734508514404,NaN,0.0560439710709677,Inf,-9999,Inf,-9999,-9999,-9999,0.192659573019932,0.0063615399338042,0.0117226289665614
NaN,NaN,NaN,0,NaN,NaN,NaN,0.324445156714286,0.891387633392154,-9999,0.352999462675311,-9999,-9999,-9999,0.129725847987566,0.00340660240922626,0.00838437265478635
NaN,NaN,NaN,NaN,0.7522222222,35.3771896362305,NaN,0.557137557754839,0.878773259602792,-9999,0.178615003419682,-9999,-9999,-9999,0.0984017944944747,0.0031811031210509,0.00579802129624107
0.116627022832093,0.00125093504309959,0.112838043494126,0,0.7444444444,39.9578514099121,NaN,0.57935053224,1.71601026768,-0.049172263797842,0.0843900510456,0.106736215312739,0.00165904727399079,0.0823283295922459,0.0887948773775051,0.00189852519757769,0.0517263145928343
0.407048728848733,0.00181481612632668,0.461213670771921,0,0.7661111111,49.6979064941406,NaN,0.436187183272258,2.06544572825806,0.201004584708542,0.643889719974194,0.442885545615484,0.00233095837772903,0.403345005311024,0.395232944672464,0.00247535175630804,0.398815788481553
0.549245555588985,0.00855557830019635,1.31571375097388,0.711111111,0,59.9465560913086,NaN,0.6863364683712,1.5068736936,0.949654281816,1.5146246016,0.56497160592,0.0090101353248,1.21297715102055,0.618313600739169,0.00854408229638015,1.19736372986083
-2.90503309988167,0.0205943267749045,1.52396348034034,2.205555556,0,NaN,NaN,5.20613668892903,2.91914277909677,4.21679548376826,1.95643006141935,-2.26036614750968,0.0220218819329032,1.3423721867585,-2.26343894005201,0.0219582051470278,1.35438145596399
-2.09260779805145,0.029744875721373,1.60385255586725,1.861111111,0,-16.0088214874268,NaN,3.99764682371613,2.86385627612903,4.04078928064235,2.86957630451613,-1.17121125994839,0.0314964397393548,1.26167217779429,-1.14755607986553,0.0311370527958783,1.27662073505049
0.937328209485974,0.0192114644327177,0.617188828126297,0.508333333,0,-43.1227951049805,NaN,0.867708824184,1.4138807616,0.2662149774096,1.2574800648,0.991264573944,0.019741036032,0.432102014637668,1.02038120271859,0.021792294927433,0.46646072341267
0.706926684467988,0.0138360355800156,0.217246484326975,0.1,NaN,-40.4195022583008,NaN,0.125542005212903,0.830856597677419,0.0150626909615226,0.750769609470968,0.735707342299355,0.0130566583974194,0.162024196779314,0.724517997532847,0.0148456284373853,0.168154347968384
0.403413765022414,0.0163245121688291,0.0184063655085194,NaN,NaN,-24.3950176239014,NaN,0.037999751256,0.298897565035536,-0.163508435784,0.217711033293024,0.38121696936,0.01913036390856,0.0184927624656633,0.424623011615713,0.0136502821027254,0.0177878554022716
0.289572176310413,0.00463779686298936,0.0013213239991264,NaN,NaN,NaN,NaN,0.000561962113548387,0.0110143668828348,-0.0498087824400001,0.273335812345504,0.323144049762581,0.00452037281806452,-0.00136292729052299,0.28094380356299,0.00999438568487569,0.0089786793845536
0.196444008681229,0.00394072977523944,NaN,0.2625,NaN,-7.08358001708984,273.1691589,0.0143005925729032,0.057945749158165,-0.11544543960271,0.0691500803614486,0.184595442898065,0.00397819850632258,-0.0052692284454053,0.204312208556315,0.00509124831441884,0.00454609248924469
0.120273950667398,0.00406739281593996,NaN,0,NaN,3.11982989311218,273.1691589,0.117873552085714,0.0170599820669344,-0.0856262777893714,0.0487719316357562,0.134398261954286,0.00446804121985714,-0.00777419890856173,0.129302103593329,0.00370543247997778,-0.00116364318272072
0.0887663123510332,0.00272723615052789,0.00131303436730781,0,0.7561111111,11.0796070098877,273.1691589,0.291027774054194,2.39321032258065e+105,3.30807483870968e+113,3.30807483870968e+113,0.0841436218381935,0.00261346800936774,-0.00542600061860937,0.102764269006855,0.00338641142500599,0.00290597632247136
0.0730891055944457,0.00285894418994585,0.0546723000502474,0,0.7116666667,22.1659698486328,273.1691589,0.290352330288,0.20848048596,-0.019180288008,0.06264015066288,0.0818205330672,0.003165186888,0.0365526819404735,0.0785958032325932,0.00292016503044781,0.0391136404084821
0.132760409679159,0.00250407120013198,0.15318691050515,0,0.7988888889,20.2904224395752,273.1691589,0.23211692612129,0.330125289677419,0.0364145262433548,0.279749486787097,0.243334778609032,0.00266979979507355,0.137530128965455,0.393614258006836,0.0030944075572116,0.168612702684467
0.196402420653608,0.0103273861072424,1.38004116621364,0.65,0,NaN,273.1691589,1.4401382326344,1.2201419376,0.813705642432,1.4026107888,0.588905441064,0.0105168648096,1.31287652437735,0.638668181715313,0.0104804850031908,1.31536198769422
-2.47547115599605,0.0216761107735057,1.9801368466238,1.933333333,0,-19.805534362793,273.1691589,5.14113837514839,3.18235621935484,5.03491142382271,3.02011186064516,-2.01480045136258,0.0222890183303226,1.74134141508568,-2.00440791311738,0.0228456290935781,1.74065461963176
-1.03863987504224,0.0244563330390762,1.23908804585183,1.538888889,0,-15.9911022186279,273.1691589,3.07296678597677,2.35872419458064,3.02264757432,2.33499936774194,-0.687647722529032,0.0253322502735484,1.02000995739173,-0.71431724432698,0.0261803758199956,1.03522234701923
1.28722714889884,0.016879732701833,0.430382612796874,0.494444444,0,-42.1165504455566,273.1691589,0.378614791224,1.3390817688,0.1406844336528,1.4039016768,1.26321718752,0.017751550752,0.336271923204126,1.28383397163966,0.0181484564884471,0.391060703994487
0.661258032213429,0.0162459783174417,0.0629025528530858,0,NaN,NaN,273.1691589,0.0451728550707097,0.675344946425806,-0.11058277917809,0.535642835458064,0.646225427612903,0.0157433455091613,0.0508251381159022,0.652313403098418,0.0171998265092216,0.0732336141937773
0.341727523083984,0.0104133513753609,0.000398968512946395,0.288888889,NaN,NaN,273.1691589,0.017656336296,1.55104078265554,-0.1512965131344,0.202043114422502,0.353339969904,0.01105590514896,-0.00052438262078284,0.392658731663114,0.0110500820465765,0.00408763188480738
0.174341986110945,0.00651906474819153,NaN,NaN,NaN,-19.4053344726562,273.1691589,0.000257074699354839,Inf,Inf,Inf,0.266961336749419,0.00791260050425806,-0.000683147808512552,0.304668012203164,0.012662621425102,0.00398661575071286
0.248611169150199,0.00364199222411963,0.00348875338201677,NaN,NaN,9.99880695343018,NaN,0.00066152912516129,Inf,Inf,Inf,0.242352459870968,0.00306095538425806,0.00581531575995193,0.225860278491515,0.00521505963692508,0.00806584931983376
0.158699430833029,0.00261741067555173,0.00327848982728526,NaN,NaN,30.0226173400879,NaN,0.00258446733517241,Inf,Inf,Inf,0.184945399974621,0.0040645543094069,0.00364705520366092,0.156359685138673,0.00413844882179796,0.00355592298507445
0.0908109397770714,0.00211116661764757,0.0287243254547516,0,0.7038888889,28.6386661529541,NaN,0.0102254744206452,0.364957459219059,0.0459111917334194,0.140282944427553,0.0943719179713549,0.00251738803033548,0.0236326203499409,0.112866486735512,0.00286154895715228,0.0188096454677161
0.0860401064601376,0.00172190696749398,0.0648217197832416,0,0.7588888889,NaN,NaN,0.047494384056,0.506091135096,0.1621867222296,0.227174870808,0.0649883783448,0.002813050192824,0.0402159110471342,0.0969553220965438,0.00229795333398308,0.0454512078134455
0.743442833802269,0.0041000319342079,0.537263247566699,0.38,0.8366666667,34.685489654541,NaN,0.091899205964129,1.15886077780645,0.286138997154581,0.938336236954839,0.652197558149419,0.00394654740619355,0.446516787477341,0.678716000083023,0.00408345324959511,0.439278471741403
-0.718815614121307,0.00893680286282185,NaN,1.061111111,0,2.62353849411011,NaN,5.702855684616,3.2045131728,4.074674322312,2.551839624,-1.52283502728,0.0091351165464,1.20215841558172,-1.95970184881562,0.0108504113023473,1.60863790532326
-2.74020760060933,0.0219747939113412,1.83134296344711,2.066666667,0,0.0719334706664085,NaN,5.42763362485161,3.04054566967742,5.02256756830297,2.94006476903226,-2.08250468012903,0.0201568130500645,1.48311248540168,-2.34104292332353,0.021912976222575,1.47482847592564
-0.99017435469574,0.0248357848609077,1.43993192269448,1.222222222,0,-29.7076377868652,NaN,3.42881554505806,3.12474010064516,3.17554305586839,2.67255065032258,-0.502990769729032,0.0256288101212903,1.17243038783304,-0.496530949198001,0.0265622354252484,1.17803983334758
1.35817354124829,0.0217238945918472,0.517382214843069,0.316666667,0,NaN,NaN,0.27088045236,1.687952664,0.3167266362264,1.6767381816,1.36001251152,0.021960620064,0.353196943412939,1.35247791880448,0.0222137188524324,0.377653092480034
0.78084524270062,0.0138436362322292,0.09655834101891,NaN,NaN,NaN,NaN,0.0563410553806452,1.6419698756129,-0.0282303501932903,0.736236020903226,0.764466231483871,0.0134789832696774,0.0688128212713883,0.763389071266893,0.0155302781698895,0.0830593431140479
0.430294568986867,0.0190774635749649,0.00512526663128618,NaN,NaN,33.8064804077148,NaN,0.0091429668,0.706253280768,-0.06837631938,0.3677686201008,0.43614483624,0.013226758488,0.00834752150099903,0.425937592107547,0.0136368110963934,0.0109132769047948
0.245119106296361,0.0101152429936436,0.0235858579355933,NaN,NaN,56.8954620361328,NaN,0.000623057574193548,0.464515575654447,-0.16371835510529,0.168304074756365,0.332022387019355,0.00929803913303226,0.017796909432115,0.351911560460799,0.00917762730554146,0.0186276129655421
NaN,NaN,NaN,0.24,NaN,60.8925285339355,NaN,NaN,NaN,NaN,NaN,NaN,NaN,NaN,NaN,NaN,NaN
NaN,NaN,NaN,0,NaN,NaN,NaN,NaN,NaN,NaN,NaN,NaN,NaN,NaN,NaN,NaN,NaN
NaN,NaN,NaN,0,0.7488888889,94.7085113525391,NaN,NaN,NaN,NaN,NaN,NaN,NaN,NaN,NaN,NaN,NaN
NaN,NaN,NaN,0,0.7461111111,101.425468444824,NaN,NaN,NaN,NaN,NaN,NaN,NaN,NaN,NaN,NaN,NaN
NaN,NaN,NaN,0.1,0.5338888889,107.760475158691,NaN,NaN,NaN,NaN,NaN,NaN,NaN,NaN,NaN,NaN,NaN
NaN,NaN,NaN,1.011111111,0,80.168083190918,NaN,NaN,NaN,NaN,NaN,NaN,NaN,NaN,NaN,NaN,NaN
NaN,NaN,NaN,2.122222222,0,NaN,NaN,NaN,NaN,NaN,NaN,NaN,NaN,NaN,NaN,NaN,NaN
NaN,NaN,NaN,1.355555556,0,NaN,NaN,NaN,NaN,NaN,NaN,NaN,NaN,NaN,NaN,NaN,NaN
NaN,NaN,NaN,0.66,0,NaN,NaN,NaN,NaN,NaN,NaN,NaN,NaN,NaN,NaN,NaN,NaN
NaN,NaN,NaN,0,NaN,NaN,NaN,NaN,NaN,NaN,NaN,NaN,NaN,NaN,NaN,NaN,NaN
NaN,NaN,NaN,NaN,NaN,NaN,NaN,NaN,NaN,NaN,NaN,NaN,NaN,NaN,NaN,NaN,NaN
NaN,NaN,NaN,NaN,NaN,NaN,NaN,NaN,NaN,NaN,NaN,NaN,NaN,NaN,NaN,NaN,NaN
NaN,NaN,NaN,NaN,NaN,NaN,NaN,NaN,NaN,NaN,NaN,NaN,NaN,NaN,NaN,NaN,NaN
NaN,NaN,NaN,0,NaN,NaN,NaN,NaN,NaN,NaN,NaN,NaN,NaN,NaN,NaN,NaN,NaN
NaN,NaN,NaN,0,0.6761111111,NaN,NaN,NaN,NaN,NaN,NaN,NaN,NaN,NaN,NaN,NaN,NaN
NaN,NaN,NaN,0,0.8033333333,NaN,NaN,NaN,NaN,NaN,NaN,NaN,NaN,NaN,NaN,NaN,NaN
NaN,NaN,NaN,0.1,0.8244444444,NaN,NaN,NaN,NaN,NaN,NaN,NaN,NaN,NaN,NaN,NaN,NaN
NaN,NaN,NaN,0.488888889,0,63.7832412719727,NaN,NaN,NaN,NaN,NaN,NaN,NaN,NaN,NaN,NaN,NaN
NaN,NaN,NaN,1.625,0,-16.7885227203369,NaN,NaN,NaN,NaN,NaN,NaN,NaN,NaN,NaN,NaN,NaN
NaN,NaN,NaN,1.822222222,0,NaN,NaN,NaN,NaN,NaN,NaN,NaN,NaN,NaN,NaN,NaN,NaN
NaN,NaN,NaN,0.427777778,0,NaN,NaN,NaN,NaN,NaN,NaN,NaN,NaN,NaN,NaN,NaN,NaN
NaN,NaN,NaN,0,NaN,-42.8353118896484,NaN,NaN,NaN,NaN,NaN,NaN,NaN,NaN,NaN,NaN,NaN
NaN,NaN,NaN,0.1,NaN,-49.4028434753418,NaN,NaN,NaN,NaN,NaN,NaN,NaN,NaN,NaN,NaN,NaN
NaN,NaN,NaN,NaN,NaN,-33.9302101135254,NaN,NaN,NaN,NaN,NaN,NaN,NaN,NaN,NaN,NaN,NaN
NaN,NaN,NaN,0,NaN,-24.6542186737061,NaN,NaN,NaN,NaN,NaN,NaN,NaN,NaN,NaN,NaN,NaN
NaN,NaN,NaN,0.2,NaN,-27.3671932220459,NaN,NaN,NaN,NaN,NaN,NaN,NaN,NaN,NaN,NaN,NaN
NaN,NaN,NaN,0,0.6777777778,-12.9920234680176,NaN,NaN,NaN,NaN,NaN,NaN,NaN,NaN,NaN,NaN,NaN
NaN,NaN,NaN,0,0.7872222222,4.5984354019165,NaN,NaN,NaN,NaN,NaN,NaN,NaN,NaN,NaN,NaN,NaN
NaN,NaN,NaN,0.3,0.8227777778,17.3863964080811,NaN,NaN,NaN,NaN,NaN,NaN,NaN,NaN,NaN,NaN,NaN
NaN,NaN,NaN,1.777777778,0,-20.4082679748535,NaN,NaN,NaN,NaN,NaN,NaN,NaN,NaN,NaN,NaN,NaN
NaN,NaN,NaN,2.133333333,0,-72.2578964233398,NaN,NaN,NaN,NaN,NaN,NaN,NaN,NaN,NaN,NaN,NaN
NaN,NaN,NaN,1.511111111,0,-72.4779891967773,NaN,NaN,NaN,NaN,NaN,NaN,NaN,NaN,NaN,NaN,NaN
NaN,NaN,NaN,0.53,0,-72.5381164550781,NaN,NaN,NaN,NaN,NaN,NaN,NaN,NaN,NaN,NaN,NaN
NaN,NaN,NaN,0.1,NaN,-69.5361862182617,NaN,NaN,NaN,NaN,NaN,NaN,NaN,NaN,NaN,NaN,NaN
NaN,NaN,NaN,NaN,NaN,-65.9704360961914,NaN,NaN,NaN,NaN,NaN,NaN,NaN,NaN,NaN,NaN,NaN
NaN,NaN,NaN,NaN,NaN,-52.126838684082,NaN,NaN,NaN,NaN,NaN,NaN,NaN,NaN,NaN,NaN,NaN
