NBE,CH4,ET,LAI,SCF,EWT,ABGB,GPP_DT,ER_DT,GPP_NT,ER_NT,NBE_F,CH4_F,ET_F,NBE_ANN,CH4_ANN,ET_ANN
NaN,NaN,NaN,NaN,NaN,-29.6623191833496,NaN,NaN,NaN,NaN,NaN,NaN,NaN,NaN,NaN,NaN,NaN
NaN,NaN,NaN,0,NaN,-4.36242961883545,NaN,NaN,NaN,NaN,NaN,NaN,NaN,NaN,NaN,NaN,NaN
NaN,NaN,NaN,0,0.7833333333,13.425217628479,NaN,NaN,NaN,NaN,NaN,NaN,NaN,NaN,NaN,NaN,NaN
NaN,NaN,NaN,0,0.7727777778,10.4752235412598,NaN,NaN,NaN,NaN,NaN,NaN,NaN,NaN,NaN,NaN,NaN
NaN,NaN,NaN,0,0.78,4.39879322052002,NaN,NaN,NaN,NaN,NaN,NaN,NaN,NaN,NaN,NaN,NaN
NaN,NaN,NaN,0.62,0.3588888889,NaN,NaN,NaN,NaN,NaN,NaN,NaN,NaN,NaN,NaN,NaN,NaN
NaN,NaN,NaN,1.244444444,0,19.3737773895264,NaN,NaN,NaN,NaN,NaN,NaN,NaN,NaN,NaN,NaN,NaN
NaN,NaN,NaN,1.4,0,-44.6187362670898,NaN,NaN,NaN,NaN,NaN,NaN,NaN,NaN,NaN,NaN,NaN
NaN,NaN,NaN,1.066666667,0.1411111111,-54.6594657897949,NaN,NaN,NaN,NaN,NaN,NaN,NaN,NaN,NaN,NaN,NaN
NaN,NaN,NaN,0.1,NaN,-52.8456687927246,NaN,NaN,NaN,NaN,NaN,NaN,NaN,NaN,NaN,NaN,NaN
NaN,NaN,NaN,NaN,NaN,-44.1963500976562,NaN,NaN,NaN,NaN,NaN,NaN,NaN,NaN,NaN,NaN,NaN
NaN,NaN,NaN,NaN,NaN,-29.7357082366943,NaN,NaN,NaN,NaN,NaN,NaN,NaN,NaN,NaN,NaN,NaN
NaN,NaN,NaN,NaN,NaN,-20.281421661377,NaN,NaN,NaN,NaN,NaN,NaN,NaN,NaN,NaN,NaN,NaN
NaN,NaN,NaN,0.194444444,NaN,9.39865016937256,NaN,NaN,NaN,NaN,NaN,NaN,NaN,NaN,NaN,NaN,NaN
NaN,NaN,NaN,0,0.6861111111,-8.06051063537598,NaN,NaN,NaN,NaN,NaN,NaN,NaN,NaN,NaN,NaN,NaN
NaN,NaN,NaN,NaN,0.7183333333,4.95805406570435,NaN,NaN,NaN,NaN,NaN,NaN,NaN,NaN,NaN,NaN,NaN
NaN,NaN,NaN,0,0.8338888889,8.96980571746826,NaN,NaN,NaN,NaN,NaN,NaN,NaN,NaN,NaN,NaN,NaN
NaN,NaN,NaN,0.522222222,0,49.125358581543,NaN,NaN,NaN,NaN,NaN,NaN,NaN,NaN,NaN,NaN,NaN
NaN,NaN,NaN,1.25,0,17.0558567047119,NaN,NaN,NaN,NaN,NaN,NaN,NaN,NaN,NaN,NaN,NaN
NaN,NaN,NaN,1.25,0,-20.7742805480957,NaN,NaN,NaN,NaN,NaN,NaN,NaN,NaN,NaN,NaN,NaN
NaN,NaN,NaN,0.7,0,-37.2642936706543,NaN,NaN,NaN,NaN,NaN,NaN,NaN,NaN,NaN,NaN,NaN
NaN,NaN,NaN,0,NaN,-11.7798862457275,NaN,NaN,NaN,NaN,NaN,NaN,NaN,NaN,NaN,NaN,NaN
NaN,NaN,NaN,NaN,NaN,6.94141006469727,NaN,NaN,NaN,NaN,NaN,NaN,NaN,NaN,NaN,NaN,NaN
NaN,NaN,NaN,NaN,NaN,29.4311561584473,NaN,NaN,NaN,NaN,NaN,NaN,NaN,NaN,NaN,NaN,NaN
NaN,NaN,NaN,NaN,NaN,26.4165668487549,NaN,NaN,NaN,NaN,NaN,NaN,NaN,NaN,NaN,NaN,NaN
NaN,NaN,NaN,0.4,NaN,22.2869911193848,NaN,NaN,NaN,NaN,NaN,NaN,NaN,NaN,NaN,NaN,NaN
NaN,NaN,NaN,0,0.6644444444,25.9308776855469,NaN,NaN,NaN,NaN,NaN,NaN,NaN,NaN,NaN,NaN,NaN
NaN,NaN,NaN,0,0.7722222222,56.2711029052734,NaN,NaN,NaN,NaN,NaN,NaN,NaN,NaN,NaN,NaN,NaN
NaN,NaN,NaN,0,0.7888888889,62.1240043640137,NaN,NaN,NaN,NaN,NaN,NaN,NaN,NaN,NaN,NaN,NaN
NaN,NaN,NaN,0.666666667,0,29.4409103393555,NaN,NaN,NaN,NaN,NaN,NaN,NaN,NaN,NaN,NaN,NaN
NaN,NaN,NaN,1.455555556,0,-6.49776220321655,NaN,NaN,NaN,NaN,NaN,NaN,NaN,NaN,NaN,NaN,NaN
NaN,NaN,NaN,0.933333333,0,5.20798444747925,NaN,NaN,NaN,NaN,NaN,NaN,NaN,NaN,NaN,NaN,NaN
NaN,NaN,NaN,0.758333333,0,21.0588874816895,NaN,NaN,NaN,NaN,NaN,NaN,NaN,NaN,NaN,NaN,NaN
NaN,NaN,NaN,0.255555556,NaN,16.3226661682129,NaN,NaN,NaN,NaN,NaN,NaN,NaN,NaN,NaN,NaN,NaN
NaN,NaN,NaN,NaN,NaN,7.57521915435791,NaN,NaN,NaN,NaN,NaN,NaN,NaN,NaN,NaN,NaN,NaN
NaN,NaN,NaN,NaN,NaN,-9.53927803039551,NaN,NaN,NaN,NaN,NaN,NaN,NaN,NaN,NaN,NaN,NaN
NaN,NaN,NaN,NaN,NaN,-23.3432006835938,NaN,NaN,NaN,NaN,NaN,NaN,NaN,NaN,NaN,NaN,NaN
NaN,NaN,NaN,0,NaN,-31.2852821350098,NaN,NaN,NaN,NaN,NaN,NaN,NaN,NaN,NaN,NaN,NaN
NaN,NaN,NaN,NaN,0.6705555556,22.1405258178711,NaN,NaN,NaN,NaN,NaN,NaN,NaN,NaN,NaN,NaN,NaN
NaN,NaN,NaN,NaN,0.7233333333,29.6556930541992,NaN,NaN,NaN,NaN,NaN,NaN,NaN,NaN,NaN,NaN,NaN
NaN,NaN,NaN,0,0.7961111111,25.9394435882568,NaN,NaN,NaN,NaN,NaN,NaN,NaN,NaN,NaN,NaN,NaN
NaN,NaN,NaN,0.827777778,0,51.7488098144531,NaN,NaN,NaN,NaN,NaN,NaN,NaN,NaN,NaN,NaN,NaN
NaN,NaN,NaN,1.088888889,0,16.1160621643066,NaN,NaN,NaN,NaN,NaN,NaN,NaN,NaN,NaN,NaN,NaN
NaN,NaN,NaN,1.122222222,0,14.7933301925659,NaN,NaN,NaN,NaN,NaN,NaN,NaN,NaN,NaN,NaN,NaN
NaN,NaN,NaN,0.361111111,0.6244444444,28.7791709899902,NaN,NaN,NaN,NaN,NaN,NaN,NaN,NaN,NaN,NaN,NaN
NaN,NaN,NaN,0.1,NaN,6.26993274688721,NaN,NaN,NaN,NaN,NaN,NaN,NaN,NaN,NaN,NaN,NaN
NaN,NaN,NaN,0.2,NaN,21.1277160644531,NaN,NaN,NaN,NaN,NaN,NaN,NaN,NaN,NaN,NaN,NaN
NaN,NaN,NaN,NaN,NaN,38.7900161743164,NaN,NaN,NaN,NaN,NaN,NaN,NaN,NaN,NaN,NaN,NaN
NaN,NaN,NaN,NaN,NaN,56.4017906188965,NaN,NaN,NaN,NaN,NaN,NaN,NaN,NaN,NaN,NaN,NaN
NaN,NaN,NaN,0.411111111,NaN,77.4331817626953,NaN,NaN,NaN,NaN,NaN,NaN,NaN,NaN,NaN,NaN,NaN
NaN,NaN,NaN,0,0.7333333333,81.4286956787109,NaN,NaN,NaN,NaN,NaN,NaN,NaN,NaN,NaN,NaN,NaN
NaN,NaN,NaN,0,0.8055555556,74.0966796875,NaN,NaN,NaN,NaN,NaN,NaN,NaN,NaN,NaN,NaN,NaN
NaN,NaN,NaN,0,0.84,76.4768142700195,NaN,NaN,NaN,NaN,NaN,NaN,NaN,NaN,NaN,NaN,NaN
NaN,NaN,NaN,0.891666667,0,65.406852722168,NaN,NaN,NaN,NaN,NaN,NaN,NaN,NaN,NaN,NaN,NaN
NaN,NaN,NaN,1.544444444,0,26.769645690918,NaN,NaN,NaN,NaN,NaN,NaN,NaN,NaN,NaN,NaN,NaN
NaN,NaN,NaN,1.116666667,0,18.3948307037354,NaN,NaN,NaN,NaN,NaN,NaN,NaN,NaN,NaN,NaN,NaN
NaN,NaN,NaN,0.644444444,0,17.7096900939941,NaN,NaN,NaN,NaN,NaN,NaN,NaN,NaN,NaN,NaN,NaN
NaN,NaN,NaN,NaN,NaN,0.347860425710678,NaN,NaN,NaN,NaN,NaN,NaN,NaN,NaN,NaN,NaN,NaN
NaN,NaN,NaN,NaN,NaN,-30.2154521942139,NaN,NaN,NaN,NaN,NaN,NaN,NaN,NaN,NaN,NaN,NaN
NaN,NaN,NaN,NaN,NaN,7.0770845413208,NaN,NaN,NaN,NaN,NaN,NaN,NaN,NaN,NaN,NaN,NaN
NaN,NaN,NaN,NaN,NaN,14.6783561706543,NaN,0.0112495761290323,0.00226363576566209,-9999,0.000261725489222308,-9999,-9999,-9999,-0.0679432741710729,0.110084232878142,-0.1737571370998
NaN,NaN,NaN,0,NaN,-5.6731014251709,NaN,0.305128828998621,0.00288831465004659,-9999,0.000480504626618127,-9999,-9999,-9999,-0.126667129329443,0.0794486710476802,-0.128624793522897
NaN,NaN,NaN,0,0.7511111111,16.3805541992188,NaN,0.834550068077419,0.0844327057302653,-9999,0.0231178166435457,-9999,-9999,-9999,-0.114485590958988,0.0400220530016399,-0.0340286310554425
NaN,NaN,NaN,NaN,0.73,32.7337684631348,NaN,1.3537390020984,0.119933485344,-9999,0.0375295307616,-9999,-9999,-9999,-0.0595989531775976,0.00770625934670822,0.0507445212325119
-0.0809671084652737,NaN,0.199917672570778,0.1,0.7844444444,27.7429294586182,NaN,1.79836124602065,0.475307926141935,0.250063070203101,0.161142257729032,-0.0883635617680941,-9999,0.190632515881759,-0.0469107567665952,-0.0151002803499237,0.181977586793181
-0.00103883457726132,NaN,1.30874601078266,0.866666667,0,52.3092727661133,NaN,1.71099961344,0.5206768128,0.6199208850528,0.662192424,0.042272095536,-9999,1.21645020874683,0.053227419522738,-0.00933670274203155,1.20938309832238
-1.9313813422055,0.0242700294831355,1.70608816798908,1.255555556,0,-9.6318416595459,NaN,3.56547298881832,1.89786904722581,3.49931911870452,1.7183466116129,-1.78097188772903,0.0245734048493617,1.67463414941674,-1.84910175893949,0.0169563999904369,1.75204106440893
-2.60222139547942,NaN,1.93405629930918,1.561111111,0,-56.5993347167969,NaN,4.14215307632439,2.4123142683871,4.38361470726736,2.63315029935484,-1.75046130627097,-9999,1.51356659198011,-1.74100621507274,0.052361389314738,1.58431637758892
-0.0414339518580021,NaN,0.740566555080025,0.8625,0.01166666667,-70.0142974853516,NaN,0.899345559312,1.1204389404,0.672214886549014,1.0181260008,0.357888431333501,-9999,0.463293220896653,0.442538710928119,0.0613319098577855,0.529343754002413
NaN,NaN,NaN,0.25,NaN,-63.0009613037109,NaN,0.286778753187097,0.177020849032258,-9999,0.267173217754839,-9999,-9999,-9999,0.188950725149508,0.0668381767656848,0.0458651589875031
NaN,NaN,NaN,NaN,NaN,-59.1748046875,NaN,0.047900617704,0.00865312539413285,-9999,0.0197940704636242,-9999,-9999,-9999,0.0511980363839818,0.0845373807018604,-0.109744539744898
NaN,NaN,NaN,NaN,NaN,-83.3128967285156,NaN,0,0.00146267193263688,-9999,0.00369038120502277,-9999,-9999,-9999,-0.118269039995156,0.105104045600425,-0.160735162039681
NaN,NaN,NaN,NaN,NaN,-67.0180816650391,NaN,0.00907546826322581,0.000309178848592812,-9999,0.000884602130495261,-9999,-9999,-9999,-0.0694268123309998,0.0881397585056267,-0.157473645774481
NaN,NaN,NaN,0.311111111,NaN,-85.5634231567383,NaN,0.143616252342857,Inf,-9999,Inf,-9999,-9999,-9999,-0.106301316848258,0.0556593079278337,-0.131598509781465
NaN,NaN,NaN,NaN,0.6938888889,-75.4739837646484,NaN,0.268388456469677,0.0225272619696604,-9999,0.0273928225225983,-9999,-9999,-9999,-0.122224026704719,0.023699662666766,-0.0378951707543996
NaN,NaN,NaN,0,0.7561111111,-67.2640686035156,NaN,0.3626306798616,0.06781710967632,-9999,0.0696419513244,-9999,-9999,-9999,-0.0657127981441132,0.000509437545552321,0.0559756877133532
0.104530030650341,NaN,0.203421708078427,0,0.7822222222,-32.839111328125,NaN,0.414345126377032,0.228953518188387,0.262130631192,0.397373901073548,0.135243560833548,-9999,0.174169417189492,0.0971243113308908,-0.0103017292203172,0.177063901603957
0.109891987102368,NaN,1.44334902667025,1,0,-17.3088092803955,NaN,0.57166210904976,0.6966546408,0.9568482553368,1.0972304208,0.1403825083992,-9999,1.35630130210336,0.144370500399808,-0.00710846989754898,1.33989988637948
-3.11452034229712,0.018553515562192,1.624669163172,1.433333333,0,-76.5154266357422,NaN,3.98651490836129,1.37507518219355,3.53777234269935,1.03790428258065,-2.49986746096258,0.0184798719466667,1.37989561759486,-2.48138487325299,0.016298032989199,1.43156963661013
-2.01768464658031,NaN,1.73440746354707,1.377777778,0,-70.6584548950195,NaN,2.53106539654761,1.1453876036129,2.95567575466064,1.79242701677419,-1.16325147155458,-9999,1.35537836295847,-1.14487882644733,0.0402362145205987,1.37692356547
0.291823388426697,NaN,0.759129480259812,0.68,0,-65.1462249755859,NaN,0.3568303888128,0.64816836768,0.370251860472,0.960268536,0.590016934296,-9999,0.373650741566782,0.661075865908605,0.0525290356121049,0.533434808934526
NaN,NaN,NaN,0,NaN,-67.5853729248047,NaN,0.129242409073548,0.112504621192258,-9999,0.356603969984516,-9999,-9999,-9999,0.252241954390859,0.0465558334646359,0.0355308670364068
NaN,NaN,NaN,NaN,NaN,-62.7990036010742,NaN,0.0063745129512,0.00500222662221342,-9999,0.0323613240806966,-9999,-9999,-9999,0.0885878120499324,0.0756124445056941,-0.12294975856641
NaN,NaN,NaN,NaN,NaN,-64.6436386108398,NaN,0,0.000189882353273744,-9999,0.00323541610539257,-9999,-9999,-9999,-0.101525598967645,0.0841016611703957,-0.14308470965536
NaN,NaN,NaN,NaN,NaN,-66.8744506835938,NaN,0.00243850423354839,0.000337167996064711,-9999,0.00233732712534924,-9999,-9999,-9999,-0.0424196364100223,0.0933201797866452,-0.105704147406445
NaN,NaN,NaN,0.3,NaN,-48.2678260803223,NaN,0.107688475234286,1.95895489900323e-05,-9999,0.000282002773126474,-9999,-9999,-9999,-0.0924256152118341,0.0404355880939768,-0.121336995304093
NaN,NaN,NaN,NaN,0.725,-57.8681221008301,NaN,0.531884144972903,0.00163609068830051,-9999,0.00641627736522396,-9999,-9999,-9999,-0.108252314461441,0.0300705443034197,-0.0424686151449927
NaN,NaN,NaN,0,0.7694444444,-28.0426597595215,NaN,1.130637495816,0.0521752742032032,-9999,0.079839188890992,-9999,-9999,-9999,-0.0512024012539185,0.00679121160683148,0.0474478913731029
0.0547031744839297,NaN,0.152598728484367,0.1,0.8366666667,-29.5779685974121,NaN,1.97610093559742,0.218775562304516,0.259087977411097,0.342381714270968,0.0824421486797419,-9999,0.113687036734187,0.0498660608759303,-0.00850499855983033,0.145666409956104
0.376711646902128,NaN,1.41675916427097,1.011111111,0,-33.2626495361328,NaN,1.647130734,0.649539972,0.6620625878544,1.0331664984,0.3711050378856,-9999,1.19133948622889,0.310632255467132,-0.00154950697084852,1.2202133427473
-2.49507770129928,NaN,2.5661357716961,1.411111111,0,-58.4565048217773,NaN,3.69374163816774,1.81439413316129,4.21985345188645,2.361196872,-1.85865867916258,-9999,2.24940408636858,-1.77364381108148,0.0204109670335801,2.2101101378009
-2.30590716771359,NaN,1.87890162584371,1.338888889,0,-76.6229553222656,NaN,3.40815847636335,2.6235201888,2.74565015967019,1.48361517522581,-1.26203390029161,-9999,1.29512519042464,-1.00728477324177,0.0421330521960726,1.30828629233263
NaN,NaN,NaN,0.6,0,-66.6496200561523,NaN,1.22270324292,2.293426584,-9999,0.8771724144,-9999,-9999,-9999,0.728721228916553,0.0458480196008203,0.530362049842466
NaN,NaN,NaN,NaN,NaN,-95.4855728149414,NaN,0.604258920487742,1.26134290451613,-9999,0.282793834683871,-9999,-9999,-9999,0.287020688776221,0.0409199343539932,0.0337302112398724
NaN,NaN,NaN,0.2,NaN,-85.7099456787109,NaN,0.06331352616,0.444095499528,-9999,0.0440501501374632,-9999,-9999,-9999,0.18657056575481,0.0651416133937729,-0.119261628435682
NaN,NaN,NaN,NaN,NaN,-60.7881469726562,NaN,0,0.14926143592008,-9999,0.0149911588909508,-9999,-9999,-9999,-0.0943981839032697,0.0737634325108834,-0.123782547511257
NaN,NaN,NaN,NaN,NaN,NaN,NaN,0.00938787909677419,0.0987927396913839,-9999,0.00968201065949446,-9999,-9999,-9999,-0.0558116585698016,0.0768560059955935,-0.0673741784934652
NaN,NaN,NaN,0,NaN,-42.5700073242188,NaN,0.3218756886,0.0235966531538965,-9999,0.000566957067414228,-9999,-9999,-9999,-0.0985909655733368,0.0524095063662874,-0.101451569052508
NaN,NaN,NaN,0,0.7355555556,-40.8272895812988,NaN,0.721459252567742,0.362033985623226,-9999,0.0811429643284002,-9999,-9999,-9999,-0.132390054899565,0.0249209529430031,-0.0274710167903627
NaN,NaN,NaN,0,0.7883333333,-16.9907493591309,NaN,1.04659547904,0.8720648136,-9999,0.411432935832,-9999,-9999,-9999,-0.0536889178239276,0.0022579873694574,0.0228987275584607
-0.0864865420238994,NaN,0.139847472560006,0.266666667,0.8016666667,-16.3747825622559,NaN,1.17767912632258,0.947576043870968,0.903342224688,0.557574536206452,-0.0764698539504,-9999,0.113015172136474,-0.0323933775670815,-0.00323529558166077,0.109847099267478
-0.0127871618917848,NaN,1.59456986277306,1.35,0,NaN,NaN,1.91799359424,1.8918258912,1.95496210584,1.9669350528,0.0119731322591999,-9999,1.41597698510844,0.0585987328315541,0.00423226671510729,1.42475603425286
-2.30878233215936,NaN,2.0489270883141,1.588888889,0,-44.6382865905762,NaN,4.38821420290606,2.89663622709677,5.07530443610323,2.95911603870968,-2.11619617666839,-9999,1.91462066219121,-2.21840361958256,0.0265675296901222,1.90054739159188
-2.54213282697085,NaN,1.54504128655503,1.366666667,0,-63.4026565551758,NaN,3.79108679163097,2.77987512774194,3.93091242532364,2.07659828903226,-1.54000430391273,-9999,1.39639086538865,-1.01672318847509,0.0344127284361938,1.2383776050748
NaN,NaN,NaN,0.625,0,-69.1509704589844,NaN,2.454275746872,2.251190592,-9999,1.3413066192,-9999,-9999,-9999,0.641288054312674,0.0421697825490142,0.63910764931303
NaN,NaN,NaN,0.133333333,NaN,-73.4791412353516,NaN,1.13752144341523,1.09001987767742,-9999,0.424081218565161,-9999,-9999,-9999,0.326947601021566,0.0443552668545749,0.0502423063436009
NaN,NaN,NaN,NaN,NaN,-59.8585472106934,NaN,0.147306546792,0.126032286710808,-9999,0.0170815899153483,-9999,-9999,-9999,0.107799845173989,0.0488270959538432,-0.0730776820628943
NaN,NaN,NaN,NaN,NaN,-28.0445709228516,NaN,0.0012671762283871,0.0618858799707286,-9999,0.00809397824179468,-9999,-9999,-9999,-0.0956638753964402,0.0617140353701216,-0.0874905248104026
NaN,NaN,NaN,NaN,NaN,-48.0095252990723,NaN,0.012831576092129,0.061428643189481,-9999,0.00991164256534002,-9999,-9999,-9999,-0.0565705711946742,0.0610008727970618,-0.0467526148685046
NaN,NaN,NaN,0,NaN,-28.8404560089111,NaN,0.479964344966069,3.82960551724138e+220,-9999,3.22964689655173e+303,-9999,-9999,-9999,-0.146773288437072,0.0337817818041656,-0.0743178682707968
NaN,NaN,NaN,0,0.6794444444,-57.4946174621582,NaN,1.4793072435151,0.0300427846805447,-9999,0.00371587084892385,-9999,-9999,-9999,-0.108503690564778,0.0162720468207305,-0.0428436041347402
NaN,NaN,NaN,0,0.7422222222,-54.6665725708008,NaN,2.8372449582216,0.344609175312,-9999,0.15232865127264,-9999,-9999,-9999,-0.0469420012393188,0.00354657243169758,0.0301212658022267
NaN,NaN,NaN,0.3,0.6911111111,NaN,NaN,3.39097505634581,1.45272875063226,2.02235973775432,1.16706705656516,-0.855291006882581,-9999,0.625713756492247,0.12500062720881,-0.00173086280691938,0.207232701079612
NaN,NaN,NaN,1.033333333,0,-13.3571071624756,NaN,4.111057512,2.682049968,3.952167375312,2.348568432,-1.603599103368,-9999,1.37826406794704,-0.0662677379374532,0.00570341582665927,1.4753387179886
-3.15730122828194,0.031345688348474,1.89913382732529,1.575,0,-68.6132965087891,NaN,4.93767960967742,2.16802998812903,5.3947361016,2.76367338580645,-2.63106315141677,0.0312778214595918,1.69092096697781,-2.61964651881122,0.0300528639429837,1.69644145976891
-1.51091981310997,0.0347505324724972,1.46996943962651,1.288888889,0,-55.2377853393555,NaN,3.23318115538606,2.15511750812903,3.31759089199742,2.27804058580645,-1.03954889259639,0.0338914562312373,1.25902627434136,-1.03403467216123,0.036192971056254,1.2751956651357
NaN,NaN,NaN,0.9,0,-58.082405090332,NaN,0.8945511576912,1.547333352,1.17394554774857,1.49247504,0.518087055777662,-9999,0.747021119396388,0.698856665937464,0.0356317379397537,0.643078340483508
NaN,NaN,NaN,0,NaN,NaN,NaN,0.373852789381161,0.707330238270968,-9999,0.484363390296774,-9999,-9999,-9999,0.383709246920384,0.0267782182987563,0.0526539599545607
NaN,NaN,NaN,NaN,NaN,-28.0981063842773,NaN,0.0763897159368,0.18350019984456,-9999,0.0824988888924538,-9999,-9999,-9999,0.1643547282314,0.0419464970553822,-0.0655023140701309
NaN,NaN,NaN,NaN,NaN,-46.5601005554199,NaN,0.000809749816258064,0.036674499306805,-9999,0.0085146691158319,-9999,-9999,-9999,-0.0895054077399578,0.0673630137340912,-0.0581943713020994
NaN,NaN,NaN,NaN,NaN,-35.6540412902832,NaN,0.0195543248214194,0.0126087552846183,-9999,0.00232204012738398,-9999,-9999,-9999,-0.0469373987584258,0.0406594170173503,-0.0315242065735956
NaN,NaN,NaN,0.288888889,NaN,-51.4186706542969,NaN,0.165503904780857,Inf,-9999,Inf,-9999,-9999,-9999,-0.110204409173649,0.0205189515755118,-0.0957349042052745
NaN,NaN,NaN,0,0.7166666667,NaN,NaN,0.302625234438968,0.0140188698516852,-9999,0.00320863001999314,-9999,-9999,-9999,-0.0926973444407979,0.020920394801474,-0.0363677502518149
NaN,NaN,NaN,0,0.7933333333,1.53490734100342,NaN,0.3228574344408,0.142529696856,-9999,0.112555291392,-9999,-9999,-9999,-0.0383799127234915,0.00495611388983211,0.0112272258974907
0.017316884236161,NaN,0.331823893990132,0.066666667,0.7922222222,22.7388229370117,NaN,0.682485951925161,0.317650152541935,0.239975205475355,0.25959079556129,0.0194401934300903,-9999,0.332966716952881,0.0321824104876275,-0.000228145917032126,0.316156335829339
0.219645619519373,NaN,1.98120739807838,0.9,0,11.7349348068237,NaN,1.68054226632,1.0483052184,0.89922518718408,1.026263304,0.1270393790688,-9999,1.71829678358992,0.0165088366647417,0.00879172742346903,1.79115968306995
NaN,NaN,NaN,1.388888889,0,-37.2556571960449,NaN,5.6304761688,3.0298748516129,4.01479816491871,2.05458993754839,-1.96021094005161,-9999,2.23389039899877,-2.56641987079101,0.0302587849788031,2.18387471566464
NaN,NaN,NaN,1.188888889,0,NaN,NaN,2.99709903251613,2.18400366193548,2.44505035167794,2.17515616258065,-0.269892053651613,-9999,1.36434235882292,-1.21501714222088,0.0377031209983395,1.47967685351772
NaN,NaN,NaN,0.666666667,0.105,NaN,NaN,0.621843724836,1.1293212096,-9999,1.4145107328,-9999,-9999,-9999,0.826452329508717,0.0339781560939608,0.693949138233408
NaN,NaN,NaN,0,NaN,-59.3374252319336,NaN,0.388652481956903,0.519996713806452,-9999,0.375696418529032,-9999,-9999,-9999,0.400457980053106,0.0253503534054435,0.0869163994461886
NaN,NaN,NaN,NaN,NaN,-21.2385845184326,NaN,0.049769719416,0.082340921808,-9999,0.018063529551144,-9999,-9999,-9999,0.153059119887599,0.0485320551647719,-0.0299766597100878
NaN,NaN,NaN,NaN,NaN,-33.031867980957,NaN,0.00118895934658065,0.0476653667859576,-9999,0.0130866153861234,-9999,-9999,-9999,-0.107187088475548,0.0443140936438098,-0.0386440651134787
NaN,NaN,NaN,NaN,NaN,-39.3398780822754,NaN,0.00960040489703226,Inf,-9999,Inf,-9999,-9999,-9999,-0.0557516880544184,0.0368098407053266,-0.0300293317868196
NaN,NaN,NaN,0.2,NaN,NaN,NaN,0.253978048422,0.0251812407815074,-9999,0.00496431248882046,-9999,-9999,-9999,-0.145741919528614,0.0291992657607415,-0.0510538282812542
NaN,NaN,NaN,0,0.7283333333,-5.33920288085938,NaN,0.787274527909935,0.0662476073390717,-9999,0.021088279653012,-9999,-9999,-9999,-0.0829440953000683,0.013847655142398,-0.0557255776740692
NaN,NaN,NaN,0,0.7344444444,-14.5428924560547,NaN,1.9730170710432,0.40422830688,-9999,0.391710539448,-9999,-9999,-9999,-0.025663162593722,0.0079620474687922,-0.0187004298008725
NaN,NaN,NaN,0,0.7788888889,7.71335220336914,NaN,3.08304239541677,0.629048849806452,-9999,0.922140504,-9999,-9999,-9999,0.0926495195561669,0.00970088368257597,0.225507772404414
NaN,NaN,NaN,0.988888889,0,32.5792999267578,NaN,3.30129235008,0.9573433848,-9999,2.1711530736,-9999,-9999,-9999,-0.0748794283596553,0.0151536738761998,1.90810952403481
-1.82809409599478,0.0205543813138582,2.16733167270843,1.294444444,0,NaN,NaN,3.81349316903226,1.99399529729032,4.88926062754714,2.65790132129032,-2.03455934159143,0.0201067389822857,2.1598276490284,-2.25171640801242,0.024888460542895,2.0891236465891
NaN,NaN,NaN,1.194444444,0,-29.8563289642334,NaN,3.12073856535252,2.23933038967742,3.94241950753548,2.99511041806452,-0.947310041334194,0.0292789367070968,1.79677482694285,-1.18224483604964,0.0424652905735459,1.79050196290191
1.01784550686457,0.0373055868097141,1.03483742102222,0.755555556,0,-66.1124267578125,NaN,0.3557069942904,1.0312568856,0.7666858878336,1.87509474,1.1084062672584,0.038011885344,0.982420955135437,0.968765229691558,0.0376028381377891,0.891709771260942
NaN,NaN,NaN,0.1,NaN,-63.5047378540039,NaN,0.0510903679796129,0.504890678554839,0.0223945886005714,0.336141608539355,0.396087221314286,0.0178147041582857,0.197066804017048,0.506566309134554,0.0346049394248392,0.110777535609455
NaN,NaN,NaN,NaN,NaN,-54.910285949707,NaN,0.0266937987744,0.0842867705808,-9999,0.0137686893481656,-9999,-9999,-9999,0.125155240771868,0.0374480889145213,-0.0136746761820117
NaN,NaN,NaN,NaN,NaN,NaN,NaN,0.00101845581677419,0.0252780667971282,-9999,0.00394945263461194,-9999,-9999,-9999,-0.08810388135691,0.0359991498525916,-0.0255383606512515
NaN,NaN,NaN,NaN,NaN,-33.1404876708984,430.5856886,0.0204305167532903,0.00660141121962047,-9999,0.0002250339232574,-9999,-9999,-9999,-0.117358393400816,0.0376371628491549,-0.0107957370237349
NaN,NaN,NaN,0,NaN,-23.8780612945557,430.5856886,0.146183089029429,0.00987208866408264,-9999,0.000190052300268301,-9999,-9999,-9999,-0.152360650145907,0.0343130814239484,-0.051005203678617
NaN,NaN,NaN,0,0.7255555556,-12.8942975997925,430.5856886,0.362773290843871,0.198234627675045,-9999,0.00921031749437473,-9999,-9999,-9999,-0.0852610991723436,0.0182240452105179,-0.0822846252102169
NaN,NaN,NaN,0,0.7361111111,-17.3414611816406,430.5856886,0.6024227726232,0.556948908,-9999,0.0231250375944,-9999,-9999,-9999,-0.0110992915507938,0.00823976548907862,-0.0260210575299145
0.0992389815825115,0.00633324460601031,0.184741321956776,0.05,0.8166666667,-22.4692363739014,430.5856886,0.921873069870968,1.03885469651613,0.133745456580387,0.273065522864516,0.139319433556026,0.00756645867055742,0.155671597520178,0.126655784009704,0.00669119163096236,0.185762621990046
0.110178066614944,0.0135831398331065,1.69857399057416,0.707142857,0,NaN,430.5856886,1.8880560324,1.5337329192,0.934337966472,1.077308712,0.1429706044512,0.01383811817688,1.65546274192003,0.126928853372532,0.0141878884201186,1.70914691042439
-2.23919838164887,0.0355403770803747,1.97251347394271,1.383333333,0,-51.4649276733398,430.5856886,4.4597678926529,2.07728429109677,4.06037709464516,1.89760682322581,-2.16277075059097,0.0323202567716129,1.71767564904665,-2.35129793626611,0.0351282422645977,2.00148843899976
-1.4945873757282,0.0472899952079137,2.09513083006841,1.033333333,0,-24.4379348754883,430.5856886,3.17814463840877,1.97641610245161,3.16899886721806,2.06024717264516,-1.10875228035097,0.0391569634916129,1.72954046869738,-1.08548674475646,0.0396581217180993,1.63892750185105
0.726754515839927,0.0386517334638495,1.17389697026802,0.8,0,-46.4149169921875,430.5856886,0.71619155468424,1.7174347776,0.6589904476464,1.6278934608,0.968904268488,0.042340523544,0.867587438893807,0.943334110042692,0.0371646026474578,0.984762196589811
NaN,NaN,NaN,0,NaN,NaN,430.5856886,0.126240620374452,0.6261799824,0.25079388321024,0.983788488464516,0.845065229832,0.03103679521584,0.61038934651533,0.572624994179215,0.0181568405958037,0.169107848999143
NaN,NaN,NaN,0.177777778,NaN,NaN,430.5856886,0.0305246990736,0.1964203940808,-9999,0.377460704039616,-9999,-9999,-9999,0.200752946982499,0.0477699054181814,-0.0108034386259383
NaN,NaN,NaN,NaN,NaN,14.2928829193115,430.5856886,0.000305676643354839,0.0325571663901025,-9999,0.0320179371828165,-9999,-9999,-9999,-0.11406527228534,0.0362210928049401,-0.0156252679410733
NaN,NaN,NaN,NaN,NaN,5.44489336013794,NaN,0.00799031035741935,0.0536850493037199,-9999,0.0705561590159551,-9999,-9999,-9999,-0.10040261612915,0.0536939801837837,-0.0546157856861231
NaN,NaN,NaN,0.316666667,NaN,25.0035705566406,NaN,0.0949565797051034,0.0170356320610451,-9999,0.0182925033279363,-9999,-9999,-9999,-0.145599220188397,0.0307787338928014,-0.102384802116754
NaN,NaN,NaN,0,0.6983333333,17.215913772583,NaN,0.174498266952,0.0518769310691102,-9999,0.0579389004028108,-9999,-9999,-9999,-0.0417923145980289,0.0187151169936166,-0.0974341180607424
NaN,NaN,NaN,0,0.7511111111,NaN,NaN,0.2539657692072,0.13903502544,-9999,0.0910693693008,-9999,-9999,-9999,0.0474453262001957,0.0068536170006202,-0.0304799602706564
0.350910938004885,0.00314370557190297,0.0393085018747566,0.1,0.8227777778,51.3038864135742,NaN,0.328512506585806,0.538258762683871,2.36489995884542,2.79998516461935,0.43508477715329,0.00302268117369832,0.0418510903667508,0.193850997700939,0.00601936025604683,0.201742413610641
-0.3282006041238,0.0210113805911386,3.87671350426147,0.944444444,0,62.3903961181641,NaN,1.77613000776,1.5496405416,5.8024709568,5.544671112,-0.2578005128088,0.02079063245232,3.77229837334222,-0.268610136026003,0.0203654957493168,3.71758976698564
-3.49814015312974,0.0483915984390575,3.48095222755648,1.216666667,0,33.0848808288574,NaN,4.84283794923871,1.71768273909677,5.50411655634581,2.48961098322581,-3.01450734965032,0.047779513388129,3.35688774256791,-3.07623672238192,0.0444234223961264,3.1343323778192
-1.37447790155687,0.0442751114921843,2.4883074323349,1.122222222,0,33.7443008422852,NaN,3.96767969919871,2.76117172258065,3.90150266805924,2.69981967483871,-1.22022393330049,0.0430272331365565,2.01170864801479,-1.10842324300673,0.0440369241517299,1.96505437244705
NaN,NaN,NaN,0.633333333,0,NaN,NaN,3.040400848356,2.6730114408,-9999,2.2196761776,-9999,-9999,-9999,1.12385153701268,0.0314088880713479,1.11198669380035
NaN,NaN,NaN,0,NaN,NaN,NaN,1.38723416549419,0.988648991396129,-9999,1.06807510823226,-9999,-9999,-9999,0.754290856959427,0.0404355992062995,0.164427744326561
NaN,NaN,NaN,NaN,NaN,78.975341796875,NaN,0.16416407844,0.137235577797787,-9999,0.21464473916124,-9999,-9999,-9999,0.211958427817871,0.0308067980586983,-0.0163529235934815
NaN,NaN,NaN,NaN,NaN,77.8318023681641,NaN,0,0.00429262844394252,-9999,0.0149235344249187,-9999,-9999,-9999,-0.117716519734354,0.0491704735111401,-0.0062500727065731
NaN,NaN,NaN,NaN,NaN,113.98314666748,NaN,NaN,NaN,NaN,NaN,NaN,NaN,NaN,NaN,NaN,NaN
NaN,NaN,NaN,0.127777778,NaN,NaN,NaN,NaN,NaN,NaN,NaN,NaN,NaN,NaN,NaN,NaN,NaN
NaN,NaN,NaN,0,0.7416666667,107.967796325684,NaN,NaN,NaN,NaN,NaN,NaN,NaN,NaN,NaN,NaN,NaN
NaN,NaN,NaN,0,0.765,121.015327453613,NaN,NaN,NaN,NaN,NaN,NaN,NaN,NaN,NaN,NaN,NaN
NaN,NaN,NaN,0,0.7927777778,126.035606384277,NaN,NaN,NaN,NaN,NaN,NaN,NaN,NaN,NaN,NaN,NaN
NaN,NaN,NaN,0.1,0.7872222222,154.029144287109,NaN,NaN,NaN,NaN,NaN,NaN,NaN,NaN,NaN,NaN,NaN
NaN,NaN,NaN,0.822222222,0,NaN,NaN,NaN,NaN,NaN,NaN,NaN,NaN,NaN,NaN,NaN,NaN
NaN,NaN,NaN,1.122222222,0,NaN,NaN,NaN,NaN,NaN,NaN,NaN,NaN,NaN,NaN,NaN,NaN
NaN,NaN,NaN,0.1,0.01666666667,NaN,NaN,NaN,NaN,NaN,NaN,NaN,NaN,NaN,NaN,NaN,NaN
NaN,NaN,NaN,0.111111111,NaN,NaN,NaN,NaN,NaN,NaN,NaN,NaN,NaN,NaN,NaN,NaN,NaN
NaN,NaN,NaN,0.266666667,NaN,NaN,NaN,NaN,NaN,NaN,NaN,NaN,NaN,NaN,NaN,NaN,NaN
NaN,NaN,NaN,NaN,NaN,NaN,NaN,NaN,NaN,NaN,NaN,NaN,NaN,NaN,NaN,NaN,NaN
NaN,NaN,NaN,NaN,NaN,NaN,NaN,NaN,NaN,NaN,NaN,NaN,NaN,NaN,NaN,NaN,NaN
NaN,NaN,NaN,0.066666667,NaN,NaN,NaN,NaN,NaN,NaN,NaN,NaN,NaN,NaN,NaN,NaN,NaN
NaN,NaN,NaN,0,0.7155555556,NaN,NaN,NaN,NaN,NaN,NaN,NaN,NaN,NaN,NaN,NaN,NaN
NaN,NaN,NaN,0,0.7944444444,NaN,NaN,NaN,NaN,NaN,NaN,NaN,NaN,NaN,NaN,NaN,NaN
NaN,NaN,NaN,0,0.7727777778,NaN,NaN,NaN,NaN,NaN,NaN,NaN,NaN,NaN,NaN,NaN,NaN
NaN,NaN,NaN,0.372222222,0.1755555556,107.455223083496,NaN,NaN,NaN,NaN,NaN,NaN,NaN,NaN,NaN,NaN,NaN
NaN,NaN,NaN,1.116666667,0,15.9394626617432,NaN,NaN,NaN,NaN,NaN,NaN,NaN,NaN,NaN,NaN,NaN
NaN,NaN,NaN,1.022222222,0,NaN,NaN,NaN,NaN,NaN,NaN,NaN,NaN,NaN,NaN,NaN,NaN
NaN,NaN,NaN,0.55,0,NaN,NaN,NaN,NaN,NaN,NaN,NaN,NaN,NaN,NaN,NaN,NaN
NaN,NaN,NaN,NaN,NaN,-17.9886169433594,NaN,NaN,NaN,NaN,NaN,NaN,NaN,NaN,NaN,NaN,NaN
NaN,NaN,NaN,NaN,NaN,-32.3568649291992,NaN,NaN,NaN,NaN,NaN,NaN,NaN,NaN,NaN,NaN,NaN
NaN,NaN,NaN,NaN,NaN,8.59483528137207,NaN,NaN,NaN,NaN,NaN,NaN,NaN,NaN,NaN,NaN,NaN
NaN,NaN,NaN,NaN,NaN,-16.484935760498,NaN,NaN,NaN,NaN,NaN,NaN,NaN,NaN,NaN,NaN,NaN
NaN,NaN,NaN,0.061111111,NaN,-29.2411785125732,NaN,NaN,NaN,NaN,NaN,NaN,NaN,NaN,NaN,NaN,NaN
NaN,NaN,NaN,0,0.7094444444,-20.5348320007324,NaN,NaN,NaN,NaN,NaN,NaN,NaN,NaN,NaN,NaN,NaN
NaN,NaN,NaN,0,0.7705555556,-7.92893123626709,NaN,NaN,NaN,NaN,NaN,NaN,NaN,NaN,NaN,NaN,NaN
NaN,NaN,NaN,0.077777778,0.815,-2.53072953224182,NaN,NaN,NaN,NaN,NaN,NaN,NaN,NaN,NaN,NaN,NaN
NaN,NaN,NaN,0.9,0,-13.5214939117432,NaN,NaN,NaN,NaN,NaN,NaN,NaN,NaN,NaN,NaN,NaN
NaN,NaN,NaN,1.2,0,-89.7637252807617,NaN,NaN,NaN,NaN,NaN,NaN,NaN,NaN,NaN,NaN,NaN
NaN,NaN,NaN,NaN,0,-90.5396194458008,NaN,NaN,NaN,NaN,NaN,NaN,NaN,NaN,NaN,NaN,NaN
NaN,NaN,NaN,0.65,0,-84.9504776000977,NaN,NaN,NaN,NaN,NaN,NaN,NaN,NaN,NaN,NaN,NaN
NaN,NaN,NaN,0,NaN,-84.8973007202148,NaN,NaN,NaN,NaN,NaN,NaN,NaN,NaN,NaN,NaN,NaN
NaN,NaN,NaN,0.3,NaN,-56.8711013793945,NaN,NaN,NaN,NaN,NaN,NaN,NaN,NaN,NaN,NaN,NaN
NaN,NaN,NaN,NaN,NaN,-66.0859756469727,NaN,NaN,NaN,NaN,NaN,NaN,NaN,NaN,NaN,NaN,NaN
