NBE,CH4,ET,LAI,SCF,EWT,ABGB,GPP_DT,ER_DT,GPP_NT,ER_NT,NBE_F,CH4_F,ET_F,NBE_ANN,CH4_ANN,ET_ANN
NaN,NaN,NaN,0.255555556,NaN,69.8025207519531,NaN,NaN,NaN,NaN,NaN,NaN,NaN,NaN,NaN,NaN,NaN
NaN,NaN,NaN,0.24,0.4222222222,72.8874816894531,NaN,NaN,NaN,NaN,NaN,NaN,NaN,NaN,NaN,NaN,NaN
NaN,NaN,NaN,0.366666667,0.2511111111,88.1759719848633,NaN,NaN,NaN,NaN,NaN,NaN,NaN,NaN,NaN,NaN,NaN
NaN,NaN,NaN,1.188888889,0,67.9004287719727,NaN,NaN,NaN,NaN,NaN,NaN,NaN,NaN,NaN,NaN,NaN
NaN,NaN,NaN,3.655555556,0,60.3558959960938,NaN,NaN,NaN,NaN,NaN,NaN,NaN,NaN,NaN,NaN,NaN
NaN,NaN,NaN,4.877777778,0,35.8535995483398,NaN,NaN,NaN,NaN,NaN,NaN,NaN,NaN,NaN,NaN,NaN
NaN,NaN,NaN,4.383333333,0,-14.2976131439209,NaN,NaN,NaN,NaN,NaN,NaN,NaN,NaN,NaN,NaN,NaN
NaN,NaN,NaN,4.233333333,0,-65.4203491210938,NaN,NaN,NaN,NaN,NaN,NaN,NaN,NaN,NaN,NaN,NaN
NaN,NaN,NaN,1.911111111,0,-32.2632713317871,NaN,NaN,NaN,NaN,NaN,NaN,NaN,NaN,NaN,NaN,NaN
NaN,NaN,NaN,1.038888889,0,-48.7787857055664,NaN,NaN,NaN,NaN,NaN,NaN,NaN,NaN,NaN,NaN,NaN
NaN,NaN,NaN,0.1,NaN,-4.45657444000244,NaN,NaN,NaN,NaN,NaN,NaN,NaN,NaN,NaN,NaN,NaN
NaN,NaN,NaN,0.188888889,NaN,37.8253326416016,NaN,NaN,NaN,NaN,NaN,NaN,NaN,NaN,NaN,NaN,NaN
NaN,NaN,NaN,0.133333333,NaN,NaN,NaN,NaN,NaN,NaN,NaN,NaN,NaN,NaN,NaN,NaN,NaN
NaN,NaN,NaN,0.327777778,0.5466666667,98.8266448974609,NaN,NaN,NaN,NaN,NaN,NaN,NaN,NaN,NaN,NaN,NaN
NaN,NaN,NaN,0.6,0.3038888889,64.6708526611328,NaN,NaN,NaN,NaN,NaN,NaN,NaN,NaN,NaN,NaN,NaN
NaN,NaN,NaN,1.3,0,94.9446716308594,NaN,NaN,NaN,NaN,NaN,NaN,NaN,NaN,NaN,NaN,NaN
NaN,NaN,NaN,3.1,0,48.7177963256836,NaN,NaN,NaN,NaN,NaN,NaN,NaN,NaN,NaN,NaN,NaN
NaN,NaN,NaN,5.355555556,0,NaN,NaN,NaN,NaN,NaN,NaN,NaN,NaN,NaN,NaN,NaN,NaN
NaN,NaN,NaN,NaN,0,-32.6128807067871,NaN,NaN,NaN,NaN,NaN,NaN,NaN,NaN,NaN,NaN,NaN
NaN,NaN,NaN,4.994444444,0,-41.4065246582031,NaN,NaN,NaN,NaN,NaN,NaN,NaN,NaN,NaN,NaN,NaN
NaN,NaN,NaN,4.066666667,0,-37.6980438232422,NaN,NaN,NaN,NaN,NaN,NaN,NaN,NaN,NaN,NaN,NaN
NaN,NaN,NaN,NaN,0,-32.1459274291992,NaN,NaN,NaN,NaN,NaN,NaN,NaN,NaN,NaN,NaN,NaN
NaN,NaN,NaN,NaN,NaN,-36.7649116516113,NaN,NaN,NaN,NaN,NaN,NaN,NaN,NaN,NaN,NaN,NaN
NaN,NaN,NaN,NaN,NaN,18.5242862701416,NaN,NaN,NaN,NaN,NaN,NaN,NaN,NaN,NaN,NaN,NaN
NaN,NaN,NaN,0.288888889,NaN,23.5122184753418,NaN,NaN,NaN,NaN,NaN,NaN,NaN,NaN,NaN,NaN,NaN
NaN,NaN,NaN,0.316666667,0.4288888889,16.3890190124512,NaN,NaN,NaN,NaN,NaN,NaN,NaN,NaN,NaN,NaN,NaN
NaN,NaN,NaN,0.494444444,0.295,43.4665298461914,NaN,NaN,NaN,NaN,NaN,NaN,NaN,NaN,NaN,NaN,NaN
NaN,NaN,NaN,0.671428571,0.01333333333,49.6552658081055,NaN,NaN,NaN,NaN,NaN,NaN,NaN,NaN,NaN,NaN,NaN
NaN,NaN,NaN,3.9,0,NaN,NaN,NaN,NaN,NaN,NaN,NaN,NaN,NaN,NaN,NaN,NaN
NaN,NaN,NaN,5.575,0,26.3545627593994,NaN,NaN,NaN,NaN,NaN,NaN,NaN,NaN,NaN,NaN,NaN
NaN,NaN,NaN,4.816666667,0,-18.7196083068848,NaN,NaN,NaN,NaN,NaN,NaN,NaN,NaN,NaN,NaN,NaN
NaN,NaN,NaN,1.777777778,0,-34.4746513366699,NaN,NaN,NaN,NaN,NaN,NaN,NaN,NaN,NaN,NaN,NaN
NaN,NaN,NaN,2.044444444,0,-31.6976127624512,NaN,NaN,NaN,NaN,NaN,NaN,NaN,NaN,NaN,NaN,NaN
NaN,NaN,NaN,NaN,NaN,NaN,NaN,NaN,NaN,NaN,NaN,NaN,NaN,NaN,NaN,NaN,NaN
NaN,NaN,NaN,NaN,NaN,48.4709091186523,NaN,NaN,NaN,NaN,NaN,NaN,NaN,NaN,NaN,NaN,NaN
NaN,NaN,NaN,NaN,NaN,43.8411750793457,NaN,NaN,NaN,NaN,NaN,NaN,NaN,NaN,NaN,NaN,NaN
NaN,NaN,NaN,0.238888889,NaN,68.2095794677734,NaN,NaN,NaN,NaN,NaN,NaN,NaN,NaN,NaN,NaN,NaN
NaN,NaN,NaN,0.433333333,0.245,81.1716461181641,NaN,NaN,NaN,NaN,NaN,NaN,NaN,NaN,NaN,NaN,NaN
NaN,NaN,NaN,0.9,0.2383333333,NaN,NaN,NaN,NaN,NaN,NaN,NaN,NaN,NaN,NaN,NaN,NaN
NaN,NaN,NaN,0.727777778,0.08222222222,86.602783203125,NaN,NaN,NaN,NaN,NaN,NaN,NaN,NaN,NaN,NaN,NaN
NaN,NaN,NaN,2.928571429,0,56.0742874145508,NaN,NaN,NaN,NaN,NaN,NaN,NaN,NaN,NaN,NaN,NaN
NaN,NaN,NaN,5.235714286,0,35.1751403808594,NaN,NaN,NaN,NaN,NaN,NaN,NaN,NaN,NaN,NaN,NaN
NaN,NaN,NaN,NaN,0,-43.0928611755371,NaN,NaN,NaN,NaN,NaN,NaN,NaN,NaN,NaN,NaN,NaN
NaN,NaN,NaN,2.207142857,0,NaN,NaN,NaN,NaN,NaN,NaN,NaN,NaN,NaN,NaN,NaN,NaN
NaN,NaN,NaN,3.633333333,0,NaN,NaN,NaN,NaN,NaN,NaN,NaN,NaN,NaN,NaN,NaN,NaN
NaN,NaN,NaN,0.955555556,0,-75.2888107299805,NaN,NaN,NaN,NaN,NaN,NaN,NaN,NaN,NaN,NaN,NaN
NaN,NaN,NaN,1.105555556,NaN,-37.2735900878906,NaN,NaN,NaN,NaN,NaN,NaN,NaN,NaN,NaN,NaN,NaN
NaN,NaN,NaN,0.25,NaN,5.85221529006958,NaN,NaN,NaN,NaN,NaN,NaN,NaN,NaN,NaN,NaN,NaN
NaN,NaN,NaN,0.311111111,NaN,25.4730701446533,NaN,NaN,NaN,NaN,NaN,NaN,NaN,NaN,NaN,NaN,NaN
NaN,NaN,NaN,0.6,0.1122222222,NaN,NaN,NaN,NaN,NaN,NaN,NaN,NaN,NaN,NaN,NaN,NaN
NaN,NaN,NaN,NaN,0,7.08697748184204,NaN,NaN,NaN,NaN,NaN,NaN,NaN,NaN,NaN,NaN,NaN
NaN,NaN,NaN,1.233333333,0,-1.55765724182129,NaN,NaN,NaN,NaN,NaN,NaN,NaN,NaN,NaN,NaN,NaN
NaN,NaN,NaN,4.7,0,-17.8020248413086,NaN,NaN,NaN,NaN,NaN,NaN,NaN,NaN,NaN,NaN,NaN
NaN,NaN,NaN,5.394444444,0,-32.2257957458496,NaN,NaN,NaN,NaN,NaN,NaN,NaN,NaN,NaN,NaN,NaN
NaN,NaN,NaN,4.7125,0,NaN,NaN,NaN,NaN,NaN,NaN,NaN,NaN,NaN,NaN,NaN,NaN
NaN,NaN,NaN,2.2,0,-92.6035308837891,NaN,NaN,NaN,NaN,NaN,NaN,NaN,NaN,NaN,NaN,NaN
NaN,NaN,NaN,3.072222222,0,-90.3567123413086,NaN,NaN,NaN,NaN,NaN,NaN,NaN,NaN,NaN,NaN,NaN
NaN,NaN,NaN,0.927777778,0,-100.037887573242,NaN,NaN,NaN,NaN,NaN,NaN,NaN,NaN,NaN,NaN,NaN
NaN,NaN,NaN,NaN,NaN,-81.8344802856445,NaN,NaN,NaN,NaN,NaN,NaN,NaN,NaN,NaN,NaN,NaN
NaN,NaN,NaN,0.255555556,NaN,NaN,NaN,NaN,NaN,NaN,NaN,NaN,NaN,NaN,NaN,NaN,NaN
NaN,NaN,NaN,0.225,NaN,-6.64206457138062,NaN,0.191723186200522,1.57317531852848,-9999,1.31926180726402,-9999,-9999,-9999,0.584983466550011,0.0456012266063559,0.0565033147327042
NaN,NaN,NaN,0.566666667,0.2422222222,-12.1807327270508,NaN,0.620934434202857,1.59515458457143,-9999,1.34160668434286,-9999,-9999,-9999,0.527830154671873,0.0311372743077123,0.0808319509695698
NaN,NaN,NaN,0.775,0.1077777778,-44.8640365600586,NaN,1.24931174206529,1.90067736774194,-9999,1.71843595116387,-9999,-9999,-9999,0.414015339744226,0.0188872206243321,0.209144028389528
NaN,NaN,NaN,1.175,0,-12.8064498901367,NaN,1.875319995744,2.2033818,-9999,2.143024937928,-9999,-9999,-9999,0.494267068113037,0.00285183766156907,0.594623036972982
-1.50127105285313,0.00010182923934416,2.15157727507561,3.533333333,0,-24.8768844604492,NaN,3.91719912596129,3.79789232516129,5.87764927597883,5.19088264629677,0.173290259977316,0.00140677759084604,1.70096886000864,0.263884419317711,-0.000421184339998581,1.5194421042872
-5.79192517241519,-0.00541736694076683,3.58420648964901,5.514285714,0,NaN,NaN,7.8733288738872,4.78999368,11.4150816835992,9.007441660224,-2.4076387296,-0.0042214979711088,2.78995937855041,-2.13867524999767,-0.00387788466759962,2.75508940682187
-3.09133984869333,-0.00395277820443407,3.24596575474729,5.2,0,-91.2442169189453,NaN,7.01373138867871,5.74841301677419,9.45439875645677,9.29158260596129,-0.162820925419355,-0.00323532327181936,2.46545130043071,-0.162157747589916,-0.00387468345610076,2.43041709655347
-2.94902489090456,-0.00588217886585898,3.05301413259874,5.2625,0,-113.194595336914,NaN,4.96134957091355,3.23447563974194,7.30110778529806,6.9022140610529,-0.398889739741935,-0.00621549265034323,2.21246353271248,0.096257830149347,-0.00519960293046091,2.22205748778502
-0.548773677490606,-0.00346170116521984,1.38234825528118,2.138888889,0,-155.293701171875,NaN,3.605008235184,4.583916072,4.619123817912,6.489322628328,1.87019941104,-0.0042450201072,0.887438911054641,1.83342807732269,-0.0032232123444595,0.912128129120212
1.11068332170854,0.0104089038065942,0.378090202852833,1.142857143,0,NaN,NaN,0.856913059140387,1.82259162580645,1.21619437192335,2.73687731098839,1.52068222312258,0.0122313085173987,0.266145655405806,1.49345934301014,0.0100930817774117,0.278062227982742
0.677280784110171,0.0231092873783985,0.092192701995968,0.25,NaN,NaN,NaN,0.3035058527088,1.0684685736,0.199815226668,0.855899393616,0.6560843867568,0.021948308690688,0.0624208626695309,0.839389713991902,0.0230680044734023,0.0326620677803807
0.344208248079988,0.0390873838456325,0.0258579613900255,0.25,NaN,-64.7862319946289,NaN,0.058164893711071,0.730737670529032,0.403708686147871,0.849095939032258,0.445387679386839,0.0522249042024,0.0138791794672681,0.622298478458717,0.0508608069920255,0.0112225865980965
0.270896926436744,0.0566590414518951,0.0130586395489722,0.175,NaN,-86.1133422851562,NaN,0.238729304257548,0.397777145341935,-0.0408078042454452,0.246113662993548,0.286921290939097,0.0539228253530323,0.00814883112521029,0.455266121488007,0.0510002434790127,0.00393790788158724
0.298595633356272,0.0253261317796456,0.0461008117830466,NaN,NaN,-44.7627830505371,NaN,0.21025929278731,0.409644446896552,0.0789487766871393,0.401454378769655,0.322505548324138,0.0136127357776552,0.0260862049911502,0.413138729460332,0.012060586237336,0.0316900022791567
0.129870119697353,NaN,0.194363087880029,0.5,0.1361111111,2.20399165153503,NaN,0.435160576312258,0.436088360206452,0.255543408973161,0.517824300983226,0.26228093787871,-0.00462599256007742,0.118797383633602,0.311910870561275,0.00404583295058717,0.124526565331018
-0.569598427061286,NaN,0.73951023872332,0.888888889,0.01222222222,NaN,NaN,1.3949037753408,1.40349063312,1.53390016269288,1.7221131666,0.188214789024,-0.009821263531392,0.44503793976699,0.144010016959925,-0.000469730543686371,0.469642736399885
-2.51406297440622,-0.00378411477405831,1.969977027799,3.514285714,0,-32.9810256958008,NaN,4.00618639716387,2.74422475974194,6.82699473234581,6.27454967188645,-0.552445627842581,-0.00621939421479484,1.43974128617535,-0.24987943327147,-0.00356380371729345,1.41933016640538
-4.83277861777193,-0.00457628400792579,3.5407072870684,5.155555556,0,-75.7339553833008,NaN,7.369162476984,4.955555088,10.019155516704,8.150845618368,-1.868308092,-0.0042450380676,2.63647562208765,-1.43041664172408,-0.00397467984784101,2.66766399196239
-3.55690661891627,-0.00618616469386225,3.29880260228917,5.8,0,-59.6575508117676,NaN,7.42523579061677,6.55742694193548,10.4150507126028,10.22592063888,-0.18912602763871,-0.00366418291852661,2.34190966764809,0.0840338947727097,-0.00456479450726634,2.32471273235765
-2.94654219300699,-0.00455374380976188,2.82357458875736,4.91875,0,-25.190544128418,NaN,5.68960338277835,5.52211998967742,10.3747263756619,11.5138212257729,1.13909159729032,-0.00216998638792258,1.95280671435167,1.57949014191733,-0.00412945359862142,1.92289319958484
-1.13345917848642,-0.00637540977332059,1.80779017041278,3.383333333,0,NaN,NaN,3.40843003217064,4.3115158224,5.583680667,7.987543273584,2.40386777208,-0.007859019696552,1.09697735093975,2.28237409154764,-0.00436752786632127,1.10543067847338
0.0529287087402252,0.00659104126946302,0.29268625863772,0.6,0.02555555556,NaN,NaN,0.634725142980387,1.12690052454194,0.626256919159897,1.21142203246452,0.585165027251613,0.00424176146941936,0.183683928979428,0.970537924549968,0.00421717852325038,0.217062997652369
0.820063723853996,0.00907066543908318,0.0639975787840658,0.133333333,NaN,-8.45818901062012,NaN,0.1509116901624,0.41838706296,0.126925954164,1.004291937504,0.877365906624,0.01057213696248,0.0489411261767868,0.820701518930583,0.0129888831785294,0.0524688952922784
0.557080512971609,0.00858945186438268,0.0396286863001031,NaN,NaN,20.1997413635254,NaN,0.039290414670511,0.725826096,-0.0138048492316645,0.536621331414194,0.550426306064516,0.0140450355041806,0.0473759990154667,0.61808511250818,0.024481044632791,0.0464781924253263
0.794556688604349,0.0243510788014992,0.0820211022447308,0.216666667,NaN,37.1570281982422,NaN,0.0495386553483871,0.49787144050529,-0.0727217666245161,0.744437894585806,0.817159988903226,0.0188099526344516,0.0720426322827348,0.708785505482125,0.0305667841924705,0.0553981919555395
0.609242218527016,0.00436863089629926,0.223506153275096,0.5,0.357,NaN,NaN,0.235395523092857,0.670078522542857,0.278275299505714,0.967383687728571,0.689107908702857,0.00898711481262857,0.158316282491854,0.568659372009869,0.0112360727962023,0.148922616357571
-0.648008251654246,-0.00315136194764705,0.502921207887113,0.508333333,0.1833333333,59.387939453125,NaN,0.938124712997419,0.708161880774194,1.05387222220444,1.15140246851613,0.0975304041421935,-0.00250427588411613,0.347059306374889,-0.081446541014116,-0.000504166407572264,0.311079664549168
-1.28151780599942,-0.00206405955410566,0.987642162107336,NaN,0.07444444444,50.0055389404297,NaN,1.58600366605872,1.11873627072,1.7407861400952,1.433789329032,-0.306997544736,-0.00114746705064,0.704615176499368,-0.327970387964695,-0.000844673822399797,0.640158099479825
-2.22984200132289,-0.00609305400269263,2.12814174406153,1.333333333,0,37.9509315490723,NaN,3.82412201509161,3.07860325316129,4.67881667363613,4.04007219991742,-0.638742781546839,-0.003231361728,1.60108896318975,-0.298486954656549,-0.00371259543149616,1.56466727305831
-4.60578982389712,-0.00310932804720486,3.35449879920545,3.766666667,0,12.1257781982422,NaN,9.250552504656,6.631262424,13.54608314928,11.833190602488,-1.712897145792,-0.001290081984264,2.59327552082942,-1.42851104600463,-0.00380770490495183,2.58259285813639
-6.65874083785887,-0.00166768671024283,3.99073608616773,5.3,0,NaN,NaN,10.4792864103314,8.12905248774194,13.9659190381161,12.3707570127329,-1.59514793535484,-0.00653595004939355,2.72722124216022,-1.09685022161217,-0.00295467058225617,2.70611170908827
-6.22212431054457,0.00454251753129926,4.25529650850487,5.141666667,0,NaN,NaN,8.67786377558168,6.90163576258064,11.254038925539,10.4479500173806,-0.806090579070968,0.00921351001563871,2.98570382969056,-0.706943881582007,-0.00310665759552556,2.8815366332977
-2.87900994109229,-0.000473869374483288,1.83047801744708,2.422222222,0,NaN,NaN,5.493600469008,5.08536,6.410047149576,6.505387657272,0.0953370144,0.0084589472736,1.18681486517317,0.434808631300841,-0.00224425111012576,1.16193707225762
1.25641107497897,0.00453703271865965,0.639395608342444,NaN,0,NaN,NaN,1.35140596942006,3.09239901987097,1.446471054,3.30061160503742,1.85413982771613,-0.00312880136748387,0.476269022774525,1.79288843289698,0.000513755844201956,0.433873547300121
0.551934319777229,-0.0277334764127406,0.15083425636526,NaN,NaN,NaN,NaN,0.44598910784904,1.123454016,0.4610510805672,1.387294189992,0.926243563608,0.007457762189736,0.11349173986899,0.873014004031617,0.00684098966133861,0.12515681513946
0.873932986608544,0.0420275189206664,0.0467291563717203,NaN,NaN,NaN,NaN,0.266298596792361,1.378688472,0.146140965965961,1.06698926382968,0.920848219088516,0.0440652789325161,0.031875405759192,0.791978405537069,0.0390404243972452,0.047743372116782
0.494710644686282,NaN,0.0453684104287979,NaN,NaN,NaN,NaN,0.218527534363123,0.770025321058065,0.13218039006271,0.677158435950968,0.54497786012129,0.0340841797594839,0.0440497828934638,0.527904419242272,0.0576312626174355,0.0560409887591898
-0.438425866441602,0.0153095723316781,0.130001113601136,0.6,0.3261111111,NaN,NaN,0.907475436193114,0.422463928628571,0.535955134397143,0.519502433451429,-0.0164528412685714,0.0133040696690829,0.0708330310398989,0.0250706397361427,0.0151689410213388,0.0866011174078104
-0.0823623902904333,0.0047409449512508,0.263924934949729,NaN,0.1383333333,NaN,NaN,0.589177325413161,0.6727563648,0.532845262662968,0.483832678018065,-0.0490127834833548,0.00485657377176774,0.201575943875621,0.000212002655373478,0.00430986199530122,0.199129193947163
-2.31832274969086,-0.00168284412663721,1.00402889108681,1.328571429,0,NaN,NaN,2.909424145608,1.9572634728,3.1603153672872,2.215199900016,-0.94511577096,-0.002367250456392,0.670176938175171,-0.957934636201188,-0.00127495247160334,0.678795514091787
-4.50199188940548,-0.00396940707596571,3.16047142902234,4.522222222,0,NaN,NaN,6.84054233637677,4.54817814967742,8.35865657230993,6.45822759973936,-1.90042182726968,-0.00605299271973678,2.41463159205169,-1.83124412379495,-0.00405875525351107,2.40502562474197
-6.71026678168192,-0.00595835408009822,3.99850358891205,5.244444444,0,-24.9827461242676,NaN,10.1891672827848,6.187489848,15.022676583216,11.744283780792,-3.27838622688,-0.00439655632632,3.09600755860035,-3.04173239295232,-0.00469253198476048,3.11229314544701
-5.00644166100496,-0.00403543557987147,3.34496516309323,5.6,0,-28.6968784332275,NaN,11.941096414111,9.66677989935484,11.9415084053342,9.88397924862194,-2.05752486820645,-0.00272241941328,2.63642072911896,-2.19830336989435,-0.00405552407203464,2.44864238806476
-6.07711489512836,-0.00867415062702904,4.56959665893979,4.96,0,NaN,NaN,7.40819230908387,5.20556557935484,10.9760286809729,10.0394299553342,-0.936584042864516,-0.00752147889375484,3.00144972823136,-0.688400367817621,-0.00673439893409628,3.01442134592701
-2.5711662055154,-0.00655211704591687,2.67364994480235,3.105555556,0,NaN,NaN,5.126920971624,4.651231752,6.93882906336,7.840077566256,0.90124592328,-0.007837534098,1.74832131767272,0.863102870121853,-0.00608708218484333,1.77079814163466
1.08822346211527,-0.00255005286685466,0.817509149494956,1.088888889,0,-54.1640319824219,NaN,1.39409392505806,2.68758533032258,1.41414122816361,3.34926216785032,1.93512047056258,-0.00267640612594839,0.527471955429358,2.042495634906,-0.000700627543037351,0.562961022943643
1.19933981522253,0.0210999776374367,0.199814820997865,NaN,NaN,-67.741096496582,NaN,0.18653716098504,1.1328845112,0.2812701209472,1.56636655632,1.2850959384,0.02206970632188,0.196703007502522,1.24671726056412,0.0219339485627801,0.156867225544985
0.53365718570383,0.0737056066997483,0.0241434008797325,0.15,NaN,-69.3946838378906,NaN,0.0952849787153806,0.644924445677419,0.0789389426531613,0.626105757623226,0.547166873101935,0.0824386669750452,0.0169269584839897,0.606383392944306,0.112771433942527,0.0393189159278685
NaN,NaN,NaN,0.127777778,NaN,-39.4532051086426,NaN,NaN,NaN,NaN,NaN,NaN,NaN,NaN,NaN,NaN,NaN
NaN,NaN,NaN,NaN,0.25,-15.1215448379517,NaN,NaN,NaN,NaN,NaN,NaN,NaN,NaN,NaN,NaN,NaN
NaN,NaN,NaN,NaN,0.1505555556,1.7972184419632,NaN,NaN,NaN,NaN,NaN,NaN,NaN,NaN,NaN,NaN,NaN
NaN,NaN,NaN,1.344444444,0,-15.1635971069336,NaN,NaN,NaN,NaN,NaN,NaN,NaN,NaN,NaN,NaN,NaN
NaN,NaN,NaN,2.755555556,0,-31.9991035461426,NaN,NaN,NaN,NaN,NaN,NaN,NaN,NaN,NaN,NaN,NaN
NaN,NaN,NaN,4.8125,0,-77.9889755249023,NaN,NaN,NaN,NaN,NaN,NaN,NaN,NaN,NaN,NaN,NaN
NaN,NaN,NaN,4.783333333,0,-85.0881576538086,NaN,NaN,NaN,NaN,NaN,NaN,NaN,NaN,NaN,NaN,NaN
NaN,NaN,NaN,4.783333333,0,-61.2442779541016,NaN,NaN,NaN,NaN,NaN,NaN,NaN,NaN,NaN,NaN,NaN
NaN,NaN,NaN,4.3875,0,-71.1289291381836,NaN,NaN,NaN,NaN,NaN,NaN,NaN,NaN,NaN,NaN,NaN
NaN,NaN,NaN,NaN,0,-57.9993782043457,NaN,NaN,NaN,NaN,NaN,NaN,NaN,NaN,NaN,NaN,NaN
NaN,NaN,NaN,0.88125,NaN,-24.5142345428467,NaN,NaN,NaN,NaN,NaN,NaN,NaN,NaN,NaN,NaN,NaN
NaN,NaN,NaN,NaN,NaN,-23.5332698822021,NaN,NaN,NaN,NaN,NaN,NaN,NaN,NaN,NaN,NaN,NaN
NaN,NaN,NaN,NaN,NaN,13.617769241333,NaN,NaN,NaN,NaN,NaN,NaN,NaN,NaN,NaN,NaN,NaN
NaN,NaN,NaN,0.9,0.05555555556,14.4430198669434,NaN,NaN,NaN,NaN,NaN,NaN,NaN,NaN,NaN,NaN,NaN
NaN,NaN,NaN,0.7,0,55.6549758911133,NaN,NaN,NaN,NaN,NaN,NaN,NaN,NaN,NaN,NaN,NaN
NaN,NaN,NaN,1.216666667,0,0.436312556266785,NaN,NaN,NaN,NaN,NaN,NaN,NaN,NaN,NaN,NaN,NaN
NaN,NaN,NaN,1.5,0,28.6514358520508,NaN,NaN,NaN,NaN,NaN,NaN,NaN,NaN,NaN,NaN,NaN
NaN,NaN,NaN,5,0,-1.8912205696106,NaN,NaN,NaN,NaN,NaN,NaN,NaN,NaN,NaN,NaN,NaN
NaN,NaN,NaN,5.433333333,0,-10.8325614929199,NaN,NaN,NaN,NaN,NaN,NaN,NaN,NaN,NaN,NaN,NaN
NaN,NaN,NaN,5.077777778,0,-20.2418441772461,NaN,NaN,NaN,NaN,NaN,NaN,NaN,NaN,NaN,NaN,NaN
NaN,NaN,NaN,2.033333333,0,-20.1242218017578,NaN,NaN,NaN,NaN,NaN,NaN,NaN,NaN,NaN,NaN,NaN
NaN,NaN,NaN,NaN,0,-30.5863227844238,NaN,NaN,NaN,NaN,NaN,NaN,NaN,NaN,NaN,NaN,NaN
NaN,NaN,NaN,NaN,NaN,-11.4007606506348,NaN,NaN,NaN,NaN,NaN,NaN,NaN,NaN,NaN,NaN,NaN
NaN,NaN,NaN,NaN,NaN,-17.6380615234375,NaN,NaN,NaN,NaN,NaN,NaN,NaN,NaN,NaN,NaN,NaN
NaN,NaN,NaN,0.211111111,NaN,20.5274753570557,NaN,NaN,NaN,NaN,NaN,NaN,NaN,NaN,NaN,NaN,NaN
NaN,NaN,NaN,0.388888889,0.3122222222,56.3213577270508,NaN,NaN,NaN,NaN,NaN,NaN,NaN,NaN,NaN,NaN,NaN
NaN,NaN,NaN,0.5,0.1572222222,52.1874465942383,NaN,NaN,NaN,NaN,NaN,NaN,NaN,NaN,NaN,NaN,NaN
NaN,NaN,NaN,1.011111111,0,NaN,NaN,NaN,NaN,NaN,NaN,NaN,NaN,NaN,NaN,NaN,NaN
NaN,NaN,NaN,NaN,0,NaN,NaN,NaN,NaN,NaN,NaN,NaN,NaN,NaN,NaN,NaN,NaN
NaN,NaN,NaN,5.45,0,NaN,NaN,NaN,NaN,NaN,NaN,NaN,NaN,NaN,NaN,NaN,NaN
NaN,NaN,NaN,5.4,0,NaN,NaN,NaN,NaN,NaN,NaN,NaN,NaN,NaN,NaN,NaN,NaN
NaN,NaN,NaN,4.4,0,NaN,NaN,NaN,NaN,NaN,NaN,NaN,NaN,NaN,NaN,NaN,NaN
NaN,NaN,NaN,NaN,0,NaN,NaN,NaN,NaN,NaN,NaN,NaN,NaN,NaN,NaN,NaN,NaN
NaN,NaN,NaN,NaN,0,NaN,NaN,NaN,NaN,NaN,NaN,NaN,NaN,NaN,NaN,NaN,NaN
NaN,NaN,NaN,NaN,NaN,NaN,NaN,NaN,NaN,NaN,NaN,NaN,NaN,NaN,NaN,NaN,NaN
NaN,NaN,NaN,0.177777778,NaN,NaN,NaN,NaN,NaN,NaN,NaN,NaN,NaN,NaN,NaN,NaN,NaN
