NBE,CH4,ET,LAI,SCF,EWT,ABGB,GPP_DT,ER_DT,GPP_NT,ER_NT,NBE_F,CH4_F,ET_F,NBE_ANN,CH4_ANN,ET_ANN
NaN,NaN,NaN,NaN,NaN,18.7462120056152,NaN,NaN,NaN,NaN,NaN,NaN,NaN,NaN,NaN,NaN,NaN
NaN,NaN,NaN,0.05,NaN,-1.79341197013855,NaN,NaN,NaN,NaN,NaN,NaN,NaN,NaN,NaN,NaN,NaN
NaN,NaN,NaN,0.111111111,0.6933333333,44.8529205322266,NaN,NaN,NaN,NaN,NaN,NaN,NaN,NaN,NaN,NaN,NaN
NaN,NaN,NaN,0.2,0.8261111111,48.5828018188477,NaN,NaN,NaN,NaN,NaN,NaN,NaN,NaN,NaN,NaN,NaN
NaN,NaN,NaN,1.222222222,0,6.49163818359375,NaN,NaN,NaN,NaN,NaN,NaN,NaN,NaN,NaN,NaN,NaN
NaN,NaN,NaN,1.833333333,0,-53.6851959228516,NaN,NaN,NaN,NaN,NaN,NaN,NaN,NaN,NaN,NaN,NaN
NaN,NaN,NaN,3.533333333,0,-81.3189849853516,NaN,NaN,NaN,NaN,NaN,NaN,NaN,NaN,NaN,NaN,NaN
NaN,NaN,NaN,1.95,0,-56.6442184448242,NaN,NaN,NaN,NaN,NaN,NaN,NaN,NaN,NaN,NaN,NaN
NaN,NaN,NaN,1.283333333,0,-42.2042846679688,NaN,NaN,NaN,NaN,NaN,NaN,NaN,NaN,NaN,NaN,NaN
NaN,NaN,NaN,1.622222222,0,-54.4786758422852,NaN,NaN,NaN,NaN,NaN,NaN,NaN,NaN,NaN,NaN,NaN
NaN,NaN,NaN,0.155555556,NaN,-42.2514877319336,NaN,NaN,NaN,NaN,NaN,NaN,NaN,NaN,NaN,NaN,NaN
NaN,NaN,NaN,NaN,NaN,-33.2041282653809,NaN,NaN,NaN,NaN,NaN,NaN,NaN,NaN,NaN,NaN,NaN
NaN,NaN,NaN,NaN,NaN,-34.6801795959473,NaN,NaN,NaN,NaN,NaN,NaN,NaN,NaN,NaN,NaN,NaN
NaN,NaN,NaN,0.072222222,NaN,-40.2801895141602,NaN,NaN,NaN,NaN,NaN,NaN,NaN,NaN,NaN,NaN,NaN
NaN,NaN,NaN,0.11875,0.675,-33.5920028686523,NaN,NaN,NaN,NaN,NaN,NaN,NaN,NaN,NaN,NaN,NaN
NaN,NaN,NaN,0.094444444,0.7916666667,-15.6500873565674,NaN,NaN,NaN,NaN,NaN,NaN,NaN,NaN,NaN,NaN,NaN
NaN,NaN,NaN,1.244444444,0,-6.99986886978149,NaN,NaN,NaN,NaN,NaN,NaN,NaN,NaN,NaN,NaN,NaN
NaN,NaN,NaN,1.816666667,0,-56.5673675537109,NaN,NaN,NaN,NaN,NaN,NaN,NaN,NaN,NaN,NaN,NaN
NaN,NaN,NaN,2.438888889,0,-42.9229698181152,NaN,NaN,NaN,NaN,NaN,NaN,NaN,NaN,NaN,NaN,NaN
NaN,NaN,NaN,1.9,0,-83.5623931884766,NaN,NaN,NaN,NaN,NaN,NaN,NaN,NaN,NaN,NaN,NaN
NaN,NaN,NaN,1.366666667,0,-113.332717895508,NaN,NaN,NaN,NaN,NaN,NaN,NaN,NaN,NaN,NaN,NaN
NaN,NaN,NaN,1.4,0,-85.5803985595703,NaN,NaN,NaN,NaN,NaN,NaN,NaN,NaN,NaN,NaN,NaN
NaN,NaN,NaN,1.333333333,NaN,-87.9708862304688,NaN,NaN,NaN,NaN,NaN,NaN,NaN,NaN,NaN,NaN,NaN
NaN,NaN,NaN,NaN,NaN,-87.3018264770508,NaN,NaN,NaN,NaN,NaN,NaN,NaN,NaN,NaN,NaN,NaN
NaN,NaN,NaN,0.111111111,NaN,NaN,NaN,NaN,NaN,NaN,NaN,NaN,NaN,NaN,NaN,NaN,NaN
NaN,NaN,NaN,0.027777778,NaN,11.2813577651978,NaN,NaN,NaN,NaN,NaN,NaN,NaN,NaN,NaN,NaN,NaN
NaN,NaN,NaN,0.138888889,0.6516666667,12.2971897125244,NaN,NaN,NaN,NaN,NaN,NaN,NaN,NaN,NaN,NaN,NaN
NaN,NaN,NaN,0.744444444,0,37.5998001098633,NaN,NaN,NaN,NaN,NaN,NaN,NaN,NaN,NaN,NaN,NaN
NaN,NaN,NaN,1.164285714,0,-24.902515411377,NaN,NaN,NaN,NaN,NaN,NaN,NaN,NaN,NaN,NaN,NaN
NaN,NaN,NaN,1.805555556,0,NaN,NaN,NaN,NaN,NaN,NaN,NaN,NaN,NaN,NaN,NaN,NaN
NaN,NaN,NaN,2.216666667,0,-69.1106185913086,NaN,NaN,NaN,NaN,NaN,NaN,NaN,NaN,NaN,NaN,NaN
NaN,NaN,NaN,1.822222222,0,-42.5298500061035,NaN,NaN,NaN,NaN,NaN,NaN,NaN,NaN,NaN,NaN,NaN
NaN,NaN,NaN,1.188888889,0,-43.2107009887695,NaN,NaN,NaN,NaN,NaN,NaN,NaN,NaN,NaN,NaN,NaN
NaN,NaN,NaN,1.466666667,0,-48.7556037902832,NaN,NaN,NaN,NaN,NaN,NaN,NaN,NaN,NaN,NaN,NaN
NaN,NaN,NaN,1.122222222,NaN,-50.3946647644043,NaN,NaN,NaN,NaN,NaN,NaN,NaN,NaN,NaN,NaN,NaN
NaN,NaN,NaN,NaN,NaN,30.9685859680176,NaN,NaN,NaN,NaN,NaN,NaN,NaN,NaN,NaN,NaN,NaN
NaN,NaN,NaN,0,NaN,65.4802780151367,NaN,NaN,NaN,NaN,NaN,NaN,NaN,NaN,NaN,NaN,NaN
NaN,NaN,NaN,0.071428571,NaN,59.6000213623047,NaN,NaN,NaN,NaN,NaN,NaN,NaN,NaN,NaN,NaN,NaN
NaN,NaN,NaN,0.077777778,0.7605555556,100.245887756348,NaN,NaN,NaN,NaN,NaN,NaN,NaN,NaN,NaN,NaN,NaN
NaN,NaN,NaN,0.177777778,0.7172222222,101.36540222168,NaN,NaN,NaN,NaN,NaN,NaN,NaN,NaN,NaN,NaN,NaN
NaN,NaN,NaN,1.022222222,0,NaN,NaN,NaN,NaN,NaN,NaN,NaN,NaN,NaN,NaN,NaN,NaN
NaN,NaN,NaN,1.733333333,0,17.0973033905029,NaN,NaN,NaN,NaN,NaN,NaN,NaN,NaN,NaN,NaN,NaN
NaN,NaN,NaN,2.166666667,0,-20.8863792419434,NaN,NaN,NaN,NaN,NaN,NaN,NaN,NaN,NaN,NaN,NaN
NaN,NaN,NaN,2.733333333,0,-65.1764144897461,NaN,NaN,NaN,NaN,NaN,NaN,NaN,NaN,NaN,NaN,NaN
NaN,NaN,NaN,1.194444444,0,-48.1102714538574,NaN,NaN,NaN,NaN,NaN,NaN,NaN,NaN,NaN,NaN,NaN
NaN,NaN,NaN,1.766666667,0,NaN,NaN,NaN,NaN,NaN,NaN,NaN,NaN,NaN,NaN,NaN,NaN
NaN,NaN,NaN,0.9875,NaN,3.23633575439453,NaN,NaN,NaN,NaN,NaN,NaN,NaN,NaN,NaN,NaN,NaN
NaN,NaN,NaN,NaN,NaN,-36.4287643432617,NaN,NaN,NaN,NaN,NaN,NaN,NaN,NaN,NaN,NaN,NaN
NaN,NaN,NaN,NaN,NaN,6.19778394699097,NaN,NaN,NaN,NaN,NaN,NaN,NaN,NaN,NaN,NaN,NaN
NaN,NaN,NaN,0.014285714,NaN,-7.75852394104004,NaN,NaN,NaN,NaN,NaN,NaN,NaN,NaN,NaN,NaN,NaN
NaN,NaN,NaN,0.105555556,0.7044444444,NaN,NaN,NaN,NaN,NaN,NaN,NaN,NaN,NaN,NaN,NaN,NaN
NaN,NaN,NaN,0.12,0.7372222222,-2.88769483566284,NaN,NaN,NaN,NaN,NaN,NaN,NaN,NaN,NaN,NaN,NaN
NaN,NaN,NaN,1.222222222,0,-7.70031976699829,NaN,NaN,NaN,NaN,NaN,NaN,NaN,NaN,NaN,NaN,NaN
NaN,NaN,NaN,NaN,0,-62.6788101196289,NaN,NaN,NaN,NaN,NaN,NaN,NaN,NaN,NaN,NaN,NaN
NaN,NaN,NaN,2.322222222,0,-59.3876457214355,NaN,NaN,NaN,NaN,NaN,NaN,NaN,NaN,NaN,NaN,NaN
NaN,NaN,NaN,1.833333333,0,NaN,NaN,NaN,NaN,NaN,NaN,NaN,NaN,NaN,NaN,NaN,NaN
NaN,NaN,NaN,1.285714286,0,NaN,NaN,NaN,NaN,NaN,NaN,NaN,NaN,NaN,NaN,NaN,NaN
NaN,NaN,NaN,1.483333333,0,-71.7655181884766,NaN,NaN,NaN,NaN,NaN,NaN,NaN,NaN,NaN,NaN,NaN
NaN,NaN,NaN,0.233333333,NaN,-67.9646606445312,NaN,NaN,NaN,NaN,NaN,NaN,NaN,NaN,NaN,NaN,NaN
NaN,NaN,NaN,NaN,NaN,-8.43809509277344,NaN,NaN,NaN,NaN,NaN,NaN,NaN,NaN,NaN,NaN,NaN
-0.0329707425107408,0.00551558456140573,0.0100001552709734,NaN,NaN,-1.35744285583496,NaN,0.0501164880061935,0.0655856158505806,0.079912122588,0.0910215994064516,0.0111094568732903,0.0054621814574777,0.00821673808325531,0.0490574535812416,0.00987023644779524,-0.00786906904703675
0.121782553287897,0.0267556585564898,NaN,NaN,NaN,NaN,NaN,0.0396869661797143,0.154885365771429,0.0120039900402857,0.145904602628571,0.133900519885714,0.0313670697171429,-0.00089262460317285,0.120501460622533,0.0310728867771628,-0.00747783434014735
0.0662798209541303,0.0129894193101635,0.221373829810067,0.105555556,0.7533333333,38.4787139892578,NaN,0.0747703265109677,0.209438668753548,0.0422188783757419,0.118545740825806,0.0763266870859355,0.012773365659871,0.198825777946355,0.0984979801680088,0.0121435183919508,0.182982332400431
0.0985951937467115,0.0245770057177123,1.01998026869029,0.688888889,0,14.774658203125,NaN,0.1852496676144,0.27763043544,0.214383431736,0.34821990936,0.133836428736,0.02558436192,0.819472455785632,0.127799225057544,0.0264996884041501,0.806711675954663
-0.293929366689167,0.0214639907719763,1.63117817948272,1.033333333,0,-45.7906799316406,NaN,0.816893134608774,0.645141468541935,0.799426546848,0.649025010580645,-0.150402496645161,0.0220118883096774,1.38510395070895,-0.155381313922876,0.0218340386809289,1.36889220790151
-1.48602813238183,0.0725005950935568,2.44939844456516,1.425,0,-76.4226913452148,NaN,2.0392791252768,0.777906648,2.268866662416,1.1770546824,-1.0918127232,0.07182622512,2.08023699639467,-1.09707339544531,0.0723999520360189,2.07041178012212
-1.37179323499386,0.0954337342082041,3.09010184096408,2.161111111,0,NaN,NaN,3.05052110393342,2.19881534632258,3.71575613324903,2.98070579612903,-0.735050025522581,0.0925212030967742,2.4725244113241,-0.835510371887386,0.0932136652776224,2.47370517059282
-0.695628066869982,0.0814604416641232,1.88657533409163,1.733333333,0,-111.782379150391,NaN,1.89367539432852,1.35705217703226,1.75352909751174,1.54790432129032,-0.205624992764903,0.0799928804903226,1.22450912758772,-0.415304785848177,0.0879345254980415,1.15493933033034
-0.354824496837955,NaN,1.1269997508844,1.283333333,0,-134.356353759766,NaN,1.14378015114,0.979636428,0.7783185597048,1.1969755776,0.4186607427432,-9999,0.821704355417593,-0.0194174304313811,0.0420937548223692,0.80375576001219
0.348941772973661,NaN,0.103763959066203,1.416666667,0,-118.211776733398,NaN,0.172347591152206,0.456940147354839,0.176098689504232,0.561057791225806,0.384959019855484,-9999,0.0823734272704178,0.341669278896264,0.0245160414552049,0.0747034960855039
0.225859460067,NaN,0.00437190385054577,0.414285714,NaN,-69.7406463623047,NaN,0.02669911863552,0.22552254144,0.006670213668,0.2596397976,0.2529694404,-9999,0.00665090006777925,0.222637606045389,0.0180900677114005,-0.0029419515554413
0.190979689239947,NaN,NaN,NaN,NaN,NaN,NaN,0.0370010620985806,0.434397224996129,-0.0351451893112258,0.19693558916129,0.232080602564903,-9999,-0.00588487202792417,0.164519983564868,0.0102718416409042,-0.0121069102788047
0.0200066186130863,NaN,NaN,0,NaN,-20.0527858734131,NaN,0.0235015886508387,0.201671619793548,0.0740044729539871,0.107081776126452,0.033076947267871,-9999,-0.0116547441942841,0.0901480115513517,0.00356946731318193,-0.0162687649558034
0.150531988536339,0.00671778759951054,0.0303609524528702,0.166666667,NaN,-7.85915803909302,NaN,0.102203033502857,0.372178358742857,0.0336496215020657,0.175925881028571,0.142276063294286,0.00665853816342857,0.0406623553564056,0.142240537672033,0.00654708686963162,0.0268694445123469
0.0756947894085885,0.00196442963203371,0.136526979293054,0.03125,0.7683333333,-3.76111364364624,NaN,0.0903256008619355,0.251571456929032,0.010469908119809,0.0877755334993548,0.0773057814665806,0.00223827054944516,0.11853086159096,0.104547694093452,0.00267728390913916,0.0981001346348321
0.205564188903619,0.0266461850753762,0.453452169927227,0.371428571,0.6138888889,14.1227140426636,NaN,0.231900378192,0.3875286672,0.08035741855872,0.31830290712,0.237945527568,0.0265723077384,0.365510450517838,0.212142613677065,0.0259900200087202,0.361685171636852
-0.199880313750369,0.0228499655167171,1.03053786778371,1.066666667,0,41.1129379272461,NaN,0.740233683671226,0.617505168774194,0.771546411334452,0.713642741419355,-0.0579035842536774,0.0229647911225806,0.855479987300204,-0.0814401236987487,0.0226800926073612,0.84155727580207
-1.12302848299148,0.0505899554062068,2.1682712458779,1.366666667,0,NaN,NaN,1.833400853316,0.9441620928,1.882376716392,1.0338319368,-0.84854419308,0.05078381112,1.8328185121241,-0.83785126226098,0.0511983709223802,1.83341412537398
-1.99398198420283,0.0794922662847672,1.82576066763913,1.677777778,0,-49.7939910888672,NaN,2.63077519702297,1.24773413109677,2.75954652309832,1.50982780645161,-1.24971843049548,0.0778681623483871,1.41252872904974,-1.20899936988723,0.0786144384219751,1.40367384395094
-1.54530297815497,0.0755678868633475,2.15179979017683,1.777777778,0,-85.7749938964844,NaN,2.26324865308645,1.46736008129032,2.19652541463716,1.42384344619355,-0.772681821932903,0.0742197669677419,1.47901807157651,-0.75543491162274,0.074865635774161,1.47796662240647
-0.198464469818916,0.0492066575344325,0.844385133998621,1.227777778,0,-93.7229461669922,NaN,0.87727931928,0.9334859688,0.8501271845832,0.9763108128,0.12618337932,0.04857007104,0.53407704106451,0.12293103014103,0.048950975917109,0.529265493266199
0.196417378355073,0.0260625899502291,0.254966553667624,1.855555556,0,NaN,NaN,0.237847898873032,0.368972456980645,0.208153685415484,0.495076661419355,0.286923088428387,0.0256603756645161,0.168445697478935,0.248368829895019,0.0256111049637381,0.170005760761803
0.261439693900028,0.0161729059011788,0.00986284503282316,1.275,NaN,NaN,NaN,0.0313735106232,0.27006513984,0.0236620712808,0.2885922144,0.26493009912,0.0160695108,0.0059219575147315,0.253847052369648,0.0162243958991311,-0.0018084166945067
0.21172643839676,0.010416745482955,NaN,NaN,NaN,-67.0184020996094,NaN,0.0194269139465806,0.277689469703226,0.00472406974374194,0.213592863251613,0.208868792748387,0.0104176544283871,-0.00263131238527043,0.179896250842621,0.0101079615676662,-0.0126294028744997
0.0696248424489796,0.00282622067646358,0.00553789300473991,0,NaN,-62.6593322753906,NaN,0.0174717772025806,0.0855064202632258,-0.00242918378122064,0.0765331849393548,0.0789621327406452,0.00334423937429419,0.00452373981947802,0.0883059029707045,0.00363392104335019,-0.0229116329430551
0.0364482436987013,0.00293042000729507,0.00782364520440998,0.014285714,NaN,-8.70449256896973,NaN,0.0188083136457931,0.0900961294344828,0.00429713225302345,0.0723688887724138,0.0680717850033103,0.00376793068493793,0.0264006886127287,0.0878274591397825,0.00394417672113839,-0.0139899463792709
0.0741983935270867,0.00989429769895537,0.0967189470559887,0.0625,0.6994444444,11.4335632324219,NaN,0.0335680286922581,0.172284674516129,0.00852795858147097,0.112687680774194,0.104159666810323,0.00925039815421936,0.103690899365302,0.116427469440403,0.00567253316923314,0.0669874472682995
0.187637127133041,0.0286195039072229,0.466354304471399,0.266666667,0.7083333333,NaN,NaN,0.10144429417008,0.3109728924,0.0687174330312,0.288172476,0.2194546823208,0.024694518384,0.31879888595115,0.1486718008813,0.0178061289457856,0.300261198769529
-0.473310351012863,0.0265612392082851,2.39110749620361,1.272222222,0,-37.6037330627441,NaN,0.823332413522323,0.613815790529032,0.925681844986839,0.778352787870968,-0.147328881723871,0.0268160014451613,1.83756286649596,-0.151475472098725,0.0263359168783537,1.81863918294262
-1.34009655973702,0.0633129712458671,2.21943516571045,1.333333333,0,-87.0130462646484,NaN,1.9891247491872,1.1515837824,1.980915948504,1.1977481448,-0.78316936416,0.06373705032,1.83482163793342,-0.794380173305702,0.0632782901740471,1.80781617009125
-1.48340698591086,0.0793254047619824,2.11327248975609,2.033333333,0,-106.021224975586,NaN,2.32366066558839,1.53065415716129,2.18253703343226,1.45889019870968,-0.72364662576,0.0785015203354839,1.62963351703359,-0.722773583709491,0.0788146315746135,1.59111719342461
-1.06350337462517,0.0728016865426447,1.34688689192236,1.561111111,0,-99.9625244140625,NaN,1.82800898300903,1.48996493419355,1.72760755189239,1.43257356696774,-0.29503298088,0.0727397914064516,0.982018610197112,-0.342903596953658,0.0723072999207296,0.9530216121724
-0.69369577933713,0.0481585240567778,1.03740400402373,1.266666667,0,NaN,NaN,0.9418721737536,0.8822224872,0.96507064874844,1.0727967384,0.107725690944,0.05117377752,0.61387495429206,0.0537819241047952,0.0470543025116812,0.629182711382186
-0.00661558400090465,0.0240096562104631,0.274327439002074,1.633333333,0,NaN,NaN,0.250647450619819,0.429068768516129,0.255965173917677,0.517817364387097,0.261852137883871,0.0243101924129032,0.187358142467633,0.239560091682699,0.0231868775105569,0.133127096033292
0.336272398144604,0.0162056670380458,NaN,0,NaN,-112.46849822998,NaN,0.03996751449528,0.36585641664,0.001901120615784,0.3437617464,0.34186065624,0.016250545008,-0.00392042045034563,0.270958507506065,0.015542564779123,-0.0154525017413788
0.22990282896049,0.00759743495894863,0.0175168424424014,NaN,NaN,-92.2548294067383,NaN,0.0172248690929806,0.293415221496774,0.00348544118866065,0.240411992516129,0.236926597006452,0.00756570699870968,0.00619854368499607,0.183285810030571,0.00825110793129219,-0.00768956296583739
0.0465893945223264,0.00293510045208334,NaN,NaN,NaN,-43.9511947631836,NaN,0.0210999622693239,0.140797450165935,0.0144699145613884,0.0707921460929032,0.0563223116183226,0.0028592194995871,-0.0132519246752283,0.0899321021801668,0.00351371135815745,-0.0246471099107066
0.0222372868465892,0.00454426652260945,0.0249778447731399,0.1125,NaN,NaN,NaN,0.0359273693777143,0.138116927057143,0.00401048181033428,0.0415107735428571,0.0375002750697429,0.00487329698337429,0.02740535211587,0.0798798554007539,0.00468961133242597,-0.00845560601049297
-0.00925717995845754,0.00389978443520273,0.202083675077892,0.122222222,0.7133333333,-37.2678451538086,NaN,0.0475207068077419,0.0212599728,0.0390921062988681,0.0380818168722581,-0.00101037321522581,0.00380008240483355,0.153848530206662,0.0584663747445041,0.00388274373580036,0.138896207419794
0.0115433608509041,0.00701486151319345,0.416482720926283,0.166666667,0.69,-3.05622529983521,NaN,0.16430095439208,0.20565470592,0.10804909806,0.13565297952,0.0276040231704,0.0074691567432,0.342852643026796,0.0754124045812997,0.00761946789975391,0.312832781314901
-0.429858106504138,NaN,2.03960922802998,1.05,0,-29.1198749542236,NaN,0.786703358418735,0.438723714890323,0.876519930867097,0.544533672774194,-0.331986713016774,-9999,1.81129398123561,-0.317501605189403,0.0270338961417845,1.77986814075637
-1.66011176337875,NaN,2.66024063292467,1.344444444,0,-82.743522644043,NaN,2.2036069415088,0.96440786496,2.3352614230176,1.1908471824,-1.14441431148,-9999,2.27889847420834,-1.16726646509105,0.0687299855111663,2.2646441530187
-2.05252485171734,NaN,2.18694232481361,2.175,0,NaN,NaN,2.46238691914452,1.01318125703226,2.99900356484284,1.83477116903226,-1.16423451137032,-9999,1.75407778256586,-1.19799968378879,0.0769711282002884,1.72950393820741
-1.42432849357215,NaN,1.45633785263323,1.9,0,NaN,NaN,2.26419583280516,1.34522995354839,2.43858114397858,1.70110751225806,-0.737472924905806,-9999,1.10427526535503,-0.762420028613735,0.0653882904661255,1.10235767511355
-0.36496402503379,NaN,0.621162753378223,NaN,0,NaN,NaN,0.8263246963752,0.9090898632,0.9469698570864,1.12741884,0.180449381736,-9999,0.297331494971027,0.133837321754416,0.0483453982720024,0.314832562784168
0.297263076859438,0.0200136731435856,0.163804892661753,0.9,NaN,NaN,NaN,0.188958463882142,0.420152537264516,0.207102990632284,0.524067972387097,0.316964894144516,0.0199196730224505,0.130089927571141,0.301301720441308,0.0206867646730908,0.108524008977719
0.211219460927627,0.0123067193702998,0.00525580809267893,0.866666667,NaN,NaN,NaN,0.014072607509472,0.158752427112,0.016439285387808,0.21193329168,0.19549419408,0.012119840784,0.0129178190174879,0.20462677116724,0.0131662594529042,-0.0102056251832545
0.148309904579493,0.0206734426128869,NaN,NaN,NaN,NaN,NaN,0.00156833346987871,0.0934547220696774,-0.00836548049682581,0.150378189677419,0.158743971406452,0.0165586660490323,-0.00376465359021693,0.140467629205951,0.011984556328755,-0.0296761458821544
0.0535190680169354,0.00243166546966056,NaN,NaN,NaN,NaN,NaN,0.00123157809524903,0.0523752516232258,-0.00351434351473548,0.0481700004387097,0.05168436984,0.00433599990735484,-0.0236825066940642,0.0791850187418642,0.00422885666097128,-0.0324524847328742
0.0632351313356767,0.00175040024885341,NaN,0.027777778,NaN,NaN,NaN,0.00367218633085714,0.0384479522948571,-0.012297759988428,0.0322844908371429,0.0445822312885714,0.00230044178057143,-0.0263469670644584,0.0656756458658398,0.00283509753598844,-0.0318427235825494
0.0486811711265726,0.00295317468917214,0.0608585645515048,0.116666667,0.6405555556,NaN,NaN,0.014732252734529,0.0800190401806452,-0.00333968153063226,0.0600368530064516,0.0633766092549678,0.00344479734116129,0.0692426225265685,0.0805712403576247,0.00361346928431244,0.0534527326093273
0.153845360661584,0.0187539198583399,NaN,0.1,0.7605555556,NaN,NaN,0.0492335217504,0.25065683424,-0.0013882480272,0.13502050632,0.136408556556,0.0132090556896,-0.0413969811962264,0.150353825629525,0.0105431705289855,0.379273776264617
-0.17292905116736,0.0309731522460952,3.66800112539584,1.222222222,0,NaN,NaN,0.780512943869652,0.655596237135484,1.03781925773419,1.01523428825806,-0.0225854167354839,0.0316382251354839,3.203931265502,-0.0828618375124638,0.0311756245442188,3.11730832631909
-0.83664474859791,0.0613336789819036,3.1903414821344,1.661111111,0,-122.519004821777,NaN,1.89357182739432,1.2940937928,1.80926912088,1.2333105144,-0.5759573340024,0.06134726016,2.75441193921504,-0.591684158242031,0.0607966955619801,2.71925502018094
0.330980983211289,0.054653460093032,2.89712339747625,1.8,0,-166.280700683594,NaN,1.44099829711742,1.64304375096774,1.50619299623768,1.91362628903226,0.407432705204903,0.0553898694193548,2.30736212084021,0.26921080408681,0.0543070033017354,2.4020193811851
-0.16450702808936,0.0532067450811227,2.1607927231825,1.416666667,0,NaN,NaN,1.39555119525677,1.17211301883871,1.5708867759871,1.59202655070968,0.0211420748438709,0.0535633337032258,1.6448273004492,-0.0151064633271325,0.0529528314854682,1.61172014101014
-0.0976833103507216,0.0416598283200118,0.750435140883417,1.3,0,NaN,NaN,0.447160893624,0.4111586064,0.44640616203792,0.5169753792,0.070569495648,0.04160597976,0.456456847448122,0.126664125010924,0.0411266748078312,0.462207729601756
0.135019582574025,0.0208958044625474,0.194774543386865,1.716666667,0,-156.561767578125,NaN,0.0859154370361548,0.1583169408,0.0931452141716129,0.221216522632258,0.128071109496774,0.0208397347664516,0.118464272605298,0.201428039031794,0.0206320874369444,0.107085024169093
0.113922039792215,0.013121531112368,NaN,1.322222222,NaN,-139.041275024414,NaN,0.027708021072,0.14095079208,0.0109878462530064,0.12080294856,0.1098149781816,0.01319741784,-0.0111858711390667,0.173826627365547,0.0130078242965501,-0.0185469738649467
0.0738419203346069,0.0133207392148858,NaN,NaN,NaN,-93.9543762207031,NaN,0.00760217666864516,0.0838980142722581,-0.00450148226910968,0.0729143842064516,0.0774158134064516,0.013442558283871,-0.0171798543320924,0.10824729344219,0.0129194875259536,-0.0333925850699503
NaN,NaN,NaN,0,NaN,-91.8133392333984,NaN,NaN,NaN,NaN,NaN,NaN,NaN,NaN,NaN,NaN,NaN
NaN,NaN,NaN,0.125,NaN,-97.1706237792969,NaN,NaN,NaN,NaN,NaN,NaN,NaN,NaN,NaN,NaN,NaN
NaN,NaN,NaN,0.1,0.7261111111,-56.353588104248,NaN,NaN,NaN,NaN,NaN,NaN,NaN,NaN,NaN,NaN,NaN
NaN,NaN,NaN,0.061111111,0.7361111111,-25.6571426391602,NaN,NaN,NaN,NaN,NaN,NaN,NaN,NaN,NaN,NaN,NaN
NaN,NaN,NaN,1.077777778,0,-73.1460037231445,NaN,NaN,NaN,NaN,NaN,NaN,NaN,NaN,NaN,NaN,NaN
NaN,NaN,NaN,2.2,0,-108.817886352539,NaN,NaN,NaN,NaN,NaN,NaN,NaN,NaN,NaN,NaN,NaN
NaN,NaN,NaN,2.327777778,0,-144.775985717773,NaN,NaN,NaN,NaN,NaN,NaN,NaN,NaN,NaN,NaN,NaN
NaN,NaN,NaN,1.358333333,0,-168.045013427734,NaN,NaN,NaN,NaN,NaN,NaN,NaN,NaN,NaN,NaN,NaN
NaN,NaN,NaN,1.416666667,0,-137.472198486328,NaN,NaN,NaN,NaN,NaN,NaN,NaN,NaN,NaN,NaN,NaN
NaN,NaN,NaN,0.688888889,0,-145.751800537109,NaN,NaN,NaN,NaN,NaN,NaN,NaN,NaN,NaN,NaN,NaN
NaN,NaN,NaN,0.2,NaN,-122.491104125977,NaN,NaN,NaN,NaN,NaN,NaN,NaN,NaN,NaN,NaN,NaN
NaN,NaN,NaN,NaN,NaN,-85.9913558959961,NaN,NaN,NaN,NaN,NaN,NaN,NaN,NaN,NaN,NaN,NaN
NaN,NaN,NaN,0.1,NaN,-32.1655426025391,NaN,NaN,NaN,NaN,NaN,NaN,NaN,NaN,NaN,NaN,NaN
NaN,NaN,NaN,0.083333333,NaN,-7.09086799621582,NaN,NaN,NaN,NaN,NaN,NaN,NaN,NaN,NaN,NaN,NaN
NaN,NaN,NaN,0.144444444,0.7127777778,20.915412902832,NaN,NaN,NaN,NaN,NaN,NaN,NaN,NaN,NaN,NaN,NaN
NaN,NaN,NaN,0.16,0.7483333333,41.9009590148926,NaN,NaN,NaN,NaN,NaN,NaN,NaN,NaN,NaN,NaN,NaN
NaN,NaN,NaN,1.122222222,0.1555555556,8.299072265625,NaN,NaN,NaN,NaN,NaN,NaN,NaN,NaN,NaN,NaN,NaN
NaN,NaN,NaN,1.9,0,-76.9913024902344,NaN,NaN,NaN,NaN,NaN,NaN,NaN,NaN,NaN,NaN,NaN
NaN,NaN,NaN,2.9,0,-95.7027130126953,NaN,NaN,NaN,NaN,NaN,NaN,NaN,NaN,NaN,NaN,NaN
NaN,NaN,NaN,1.994444444,0,-106.907279968262,NaN,NaN,NaN,NaN,NaN,NaN,NaN,NaN,NaN,NaN,NaN
NaN,NaN,NaN,1.394444444,0,-125.929786682129,NaN,NaN,NaN,NaN,NaN,NaN,NaN,NaN,NaN,NaN,NaN
NaN,NaN,NaN,0.077777778,0,-104.607299804688,NaN,NaN,NaN,NaN,NaN,NaN,NaN,NaN,NaN,NaN,NaN
NaN,NaN,NaN,NaN,NaN,-80.0484008789062,NaN,NaN,NaN,NaN,NaN,NaN,NaN,NaN,NaN,NaN,NaN
NaN,NaN,NaN,NaN,NaN,-45.4144744873047,NaN,NaN,NaN,NaN,NaN,NaN,NaN,NaN,NaN,NaN,NaN
NaN,NaN,NaN,NaN,NaN,-51.3823013305664,NaN,NaN,NaN,NaN,NaN,NaN,NaN,NaN,NaN,NaN,NaN
NaN,NaN,NaN,0.088888889,NaN,-81.1761322021484,NaN,NaN,NaN,NaN,NaN,NaN,NaN,NaN,NaN,NaN,NaN
NaN,NaN,NaN,0.12,0.6444444444,-21.5174255371094,NaN,NaN,NaN,NaN,NaN,NaN,NaN,NaN,NaN,NaN,NaN
NaN,NaN,NaN,0.122222222,0.7244444444,NaN,NaN,NaN,NaN,NaN,NaN,NaN,NaN,NaN,NaN,NaN,NaN
NaN,NaN,NaN,0.8,0,NaN,NaN,NaN,NaN,NaN,NaN,NaN,NaN,NaN,NaN,NaN,NaN
NaN,NaN,NaN,2.45,0,NaN,NaN,NaN,NaN,NaN,NaN,NaN,NaN,NaN,NaN,NaN,NaN
NaN,NaN,NaN,2.805555556,0,NaN,NaN,NaN,NaN,NaN,NaN,NaN,NaN,NaN,NaN,NaN,NaN
NaN,NaN,NaN,2.294444444,0,NaN,NaN,NaN,NaN,NaN,NaN,NaN,NaN,NaN,NaN,NaN,NaN
NaN,NaN,NaN,1.35,0,NaN,NaN,NaN,NaN,NaN,NaN,NaN,NaN,NaN,NaN,NaN,NaN
NaN,NaN,NaN,0.133333333,NaN,NaN,NaN,NaN,NaN,NaN,NaN,NaN,NaN,NaN,NaN,NaN,NaN
NaN,NaN,NaN,0.633333333,NaN,NaN,NaN,NaN,NaN,NaN,NaN,NaN,NaN,NaN,NaN,NaN,NaN
NaN,NaN,NaN,NaN,NaN,NaN,NaN,NaN,NaN,NaN,NaN,NaN,NaN,NaN,NaN,NaN,NaN
