NBE,CH4,ET,LAI,SCF,EWT,ABGB,GPP_DT,ER_DT,GPP_NT,ER_NT,NBE_F,CH4_F,ET_F,NBE_ANN,CH4_ANN,ET_ANN
NaN,NaN,NaN,0,NaN,32.9556655883789,NaN,NaN,NaN,NaN,NaN,NaN,NaN,NaN,NaN,NaN,NaN
NaN,NaN,NaN,0,NaN,60.8662796020508,NaN,NaN,NaN,NaN,NaN,NaN,NaN,NaN,NaN,NaN,NaN
NaN,NaN,NaN,0,0.7922222222,81.43212890625,NaN,NaN,NaN,NaN,NaN,NaN,NaN,NaN,NaN,NaN,NaN
NaN,NaN,NaN,0.1,0.6055555556,97.0903472900391,NaN,NaN,NaN,NaN,NaN,NaN,NaN,NaN,NaN,NaN,NaN
NaN,NaN,NaN,0.33125,0.1377777778,105.401069641113,NaN,NaN,NaN,NaN,NaN,NaN,NaN,NaN,NaN,NaN,NaN
NaN,NaN,NaN,0.861111111,0,-0.493252128362656,NaN,NaN,NaN,NaN,NaN,NaN,NaN,NaN,NaN,NaN,NaN
NaN,NaN,NaN,1.638888889,0,-37.1126022338867,NaN,NaN,NaN,NaN,NaN,NaN,NaN,NaN,NaN,NaN,NaN
NaN,NaN,NaN,1.338888889,0,-25.0967197418213,NaN,NaN,NaN,NaN,NaN,NaN,NaN,NaN,NaN,NaN,NaN
NaN,NaN,NaN,0.7,0,-18.0144920349121,NaN,NaN,NaN,NaN,NaN,NaN,NaN,NaN,NaN,NaN,NaN
NaN,NaN,NaN,NaN,NaN,-5.26722478866577,NaN,NaN,NaN,NaN,NaN,NaN,NaN,NaN,NaN,NaN,NaN
NaN,NaN,NaN,NaN,NaN,-13.5174560546875,NaN,NaN,NaN,NaN,NaN,NaN,NaN,NaN,NaN,NaN,NaN
NaN,NaN,NaN,NaN,NaN,14.6833305358887,NaN,NaN,NaN,NaN,NaN,NaN,NaN,NaN,NaN,NaN,NaN
NaN,NaN,NaN,NaN,NaN,12.0958919525146,NaN,NaN,NaN,NaN,NaN,NaN,NaN,NaN,NaN,NaN,NaN
NaN,NaN,NaN,0.061111111,NaN,47.4945449829102,NaN,NaN,NaN,NaN,NaN,NaN,NaN,NaN,NaN,NaN,NaN
NaN,NaN,NaN,NaN,0.6966666667,80.2192687988281,NaN,NaN,NaN,NaN,NaN,NaN,NaN,NaN,NaN,NaN,NaN
NaN,NaN,NaN,NaN,0.6411111111,79.8368148803711,NaN,NaN,NaN,NaN,NaN,NaN,NaN,NaN,NaN,NaN,NaN
NaN,NaN,NaN,0.2,0.3322222222,54.5077323913574,NaN,NaN,NaN,NaN,NaN,NaN,NaN,NaN,NaN,NaN,NaN
NaN,NaN,NaN,1.011111111,0,-8.69505214691162,NaN,NaN,NaN,NaN,NaN,NaN,NaN,NaN,NaN,NaN,NaN
NaN,NaN,NaN,1.772222222,0,-26.4901962280273,NaN,NaN,NaN,NaN,NaN,NaN,NaN,NaN,NaN,NaN,NaN
NaN,NaN,NaN,1.455555556,0,-46.6103172302246,NaN,NaN,NaN,NaN,NaN,NaN,NaN,NaN,NaN,NaN,NaN
NaN,NaN,NaN,0.927777778,0,-57.9817161560059,NaN,NaN,NaN,NaN,NaN,NaN,NaN,NaN,NaN,NaN,NaN
NaN,NaN,NaN,1.3,NaN,-44.2795867919922,NaN,NaN,NaN,NaN,NaN,NaN,NaN,NaN,NaN,NaN,NaN
NaN,NaN,NaN,NaN,NaN,-65.9855194091797,NaN,NaN,NaN,NaN,NaN,NaN,NaN,NaN,NaN,NaN,NaN
NaN,NaN,NaN,NaN,NaN,-17.4125823974609,NaN,NaN,NaN,NaN,NaN,NaN,NaN,NaN,NaN,NaN,NaN
NaN,NaN,NaN,NaN,NaN,9.80248928070068,NaN,NaN,NaN,NaN,NaN,NaN,NaN,NaN,NaN,NaN,NaN
NaN,NaN,NaN,NaN,NaN,20.1752872467041,NaN,NaN,NaN,NaN,NaN,NaN,NaN,NaN,NaN,NaN,NaN
NaN,NaN,NaN,0,0.6972222222,10.1575775146484,NaN,NaN,NaN,NaN,NaN,NaN,NaN,NaN,NaN,NaN,NaN
NaN,NaN,NaN,NaN,0.7288888889,32.5623588562012,NaN,NaN,NaN,NaN,NaN,NaN,NaN,NaN,NaN,NaN,NaN
NaN,NaN,NaN,0.722222222,0,17.1970748901367,NaN,NaN,NaN,NaN,NaN,NaN,NaN,NaN,NaN,NaN,NaN
NaN,NaN,NaN,1.522222222,0,-39.8930931091309,NaN,NaN,NaN,NaN,NaN,NaN,NaN,NaN,NaN,NaN,NaN
NaN,NaN,NaN,1.494444444,0,-62.863597869873,NaN,NaN,NaN,NaN,NaN,NaN,NaN,NaN,NaN,NaN,NaN
NaN,NaN,NaN,1.388888889,0,-57.1266136169434,NaN,NaN,NaN,NaN,NaN,NaN,NaN,NaN,NaN,NaN,NaN
NaN,NaN,NaN,NaN,0.00611111111,-48.387264251709,NaN,NaN,NaN,NaN,NaN,NaN,NaN,NaN,NaN,NaN,NaN
NaN,NaN,NaN,0.5,NaN,-54.7809219360352,NaN,NaN,NaN,NaN,NaN,NaN,NaN,NaN,NaN,NaN,NaN
NaN,NaN,NaN,0.3,NaN,-32.3283081054688,NaN,NaN,NaN,NaN,NaN,NaN,NaN,NaN,NaN,NaN,NaN
NaN,NaN,NaN,NaN,NaN,-35.401927947998,NaN,NaN,NaN,NaN,NaN,NaN,NaN,NaN,NaN,NaN,NaN
NaN,NaN,NaN,NaN,NaN,-28.1060638427734,NaN,NaN,NaN,NaN,NaN,NaN,NaN,NaN,NaN,NaN,NaN
NaN,NaN,NaN,0,NaN,-34.2675704956055,NaN,NaN,NaN,NaN,NaN,NaN,NaN,NaN,NaN,NaN,NaN
NaN,NaN,NaN,NaN,0.6827777778,-21.9012279510498,NaN,NaN,NaN,NaN,NaN,NaN,NaN,NaN,NaN,NaN,NaN
NaN,NaN,NaN,0,0.7361111111,4.72716188430786,NaN,NaN,NaN,NaN,NaN,NaN,NaN,NaN,NaN,NaN,NaN
NaN,NaN,NaN,NaN,0.6111111111,22.5620880126953,NaN,NaN,NaN,NaN,NaN,NaN,NaN,NaN,NaN,NaN,NaN
NaN,NaN,NaN,0.772222222,0,-42.9635467529297,NaN,NaN,NaN,NaN,NaN,NaN,NaN,NaN,NaN,NaN,NaN
NaN,NaN,NaN,1.561111111,0,-40.1911697387695,NaN,NaN,NaN,NaN,NaN,NaN,NaN,NaN,NaN,NaN,NaN
NaN,NaN,NaN,1.283333333,0,-46.3711967468262,NaN,NaN,NaN,NaN,NaN,NaN,NaN,NaN,NaN,NaN,NaN
NaN,NaN,NaN,0.788888889,0,-63.4340515136719,NaN,NaN,NaN,NaN,NaN,NaN,NaN,NaN,NaN,NaN,NaN
NaN,NaN,NaN,0.05,NaN,-40.5285568237305,NaN,NaN,NaN,NaN,NaN,NaN,NaN,NaN,NaN,NaN,NaN
NaN,NaN,NaN,0.025,NaN,-19.899112701416,NaN,NaN,NaN,NaN,NaN,NaN,NaN,NaN,NaN,NaN,NaN
NaN,NaN,NaN,NaN,NaN,7.04117298126221,NaN,NaN,NaN,NaN,NaN,NaN,NaN,NaN,NaN,NaN,NaN
NaN,NaN,NaN,NaN,NaN,NaN,NaN,NaN,NaN,NaN,NaN,NaN,NaN,NaN,NaN,NaN,NaN
NaN,NaN,NaN,0,NaN,35.7669830322266,NaN,NaN,NaN,NaN,NaN,NaN,NaN,NaN,NaN,NaN,NaN
NaN,NaN,NaN,NaN,0.7033333333,42.4087715148926,NaN,NaN,NaN,NaN,NaN,NaN,NaN,NaN,NaN,NaN,NaN
NaN,NaN,NaN,0,0.7594444444,103.83895111084,NaN,NaN,NaN,NaN,NaN,NaN,NaN,NaN,NaN,NaN,NaN
NaN,NaN,NaN,0.027777778,0.5105555556,88.6840896606445,NaN,NaN,NaN,NaN,NaN,NaN,NaN,NaN,NaN,NaN,NaN
NaN,NaN,NaN,1.322222222,0,NaN,NaN,NaN,NaN,NaN,NaN,NaN,NaN,NaN,NaN,NaN,NaN
NaN,NaN,NaN,1.738888889,0,-29.9470977783203,NaN,NaN,NaN,NaN,NaN,NaN,NaN,NaN,NaN,NaN,NaN
NaN,NaN,NaN,1.433333333,0,-9.49362850189209,NaN,NaN,NaN,NaN,NaN,NaN,NaN,NaN,NaN,NaN,NaN
NaN,NaN,NaN,0.8,0,0.662812352180481,NaN,NaN,NaN,NaN,NaN,NaN,NaN,NaN,NaN,NaN,NaN
NaN,NaN,NaN,NaN,NaN,2.1857213973999,NaN,NaN,NaN,NaN,NaN,NaN,NaN,NaN,NaN,NaN,NaN
NaN,NaN,NaN,NaN,NaN,14.7185182571411,NaN,NaN,NaN,NaN,NaN,NaN,NaN,NaN,NaN,NaN,NaN
NaN,NaN,NaN,NaN,NaN,70.1446380615234,NaN,NaN,NaN,NaN,NaN,NaN,NaN,NaN,NaN,NaN,NaN
NaN,NaN,NaN,NaN,NaN,50.1903610229492,NaN,0.0161137798374194,0.0623749059618943,-9999,0.423852647507481,-9999,-9999,-9999,-0.782614185582303,0.0109415091251133,0.65953478039029
NaN,NaN,NaN,0,NaN,47.8126983642578,NaN,0.147096775142069,0.0878399325831724,-9999,0.509544247804138,-9999,-9999,-9999,-0.185785420834859,0.0134150955798496,0.46234358606753
NaN,NaN,NaN,NaN,0.7483333333,112.93025970459,NaN,0.384744718179871,0.196637215819355,-9999,0.948079553806451,-9999,-9999,-9999,0.70403380568738,0.019172673770619,0.718869339265644
NaN,NaN,NaN,0,0.7116666667,101.951156616211,NaN,0.66038640336,0.21310933968,-9999,0.992989296,-9999,-9999,-9999,0.681707493424052,0.0269814918348953,1.05414435928171
NaN,NaN,NaN,NaN,0.5755555556,NaN,NaN,0.836664259602193,0.330417652645161,-9999,1.33824688954839,-9999,-9999,-9999,0.185088133594597,0.0837526344950463,1.70904865535807
-1.01193414294078,0.0491102466615516,2.83841319240952,0.61875,0,44.017692565918,NaN,2.235960526536,1.56746469816,2.92496894159351,1.831442112,-1.09257741059877,0.0577098582572571,3.01870939381257,-1.22575806798248,0.060679601276539,3.0264782555355
-2.37159470329588,0.0823138133577443,2.85670043929446,1.133333333,0,-21.3854522705078,NaN,4.71032515927742,3.21933226993548,4.15087166199484,2.29706182451613,-1.85381281535226,0.0885761393806452,2.84593642567276,-2.20711967401609,0.0955281981306446,2.80936818516879
-1.18561208833271,0.120060806501581,2.56214016523273,1.138888889,0,-40.5240631103516,NaN,3.67960829700983,1.86006462967742,3.73415455616516,2.39909017006452,-1.33505901250839,0.122991777731613,2.12517698388546,-1.57338062590786,0.120720399529739,2.11073955750611
0.399276767325613,0.0459822596439798,1.60479761981735,0.816666667,0,-15.1223096847534,NaN,0.783600168024,1.3780216224,2.3068556953776,3.4754984496,1.168642298592,0.047507096088,1.48299063233401,0.423989733789102,0.0490397885939787,1.23990860465494
0.977087425463445,0.0215825878772263,0.65345780308286,NaN,NaN,NaN,NaN,0.18889616484929,1.2458591883871,0.205890150483174,1.12025669341935,0.914366808929032,0.0255048330890323,0.709154320040686,0.856202259531875,0.0236813360445494,0.686675038279667
0.655285230935398,0.0107380569674193,0.493728922385772,NaN,NaN,55.0304870605469,NaN,0.0199660629888,1.7872634736,0.7099352163504,0.7433284896,0.0334091851200001,0.0160738133112,0.592826569023339,0.574478103368966,0.0143341473215275,0.537967765632672
-1.09745720528407,0.0038916302205017,0.428954322806246,NaN,NaN,32.0254974365234,NaN,0.00339852825290323,1.12448906537574,0.624859904322581,0.38658118104,-0.238277036503742,0.00265948795416774,0.45607007929182,-0.354905353996828,0.00339518186212445,0.406625678718825
0.111674914238149,0.0170569087046967,0.0324741497240563,NaN,NaN,52.6411514282227,NaN,0.0428452922415484,3.26260734577804,0.0465271848116128,0.689234024411535,0.642707026327742,0.0146174465139097,0.115109293590969,0.418180766419804,0.013554953365818,0.114918159532601
0.851782318875967,0.0165497125135345,0.232675988331448,0.02,NaN,56.1438407897949,NaN,0.241427485649829,1.25130623587714,0.0281433337225714,0.727805542834286,0.699662126545714,0.0130207781687143,0.254115848151147,0.473528188159231,0.0108328834424369,0.171492017883888
0.7657746887077,0.00975664340089922,0.362349777297591,NaN,0.7361111111,NaN,NaN,0.165009076091768,0.994445272103226,0.0142359087460645,0.681551017316129,0.667314490475613,0.0102589172031484,0.434073561042736,0.541841437862787,0.0107876543615332,0.394193350288503
0.730588008609152,0.021172748162329,0.81386062434817,NaN,0.7233333333,109.50072479248,NaN,0.5921549925912,1.34734921848,0.15503655708,1.0558812204,0.9008455478688,0.0211703770944,0.71713332970431,0.812058212912169,0.0188963209943607,0.762900754414451
0.751257159403911,0.0921615181744312,2.04232980776648,0.644444444,0,94.015739440918,NaN,0.721415983374511,1.48191484412903,0.439869902934194,1.22093066322581,0.781059091844903,0.0951855577316129,1.97316626278535,0.850378964872888,0.0808470236715406,1.93588866339285
-1.867725563694,0.0580968748571495,3.41569956691267,1.133333333,0,-32.7593040466309,NaN,3.20930420256,1.9142557128,3.18545862768,1.6857261216,-1.4997317957568,0.0596841215616,3.17130974365315,-1.35073387362379,0.058677709980504,2.95073852335433
-1.04316153443735,0.103793770969171,1.4897605071704,1.45,0,-71.2853469848633,NaN,3.27819248492516,1.48601072670968,3.84378665648516,2.48675852903226,-1.35702632539277,0.110132197246452,1.65872379987652,-2.2602180849666,0.109493204857533,2.30792813220327
-1.69276369207719,0.104362088263932,1.31888240627579,1.011111111,0,NaN,NaN,2.83283607548903,1.4131794356129,3.16673065174064,1.97713012877419,-1.18960143786581,0.114505763434839,1.17397464029175,-1.23975490544197,0.117659715092545,1.23107110558582
-0.162585973386169,0.0268896009207427,0.639389265237498,0.766666667,0,NaN,NaN,0.663375388896,0.79468934688,0.64299110948568,0.6806996316,0.037708424424,0.0264579665472,0.556159858347997,0.166447741203347,0.0347260041576299,0.619053837800127
1.84868913708034,0.0196579306141629,1.09671451091435,0.088888889,NaN,-80.5967025756836,NaN,0.563844422715097,2.24960167741935,-0.169730998601806,1.02207201909677,1.19180218494194,0.0161002416472258,0.947025480681063,1.11905950710341,0.0174326196930339,0.835815891488631
1.49571905772259,0.00207056778644127,0.563019345225359,0.038888889,NaN,-54.7907867431641,NaN,0.1444613221512,2.2383934632,-0.0956374227525599,1.56339558,1.65903224832,0.00163548586718609,0.593171402465222,1.35868593332937,0.00309268114044794,0.684678953635375
2.08333976779858,NaN,0.813861463450264,NaN,NaN,31.8408851623535,NaN,0.00206128381935484,9.81462888232258,-0.123538997636129,2.02846157461161,2.15200147889032,-9999,0.769475243872466,1.53974210683168,0.00340396001734743,0.671187687190287
1.16911765326528,NaN,0.23633254861092,NaN,NaN,24.4919109344482,NaN,0.0719883310854193,7.95452917563871,0.00836839080000002,0.644726914234839,0.636358284371613,-9999,0.294049969610085,0.771753900234386,0.00421317837708964,0.233369986309856
1.59402263730706,NaN,0.261800074679246,0,NaN,NaN,NaN,0.0430384797159429,1.24326222454286,1.57326855342943,3.04988859514286,1.47661676537143,-9999,0.301206894862056,1.74414282877336,0.00832760675051788,0.399093120780196
NaN,NaN,NaN,NaN,0.6961111111,35.8563003540039,NaN,0.117770257368,0.720774269364077,5.05194125736774,8.84281209958452,3.79081848123871,-9999,0.654227961867283,1.56838592734498,0.00791159658366785,0.657668828597128
0.856179251262767,0.00464176349146723,0.881491570835117,0,0.7305555556,95.0546722412109,NaN,0.74567043648,1.6281208152,1.6605528712704,3.1330881504,1.47253668588,0.006220581219288,0.820731580227888,1.31987273690863,0.00958320423246384,0.85480266858536
0.758955361851221,0.0275772957062369,1.44103637310575,0,0.6222222222,84.0996627807617,NaN,0.707518276179097,1.35452020900645,2.00775176928,3.14449207432258,1.13674052968258,0.0279826986744,1.246088862842,0.92150093739243,0.0244228890249141,1.43364228175939
-2.11765474060331,0.0167834278808613,3.5795436398945,1.094444444,0,-17.925443649292,NaN,3.475682316432,1.8461827728,6.32653671528,4.900107816,-1.426430245752,0.016821294356952,3.24610394466387,-1.6601991531914,0.0297396125879682,3.260769240955
-3.63256872781138,0.0575557580117443,5.30812935839196,1.722222222,0,NaN,NaN,5.90050480328594,4.04385375483871,8.98952905602581,6.38185803096774,-2.6076680228671,0.0752253029417032,4.27719427352605,-2.40613755038034,0.0823816271950127,4.43891443110789
-1.63651633872742,NaN,2.79298066340044,1.477777778,0,-80.1077423095703,NaN,4.59485915550968,3.90685199225806,4.6093345114529,3.56883089574194,-1.04050358120671,0.0707773408341678,2.87174418447008,-0.809113732335148,0.0991767384113168,2.97586957805985
0.149638210044579,0.050467488034297,1.69973972927533,0.788888889,0,-98.256950378418,NaN,1.6859470991328,2.00031473952,2.4011127750744,3.212311464,0.8111990302776,0.04895157299544,1.72529123581217,0.812680495085206,0.0514409342074604,1.73262831110948
3.75537185046444,0.00140203316151618,1.11553867762845,NaN,NaN,-91.3699035644531,NaN,0.110236185157935,0.872993278451613,0.0207665783449412,1.22411958270968,1.32586457256,0.00121091635437677,1.55053238227495,1.77430463003273,0.00772520033024372,1.33597897950174
NaN,0.0028461456379098,NaN,NaN,NaN,-63.4924507141113,NaN,0.0041230585368,0.476429057856,-9999,0.8106201,-9999,0.0053900474148,-9999,1.94644001142696,0.00343977089427776,1.29835399568952
NaN,NaN,NaN,NaN,NaN,NaN,NaN,9.01141652903226e-05,0.363420679640628,-9999,0.670460019593806,-9999,0.00115348502136774,-9999,2.04957412460079,0.000728621546767293,0.980185634558209
NaN,NaN,NaN,NaN,NaN,-27.3936882019043,954.6825978,NaN,NaN,NaN,NaN,NaN,NaN,NaN,NaN,NaN,NaN
NaN,NaN,NaN,0,NaN,1.99404525756836,954.6825978,NaN,NaN,NaN,NaN,NaN,NaN,NaN,NaN,NaN,NaN
NaN,NaN,NaN,NaN,0.6944444444,64.4931182861328,954.6825978,NaN,NaN,NaN,NaN,NaN,NaN,NaN,NaN,NaN,NaN
NaN,NaN,NaN,NaN,0.7388888889,120.904403686523,954.6825978,NaN,NaN,NaN,NaN,NaN,NaN,NaN,NaN,NaN,NaN
NaN,NaN,NaN,0.088888889,0.62,120.375022888184,954.6825978,NaN,NaN,NaN,NaN,NaN,NaN,NaN,NaN,NaN,NaN
NaN,NaN,NaN,0.983333333,0,NaN,954.6825978,NaN,NaN,NaN,NaN,NaN,NaN,NaN,NaN,NaN,NaN
NaN,NaN,NaN,1.288888889,0,-32.4028053283691,954.6825978,NaN,NaN,NaN,NaN,NaN,NaN,NaN,NaN,NaN,NaN
NaN,NaN,NaN,1.427777778,0,-21.3531227111816,954.6825978,NaN,NaN,NaN,NaN,NaN,NaN,NaN,NaN,NaN,NaN
NaN,NaN,NaN,0.944444444,0,-28.2575836181641,954.6825978,NaN,NaN,NaN,NaN,NaN,NaN,NaN,NaN,NaN,NaN
NaN,NaN,NaN,NaN,NaN,NaN,954.6825978,NaN,NaN,NaN,NaN,NaN,NaN,NaN,NaN,NaN,NaN
NaN,NaN,NaN,NaN,NaN,NaN,954.6825978,NaN,NaN,NaN,NaN,NaN,NaN,NaN,NaN,NaN,NaN
NaN,NaN,NaN,NaN,NaN,33.6019172668457,954.6825978,NaN,NaN,NaN,NaN,NaN,NaN,NaN,NaN,NaN,NaN
NaN,NaN,NaN,0,NaN,-6.03134822845459,NaN,NaN,NaN,NaN,NaN,NaN,NaN,NaN,NaN,NaN,NaN
NaN,NaN,NaN,0.022222222,NaN,72.3652496337891,NaN,NaN,NaN,NaN,NaN,NaN,NaN,NaN,NaN,NaN,NaN
NaN,NaN,NaN,NaN,0.6855555556,66.4232177734375,NaN,NaN,NaN,NaN,NaN,NaN,NaN,NaN,NaN,NaN,NaN
NaN,NaN,NaN,NaN,0.7116666667,NaN,NaN,NaN,NaN,NaN,NaN,NaN,NaN,NaN,NaN,NaN,NaN
NaN,NaN,NaN,0.666666667,0,25.9558372497559,NaN,NaN,NaN,NaN,NaN,NaN,NaN,NaN,NaN,NaN,NaN
NaN,NaN,NaN,1,0,-12.7267551422119,NaN,NaN,NaN,NaN,NaN,NaN,NaN,NaN,NaN,NaN,NaN
NaN,NaN,NaN,1.577777778,0,-32.6537094116211,NaN,NaN,NaN,NaN,NaN,NaN,NaN,NaN,NaN,NaN,NaN
NaN,NaN,NaN,1.45,0,-5.10531949996948,NaN,NaN,NaN,NaN,NaN,NaN,NaN,NaN,NaN,NaN,NaN
NaN,NaN,NaN,0.733333333,0,NaN,NaN,NaN,NaN,NaN,NaN,NaN,NaN,NaN,NaN,NaN,NaN
NaN,NaN,NaN,1.766666667,NaN,NaN,NaN,NaN,NaN,NaN,NaN,NaN,NaN,NaN,NaN,NaN,NaN
NaN,NaN,NaN,NaN,NaN,28.1147918701172,NaN,NaN,NaN,NaN,NaN,NaN,NaN,NaN,NaN,NaN,NaN
NaN,NaN,NaN,NaN,NaN,15.9614896774292,NaN,NaN,NaN,NaN,NaN,NaN,NaN,NaN,NaN,NaN,NaN
NaN,NaN,NaN,NaN,NaN,39.0766105651855,NaN,NaN,NaN,NaN,NaN,NaN,NaN,NaN,NaN,NaN,NaN
NaN,NaN,NaN,0.044444444,NaN,NaN,NaN,NaN,NaN,NaN,NaN,NaN,NaN,NaN,NaN,NaN,NaN
NaN,NaN,NaN,NaN,0.6961111111,120.53694152832,NaN,NaN,NaN,NaN,NaN,NaN,NaN,NaN,NaN,NaN,NaN
NaN,NaN,NaN,0,0.7461111111,123.463729858398,NaN,NaN,NaN,NaN,NaN,NaN,NaN,NaN,NaN,NaN,NaN
NaN,NaN,NaN,0.011111111,0.7477777778,145.110946655273,NaN,NaN,NaN,NaN,NaN,NaN,NaN,NaN,NaN,NaN,NaN
NaN,NaN,NaN,0.983333333,0,44.7483367919922,NaN,NaN,NaN,NaN,NaN,NaN,NaN,NaN,NaN,NaN,NaN
NaN,NaN,NaN,1.855555556,0,NaN,NaN,NaN,NaN,NaN,NaN,NaN,NaN,NaN,NaN,NaN,NaN
NaN,NaN,NaN,1.188888889,0,NaN,NaN,NaN,NaN,NaN,NaN,NaN,NaN,NaN,NaN,NaN,NaN
NaN,NaN,NaN,0.766666667,0,NaN,NaN,NaN,NaN,NaN,NaN,NaN,NaN,NaN,NaN,NaN,NaN
NaN,NaN,NaN,NaN,NaN,NaN,NaN,NaN,NaN,NaN,NaN,NaN,NaN,NaN,NaN,NaN,NaN
NaN,NaN,NaN,NaN,NaN,NaN,NaN,NaN,NaN,NaN,NaN,NaN,NaN,NaN,NaN,NaN,NaN
NaN,NaN,NaN,NaN,NaN,NaN,NaN,NaN,NaN,NaN,NaN,NaN,NaN,NaN,NaN,NaN,NaN
