NBE,CH4,ET,LAI,SCF,EWT,ABGB,GPP_DT,ER_DT,GPP_NT,ER_NT,NBE_F,CH4_F,ET_F,NBE_ANN,CH4_ANN,ET_ANN
NaN,NaN,NaN,NaN,0.1866666667,3.76918840408325,NaN,NaN,NaN,NaN,NaN,NaN,NaN,NaN,NaN,NaN,NaN
NaN,NaN,NaN,NaN,0,8.92264938354492,NaN,NaN,NaN,NaN,NaN,NaN,NaN,NaN,NaN,NaN,NaN
NaN,NaN,NaN,NaN,0,26.8362503051758,NaN,NaN,NaN,NaN,NaN,NaN,NaN,NaN,NaN,NaN,NaN
NaN,NaN,NaN,NaN,0,16.0248641967773,NaN,NaN,NaN,NaN,NaN,NaN,NaN,NaN,NaN,NaN,NaN
NaN,NaN,NaN,NaN,0,-15.8355569839478,NaN,NaN,NaN,NaN,NaN,NaN,NaN,NaN,NaN,NaN,NaN
NaN,NaN,NaN,NaN,0,-1.66134655475616,NaN,NaN,NaN,NaN,NaN,NaN,NaN,NaN,NaN,NaN,NaN
NaN,NaN,NaN,NaN,0,-63.2336883544922,NaN,NaN,NaN,NaN,NaN,NaN,NaN,NaN,NaN,NaN,NaN
NaN,NaN,NaN,NaN,0,-54.0995635986328,NaN,NaN,NaN,NaN,NaN,NaN,NaN,NaN,NaN,NaN,NaN
NaN,NaN,NaN,NaN,0,-29.4957160949707,NaN,NaN,NaN,NaN,NaN,NaN,NaN,NaN,NaN,NaN,NaN
NaN,NaN,NaN,NaN,0,-44.9322319030762,NaN,NaN,NaN,NaN,NaN,NaN,NaN,NaN,NaN,NaN,NaN
NaN,NaN,NaN,NaN,0,-31.1148147583008,NaN,NaN,NaN,NaN,NaN,NaN,NaN,NaN,NaN,NaN,NaN
NaN,NaN,NaN,NaN,NaN,-17.3847064971924,NaN,NaN,NaN,NaN,NaN,NaN,NaN,NaN,NaN,NaN,NaN
NaN,NaN,NaN,NaN,NaN,26.867301940918,NaN,NaN,NaN,NaN,NaN,NaN,NaN,NaN,NaN,NaN,NaN
NaN,NaN,NaN,NaN,0,31.6469783782959,NaN,NaN,NaN,NaN,NaN,NaN,NaN,NaN,NaN,NaN,NaN
NaN,NaN,NaN,NaN,0,49.3344268798828,NaN,NaN,NaN,NaN,NaN,NaN,NaN,NaN,NaN,NaN,NaN
NaN,NaN,NaN,NaN,0,16.3692646026611,NaN,NaN,NaN,NaN,NaN,NaN,NaN,NaN,NaN,NaN,NaN
NaN,NaN,NaN,NaN,0,-27.8730010986328,NaN,NaN,NaN,NaN,NaN,NaN,NaN,NaN,NaN,NaN,NaN
NaN,NaN,NaN,NaN,0,-15.3538589477539,NaN,NaN,NaN,NaN,NaN,NaN,NaN,NaN,NaN,NaN,NaN
NaN,NaN,NaN,NaN,0,7.08053064346313,NaN,NaN,NaN,NaN,NaN,NaN,NaN,NaN,NaN,NaN,NaN
NaN,NaN,NaN,NaN,0,4.81744194030762,NaN,NaN,NaN,NaN,NaN,NaN,NaN,NaN,NaN,NaN,NaN
NaN,NaN,NaN,NaN,0,-16.4131336212158,NaN,NaN,NaN,NaN,NaN,NaN,NaN,NaN,NaN,NaN,NaN
NaN,NaN,NaN,NaN,0,-23.0846061706543,NaN,NaN,NaN,NaN,NaN,NaN,NaN,NaN,NaN,NaN,NaN
NaN,NaN,NaN,NaN,0,-12.7629423141479,NaN,NaN,NaN,NaN,NaN,NaN,NaN,NaN,NaN,NaN,NaN
NaN,NaN,NaN,NaN,NaN,26.120719909668,NaN,NaN,NaN,NaN,NaN,NaN,NaN,NaN,NaN,NaN,NaN
NaN,NaN,NaN,NaN,NaN,30.7761287689209,NaN,NaN,NaN,NaN,NaN,NaN,NaN,NaN,NaN,NaN,NaN
NaN,NaN,NaN,NaN,0,15.6359720230103,NaN,NaN,NaN,NaN,NaN,NaN,NaN,NaN,NaN,NaN,NaN
NaN,NaN,NaN,NaN,0,14.6529903411865,NaN,NaN,NaN,NaN,NaN,NaN,NaN,NaN,NaN,NaN,NaN
NaN,NaN,NaN,NaN,0,54.2048683166504,NaN,NaN,NaN,NaN,NaN,NaN,NaN,NaN,NaN,NaN,NaN
NaN,NaN,NaN,NaN,0,24.4911842346191,NaN,NaN,NaN,NaN,NaN,NaN,NaN,NaN,NaN,NaN,NaN
NaN,NaN,NaN,NaN,0,6.39374303817749,NaN,NaN,NaN,NaN,NaN,NaN,NaN,NaN,NaN,NaN,NaN
NaN,NaN,NaN,NaN,0,-25.2953815460205,NaN,NaN,NaN,NaN,NaN,NaN,NaN,NaN,NaN,NaN,NaN
NaN,NaN,NaN,NaN,0,-44.099292755127,NaN,NaN,NaN,NaN,NaN,NaN,NaN,NaN,NaN,NaN,NaN
NaN,NaN,NaN,NaN,0,-26.0979957580566,NaN,NaN,NaN,NaN,NaN,NaN,NaN,NaN,NaN,NaN,NaN
NaN,NaN,NaN,NaN,0,-12.0667724609375,NaN,NaN,NaN,NaN,NaN,NaN,NaN,NaN,NaN,NaN,NaN
NaN,NaN,NaN,NaN,0,14.1708078384399,NaN,NaN,NaN,NaN,NaN,NaN,NaN,NaN,NaN,NaN,NaN
NaN,NaN,NaN,NaN,NaN,33.8442573547363,NaN,NaN,NaN,NaN,NaN,NaN,NaN,NaN,NaN,NaN,NaN
NaN,NaN,NaN,NaN,0.09444444444,39.5554389953613,NaN,NaN,NaN,NaN,NaN,NaN,NaN,NaN,NaN,NaN,NaN
NaN,NaN,NaN,NaN,0,50.1049652099609,NaN,NaN,NaN,NaN,NaN,NaN,NaN,NaN,NaN,NaN,NaN
NaN,NaN,NaN,NaN,0,48.5212287902832,NaN,NaN,NaN,NaN,NaN,NaN,NaN,NaN,NaN,NaN,NaN
NaN,NaN,NaN,NaN,0,21.9459133148193,NaN,NaN,NaN,NaN,NaN,NaN,NaN,NaN,NaN,NaN,NaN
NaN,NaN,NaN,NaN,0,31.5667819976807,NaN,NaN,NaN,NaN,NaN,NaN,NaN,NaN,NaN,NaN,NaN
NaN,NaN,NaN,NaN,0,-9.1183910369873,NaN,NaN,NaN,NaN,NaN,NaN,NaN,NaN,NaN,NaN,NaN
NaN,NaN,NaN,NaN,0,-40.2300262451172,NaN,NaN,NaN,NaN,NaN,NaN,NaN,NaN,NaN,NaN,NaN
NaN,NaN,NaN,NaN,0,-39.1424331665039,NaN,NaN,NaN,NaN,NaN,NaN,NaN,NaN,NaN,NaN,NaN
NaN,NaN,NaN,NaN,0,-51.0912475585938,NaN,NaN,NaN,NaN,NaN,NaN,NaN,NaN,NaN,NaN,NaN
NaN,NaN,NaN,NaN,0,-64.361328125,NaN,NaN,NaN,NaN,NaN,NaN,NaN,NaN,NaN,NaN,NaN
NaN,NaN,NaN,NaN,0,-41.2488250732422,NaN,NaN,NaN,NaN,NaN,NaN,NaN,NaN,NaN,NaN,NaN
NaN,NaN,NaN,NaN,NaN,5.55712890625,NaN,NaN,NaN,NaN,NaN,NaN,NaN,NaN,NaN,NaN,NaN
NaN,NaN,NaN,NaN,0.08444444444,31.2472152709961,NaN,NaN,NaN,NaN,NaN,NaN,NaN,NaN,NaN,NaN,NaN
NaN,NaN,NaN,NaN,0.02222222222,29.5859508514404,NaN,NaN,NaN,NaN,NaN,NaN,NaN,NaN,NaN,NaN,NaN
NaN,NaN,NaN,NaN,0,19.9398860931396,NaN,NaN,NaN,NaN,NaN,NaN,NaN,NaN,NaN,NaN,NaN
NaN,NaN,NaN,NaN,0,5.99467277526855,NaN,NaN,NaN,NaN,NaN,NaN,NaN,NaN,NaN,NaN,NaN
NaN,NaN,NaN,NaN,0,-19.9215774536133,NaN,NaN,NaN,NaN,NaN,NaN,NaN,NaN,NaN,NaN,NaN
NaN,NaN,NaN,NaN,0,-24.879077911377,NaN,NaN,NaN,NaN,NaN,NaN,NaN,NaN,NaN,NaN,NaN
NaN,NaN,NaN,NaN,0,-68.8495635986328,NaN,NaN,NaN,NaN,NaN,NaN,NaN,NaN,NaN,NaN,NaN
NaN,NaN,NaN,NaN,0,-35.7497177124023,NaN,NaN,NaN,NaN,NaN,NaN,NaN,NaN,NaN,NaN,NaN
NaN,NaN,NaN,NaN,0,-43.1867828369141,NaN,NaN,NaN,NaN,NaN,NaN,NaN,NaN,NaN,NaN,NaN
NaN,NaN,NaN,NaN,0,-16.5994300842285,NaN,NaN,NaN,NaN,NaN,NaN,NaN,NaN,NaN,NaN,NaN
NaN,NaN,NaN,NaN,0.12125,-8.52264404296875,NaN,NaN,NaN,NaN,NaN,NaN,NaN,NaN,NaN,NaN,NaN
NaN,NaN,NaN,NaN,NaN,59.8024063110352,NaN,NaN,NaN,NaN,NaN,NaN,NaN,NaN,NaN,NaN,NaN
NaN,NaN,NaN,NaN,NaN,NaN,NaN,0.0279413080130619,35.0804627412486,-9999,14.324216386067,-9999,-9999,-9999,42.8681496608377,0.223283234032915,0.479675123751702
NaN,NaN,NaN,NaN,0.07333333333,50.6061401367188,NaN,0.0451043325565714,38.6774966265429,-9999,16.3567305157629,-9999,-9999,-9999,38.8104300496654,0.16150866107915,0.45506157384436
NaN,NaN,NaN,NaN,0,11.0129404067993,NaN,0.124597108251871,38.7607932002323,-9999,16.4521580817135,-9999,-9999,-9999,37.6753778321974,0.136727826608859,0.65218942837132
NaN,NaN,NaN,NaN,0,-20.826379776001,NaN,0.2153955599424,47.54547958536,-9999,21.844739764728,-9999,-9999,-9999,37.0160159379871,0.15027951993342,0.86391781113068
NaN,NaN,NaN,NaN,0,-73.7504806518555,NaN,0.241598451188903,49.1529529995097,-9999,22.8285696944903,-9999,-9999,-9999,36.173869929594,0.156444007809561,1.08349975638021
NaN,NaN,NaN,NaN,0,NaN,NaN,0.240784342848,51.56973501768,-9999,24.41555123004,-9999,-9999,-9999,34.5919620535056,0.168495644372123,1.18183646205801
NaN,NaN,NaN,NaN,0,-86.0929794311523,NaN,0.22778236050271,52.5852334716387,-9999,25.0528329726735,-9999,-9999,-9999,33.1861961400123,0.177816037929182,1.28821298247624
NaN,NaN,NaN,NaN,0,-88.6726303100586,NaN,0.180437284526864,53.5766572354065,-9999,25.7179588154942,-9999,-9999,-9999,33.6320802546855,0.197202283085106,1.1496870375731
NaN,NaN,NaN,NaN,0,-97.8368377685547,NaN,0.141892160472,52.184811114,-9999,24.793863208992,-9999,-9999,-9999,32.2060715278888,0.188488649456222,1.02505978524467
37.6569502627351,0.183797056791191,1.0561644598181,NaN,0,-103.820922851562,NaN,0.453285512424,47.1996705569806,-5.16112123781237,28.8301325998297,34.0513130789829,0.168185556350573,0.942138050064678,33.3776712194958,0.167152447007311,0.908468379696288
40.5498152337023,0.175678186956869,0.703518924112012,NaN,0.0275,-100.631774902344,NaN,1.2502937293056,42.52993400232,-4.319614949112,33.24085613064,37.560464388,0.166536780192,0.605322498250324,36.1596887469039,0.172585631282453,0.556276379049408
37.0823778040339,0.166543251205108,0.665558111842649,NaN,NaN,-19.8765182495117,NaN,0.729241595156206,42.0696344940387,-5.95381981106322,28.9274963110374,34.8813214606452,0.15553999064671,0.567405173001597,35.5660513602447,0.168190039873063,0.539732375251016
47.6415594019856,0.257416824773343,0.400552185455274,NaN,NaN,-22.6450805664062,NaN,1.23253264614194,45.299617703071,-7.40254432714839,37.0902579030116,44.4928144180645,0.235035134686452,0.382984003542155,40.3529808128149,0.224348880197391,0.421168782062827
42.0347132696364,0.194340371888623,0.454367991196542,NaN,0,-19.0768260955811,NaN,1.40622326602759,41.3781465565241,-6.2245163582069,35.0352732663807,41.2597956413793,0.186726161363586,0.372697462361734,37.7306159815944,0.1887201913528,0.399471399495999
NaN,NaN,NaN,NaN,0,-13.9706268310547,NaN,4.02018739313806,29.4735654141677,-0.191829468829091,22.3437435081677,31.3392024,0.142299568152,0.320879372199992,34.14094818492,0.151223333004967,0.578635964516283
NaN,NaN,NaN,NaN,0,-21.8476848602295,NaN,4.553895973752,20.5862040072,-9999,18.857723609592,-9999,-9999,-9999,32.4120652340789,0.169662408870416,0.732926335343961
NaN,NaN,NaN,NaN,0,NaN,NaN,6.88220827685419,29.4386387088774,-9999,27.6380374692774,-9999,-9999,-9999,31.7463454219077,0.158665466466446,0.92679138526948
32.6262751379833,0.177063579849057,1.02529414144978,NaN,0,-22.1452541351318,NaN,3.374932237128,27.73724870088,-4.420929388752,26.689047817968,31.1099857848,0.169062410412,1.01629606511223,30.5471237589904,0.155235485845509,1.00216486914141
28.1991026752242,0.14596240100078,1.09108353945785,NaN,0,-1.61023676395416,NaN,1.51199535606968,29.1965470202323,-0.245029794294194,27.1287505379148,27.3737765561806,0.14412915474271,0.864316513132131,27.7624199509306,0.149094939844273,0.964356339116159
37.6067797662685,0.211921468527282,1.10242091967685,NaN,0,-22.8188056945801,NaN,1.32876227037135,36.5405045002839,1.1818320575328,38.5008385514865,35.0278867584,0.203327127225792,0.843906477497423,32.9896590075993,0.190356940234178,0.858120988208973
NaN,NaN,NaN,NaN,0,-28.4528923034668,NaN,1.32392961036,31.4424407016,-9999,43.896385099584,-9999,-9999,-9999,27.5773537302057,0.161138387085319,0.775654367688309
NaN,NaN,NaN,NaN,0,NaN,NaN,0.834933974214193,29.1626511930581,-9999,35.5179176120206,-9999,-9999,-9999,25.9863158836945,0.155974730023053,0.453925326194034
NaN,NaN,NaN,NaN,0,41.0180892944336,NaN,0.530223505272,25.54415412696,-9999,28.367013828456,-9999,-9999,-9999,26.9659334506257,0.167096563844768,0.355101499145418
NaN,NaN,NaN,NaN,NaN,30.0009727478027,NaN,0.379097351828361,24.1309962383226,-9999,24.0745576173445,-9999,-9999,-9999,29.0561798722862,0.180179371793964,0.318591513342871
NaN,NaN,NaN,NaN,NaN,60.6502914428711,NaN,0.598377371132903,23.1865831158968,-9999,21.0746392752774,-9999,-9999,-9999,32.3059149302776,0.205903502285076,0.368462214787291
31.1957262524753,0.205398035251068,0.696952216849616,NaN,0,86.932975769043,NaN,1.78911647393143,36.0472670403429,0.613339324714286,33.3953539417543,32.7820117147714,0.220216401262286,0.651660973220416,29.9115943619956,0.19239679664047,0.546073521611501
33.4390779538495,0.213398570022705,0.768518585932233,NaN,0,NaN,NaN,3.16972836492387,40.6024456930839,-0.191814515612128,32.1501290636903,32.3419312351742,0.19764524960129,0.663587985788365,32.0934178111483,0.195568461159144,0.620910150344003
30.766686705956,0.169826096204249,0.867347611317169,NaN,0,53.8287200927734,NaN,0.5533054858872,34.95107043936,-8.571451877784,20.31871675356,28.890155016,0.1539675033912,0.775041387474307,28.761194319974,0.157628493330428,0.783020551637227
18.504995591781,0.104232252311933,0.673397060613947,NaN,0,38.9001502990723,NaN,1.38013544209239,14.4655550066323,-3.17478722643871,14.9828941169884,18.1576907976774,0.101826648232258,0.627897521766525,18.3653481511492,0.109998968443243,0.640406421921171
25.4158839054336,0.155404405923978,1.13518587207738,NaN,0,26.3836841583252,NaN,1.880492346144,24.84910018224,-5.16466996532568,19.04382120312,24.2084848896,0.1491218993304,1.06336241479575,23.7990974203821,0.1477558413562,1.02768682530287
26.8428341291422,0.169573570539962,1.45684247731814,NaN,0,-11.6114463806152,NaN,1.14680318497794,22.9649408175484,-3.88733691692903,21.1275355183432,25.0148840934194,0.160173889706323,1.34145317438268,25.2935782633006,0.158270819668496,1.21686753168375
20.1499239682071,0.120095466356942,0.713979005291536,NaN,0,NaN,NaN,1.63588398539012,16.5196310955097,-3.68237491206968,14.0888837718116,17.7712495541884,0.109780811993032,0.548962727724062,21.0735056960754,0.133139536501523,0.760678983843089
NaN,NaN,NaN,NaN,0,NaN,NaN,1.570329809496,14.92675599888,3.692688037632,22.304745020304,18.612065683152,0.1345427278848,0.540183145946161,20.3457975063378,0.144241100378911,0.609599666362885
22.6087682586617,0.135369651801305,0.497702807420411,NaN,0,-22.9922485351562,NaN,1.19320832835174,17.3160795335226,-3.79281258717677,17.2182443466426,21.0110549225806,0.12542216400929,0.401339588371939,21.370289712805,0.133462458947129,0.391662107885375
21.1728083836163,0.141660314040665,0.314502549080195,NaN,0,24.5410575866699,NaN,1.8475709766192,28.5383302164,-0.99655233624,19.20305108088,20.19958722216,0.123448750128,0.259257696335726,20.5595930856284,0.13446684430683,0.265323549538214
25.9224430622308,0.170411879100429,0.32846111464837,NaN,NaN,22.0860385894775,NaN,0.89229536014529,34.5585844112516,-3.2671399880671,20.9152907104645,24.1824200348903,0.149710255678452,0.240498314395573,24.3921377276839,0.153704632097497,0.253451576029822
29.6683280424746,0.202692312441179,0.390410506009181,NaN,NaN,24.7986106872559,NaN,1.15612826084594,38.5205530510452,-4.9163715828,23.6243681906632,28.5407301251613,0.187459630789935,0.305171282375238,27.606021069036,0.194276308140027,0.365659090050141
27.1365733434954,0.15234959074982,NaN,NaN,0,NaN,NaN,5.23215356811429,19.1102549037429,4.01259197057143,20.4830752706486,16.4704928626286,0.0813403123971429,0.190812583082565,24.6189746808591,0.150343271281315,0.58263155017923
25.2580594354767,0.191619639286021,1.0357994145086,NaN,0,53.7868347167969,NaN,0.787285475883871,27.4218671912516,-2.14336447508903,17.1086006690013,19.2519687377032,0.13721471783071,0.627606368716683,21.0665435563131,0.157844147420305,0.758701461546611
27.9635741419157,0.179241740267072,1.25817013924124,NaN,0,17.0166034698486,NaN,0.9417191800464,30.77527088232,-7.4206743192,16.885338649128,24.3060057648,0.1543848741792,0.950360950145825,23.0558597339836,0.16046306043229,0.967816546675905
14.8391226209335,NaN,0.564148198102391,NaN,0,9.80696392059326,NaN,0.850058426949677,10.007692229729,-2.01276948000774,7.0048762647329,9.01764577723819,0.114077792211097,0.363761009097774,15.050678671685,0.127092820023786,0.757430642648128
NaN,NaN,NaN,NaN,0,12.2970504760742,NaN,3.36480806952,21.2638528368,-3.549580579656,18.160183611072,21.70976426208,0.1339608934152,1.32479187512722,17.9409652920641,0.114495668304185,1.11603569940115
22.1539023991623,0.11797522057636,1.7376101444345,NaN,0,NaN,NaN,2.94476685959845,27.4262682065806,-3.41818005156387,16.9588014848826,20.376976491871,0.110807780258323,1.55967002633327,20.4045362175518,0.11396033029078,1.48709964812486
26.0077015808838,0.159407174652932,1.77755447285048,NaN,0,-3.70379829406738,NaN,2.02741241007484,25.6559897197161,-2.55297325796129,19.7507774717884,22.3037663748387,0.140670903312,1.49860792157577,22.2367424903559,0.142837834343097,1.40074090565765
26.2140514492752,0.172743814825502,1.6070994652357,NaN,0,-25.4704456329346,NaN,1.88154419616,36.88173635112,-2.6169581279902,18.388871944272,25.2783926390204,0.168065532349714,1.38173296066988,22.7226102518423,0.153795762672971,1.05437458347715
NaN,NaN,NaN,NaN,0,-12.6763286590576,NaN,1.28347053907355,38.7316495528258,-9999,15.0049093388052,-9999,-9999,-9999,22.2816249358025,0.149313410956637,0.64119975434638
NaN,NaN,NaN,NaN,0,19.6685600280762,NaN,0.8063436469104,38.56417720488,-9999,21.195732678264,-9999,-9999,-9999,22.6704099918829,0.170332152716252,0.389234045227231
24.8301073570105,0.1435923797996,0.199250525702229,NaN,NaN,NaN,NaN,0.946282933717548,32.269113152129,-2.90620502237793,21.2595148965135,24.0116241479409,0.136322603493163,0.165207897722279,23.5621908935844,0.143748182583281,0.240077671820874
NaN,NaN,NaN,NaN,0,23.4284973144531,NaN,NaN,NaN,NaN,NaN,NaN,NaN,NaN,NaN,NaN,NaN
NaN,NaN,NaN,NaN,0,38.7497406005859,NaN,NaN,NaN,NaN,NaN,NaN,NaN,NaN,NaN,NaN,NaN
NaN,NaN,NaN,NaN,0,9.63006687164307,NaN,NaN,NaN,NaN,NaN,NaN,NaN,NaN,NaN,NaN,NaN
NaN,NaN,NaN,NaN,0,-2.31720948219299,NaN,NaN,NaN,NaN,NaN,NaN,NaN,NaN,NaN,NaN,NaN
NaN,NaN,NaN,NaN,0,20.6642570495605,NaN,NaN,NaN,NaN,NaN,NaN,NaN,NaN,NaN,NaN,NaN
NaN,NaN,NaN,NaN,0,NaN,NaN,NaN,NaN,NaN,NaN,NaN,NaN,NaN,NaN,NaN,NaN
NaN,NaN,NaN,NaN,0,-52.3608360290527,NaN,NaN,NaN,NaN,NaN,NaN,NaN,NaN,NaN,NaN,NaN
NaN,NaN,NaN,NaN,0,-75.646598815918,NaN,NaN,NaN,NaN,NaN,NaN,NaN,NaN,NaN,NaN,NaN
NaN,NaN,NaN,NaN,0,-56.8568992614746,NaN,NaN,NaN,NaN,NaN,NaN,NaN,NaN,NaN,NaN,NaN
NaN,NaN,NaN,NaN,0,NaN,NaN,NaN,NaN,NaN,NaN,NaN,NaN,NaN,NaN,NaN,NaN
NaN,NaN,NaN,NaN,0,NaN,NaN,NaN,NaN,NaN,NaN,NaN,NaN,NaN,NaN,NaN,NaN
NaN,NaN,NaN,NaN,NaN,-10.9474763870239,NaN,NaN,NaN,NaN,NaN,NaN,NaN,NaN,NaN,NaN,NaN
NaN,NaN,NaN,NaN,NaN,0.643677353858948,NaN,NaN,NaN,NaN,NaN,NaN,NaN,NaN,NaN,NaN,NaN
NaN,NaN,NaN,NaN,0,28.134298324585,NaN,NaN,NaN,NaN,NaN,NaN,NaN,NaN,NaN,NaN,NaN
NaN,NaN,NaN,NaN,0,48.739070892334,NaN,NaN,NaN,NaN,NaN,NaN,NaN,NaN,NaN,NaN,NaN
NaN,NaN,NaN,NaN,0,NaN,NaN,NaN,NaN,NaN,NaN,NaN,NaN,NaN,NaN,NaN,NaN
NaN,NaN,NaN,NaN,0,26.0653495788574,NaN,NaN,NaN,NaN,NaN,NaN,NaN,NaN,NaN,NaN,NaN
NaN,NaN,NaN,NaN,0,46.5151786804199,NaN,NaN,NaN,NaN,NaN,NaN,NaN,NaN,NaN,NaN,NaN
NaN,NaN,NaN,NaN,0,22.4694519042969,NaN,NaN,NaN,NaN,NaN,NaN,NaN,NaN,NaN,NaN,NaN
NaN,NaN,NaN,NaN,0,1.76568818092346,NaN,NaN,NaN,NaN,NaN,NaN,NaN,NaN,NaN,NaN,NaN
NaN,NaN,NaN,NaN,0,NaN,NaN,NaN,NaN,NaN,NaN,NaN,NaN,NaN,NaN,NaN,NaN
NaN,NaN,NaN,NaN,0,NaN,NaN,NaN,NaN,NaN,NaN,NaN,NaN,NaN,NaN,NaN,NaN
NaN,NaN,NaN,NaN,0,-17.0318489074707,NaN,NaN,NaN,NaN,NaN,NaN,NaN,NaN,NaN,NaN,NaN
NaN,NaN,NaN,NaN,NaN,11.862117767334,NaN,NaN,NaN,NaN,NaN,NaN,NaN,NaN,NaN,NaN,NaN
NaN,NaN,NaN,NaN,0,-1.82726216316223,NaN,NaN,NaN,NaN,NaN,NaN,NaN,NaN,NaN,NaN,NaN
NaN,NaN,NaN,NaN,0,NaN,NaN,NaN,NaN,NaN,NaN,NaN,NaN,NaN,NaN,NaN,NaN
NaN,NaN,NaN,NaN,0,-28.1862087249756,NaN,NaN,NaN,NaN,NaN,NaN,NaN,NaN,NaN,NaN,NaN
NaN,NaN,NaN,NaN,0,-43.5674819946289,NaN,NaN,NaN,NaN,NaN,NaN,NaN,NaN,NaN,NaN,NaN
NaN,NaN,NaN,NaN,0,-57.141414642334,NaN,NaN,NaN,NaN,NaN,NaN,NaN,NaN,NaN,NaN,NaN
NaN,NaN,NaN,NaN,0,-103.874969482422,NaN,NaN,NaN,NaN,NaN,NaN,NaN,NaN,NaN,NaN,NaN
NaN,NaN,NaN,NaN,0,NaN,NaN,NaN,NaN,NaN,NaN,NaN,NaN,NaN,NaN,NaN,NaN
NaN,NaN,NaN,NaN,0,NaN,NaN,NaN,NaN,NaN,NaN,NaN,NaN,NaN,NaN,NaN,NaN
NaN,NaN,NaN,NaN,0,NaN,NaN,NaN,NaN,NaN,NaN,NaN,NaN,NaN,NaN,NaN,NaN
NaN,NaN,NaN,NaN,0,NaN,NaN,NaN,NaN,NaN,NaN,NaN,NaN,NaN,NaN,NaN,NaN
NaN,NaN,NaN,NaN,0.03611111111,NaN,NaN,NaN,NaN,NaN,NaN,NaN,NaN,NaN,NaN,NaN,NaN
NaN,NaN,NaN,NaN,NaN,NaN,NaN,NaN,NaN,NaN,NaN,NaN,NaN,NaN,NaN,NaN,NaN
