NBE,CH4,ET,LAI,SCF,EWT,ABGB,GPP_DT,ER_DT,GPP_NT,ER_NT,NBE_F,CH4_F,ET_F,NBE_ANN,CH4_ANN,ET_ANN
NaN,NaN,NaN,NaN,NaN,-0.0120045691728592,NaN,NaN,NaN,NaN,NaN,NaN,NaN,NaN,NaN,NaN,NaN
NaN,NaN,NaN,0.3,NaN,-0.0341656357049942,NaN,NaN,NaN,NaN,NaN,NaN,NaN,NaN,NaN,NaN,NaN
NaN,NaN,NaN,NaN,0.73,-0.0360801890492439,NaN,NaN,NaN,NaN,NaN,NaN,NaN,NaN,NaN,NaN,NaN
NaN,NaN,NaN,0,0.745,-0.0136837717145681,NaN,NaN,NaN,NaN,NaN,NaN,NaN,NaN,NaN,NaN,NaN
NaN,NaN,NaN,0,0.77,0.0526625625789165,NaN,NaN,NaN,NaN,NaN,NaN,NaN,NaN,NaN,NaN,NaN
NaN,NaN,NaN,NaN,0.025,-0.0439879111945629,NaN,NaN,NaN,NaN,NaN,NaN,NaN,NaN,NaN,NaN,NaN
NaN,NaN,NaN,0.4,0,-0.116123490035534,NaN,NaN,NaN,NaN,NaN,NaN,NaN,NaN,NaN,NaN,NaN
NaN,NaN,NaN,NaN,0,-0.124606996774673,NaN,NaN,NaN,NaN,NaN,NaN,NaN,NaN,NaN,NaN,NaN
NaN,NaN,NaN,NaN,0,-0.167321383953094,NaN,NaN,NaN,NaN,NaN,NaN,NaN,NaN,NaN,NaN,NaN
NaN,NaN,NaN,NaN,NaN,-0.167322754859924,NaN,NaN,NaN,NaN,NaN,NaN,NaN,NaN,NaN,NaN,NaN
NaN,NaN,NaN,NaN,NaN,-0.0742032825946808,NaN,NaN,NaN,NaN,NaN,NaN,NaN,NaN,NaN,NaN,NaN
NaN,NaN,NaN,NaN,NaN,-0.0413471087813377,NaN,NaN,NaN,NaN,NaN,NaN,NaN,NaN,NaN,NaN,NaN
NaN,NaN,NaN,NaN,NaN,NaN,NaN,NaN,NaN,NaN,NaN,NaN,NaN,NaN,NaN,NaN,NaN
NaN,NaN,NaN,0,NaN,0.0352409332990646,NaN,NaN,NaN,NaN,NaN,NaN,NaN,NaN,NaN,NaN,NaN
NaN,NaN,NaN,NaN,0.82,0.103789523243904,NaN,NaN,NaN,NaN,NaN,NaN,NaN,NaN,NaN,NaN,NaN
NaN,NaN,NaN,0,0.81,0.148542732000351,NaN,NaN,NaN,NaN,NaN,NaN,NaN,NaN,NaN,NaN,NaN
NaN,NaN,NaN,0.1,0.75,0.193144753575325,NaN,NaN,NaN,NaN,NaN,NaN,NaN,NaN,NaN,NaN,NaN
NaN,NaN,NaN,0.2,0.02,NaN,NaN,NaN,NaN,NaN,NaN,NaN,NaN,NaN,NaN,NaN,NaN
NaN,NaN,NaN,NaN,0,-0.0865948647260666,NaN,NaN,NaN,NaN,NaN,NaN,NaN,NaN,NaN,NaN,NaN
NaN,NaN,NaN,NaN,0,-0.0271696262061596,NaN,NaN,NaN,NaN,NaN,NaN,NaN,NaN,NaN,NaN,NaN
NaN,NaN,NaN,NaN,0,-0.0879409238696098,NaN,NaN,NaN,NaN,NaN,NaN,NaN,NaN,NaN,NaN,NaN
NaN,NaN,NaN,NaN,NaN,-0.119778297841549,NaN,NaN,NaN,NaN,NaN,NaN,NaN,NaN,NaN,NaN,NaN
NaN,NaN,NaN,NaN,NaN,-0.109814062714577,NaN,NaN,NaN,NaN,NaN,NaN,NaN,NaN,NaN,NaN,NaN
NaN,NaN,NaN,NaN,NaN,-7.80425471020862e-05,NaN,NaN,NaN,NaN,NaN,NaN,NaN,NaN,NaN,NaN,NaN
NaN,NaN,NaN,NaN,NaN,-0.0299218073487282,NaN,NaN,NaN,NaN,NaN,NaN,NaN,NaN,NaN,NaN,NaN
NaN,NaN,NaN,NaN,NaN,0.00657112849876285,NaN,NaN,NaN,NaN,NaN,NaN,NaN,NaN,NaN,NaN,NaN
NaN,NaN,NaN,NaN,0.705,0.0332950949668884,NaN,NaN,NaN,NaN,NaN,NaN,NaN,NaN,NaN,NaN,NaN
NaN,NaN,NaN,NaN,0.745,0.0944713205099106,NaN,NaN,NaN,NaN,NaN,NaN,NaN,NaN,NaN,NaN,NaN
NaN,NaN,NaN,NaN,0.84,NaN,NaN,NaN,NaN,NaN,NaN,NaN,NaN,NaN,NaN,NaN,NaN
NaN,NaN,NaN,NaN,0,-0.0329541750252247,NaN,NaN,NaN,NaN,NaN,NaN,NaN,NaN,NaN,NaN,NaN
NaN,NaN,NaN,0.6,0,-0.0864547863602638,NaN,NaN,NaN,NaN,NaN,NaN,NaN,NaN,NaN,NaN,NaN
NaN,NaN,NaN,0.6,0,-0.0850933194160461,NaN,NaN,NaN,NaN,NaN,NaN,NaN,NaN,NaN,NaN,NaN
NaN,NaN,NaN,NaN,0.1,-0.0373506620526314,NaN,NaN,NaN,NaN,NaN,NaN,NaN,NaN,NaN,NaN,NaN
NaN,NaN,NaN,NaN,NaN,NaN,NaN,NaN,NaN,NaN,NaN,NaN,NaN,NaN,NaN,NaN,NaN
NaN,NaN,NaN,NaN,NaN,0.12243390083313,NaN,NaN,NaN,NaN,NaN,NaN,NaN,NaN,NaN,NaN,NaN
NaN,NaN,NaN,NaN,NaN,0.0542458519339561,NaN,NaN,NaN,NaN,NaN,NaN,NaN,NaN,NaN,NaN,NaN
NaN,NaN,NaN,NaN,NaN,0.180561155080795,NaN,NaN,NaN,NaN,NaN,NaN,NaN,NaN,NaN,NaN,NaN
NaN,NaN,NaN,NaN,NaN,0.124429568648338,NaN,NaN,NaN,NaN,NaN,NaN,NaN,NaN,NaN,NaN,NaN
NaN,NaN,NaN,0,0.77,NaN,NaN,NaN,NaN,NaN,NaN,NaN,NaN,NaN,NaN,NaN,NaN
NaN,NaN,NaN,NaN,0.745,0.26043689250946,NaN,NaN,NaN,NaN,NaN,NaN,NaN,NaN,NaN,NaN,NaN
NaN,NaN,NaN,0.4,0.755,0.350010931491852,NaN,NaN,NaN,NaN,NaN,NaN,NaN,NaN,NaN,NaN,NaN
NaN,NaN,NaN,0,0.355,0.194459691643715,NaN,NaN,NaN,NaN,NaN,NaN,NaN,NaN,NaN,NaN,NaN
NaN,NaN,NaN,0.6,0,0.08161361515522,NaN,NaN,NaN,NaN,NaN,NaN,NaN,NaN,NaN,NaN,NaN
NaN,NaN,NaN,0.4,0,NaN,NaN,NaN,NaN,NaN,NaN,NaN,NaN,NaN,NaN,NaN,NaN
NaN,NaN,NaN,NaN,0.15,NaN,NaN,NaN,NaN,NaN,NaN,NaN,NaN,NaN,NaN,NaN,NaN
NaN,NaN,NaN,NaN,NaN,0.139578863978386,NaN,NaN,NaN,NaN,NaN,NaN,NaN,NaN,NaN,NaN,NaN
NaN,NaN,NaN,NaN,NaN,0.249763548374176,NaN,NaN,NaN,NaN,NaN,NaN,NaN,NaN,NaN,NaN,NaN
NaN,NaN,NaN,NaN,NaN,0.340939193964005,NaN,NaN,NaN,NaN,NaN,NaN,NaN,NaN,NaN,NaN,NaN
NaN,NaN,NaN,NaN,NaN,0.346084237098694,NaN,NaN,NaN,NaN,NaN,NaN,NaN,NaN,NaN,NaN,NaN
NaN,NaN,NaN,0,NaN,NaN,NaN,NaN,NaN,NaN,NaN,NaN,NaN,NaN,NaN,NaN,NaN
NaN,NaN,NaN,0,0.8,0.455974400043488,NaN,NaN,NaN,NaN,NaN,NaN,NaN,NaN,NaN,NaN,NaN
NaN,NaN,NaN,0,0.82,0.484458535909653,NaN,NaN,NaN,NaN,NaN,NaN,NaN,NaN,NaN,NaN,NaN
NaN,NaN,NaN,NaN,0.82,0.533810138702393,NaN,NaN,NaN,NaN,NaN,NaN,NaN,NaN,NaN,NaN,NaN
NaN,NaN,NaN,0.35,0,0.35265725851059,NaN,NaN,NaN,NaN,NaN,NaN,NaN,NaN,NaN,NaN,NaN
NaN,NaN,NaN,0.4,0,NaN,NaN,NaN,NaN,NaN,NaN,NaN,NaN,NaN,NaN,NaN,NaN
NaN,NaN,NaN,0.4,0,0.167668074369431,NaN,NaN,NaN,NaN,NaN,NaN,NaN,NaN,NaN,NaN,NaN
NaN,NaN,NaN,0.8,0,0.104189932346344,NaN,NaN,NaN,NaN,NaN,NaN,NaN,NaN,NaN,NaN,NaN
NaN,NaN,NaN,NaN,NaN,0.186526387929916,NaN,NaN,NaN,NaN,NaN,NaN,NaN,NaN,NaN,NaN,NaN
NaN,NaN,NaN,0.2,NaN,0.20214456319809,NaN,NaN,NaN,NaN,NaN,NaN,NaN,NaN,NaN,NaN,NaN
NaN,NaN,NaN,NaN,NaN,NaN,NaN,NaN,NaN,NaN,NaN,NaN,NaN,NaN,NaN,NaN,NaN
NaN,NaN,NaN,NaN,NaN,0.174116671085358,NaN,0.00142794306069677,0.0408406073732826,-9999,0.0362115159712258,-9999,-9999,-9999,0.145120547889157,-0.000327781096022237,-0.00237957552286006
NaN,NaN,NaN,NaN,NaN,0.210293099284172,NaN,0.0608831717991429,0.133594444214987,-9999,0.103950069394809,-9999,-9999,-9999,0.299006079729919,-0.000984140134830978,-0.00412445044929628
NaN,NaN,NaN,NaN,NaN,0.326815366744995,NaN,0.238555513556129,Inf,-9999,Inf,-9999,-9999,-9999,0.242012639797832,-0.00194195996258469,-0.000705108785983689
NaN,NaN,0.0288564201441967,NaN,0.745,0.378272116184235,NaN,0.4288928463504,0.3372340788,-9999,0.25350082776,-9999,-9999,0.069103251333016,0.467413982658384,-0.000661399170503624,0.0452170066515538
-0.508961190778942,0.0132699765282567,0.491681128076086,0.05,0.375,0.371757030487061,NaN,1.28935316657497,0.93744241083871,1.57740118402064,1.56713271096774,-0.00774270071767744,0.0132335350760571,0.455867144114974,-0.107817436547936,0.00907296281156186,0.439402123375214
-0.62047432704904,0.0344116002224138,1.25112986907419,0.3,0,NaN,NaN,1.620449001216,0.7667457408,2.260164510864,1.5209416224,-0.739223752032,0.040637919204,1.44409968958429,-0.786018366142283,0.0395216841085777,1.48049385140415
-2.72520380647516,0.074999851440424,0.760043578653259,0.7,0,0.00196898262947798,NaN,3.6617620032929,1.54452415819355,3.31196325698323,1.01502915793548,-2.29693434312774,0.0584068058709677,0.675000165037517,-2.18143113265527,0.0628277999418231,0.845631400352504
-0.550995467876498,0.0311838804887261,0.700430298892893,0.6,0,-0.00368471047841012,NaN,1.05986345874643,0.867602227122581,1.43566256819613,0.897498464516129,-0.538164197883871,0.0318120871587097,0.658870414204057,-0.587865055883223,0.0342056708411898,0.61758417428329
-0.511458478479432,0.0199534181803931,0.413324422316837,NaN,0,0.0177193265408278,NaN,0.7688805644808,1.2515656924296,0.681477678504,0.42963823656,-0.251839888056,0.0225484413192,0.458113823389801,-0.343388147107149,0.0230643455356013,0.43935648530703
-0.633056304859326,NaN,0.213118584525328,0.1,NaN,NaN,NaN,0.432094694748387,0.212063570012903,0.725928905715097,0.0530650662967742,-0.67286395412129,-9999,0.219265932537108,-0.528074149330474,0.0272967728184998,0.209409046342702
0.0133658104068166,NaN,0.0355167768065515,NaN,NaN,NaN,NaN,0.07313291964,0.5389598069064,0.4146722321904,0.256396356504,-0.158276219688,-9999,-0.031870084660501,-0.0466726489301236,0.0203330397660213,0.00635910805423288
NaN,NaN,NaN,NaN,NaN,0.108535923063755,NaN,0,0.301791756194175,-0.0980200702544516,0.0900522099357677,0.188071826051613,-9999,0.0044203631620753,0.396968062545205,0.00975578459747059,0.012624020242766
0.126694640358914,NaN,0.0835670389689352,NaN,NaN,0.230167418718338,NaN,0.00475808228129032,1.5632571428129,0.108446902104774,0.472598068180645,0.364150743329032,-9999,0.0128190335908309,0.554451687849656,0.00265374209617814,0.0106818324691157
0.844319553534345,NaN,0.00851862568586569,0.2,NaN,0.236082807183266,NaN,0.159204504091034,1.20698067972414,0.0850574484248276,0.994093871337931,0.909036902097931,-9999,0.0037665431324366,0.799458827372864,0.00109758026648101,0.00197719581628864
0.24883223613671,NaN,NaN,0,NaN,0.176875084638596,NaN,0.108687904258065,0.381855775775226,0.409464606516387,0.574725220866581,0.165260198717419,-9999,0.00212659746746194,0.231363932254084,-0.0018862343580149,0.00272493372500165
0.602259360412746,NaN,0.0604800177397583,0,0.8,NaN,NaN,0.3015083613384,1.0062523159344,1.2907062891792,1.8398556648,0.54915023196,-9999,0.0649639576096666,0.498247038735084,0.00454565363931867,0.0642149602211212
-1.19570884898808,NaN,0.386754175517547,NaN,0.055,0.232824444770813,NaN,1.32046136243768,0.298509470709677,4.11181844616,3.03337872,-1.07844031556129,-9999,0.449035261053369,-1.01173992050288,0.0100450479845401,0.462581393559683
-0.577098826327712,0.038758337580709,1.42977748270575,0.4,0,0.126740887761116,NaN,1.52793446184,0.7591617792,2.496337112376,1.890944424,-0.605393291304,0.0371509360186524,1.45845237931651,-0.813042622665679,0.0324403665988231,1.50597816767579
-2.62732729117041,NaN,1.28038732115776,1,0,0.0377597585320473,NaN,4.37665634012903,2.25091109032258,4.13182629469301,1.66053506167742,-2.47129253946581,0.0537737326072258,1.35092376449229,-2.70690230368585,0.0536927676066,1.30839500617001
-0.686036497987023,NaN,1.01068504686737,0.7,0,0.0445345379412174,NaN,1.74195412924111,1.12777004682581,2.00360238663484,1.31740004670968,-0.686201714221935,0.0517026066503226,0.854804512842982,-0.726312072707483,0.0348221674032218,0.893599868492636
NaN,NaN,NaN,NaN,0,NaN,NaN,0.6514092972,11.30686236,-9999,4.708222776,-9999,-9999,-9999,0.15469569629899,0.0251183537511095,0.599834035426483
NaN,NaN,NaN,0.5,NaN,NaN,NaN,0.503499806477419,23.3529697393548,-9999,2.40839115096774,-9999,-9999,-9999,-0.00804701977451036,0.0233359991779574,0.317328945880987
NaN,NaN,NaN,NaN,NaN,0.163946986198425,NaN,0.07476070104,13.9161372264,0.0878068195145865,1.0646159688,1.08875476372331,-9999,0.0372159988053349,0.954872637024596,0.0171135780770269,0.0664783720678423
NaN,NaN,NaN,NaN,NaN,0.0902999192476273,NaN,0,9.44635435754214,1.82102190433548,5.01576058964903,3.19474674286606,-9999,0.0917326030571097,2.94667868159166,0.0124969517525494,0.0537538971649303
NaN,NaN,NaN,NaN,NaN,0.107574760913849,NaN,0.0196598362575484,27.4903933593041,-2.4731056484129,1.40128144035233,3.87438807716129,-9999,0.029707491977699,3.03983241005801,0.00748262452257792,0.0230853795109416
1.49851860063381,NaN,NaN,NaN,NaN,NaN,NaN,0.5024435508,8.10469490468455,14.9080762046571,17.534626875594,2.62655561982857,-9999,0.0236562521052726,1.96768510508268,-0.00344428748432008,0.010372651931856
1.322257511223,NaN,NaN,NaN,0.69,0.263195008039474,NaN,0.206395312645161,0.213115762458581,0.371325039034064,1.60682361163897,1.23549747649548,-9999,-0.0102597399704056,0.928028401635005,-0.00299306938105837,0.000804831961635277
1.15959514913164,NaN,0.0588977484422637,0,0.78,0.258331418037415,NaN,0.229386434904,0.78492256128,0.3356143980264,1.6442833752,1.308670503624,-9999,0.0555394153711852,1.13104613275067,0.00418670713754191,0.068284912165247
2.46556928039721,0.0175200401849226,0.756877545564508,NaN,0.555,0.31749552488327,NaN,0.353771074524774,2.131267896,0.559180206104516,2.54811863148387,1.98893902338581,0.0140162552767742,1.02026165211719,1.93245598646129,0.00963769155799976,0.57457266682101
4.68178460420938,0.0467234544745667,2.26226138714184,0.4,0,0.21642804145813,NaN,2.196837510552,5.763197808,-0.862849194264,3.078699336,3.94154481744,0.0366329174004,2.09892286898294,3.40579558594446,0.0343765794950917,1.29690674600629
-0.526728594710343,NaN,1.16369032383901,0.6,0,NaN,NaN,3.01516044900619,1.68708126658064,2.79975202160516,2.49014150709677,-0.309607472085677,0.0361907504384516,0.888208128675308,-0.040248325940057,0.0478904669485603,0.952849473539664
1.01196674419257,0.0349700077433766,0.632632032405948,0.4,0,NaN,NaN,0.393570728154581,0.938073848516129,0.243399054495484,2.07096549677419,1.82757210642581,0.0275065946245161,0.565101272813785,1.41549454269146,0.0294996905528589,0.637947693971941
NaN,NaN,NaN,0.8,0.04,NaN,NaN,0.090239186448,0.4773324672,-1.802752510032,3.278669112,5.0814315792,0.036069201108,0.994737924365425,1.49050325265242,0.0243311829506677,0.540678423258098
NaN,NaN,NaN,NaN,NaN,NaN,NaN,0.13767182286271,0.248326783107097,-2.4189958584,2.39274730219355,4.81174281987097,0.02481152256,1.05252546688592,0.794866264031113,0.0258316931732422,0.278455965062095
NaN,NaN,NaN,NaN,NaN,NaN,NaN,0.030363091992,0.200146388904,-2.928771648,2.08372618008,5.0124751344,0.033482159208,1.67160525631374,1.31854984841216,0.0336283523268768,0.0915638395142405
NaN,NaN,NaN,NaN,NaN,NaN,NaN,0,0.180787778245161,-2.17467088548387,1.99654225083871,4.17121164348387,0.0334467866903226,1.85179142138501,1.42704462088852,0.030810952308472,0.0818697541091414
NaN,NaN,NaN,NaN,NaN,NaN,NaN,0.0205123140232258,0.0942089007958348,2.01263448007742,1.06937989766001,-0.943261597370323,-0.00027923346348387,0.7601779123123,1.34961430708466,0.00378620378208869,0.0404393327000881
-0.034175055093153,-0.00552611519553397,NaN,0.1,NaN,NaN,NaN,0.278448221198571,0.381920595379714,1.95229998329143,2.42896678868571,0.476664321471429,-0.00481151647877143,0.0112047834268544,0.470223310852068,-0.00359898925452891,0.00385694366700638
0.0219132831831788,-0.000695612617566374,NaN,0,0.82,NaN,NaN,0.096591054123871,0.44657323028129,1.00968940451613,1.05290309194839,0.04321692144,-0.00266345128312258,-0.0177925613423553,-0.0997203933698098,-0.00284108041679892,-0.00286891629857464
-0.018978916429748,0.000480818272629212,0.0519495206743711,0,0.8,NaN,NaN,0.841036828968,1.03739605344,0.9305838322344,0.7589868948,-0.17159667228,0.00092983555152,0.0238011878359433,-0.286353592845068,-0.000449896310845464,0.0606651528424073
-0.783198069214257,0.0122867018899502,0.300457988747009,NaN,0.77,NaN,NaN,1.29021210650323,0.780879475741936,1.17882891606194,0.313054659870968,-0.865774382864516,0.00834270350516129,0.259841686311206,-0.770863139251191,0.00863920827727038,0.285602815206478
-0.50623674234467,0.034590807781263,0.66918806420115,NaN,0.08,0.261610984802246,NaN,1.2660326208,1.13904506664,1.168630907328,0.6766361064,-0.491993763336,0.02872390728744,0.580341682294162,-0.305686204560879,0.0276790764900227,0.628114749252848
-0.896800721787121,0.0495100929978582,1.15515917917061,0.5,0,0.156886115670204,NaN,2.12966602959716,0.819793746580645,2.3800747401871,1.37991832722581,-1.00015692337626,0.0539342882012903,1.25858277481843,-1.3427652386344,0.0531068991692712,1.15631628660624
-0.963614232763397,0.0428252398867748,0.751039226762256,NaN,0,NaN,NaN,1.91620217456129,1.39291776464516,2.96340438648774,2.46769433419355,-0.495708639591484,0.0410831581308387,0.771329805526904,-0.691767414607379,0.0422161924696614,0.804009434396669
-0.252844974879734,0.0270602042932929,0.419772374404379,0.8,0,NaN,NaN,0.2101353302088,0.8761655592,0.7676622544248,0.5273896608,-0.240271649424,0.0306016279578947,0.42562069126001,-0.286817066466946,0.0259313134117611,0.428265214703657
-0.713867806166037,NaN,0.211251457097689,NaN,NaN,0.0737601742148399,NaN,0.441449744395355,1.38140152327742,1.01084540672903,0.732604127225806,-0.278240231380645,-9999,0.155960278773615,-0.364908857416111,0.0334826354317797,0.176438070265924
-0.440871765411181,NaN,0.0143547429607167,NaN,NaN,0.0624644719064236,NaN,0.08338314672,0.554706518976,0.882466525152,0.324559261008,-0.55791007308,-9999,0.0151779431905259,-0.522225101185196,0.0328936987765907,0.0379164605377851
0.0654595218684473,NaN,NaN,NaN,NaN,0.211847007274628,NaN,0,0.153558888820723,0.226737846884903,0.0701314774978064,-0.156605765945806,-9999,-0.00886497348772407,-0.457234323422444,0.0180056922921272,0.0103780947171949
NaN,NaN,NaN,NaN,NaN,0.210835859179497,NaN,NaN,NaN,NaN,NaN,NaN,NaN,NaN,NaN,NaN,NaN
NaN,NaN,NaN,NaN,NaN,0.207844734191895,NaN,NaN,NaN,NaN,NaN,NaN,NaN,NaN,NaN,NaN,NaN
NaN,NaN,NaN,NaN,NaN,0.244658261537552,NaN,NaN,NaN,NaN,NaN,NaN,NaN,NaN,NaN,NaN,NaN
NaN,NaN,NaN,0,0.705,0.386598348617554,NaN,NaN,NaN,NaN,NaN,NaN,NaN,NaN,NaN,NaN,NaN
NaN,NaN,NaN,0.1,0.45,0.319622874259949,NaN,NaN,NaN,NaN,NaN,NaN,NaN,NaN,NaN,NaN,NaN
NaN,NaN,NaN,NaN,0.035,0.15930400788784,NaN,NaN,NaN,NaN,NaN,NaN,NaN,NaN,NaN,NaN,NaN
NaN,NaN,NaN,0.6,0,-0.000430393003625795,NaN,NaN,NaN,NaN,NaN,NaN,NaN,NaN,NaN,NaN,NaN
NaN,NaN,NaN,NaN,0,0.103589750826359,NaN,NaN,NaN,NaN,NaN,NaN,NaN,NaN,NaN,NaN,NaN
NaN,NaN,NaN,NaN,0,0.0695649385452271,NaN,NaN,NaN,NaN,NaN,NaN,NaN,NaN,NaN,NaN,NaN
NaN,NaN,NaN,0.1,NaN,0.0331731848418713,NaN,NaN,NaN,NaN,NaN,NaN,NaN,NaN,NaN,NaN,NaN
NaN,NaN,NaN,NaN,NaN,0.109499678015709,NaN,NaN,NaN,NaN,NaN,NaN,NaN,NaN,NaN,NaN,NaN
NaN,NaN,NaN,NaN,NaN,0.0930959805846214,NaN,NaN,NaN,NaN,NaN,NaN,NaN,NaN,NaN,NaN,NaN
NaN,NaN,NaN,NaN,NaN,0.201922625303268,NaN,NaN,NaN,NaN,NaN,NaN,NaN,NaN,NaN,NaN,NaN
NaN,NaN,NaN,NaN,NaN,0.171072468161583,NaN,NaN,NaN,NaN,NaN,NaN,NaN,NaN,NaN,NaN,NaN
NaN,NaN,NaN,NaN,0.705,0.261707842350006,NaN,NaN,NaN,NaN,NaN,NaN,NaN,NaN,NaN,NaN,NaN
NaN,NaN,NaN,NaN,0.79,0.296117842197418,NaN,NaN,NaN,NaN,NaN,NaN,NaN,NaN,NaN,NaN,NaN
NaN,NaN,NaN,0.1,0.79,0.323197215795517,NaN,NaN,NaN,NaN,NaN,NaN,NaN,NaN,NaN,NaN,NaN
NaN,NaN,NaN,NaN,0.03,0.167832553386688,NaN,NaN,NaN,NaN,NaN,NaN,NaN,NaN,NaN,NaN,NaN
NaN,NaN,NaN,0.55,0,0.0810811594128609,NaN,NaN,NaN,NaN,NaN,NaN,NaN,NaN,NaN,NaN,NaN
NaN,NaN,NaN,NaN,0,0.0409909673035145,NaN,NaN,NaN,NaN,NaN,NaN,NaN,NaN,NaN,NaN,NaN
NaN,NaN,NaN,NaN,0.03,0.0609766989946365,NaN,NaN,NaN,NaN,NaN,NaN,NaN,NaN,NaN,NaN,NaN
NaN,NaN,NaN,NaN,NaN,0.0943992957472801,NaN,NaN,NaN,NaN,NaN,NaN,NaN,NaN,NaN,NaN,NaN
NaN,NaN,NaN,NaN,NaN,0.113377243280411,NaN,NaN,NaN,NaN,NaN,NaN,NaN,NaN,NaN,NaN,NaN
NaN,NaN,NaN,NaN,NaN,0.14750649034977,NaN,NaN,NaN,NaN,NaN,NaN,NaN,NaN,NaN,NaN,NaN
NaN,NaN,NaN,NaN,NaN,0.133331403136253,NaN,NaN,NaN,NaN,NaN,NaN,NaN,NaN,NaN,NaN,NaN
NaN,NaN,NaN,0,NaN,0.160425245761871,NaN,NaN,NaN,NaN,NaN,NaN,NaN,NaN,NaN,NaN,NaN
NaN,NaN,NaN,NaN,0.71,0.192591339349747,NaN,NaN,NaN,NaN,NaN,NaN,NaN,NaN,NaN,NaN,NaN
NaN,NaN,NaN,0,0.79,NaN,NaN,NaN,NaN,NaN,NaN,NaN,NaN,NaN,NaN,NaN,NaN
NaN,NaN,NaN,0.1,0.3,NaN,NaN,NaN,NaN,NaN,NaN,NaN,NaN,NaN,NaN,NaN,NaN
NaN,NaN,NaN,NaN,0,NaN,NaN,NaN,NaN,NaN,NaN,NaN,NaN,NaN,NaN,NaN,NaN
NaN,NaN,NaN,0.5,0,NaN,NaN,NaN,NaN,NaN,NaN,NaN,NaN,NaN,NaN,NaN,NaN
NaN,NaN,NaN,NaN,0,NaN,NaN,NaN,NaN,NaN,NaN,NaN,NaN,NaN,NaN,NaN,NaN
NaN,NaN,NaN,NaN,0.09,NaN,NaN,NaN,NaN,NaN,NaN,NaN,NaN,NaN,NaN,NaN,NaN
NaN,NaN,NaN,NaN,NaN,NaN,NaN,NaN,NaN,NaN,NaN,NaN,NaN,NaN,NaN,NaN,NaN
NaN,NaN,NaN,NaN,NaN,NaN,NaN,NaN,NaN,NaN,NaN,NaN,NaN,NaN,NaN,NaN,NaN
NaN,NaN,NaN,NaN,NaN,NaN,NaN,NaN,NaN,NaN,NaN,NaN,NaN,NaN,NaN,NaN,NaN
