NBE,CH4,ET,LAI,SCF,EWT,ABGB,GPP_DT,ER_DT,GPP_NT,ER_NT,NBE_F,CH4_F,ET_F,NBE_ANN,CH4_ANN,ET_ANN
NaN,NaN,NaN,NaN,NaN,-1.42075777053833,NaN,NaN,NaN,NaN,NaN,NaN,NaN,NaN,NaN,NaN,NaN
NaN,NaN,NaN,0,NaN,-3.48965644836426,NaN,NaN,NaN,NaN,NaN,NaN,NaN,NaN,NaN,NaN,NaN
NaN,NaN,NaN,NaN,0.71,-2.89777016639709,NaN,NaN,NaN,NaN,NaN,NaN,NaN,NaN,NaN,NaN,NaN
NaN,NaN,NaN,NaN,0.7525,-1.2594301700592,NaN,NaN,NaN,NaN,NaN,NaN,NaN,NaN,NaN,NaN,NaN
NaN,NaN,NaN,0.083333333,0.8425,-3.85031819343567,NaN,NaN,NaN,NaN,NaN,NaN,NaN,NaN,NaN,NaN,NaN
NaN,NaN,NaN,0.1,0.015,0.843446373939514,NaN,NaN,NaN,NaN,NaN,NaN,NaN,NaN,NaN,NaN,NaN
NaN,NaN,NaN,0.966666667,0,4.23011350631714,NaN,NaN,NaN,NaN,NaN,NaN,NaN,NaN,NaN,NaN,NaN
NaN,NaN,NaN,NaN,0,5.11006164550781,NaN,NaN,NaN,NaN,NaN,NaN,NaN,NaN,NaN,NaN,NaN
NaN,NaN,NaN,0.466666667,0.00333333333,6.87666130065918,NaN,NaN,NaN,NaN,NaN,NaN,NaN,NaN,NaN,NaN,NaN
NaN,NaN,NaN,0,NaN,8.61806297302246,NaN,NaN,NaN,NaN,NaN,NaN,NaN,NaN,NaN,NaN,NaN
NaN,NaN,NaN,NaN,NaN,9.86822414398193,NaN,NaN,NaN,NaN,NaN,NaN,NaN,NaN,NaN,NaN,NaN
NaN,NaN,NaN,NaN,NaN,8.97884941101074,NaN,NaN,NaN,NaN,NaN,NaN,NaN,NaN,NaN,NaN,NaN
NaN,NaN,NaN,NaN,NaN,5.94622802734375,NaN,NaN,NaN,NaN,NaN,NaN,NaN,NaN,NaN,NaN,NaN
NaN,NaN,NaN,0.2,NaN,5.73482608795166,NaN,NaN,NaN,NaN,NaN,NaN,NaN,NaN,NaN,NaN,NaN
NaN,NaN,NaN,0,0.7733333333,2.57124328613281,NaN,NaN,NaN,NaN,NaN,NaN,NaN,NaN,NaN,NaN,NaN
NaN,NaN,NaN,NaN,0.7483333333,0.487054169178009,NaN,NaN,NaN,NaN,NaN,NaN,NaN,NaN,NaN,NaN,NaN
NaN,NaN,NaN,0.025,0.8277777778,-0.171638891100883,NaN,NaN,NaN,NaN,NaN,NaN,NaN,NaN,NaN,NaN,NaN
NaN,NaN,NaN,0.3,0,3.27534961700439,NaN,NaN,NaN,NaN,NaN,NaN,NaN,NaN,NaN,NaN,NaN
NaN,NaN,NaN,0.65,0,7.09911155700684,NaN,NaN,NaN,NaN,NaN,NaN,NaN,NaN,NaN,NaN,NaN
NaN,NaN,NaN,0.6,0,5.25779342651367,NaN,NaN,NaN,NaN,NaN,NaN,NaN,NaN,NaN,NaN,NaN
NaN,NaN,NaN,0.4,0,7.62731838226318,NaN,NaN,NaN,NaN,NaN,NaN,NaN,NaN,NaN,NaN,NaN
NaN,NaN,NaN,NaN,NaN,4.81450223922729,NaN,NaN,NaN,NaN,NaN,NaN,NaN,NaN,NaN,NaN,NaN
NaN,NaN,NaN,NaN,NaN,4.08149528503418,NaN,NaN,NaN,NaN,NaN,NaN,NaN,NaN,NaN,NaN,NaN
NaN,NaN,NaN,NaN,NaN,3.85631799697876,NaN,NaN,NaN,NaN,NaN,NaN,NaN,NaN,NaN,NaN,NaN
NaN,NaN,NaN,NaN,NaN,2.40903759002686,NaN,NaN,NaN,NaN,NaN,NaN,NaN,NaN,NaN,NaN,NaN
NaN,NaN,NaN,0.3,NaN,-0.0345425345003605,NaN,NaN,NaN,NaN,NaN,NaN,NaN,NaN,NaN,NaN,NaN
NaN,NaN,NaN,0,0.7183333333,-2.78019428253174,NaN,NaN,NaN,NaN,NaN,NaN,NaN,NaN,NaN,NaN,NaN
NaN,NaN,NaN,NaN,0.745,-3.97735810279846,NaN,NaN,NaN,NaN,NaN,NaN,NaN,NaN,NaN,NaN,NaN
NaN,NaN,NaN,0,0.8283333333,-6.93787002563477,NaN,NaN,NaN,NaN,NaN,NaN,NaN,NaN,NaN,NaN,NaN
NaN,NaN,NaN,NaN,0.035,0.206209421157837,NaN,NaN,NaN,NaN,NaN,NaN,NaN,NaN,NaN,NaN,NaN
NaN,NaN,NaN,0.933333333,0,2.53661489486694,NaN,NaN,NaN,NaN,NaN,NaN,NaN,NaN,NaN,NaN,NaN
NaN,NaN,NaN,0.783333333,0,4.38355493545532,NaN,NaN,NaN,NaN,NaN,NaN,NaN,NaN,NaN,NaN,NaN
NaN,NaN,NaN,NaN,0.03333333333,3.991295337677,NaN,NaN,NaN,NaN,NaN,NaN,NaN,NaN,NaN,NaN,NaN
NaN,NaN,NaN,0.333333333,NaN,2.56676006317139,NaN,NaN,NaN,NaN,NaN,NaN,NaN,NaN,NaN,NaN,NaN
NaN,NaN,NaN,NaN,NaN,4.21071720123291,NaN,NaN,NaN,NaN,NaN,NaN,NaN,NaN,NaN,NaN,NaN
NaN,NaN,NaN,NaN,NaN,1.50737595558167,NaN,NaN,NaN,NaN,NaN,NaN,NaN,NaN,NaN,NaN,NaN
NaN,NaN,NaN,NaN,NaN,0.300572574138641,NaN,NaN,NaN,NaN,NaN,NaN,NaN,NaN,NaN,NaN,NaN
NaN,NaN,NaN,0.05,NaN,0.571671485900879,NaN,NaN,NaN,NaN,NaN,NaN,NaN,NaN,NaN,NaN,NaN
NaN,NaN,NaN,0,0.7266666667,1.1651930809021,NaN,NaN,NaN,NaN,NaN,NaN,NaN,NaN,NaN,NaN,NaN
NaN,NaN,NaN,0,0.725,0.0155399721115828,NaN,NaN,NaN,NaN,NaN,NaN,NaN,NaN,NaN,NaN,NaN
NaN,NaN,NaN,0,0.7833333333,-2.10212969779968,NaN,NaN,NaN,NaN,NaN,NaN,NaN,NaN,NaN,NaN,NaN
NaN,NaN,NaN,0,0.1466666667,1.61599099636078,NaN,NaN,NaN,NaN,NaN,NaN,NaN,NaN,NaN,NaN,NaN
NaN,NaN,NaN,0.683333333,0,3.91720509529114,NaN,NaN,NaN,NaN,NaN,NaN,NaN,NaN,NaN,NaN,NaN
NaN,NaN,NaN,0.9,0,4.25243806838989,NaN,NaN,NaN,NaN,NaN,NaN,NaN,NaN,NaN,NaN,NaN
NaN,NaN,NaN,NaN,0,5.72768115997314,NaN,NaN,NaN,NaN,NaN,NaN,NaN,NaN,NaN,NaN,NaN
NaN,NaN,NaN,NaN,NaN,5.53978204727173,NaN,NaN,NaN,NaN,NaN,NaN,NaN,NaN,NaN,NaN,NaN
NaN,NaN,NaN,NaN,NaN,2.71434783935547,NaN,NaN,NaN,NaN,NaN,NaN,NaN,NaN,NaN,NaN,NaN
NaN,NaN,NaN,NaN,NaN,1.38117361068726,NaN,NaN,NaN,NaN,NaN,NaN,NaN,NaN,NaN,NaN,NaN
NaN,NaN,NaN,NaN,NaN,NaN,NaN,NaN,NaN,NaN,NaN,NaN,NaN,NaN,NaN,NaN,NaN
NaN,NaN,NaN,0,NaN,-1.7481654882431,NaN,NaN,NaN,NaN,NaN,NaN,NaN,NaN,NaN,NaN,NaN
NaN,NaN,NaN,0,0.685,-4.60353088378906,NaN,NaN,NaN,NaN,NaN,NaN,NaN,NaN,NaN,NaN,NaN
NaN,NaN,NaN,0,0.7825,-6.24598979949951,NaN,NaN,NaN,NaN,NaN,NaN,NaN,NaN,NaN,NaN,NaN
NaN,NaN,NaN,0.016666667,0.8066666667,-7.73935556411743,NaN,NaN,NaN,NaN,NaN,NaN,NaN,NaN,NaN,NaN,NaN
NaN,NaN,NaN,0.183333333,0,NaN,NaN,NaN,NaN,NaN,NaN,NaN,NaN,NaN,NaN,NaN,NaN
NaN,NaN,NaN,0.7,0,2.83077239990234,NaN,NaN,NaN,NaN,NaN,NaN,NaN,NaN,NaN,NaN,NaN
NaN,NaN,NaN,NaN,0,0.60772567987442,NaN,NaN,NaN,NaN,NaN,NaN,NaN,NaN,NaN,NaN,NaN
NaN,NaN,NaN,0.633333333,0,2.58956956863403,NaN,NaN,NaN,NaN,NaN,NaN,NaN,NaN,NaN,NaN,NaN
NaN,NaN,NaN,0,NaN,3.38818073272705,NaN,NaN,NaN,NaN,NaN,NaN,NaN,NaN,NaN,NaN,NaN
NaN,NaN,NaN,NaN,NaN,3.17788481712341,NaN,NaN,NaN,NaN,NaN,NaN,NaN,NaN,NaN,NaN,NaN
NaN,NaN,NaN,NaN,NaN,-1.13094937801361,NaN,NaN,NaN,NaN,NaN,NaN,NaN,NaN,NaN,NaN,NaN
NaN,NaN,NaN,NaN,NaN,-0.170164704322815,NaN,0.000561567501615484,Inf,-9999,Inf,-9999,-9999,-9999,-0.626800762402613,0.00688866950758625,0.0280125995895942
NaN,NaN,NaN,0,NaN,-1.6785306930542,NaN,0.0304258620141186,Inf,-9999,Inf,-9999,-9999,-9999,-0.476409599222733,0.007046913794422,0.012571339218778
NaN,NaN,NaN,0,0.7025,-2.20340037345886,NaN,0.204527296867355,Inf,-9999,Inf,-9999,-9999,-9999,-0.37143786348804,0.00515690066238122,0.0142968969654769
-0.0208124054837831,NaN,0.00625825829818888,0.083333333,0.7066666667,-4.21127319335938,NaN,0.332491587066,0.11532003106464,0.2290775362632,0.15700651744248,-0.07207102224,-9999,0.0430877577123731,-0.089966634454684,0.000295790099834095,0.0432141952405286
0.101033438561215,NaN,0.139870016282562,NaN,0.8233333333,NaN,NaN,0.489150479623587,0.444293380103226,0.187734230593548,0.354942023690323,0.167208384469935,-9999,0.142476113506772,0.170765913119872,0.00090341524187874,0.158299762976397
-0.046021734757146,NaN,1.18356257986053,0.083333333,0.1466666667,0.994335532188416,NaN,0.92769818688,0.8731654488,1.089389195856,1.2377297448,0.1483388831088,-9999,1.21821178122537,0.0792076848401528,0.00597139431361122,1.21640518738421
-1.27392347719053,NaN,0.99837608142436,0.8,0,3.01036500930786,NaN,2.90364754668387,1.56182155037419,3.49432946282323,2.02001376541935,-1.47431485117161,0.00871534788976081,1.17069123806554,-1.56851712586396,0.00718751754340108,1.17646134464069
-0.633236774590349,NaN,0.9653092251526,1.2,0,2.44491624832153,NaN,2.02346780239742,1.42105308851613,2.27229280295226,1.82699547073548,-0.445297401406452,0.00161309643950104,0.790758500700547,-0.781621768857026,0.00936932681630112,0.803302268759061
-0.0348307297833461,NaN,0.553398503222215,1,0.08666666667,0.794398128986359,NaN,0.7338934444176,0.9911848392,0.58160604132,0.4743170712,-0.10728845424,0.0030065230346047,0.549834419405618,-0.0492579225789176,0.00613382735850746,0.476468430646604
0.186742129634964,NaN,0.116012906544538,NaN,NaN,NaN,NaN,0.247713258720774,0.799387390451613,0.0705689864245161,0.11954679624,0.048978238004129,0.00455079696218182,0.114445137138491,0.0576072468867502,0.00766137501082619,0.0827418661851332
0.140731897864018,NaN,0.132830206405343,NaN,NaN,-4.81896305084229,NaN,0.095768755848,0.83555699688,0.1890372018384,0.2970729882,0.1080355797576,-9999,0.0897394918031267,-0.0848754546318208,0.00661791815046894,0.0500137706504016
NaN,NaN,NaN,NaN,NaN,-1.73275852203369,NaN,2.31761032258064e-05,0.159625771999069,-9999,0.0294587012465961,-9999,-9999,-9999,-0.525316661782737,0.00626031826411925,0.0338715728038097
NaN,NaN,NaN,NaN,NaN,-6.34307098388672,NaN,0.038035319660129,0.135318975274729,-9999,0.0246996835184459,-9999,-9999,-9999,-0.631245961902849,0.00813444516006403,0.0191717176848015
NaN,NaN,NaN,0.233333333,NaN,-3.81362318992615,NaN,0.558781360071429,0.0209997761242195,-9999,0.00312102475210168,-9999,-9999,-9999,-0.48428655034736,0.00712846328098095,0.00986436308726469
NaN,NaN,NaN,0,0.685,NaN,NaN,1.06289942614142,0.126591755560226,-9999,0.0436316210444154,-9999,-9999,-9999,-0.368427833500098,0.00335439892281093,0.0100090736875572
0.010389708,NaN,0.0639898076660061,0,0.7716666667,-8.86128807067871,NaN,1.183547854008,0.3862668081096,-0.119999262736326,0.22497729623496,0.351019041368276,-9999,0.0968363265263105,-0.132096326198628,0.00324357349942008,0.0416947147472977
0.146935367573964,NaN,0.0340315887883944,0.133333333,0.7575,-12.1691341400146,NaN,0.747686709545806,0.825050657729032,0.50371606484129,1.01698582389677,0.513273219584516,-9999,0.511783034379967,0.222731611735586,0.00232543999390054,0.190424501780527
0.55883842238961,NaN,1.21834363200544,NaN,0,-6.04231119155884,NaN,1.2326005224,0.8041656888,1.599883182648,2.1097430424,0.5098600096992,-9999,1.1742863446312,0.398887841527763,0.00419802261652853,1.13097250679714
0.28184785467832,NaN,1.01436593687259,0.766666667,0,-1.97274792194366,NaN,2.09606564024129,1.69223318709677,1.53118665939019,1.61116053445161,0.0799742485811612,-9999,0.919513297630233,-0.501403367540992,0.00947713109517209,1.01054120918259
-0.942034724682277,NaN,0.666584247816912,0.55,0,NaN,NaN,2.27150633654942,1.28396761548387,1.63185724144568,0.75435670683871,-0.877500852517161,-9999,0.79641986031222,-0.710842194301836,0.00939356619793244,0.763715489711812
-0.547155484411814,NaN,0.675879334202852,0.466666667,0,NaN,NaN,0.42499134123336,0.87598707912,0.40617237886776,0.4495540896,0.043382073312,-9999,0.269939881420317,0.0735831315380702,0.00872850340452925,0.434088062453693
-0.0325068777372507,0.0056403289196914,0.0480461629868597,NaN,NaN,-3.37385535240173,NaN,0.152214059648206,0.217883831458065,0.144453524123613,0.0836563770580645,-0.0607965672309677,0.00581361367565454,0.0554700383074887,0.00910767907189358,0.00528945561774756,0.0864849459122176
0.609771417907008,NaN,0.0369045400424031,NaN,NaN,-8.22601509094238,NaN,0.03394461339504,0.39645369072,-0.00217700827200001,0.26590995576,0.2680871994144,-9999,0.0240758292234971,0.108413141247311,0.00819122151510658,0.0360228979299432
NaN,NaN,NaN,NaN,NaN,-11.7610645294189,NaN,1.57700903225806e-07,0.266210884939355,-9999,0.767966938933801,-9999,-9999,0.0715101997823401,-0.0425746675410351,0.00611197798656368,0.0453993926393517
NaN,NaN,NaN,NaN,NaN,-11.5785350799561,NaN,0.00434563313806452,0.127798845086259,-9999,2.2220865335275,-9999,-9999,0.0431887717100803,-0.647004644986071,0.0067624688217801,0.0185104610153929
-0.261874265971687,NaN,0.11803426451824,0,NaN,NaN,NaN,0.116444467234286,0.0756011298288181,1.72158352117714,4.24420954963544,-0.335029748723265,-9999,0.0504952121755372,-0.538909238133553,0.00406921815758064,0.0183419000826806
-0.338031227146402,NaN,NaN,NaN,0.7741666667,-16.205436706543,NaN,0.0696129510015871,0.0318027068068933,3.42809899975742,3.09537139587901,-0.332727336896516,-9999,-0.0267390259415543,-0.370506643431383,0.000878416910080019,-0.0133344148718668
NaN,NaN,NaN,NaN,0.75,-16.4451179504395,NaN,0.03904271905032,0.08767976797008,4.7451515616,4.6258196266152,-0.119330676144,-9999,0.121955380711395,-0.114633663170807,0.00071416008445707,0.025462368600768
0.447094830915302,NaN,0.451753812055381,0,0.7905555556,-17.9933757781982,NaN,0.0414439797414193,0.197722730787097,0.505077522582194,0.942290960748387,0.437213082867097,-9999,0.382905664599057,0.377183673378843,0.00457088985965832,0.330615673831372
0.13737926671539,0.00364838235081728,1.14682073820605,0.266666667,0,-11.547269821167,NaN,0.307695462624,0.4523601528,-0.1129084213752,0.20537644392,0.3182846908968,0.003867179553864,1.03214827441102,0.36239323433987,0.00451012046760032,1.07412127188158
-0.617612638518936,0.00975788906951334,1.57070080750856,0.3,0,NaN,NaN,1.77226341384774,0.7126533576,1.13895008628387,0.424487708129032,-0.7144623036,0.0123009734926452,1.49584859607507,-1.0198686618552,0.01046079153393,1.36270268187636
-0.744443066139958,NaN,0.910645127534142,0.608333333,0,-5.48227977752686,NaN,2.22090558145548,1.51738208663226,2.14317263789419,1.64340183716129,-0.499770421548387,0.0189111986802581,0.674842587418671,-0.798685486707318,0.0138679203146169,0.759588474599929
0.118407639362129,NaN,0.455351244855829,0.15,0.1366666667,-3.31625962257385,NaN,0.4218539381568,0.57364842312,0.3630348595512,0.59334623424,0.2303118730332,0.0051695895636,0.490612605500496,0.112873243856456,0.0107754492012474,0.485755733857729
0.253173422657633,NaN,0.234707440619384,0.1,NaN,-6.65274810791016,NaN,0.250309623544258,0.688962491535484,0.389743990945548,0.503602492180645,0.113857843612645,-9999,0.270826767761749,0.0554366290892966,0.0100319441771289,0.173372899711433
0.127686331785234,NaN,NaN,NaN,NaN,-6.71937656402588,NaN,0.0484225156728,0.0102537131976,0.372285004608,0.5476860428328,0.1754021898144,-9999,-0.0648268616786734,0.0950941565281337,0.00630498645241373,0.0193618234362497
NaN,NaN,NaN,NaN,NaN,NaN,NaN,4.01626985806452e-06,0.00439627490941935,2.21653500574529,2.70708991404387,0.490543667860645,-9999,0.229873043081378,-0.418126732924688,0.00667639629835097,0.0408888500217315
NaN,NaN,NaN,NaN,NaN,-6.45263290405273,NaN,0.00604610660392258,0.00475709272303439,2.21655934739845,1.66484087785472,-0.551718728616774,-9999,-0.026839117987524,-0.691347303265331,0.00483747203395962,0.00765890521615786
NaN,NaN,NaN,NaN,NaN,-7.76007413864136,NaN,0.0789021609197143,0.0135921231741887,5.63550821850857,5.35081379649462,-0.28469558592,-9999,-0.0219035841049307,-0.556412830070253,0.00352241881557628,0.000123071784158309
-0.174260327738138,NaN,NaN,0,0.6833333333,-12.179573059082,NaN,0.0741534045909677,Inf,Inf,Inf,-0.350795719999742,-9999,-0.00837275232172587,-0.503288478832801,0.00412743790416049,-0.00561903601259998
-0.116825933203237,NaN,0.0474685639864271,0.125,0.7733333333,-14.2063388824463,NaN,0.2087317661112,0.4424479776,0.993214031222304,0.86467605624,-0.1285375150368,-9999,0.0424154559061776,-0.190955258621332,0.00293493286331913,0.0375059488149306
0.73110842388233,0.0044535327281589,0.440133213689262,0,0.7433333333,-13.694450378418,NaN,0.887063035412903,1.49375910658065,1.96235239868129,2.82611835174194,0.863765811824516,0.00573340774063304,0.438490043880243,0.64625325101842,0.00351164213032529,0.403416241571984
0.122347177825679,0.00699452820962775,1.36036166209895,0.7,0,NaN,NaN,2.727395928,1.993520952,5.309604263736,5.181327,-0.128279591424,0.0099608992884,1.74380497077544,0.250751966581871,0.00621624553668892,1.64964951008799
-3.2098912777197,0.0154797877608822,1.33190087739153,1.091666667,0,-0.35821270942688,NaN,4.68282217673032,1.71726748954839,6.64028607832258,3.54005626064516,-3.10023377556387,0.0180903802645161,1.31444790174552,-2.51462220050333,0.0134058269271433,1.29474453127488
-1.00568756663907,0.0252967374308571,0.945377237718971,0.675,0,-0.536494076251984,NaN,2.22013071683489,1.47010146270968,2.5803481926823,1.53856380541935,-1.04178519896516,0.0167737487527742,0.960542454073097,-1.03516038385063,0.0141974252274342,0.875311177839895
0.375410219590466,NaN,0.682550709839957,NaN,0,-1.4499192237854,NaN,0.3564794588616,1.1127495024,0.3037036079736,0.7030406772,0.3993361538112,0.0093373979976,0.582962162930713,0.186932561043322,0.0113204972820409,0.563659453958696
-0.225605407308179,NaN,0.131658514642367,NaN,NaN,NaN,NaN,0.15213459858055,0.243308791509677,0.518662030436129,0.231741742273548,-0.286919938152,-9999,0.155318826496736,-0.186622559270717,0.00847292557564207,0.160712231803063
NaN,NaN,NaN,NaN,NaN,NaN,NaN,0.089851053384,0.5266209060792,0.9748324035216,1.89230060948783,0.917468343359999,-9999,-0.0260372408794284,0.00191266224018148,0.00697498013145465,0.0524696732657077
NaN,NaN,NaN,NaN,NaN,-4.6277232170105,NaN,0.00027486,0.425517729528542,-0.783028473607742,0.782371986967173,1.56542046154839,-9999,0.0179575879065927,-0.338069872846379,0.00628769331967805,0.0346077688153085
NaN,NaN,NaN,NaN,NaN,-8.9964542388916,NaN,0.0294634003587097,1.73567674451613,4.14399771612692,5.04818373948387,0.904193475096774,-9999,-0.0178103928705092,-0.485531622744628,0.00278011983614429,0.0035942366389553
-0.988608972372771,NaN,NaN,0.25,NaN,-9.20334911346436,NaN,0.444567973600552,1.12410182621793,2.80065284707034,1.32901267431724,-1.47164070091034,-9999,-0.0644717425749826,-0.796333529603398,0.00395493592726332,-0.0230183651966211
-0.534306832969897,NaN,NaN,0,0.6866666667,-7.05981779098511,NaN,0.247679781654194,0.118975876648258,1.18295294887742,0.579031488212827,-0.603920932258065,-9999,-0.0275676118967855,-0.662591334818704,0.00275303601870719,-0.0228050941809783
-0.486377931622933,NaN,0.0238155028476706,0,0.815,NaN,NaN,2.0028730634712,0.997525614672,1.364993340948,0.7060413750552,-0.6589515150576,-9999,0.0113988857277217,-0.585614219253808,0.00944624707580254,0.0114127075235875
0.424211935838767,NaN,0.309438971392216,NaN,0.8108333333,-8.50455856323242,NaN,0.878981853318968,1.06284824129032,0.357602483845161,0.575008527483871,0.21740702588129,-9999,0.288352332790762,0.26926251701896,0.00509740167542216,0.301233329667749
1.15461005684492,NaN,1.20046120346842,1,0,-5.06064510345459,NaN,0.818366563224,1.3436031168,-0.092989705392,0.8754358608,0.968424779304,-9999,1.45111628002764,0.585877828069593,0.00808452760564829,1.48464120139975
-1.93830294138797,NaN,1.09950168132697,1.15,0,-2.31023025512695,NaN,3.78820285373659,1.98889552335484,2.95727706432418,0.977386928516129,-1.97989093848774,-9999,1.24988045916968,-2.29751392109597,0.0130947468378734,1.37068923976564
-1.28713268600577,NaN,0.930258557246829,0.95,0,-2.55119848251343,NaN,2.17767559515097,1.29240824051613,1.87309042634323,0.96449200848,-0.908596620255484,-9999,0.886748903919766,-1.12722634112606,0.0149067681160303,0.919737729088873
NaN,NaN,NaN,NaN,0,NaN,NaN,1.434178159488,2.8556726976,-9999,0.59480172144,-9999,-9999,-9999,-0.127491512108809,0.0108686830540312,0.581231272331769
NaN,NaN,NaN,0.35,NaN,NaN,NaN,0.715018273316129,1.29135264154839,-9999,0.880303896,-9999,-9999,-9999,-0.0535907722318081,0.00763798028621401,0.172710703970073
NaN,NaN,NaN,NaN,NaN,-6.39936017990112,NaN,0.0522962254296,0.213385169808,-9999,0.385117333776,-9999,-9999,-9999,-0.0623583404860261,0.0053254410332704,0.0643728840956312
0.538848493156499,NaN,NaN,NaN,NaN,-3.5816912651062,NaN,4.25216206451613e-05,0.0398492244328732,0.259726139628387,0.232282497266292,-0.027443483019871,-9999,0.0509199735997803,-0.195160214811457,0.00384252363135371,0.0198836484854036
NaN,NaN,NaN,NaN,NaN,-4.94052314758301,NaN,0.00755678020645161,0.237664570573982,0.27235566677729,0.190534260889745,-0.0818219008544516,-9999,0.14902303724554,-0.287492294893471,0.00420025109570748,0.0262259143430022
-0.723363544459795,NaN,NaN,0,NaN,NaN,NaN,0.317497583057143,0.0319837417990565,0.74896429788,0.0283577787470663,-0.720602284114286,-9999,-0.0291682900212484,-0.644711183512758,0.00198972802184082,-0.0069382764716506
NaN,NaN,NaN,NaN,0.71,-10.2171277999878,NaN,1.47698741554839,0.0369137866784316,0.341632371530322,0.113906757835457,-0.227725846583226,-9999,0.053915220429977,-0.668017493094789,0.003894317184691,-0.00325734747302644
NaN,NaN,NaN,0.066666667,0.7833333333,-9.84005069732666,NaN,3.0872514230352,0.0964589765904,1.04500458432,1.459098599112,0.41409449136,-9999,0.0856001927421011,-0.0952531897196096,0.00839195185404028,0.0422288477308585
NaN,NaN,NaN,NaN,0.9208333333,-11.525276184082,NaN,3.86535335541677,0.462857048593548,4.92926722483355,3.68013587690323,-1.2491286804,-9999,1.00806338414937,0.566318590268673,0.00731702466587307,0.217235036553138
NaN,NaN,NaN,0.15,0.6616666667,-7.4473123550415,NaN,4.67999726616,0.7623630936,9.1000166616,5.677282872,-3.42273928968,-9999,1.95157193313036,0.560874492491522,0.0129714220790397,1.22663311842756
-1.95605856597208,NaN,0.688764033300319,0.85,0,NaN,NaN,3.88726961341935,1.38504528232258,7.10610079052903,4.3965824516129,-2.70952066304129,-9999,1.23883795265224,-1.59135839303708,0.0113253510365308,1.2542250774998
-1.24685150733469,NaN,0.917788702725622,NaN,0,NaN,NaN,2.84486563870305,1.39566355873548,2.73845695614735,1.27505643793548,-1.46340010721961,-9999,0.894729917497622,-1.24975641017474,0.0124593752249458,0.849997502900266
-1.24435943114448,NaN,0.463350703077491,NaN,0.02333333333,NaN,NaN,1.2728715516936,1.1771692848,0.869322794004,0.392464997496,-0.4768574780592,-9999,0.58754879816135,-0.437606484799084,0.0100812162318357,0.517587670237848
0.025237629345405,NaN,0.223416748531997,NaN,NaN,NaN,NaN,0.279878513888903,0.759017227354839,0.326616904479484,0.228226607047742,-0.0983901239837419,-9999,0.199769436095323,-0.135985501717988,0.00742695084892634,0.167880281860552
0.150345893115227,NaN,0.146477276657659,NaN,NaN,NaN,NaN,0.091067713956,0.3454354827504,0.1980184477248,0.31534501846968,0.11732594979456,-9999,0.134132707351289,0.0403853486291963,0.00634886352596568,0.0888644070004969
-0.21487529994561,NaN,0.0263348496140123,NaN,NaN,NaN,NaN,0.00329242596619355,0.00829167708309677,4.55646051419923,4.42941930116129,-0.127038901782193,-9999,0.00962431169571256,-0.168974268918553,0.0056160588749584,0.0229202911081026
0.0639393748262549,NaN,NaN,NaN,NaN,NaN,NaN,0.0258239330314839,0.00123865233708532,0.695495529290323,0.73606633001406,0.0405712075772903,-9999,-0.0162656337463592,-0.339420416943233,0.00306920671436509,-8.02523998945135e-05
0.13937455965464,NaN,0.0398158487024009,0.075,NaN,NaN,NaN,0.0762318235062,0.123358328961737,0.2052041502402,0.137515804418571,-0.0676877884482857,-9999,0.0235617186019497,-0.230004544731117,0.0018295071654008,0.00664540429077582
-0.171588874728812,NaN,NaN,0,0.8075,NaN,NaN,0.171213801312124,0.169724177936361,0.396314341460129,0.150655520162508,-0.245658644458839,-9999,-0.023431710465459,-0.246108918821009,0.00701787905596883,-0.0167841022958505
0.510450999189144,NaN,0.0166818865171588,0.008333333,0.7877777778,NaN,NaN,0.26145420485688,0.40234707864,0.06497916429384,0.4212678313008,0.356288581728,-9999,0.0124859406942626,0.339521454533379,0.00963601484654844,0.0315486524655504
0.619362559404073,NaN,0.247222362782373,0,0.8125,NaN,NaN,0.0842512678211613,0.705930579870968,-0.0169237909997419,0.611604146322581,0.628527728903226,-9999,0.222408738898629,0.644682540569444,0.0114421374381467,0.226720189640217
0.206110125892985,NaN,0.500358508371201,0.116666667,0.6925,-9.8973970413208,NaN,0.454320594,0.69915887928,0.7683712977744,1.0801772568,0.3118054677552,-9999,0.572429060897556,0.436698021267224,0.0105221956350845,0.508127692743059
-0.893070534219638,0.0139880911097239,1.2069628429877,0.716666667,0,-5.75688600540161,NaN,2.20205619569032,1.46588258763871,2.47142443601264,1.78272229006452,-0.688702048769032,0.014779698696,1.35637217216,-0.944398385933488,0.0130468808315846,1.3558699266789
-1.01484085549544,NaN,0.729219086390315,0.7,0,NaN,NaN,2.70511912003819,1.81545214296774,2.59102739561806,1.62393864851613,-0.967089947783226,-9999,0.690534766278397,-1.28052372911375,0.0132656710730979,0.786834508162556
-1.14143528226888,NaN,0.323339139447025,0.52,0,NaN,NaN,1.17286888477824,0.82832715936,1.20199873668408,0.52218702,-0.67981143852,-9999,0.272090590536074,-0.723409642055097,0.0116171670300781,0.281398909034813
-1.0787049085983,NaN,0.0656934227262005,NaN,NaN,-2.59633874893188,NaN,0.490121303279226,0.716119239948387,0.912723804301935,0.195099746562581,-0.717624018099871,-9999,0.0576087250158836,-0.533575746424516,0.00775795078264887,0.0692608009164437
-0.194701092850233,NaN,0.0573390159585108,NaN,NaN,-2.54734897613525,NaN,0.072224001504,0.52078918392,0.533788527168,0.21156653896848,-0.322219411272,0.00312990192,0.0585457982085967,-0.199551989000277,0.004838504200598,0.0553237964153581
-0.0524501350141549,NaN,NaN,NaN,NaN,-7.83117055892944,NaN,0.0676884390967741,0.271990601651613,0.336233885376774,0.118836588336294,-0.217396502047742,0.00266938595070968,-0.00608276344287809,-0.269756215337457,0.00503855144873749,0.0102187415363101
NaN,NaN,NaN,NaN,NaN,-7.82549095153809,NaN,NaN,NaN,NaN,NaN,NaN,NaN,NaN,NaN,NaN,NaN
NaN,NaN,NaN,NaN,NaN,-8.54989624023438,NaN,NaN,NaN,NaN,NaN,NaN,NaN,NaN,NaN,NaN,NaN
NaN,NaN,NaN,0,0.8044444444,-9.82014465332031,NaN,NaN,NaN,NaN,NaN,NaN,NaN,NaN,NaN,NaN,NaN
NaN,NaN,NaN,0.025,0.8,-14.9299449920654,NaN,NaN,NaN,NaN,NaN,NaN,NaN,NaN,NaN,NaN,NaN
NaN,NaN,NaN,0,0.8616666667,-12.0866851806641,NaN,NaN,NaN,NaN,NaN,NaN,NaN,NaN,NaN,NaN,NaN
NaN,NaN,NaN,NaN,0,-5.94829034805298,NaN,NaN,NaN,NaN,NaN,NaN,NaN,NaN,NaN,NaN,NaN
NaN,NaN,NaN,1,0,-0.514234960079193,NaN,NaN,NaN,NaN,NaN,NaN,NaN,NaN,NaN,NaN,NaN
NaN,NaN,NaN,1.06,0.0125,-4.54896259307861,NaN,NaN,NaN,NaN,NaN,NaN,NaN,NaN,NaN,NaN,NaN
NaN,NaN,NaN,0.583333333,0,-2.73057460784912,NaN,NaN,NaN,NaN,NaN,NaN,NaN,NaN,NaN,NaN,NaN
NaN,NaN,NaN,0.05,NaN,-1.02129805088043,NaN,NaN,NaN,NaN,NaN,NaN,NaN,NaN,NaN,NaN,NaN
NaN,NaN,NaN,NaN,NaN,-4.339599609375,NaN,NaN,NaN,NaN,NaN,NaN,NaN,NaN,NaN,NaN,NaN
NaN,NaN,NaN,NaN,NaN,-3.88588643074036,NaN,NaN,NaN,NaN,NaN,NaN,NaN,NaN,NaN,NaN,NaN
NaN,NaN,NaN,NaN,NaN,-7.63407135009766,NaN,NaN,NaN,NaN,NaN,NaN,NaN,NaN,NaN,NaN,NaN
NaN,NaN,NaN,NaN,NaN,-6.55010604858398,NaN,NaN,NaN,NaN,NaN,NaN,NaN,NaN,NaN,NaN,NaN
NaN,NaN,NaN,0,0.7716666667,-9.87223052978516,NaN,NaN,NaN,NaN,NaN,NaN,NaN,NaN,NaN,NaN,NaN
NaN,NaN,NaN,NaN,0.7316666667,-11.3567676544189,NaN,NaN,NaN,NaN,NaN,NaN,NaN,NaN,NaN,NaN,NaN
NaN,NaN,NaN,NaN,0.815,-12.0880641937256,NaN,NaN,NaN,NaN,NaN,NaN,NaN,NaN,NaN,NaN,NaN
NaN,NaN,NaN,0,0,-5.99412059783936,NaN,NaN,NaN,NaN,NaN,NaN,NaN,NaN,NaN,NaN,NaN
NaN,NaN,NaN,0.866666667,0,-3.21320724487305,NaN,NaN,NaN,NaN,NaN,NaN,NaN,NaN,NaN,NaN,NaN
NaN,NaN,NaN,0.916666667,0,-2.03473210334778,NaN,NaN,NaN,NaN,NaN,NaN,NaN,NaN,NaN,NaN,NaN
NaN,NaN,NaN,NaN,0,-2.64518404006958,NaN,NaN,NaN,NaN,NaN,NaN,NaN,NaN,NaN,NaN,NaN
NaN,NaN,NaN,0.1,NaN,-3.96326804161072,NaN,NaN,NaN,NaN,NaN,NaN,NaN,NaN,NaN,NaN,NaN
NaN,NaN,NaN,NaN,NaN,-4.62262964248657,NaN,NaN,NaN,NaN,NaN,NaN,NaN,NaN,NaN,NaN,NaN
NaN,NaN,NaN,NaN,NaN,-5.82970809936523,NaN,NaN,NaN,NaN,NaN,NaN,NaN,NaN,NaN,NaN,NaN
NaN,NaN,NaN,NaN,NaN,-5.53242254257202,NaN,NaN,NaN,NaN,NaN,NaN,NaN,NaN,NaN,NaN,NaN
NaN,NaN,NaN,0,NaN,-5.6682710647583,NaN,NaN,NaN,NaN,NaN,NaN,NaN,NaN,NaN,NaN,NaN
NaN,NaN,NaN,0,0.7216666667,-7.09071588516235,NaN,NaN,NaN,NaN,NaN,NaN,NaN,NaN,NaN,NaN,NaN
NaN,NaN,NaN,NaN,0.8233333333,NaN,NaN,NaN,NaN,NaN,NaN,NaN,NaN,NaN,NaN,NaN,NaN
NaN,NaN,NaN,0,0.7933333333,NaN,NaN,NaN,NaN,NaN,NaN,NaN,NaN,NaN,NaN,NaN,NaN
NaN,NaN,NaN,0.466666667,0,NaN,NaN,NaN,NaN,NaN,NaN,NaN,NaN,NaN,NaN,NaN,NaN
NaN,NaN,NaN,0.783333333,0,NaN,NaN,NaN,NaN,NaN,NaN,NaN,NaN,NaN,NaN,NaN,NaN
NaN,NaN,NaN,0.94,0,NaN,NaN,NaN,NaN,NaN,NaN,NaN,NaN,NaN,NaN,NaN,NaN
NaN,NaN,NaN,NaN,0.01333333333,NaN,NaN,NaN,NaN,NaN,NaN,NaN,NaN,NaN,NaN,NaN,NaN
NaN,NaN,NaN,NaN,NaN,NaN,NaN,NaN,NaN,NaN,NaN,NaN,NaN,NaN,NaN,NaN,NaN
NaN,NaN,NaN,NaN,NaN,NaN,NaN,NaN,NaN,NaN,NaN,NaN,NaN,NaN,NaN,NaN,NaN
NaN,NaN,NaN,NaN,NaN,NaN,NaN,NaN,NaN,NaN,NaN,NaN,NaN,NaN,NaN,NaN,NaN
