NBE,CH4,ET,LAI,SCF,EWT,ABGB,GPP_DT,ER_DT,GPP_NT,ER_NT,NBE_F,CH4_F,ET_F,NBE_ANN,CH4_ANN,ET_ANN
NaN,NaN,NaN,NaN,NaN,-15.7192554473877,NaN,NaN,NaN,NaN,NaN,NaN,NaN,NaN,NaN,NaN,NaN
NaN,NaN,NaN,0.2,NaN,-14.3140392303467,NaN,NaN,NaN,NaN,NaN,NaN,NaN,NaN,NaN,NaN,NaN
NaN,NaN,NaN,NaN,0.71,-5.98364734649658,NaN,NaN,NaN,NaN,NaN,NaN,NaN,NaN,NaN,NaN,NaN
NaN,NaN,NaN,0,0.7644444444,3.09028053283691,NaN,NaN,NaN,NaN,NaN,NaN,NaN,NaN,NaN,NaN,NaN
NaN,NaN,NaN,0.1,0.745,4.08362436294556,NaN,NaN,NaN,NaN,NaN,NaN,NaN,NaN,NaN,NaN,NaN
NaN,NaN,NaN,0.441666667,0.1866666667,-7.83999919891357,NaN,NaN,NaN,NaN,NaN,NaN,NaN,NaN,NaN,NaN,NaN
NaN,NaN,NaN,0.841666667,0,-20.4873390197754,NaN,NaN,NaN,NaN,NaN,NaN,NaN,NaN,NaN,NaN,NaN
NaN,NaN,NaN,0.458333333,0.03111111111,-14.1917743682861,NaN,NaN,NaN,NaN,NaN,NaN,NaN,NaN,NaN,NaN,NaN
NaN,NaN,NaN,0.583333333,0.03333333333,-22.9849128723145,NaN,NaN,NaN,NaN,NaN,NaN,NaN,NaN,NaN,NaN,NaN
NaN,NaN,NaN,NaN,NaN,-13.9162645339966,NaN,NaN,NaN,NaN,NaN,NaN,NaN,NaN,NaN,NaN,NaN
NaN,NaN,NaN,NaN,NaN,-11.5644397735596,NaN,NaN,NaN,NaN,NaN,NaN,NaN,NaN,NaN,NaN,NaN
NaN,NaN,NaN,NaN,NaN,-10.5517253875732,NaN,NaN,NaN,NaN,NaN,NaN,NaN,NaN,NaN,NaN,NaN
NaN,NaN,NaN,NaN,NaN,-6.85307693481445,NaN,NaN,NaN,NaN,NaN,NaN,NaN,NaN,NaN,NaN,NaN
NaN,NaN,NaN,0.4,NaN,1.45254147052765,NaN,NaN,NaN,NaN,NaN,NaN,NaN,NaN,NaN,NaN,NaN
NaN,NaN,NaN,0,0.6911111111,11.2410945892334,NaN,NaN,NaN,NaN,NaN,NaN,NaN,NaN,NaN,NaN,NaN
NaN,NaN,NaN,NaN,0.755,15.3341970443726,NaN,NaN,NaN,NaN,NaN,NaN,NaN,NaN,NaN,NaN,NaN
NaN,NaN,NaN,0,0.6111111111,25.4233722686768,NaN,NaN,NaN,NaN,NaN,NaN,NaN,NaN,NaN,NaN,NaN
NaN,NaN,NaN,0.516666667,0.1022222222,0.28739994764328,NaN,NaN,NaN,NaN,NaN,NaN,NaN,NaN,NaN,NaN,NaN
NaN,NaN,NaN,0.6,0,-8.45121192932129,NaN,NaN,NaN,NaN,NaN,NaN,NaN,NaN,NaN,NaN,NaN
NaN,NaN,NaN,0.625,0.1011111111,-13.757887840271,NaN,NaN,NaN,NaN,NaN,NaN,NaN,NaN,NaN,NaN,NaN
NaN,NaN,NaN,NaN,0,-11.733039855957,NaN,NaN,NaN,NaN,NaN,NaN,NaN,NaN,NaN,NaN,NaN
NaN,NaN,NaN,0,NaN,-7.87364673614502,NaN,NaN,NaN,NaN,NaN,NaN,NaN,NaN,NaN,NaN,NaN
NaN,NaN,NaN,NaN,NaN,-12.6559886932373,NaN,NaN,NaN,NaN,NaN,NaN,NaN,NaN,NaN,NaN,NaN
NaN,NaN,NaN,NaN,NaN,-3.66126728057861,NaN,NaN,NaN,NaN,NaN,NaN,NaN,NaN,NaN,NaN,NaN
NaN,NaN,NaN,NaN,NaN,-0.585219740867615,NaN,NaN,NaN,NaN,NaN,NaN,NaN,NaN,NaN,NaN,NaN
NaN,NaN,NaN,0.15,NaN,-1.02679860591888,NaN,NaN,NaN,NaN,NaN,NaN,NaN,NaN,NaN,NaN,NaN
NaN,NaN,NaN,NaN,0.7244444444,-3.25460481643677,NaN,NaN,NaN,NaN,NaN,NaN,NaN,NaN,NaN,NaN,NaN
NaN,NaN,NaN,0,0.7466666667,1.17832171916962,NaN,NaN,NaN,NaN,NaN,NaN,NaN,NaN,NaN,NaN,NaN
NaN,NaN,NaN,0,0.7711111111,7.99586820602417,NaN,NaN,NaN,NaN,NaN,NaN,NaN,NaN,NaN,NaN,NaN
NaN,NaN,NaN,0.433333333,0.2438888889,-4.78275156021118,NaN,NaN,NaN,NaN,NaN,NaN,NaN,NaN,NaN,NaN,NaN
NaN,NaN,NaN,0.658333333,0,-11.6334056854248,NaN,NaN,NaN,NaN,NaN,NaN,NaN,NaN,NaN,NaN,NaN
NaN,NaN,NaN,0.766666667,0,-12.3795547485352,NaN,NaN,NaN,NaN,NaN,NaN,NaN,NaN,NaN,NaN,NaN
NaN,NaN,NaN,0.458333333,0.04666666667,-17.503231048584,NaN,NaN,NaN,NaN,NaN,NaN,NaN,NaN,NaN,NaN,NaN
NaN,NaN,NaN,0.1,NaN,-16.752046585083,NaN,NaN,NaN,NaN,NaN,NaN,NaN,NaN,NaN,NaN,NaN
NaN,NaN,NaN,NaN,NaN,-7.85967063903809,NaN,NaN,NaN,NaN,NaN,NaN,NaN,NaN,NaN,NaN,NaN
NaN,NaN,NaN,NaN,NaN,-3.81363272666931,NaN,NaN,NaN,NaN,NaN,NaN,NaN,NaN,NaN,NaN,NaN
NaN,NaN,NaN,NaN,NaN,NaN,NaN,NaN,NaN,NaN,NaN,NaN,NaN,NaN,NaN,NaN,NaN
NaN,NaN,NaN,0.05,NaN,8.39835834503174,NaN,NaN,NaN,NaN,NaN,NaN,NaN,NaN,NaN,NaN,NaN
NaN,NaN,NaN,0,0.69,17.4736919403076,NaN,NaN,NaN,NaN,NaN,NaN,NaN,NaN,NaN,NaN,NaN
NaN,NaN,NaN,0,0.7827777778,22.4320678710938,NaN,NaN,NaN,NaN,NaN,NaN,NaN,NaN,NaN,NaN,NaN
NaN,NaN,NaN,0.016666667,0.7411111111,28.170295715332,NaN,NaN,NaN,NaN,NaN,NaN,NaN,NaN,NaN,NaN,NaN
NaN,NaN,NaN,0.633333333,0.2044444444,NaN,NaN,NaN,NaN,NaN,NaN,NaN,NaN,NaN,NaN,NaN,NaN
NaN,NaN,NaN,0.666666667,0.02444444444,-7.55803871154785,NaN,NaN,NaN,NaN,NaN,NaN,NaN,NaN,NaN,NaN,NaN
NaN,NaN,NaN,0.533333333,0.02888888889,0.367743730545044,NaN,NaN,NaN,NaN,NaN,NaN,NaN,NaN,NaN,NaN,NaN
NaN,NaN,NaN,NaN,0.04111111111,-5.97985696792603,NaN,NaN,NaN,NaN,NaN,NaN,NaN,NaN,NaN,NaN,NaN
NaN,NaN,NaN,0,NaN,-7.99498176574707,NaN,NaN,NaN,NaN,NaN,NaN,NaN,NaN,NaN,NaN,NaN
NaN,NaN,NaN,NaN,NaN,-7.03387308120728,NaN,NaN,NaN,NaN,NaN,NaN,NaN,NaN,NaN,NaN,NaN
NaN,NaN,NaN,NaN,NaN,7.19073534011841,NaN,NaN,NaN,NaN,NaN,NaN,NaN,NaN,NaN,NaN,NaN
NaN,NaN,NaN,NaN,NaN,4.77928924560547,NaN,NaN,NaN,NaN,NaN,NaN,NaN,NaN,NaN,NaN,NaN
NaN,NaN,NaN,0,NaN,8.87501621246338,NaN,NaN,NaN,NaN,NaN,NaN,NaN,NaN,NaN,NaN,NaN
NaN,NaN,NaN,0,0.694375,10.3678569793701,NaN,NaN,NaN,NaN,NaN,NaN,NaN,NaN,NaN,NaN,NaN
NaN,NaN,NaN,0,0.735,16.6436729431152,NaN,NaN,NaN,NaN,NaN,NaN,NaN,NaN,NaN,NaN,NaN
NaN,NaN,NaN,0.1,0.7388888889,NaN,NaN,NaN,NaN,NaN,NaN,NaN,NaN,NaN,NaN,NaN,NaN
NaN,NaN,NaN,0.466666667,0.2333333333,-1.40654587745667,NaN,NaN,NaN,NaN,NaN,NaN,NaN,NaN,NaN,NaN,NaN
NaN,NaN,NaN,0.741666667,0,-8.45262908935547,NaN,NaN,NaN,NaN,NaN,NaN,NaN,NaN,NaN,NaN,NaN
NaN,NaN,NaN,0.6,0.01611111111,-4.91856670379639,NaN,NaN,NaN,NaN,NaN,NaN,NaN,NaN,NaN,NaN,NaN
NaN,NaN,NaN,1.025,0.03666666667,0.0673137381672859,NaN,NaN,NaN,NaN,NaN,NaN,NaN,NaN,NaN,NaN,NaN
NaN,NaN,NaN,NaN,NaN,NaN,NaN,NaN,NaN,NaN,NaN,NaN,NaN,NaN,NaN,NaN,NaN
NaN,NaN,NaN,NaN,NaN,16.65114402771,NaN,NaN,NaN,NaN,NaN,NaN,NaN,NaN,NaN,NaN,NaN
NaN,NaN,NaN,NaN,NaN,5.72256135940552,NaN,NaN,NaN,NaN,NaN,NaN,NaN,NaN,NaN,NaN,NaN
NaN,NaN,NaN,NaN,NaN,19.243185043335,NaN,0.0228152452645161,0.000991265356923425,-9999,0.101980346139797,-9999,-9999,-9999,0.0606530028758543,0.0182105755709948,0.0261346192885658
NaN,NaN,NaN,0.1,NaN,12.2250919342041,NaN,0.5235454116,4.57144568032521e-05,-9999,0.0337706384446335,-9999,-9999,-9999,0.0395738306187885,0.007406955392479,0.0514011887253756
NaN,NaN,NaN,NaN,0.6777777778,NaN,NaN,1.39205018043871,0.00238747778584557,-9999,0.152375744271554,-9999,-9999,-9999,0.00540953808320564,0.00432514701446105,0.0989103283268873
NaN,NaN,NaN,0,0.7494444444,28.8111591339111,NaN,2.265968990952,0.0427077586131905,-9999,0.30413017044,-9999,-9999,-9999,0.0100397224310653,0.0016511141831005,0.123510045252618
NaN,NaN,NaN,0.1,0.7011111111,40.1643753051758,NaN,3.01866080957419,0.448486516767484,-9999,0.757702637419355,-9999,-9999,-9999,-0.0360213412492401,0.00144149532185963,0.707498894724501
NaN,NaN,NaN,0.325,0.2366666667,18.5437259674072,NaN,3.2219246592,2.6088269976,-9999,1.3019374152,-9999,-9999,-9999,-0.122903019072682,0.00846469690423404,1.56708386111322
NaN,NaN,NaN,0.833333333,0.03111111111,6.02791547775269,NaN,2.86186286926452,3.38757102580645,-9999,1.44654411251613,-9999,-9999,-9999,-0.910757869185303,0.0184198487833601,1.45229731398243
NaN,NaN,NaN,0.65,0.07333333333,NaN,NaN,1.69550787166606,1.74277756335484,1.0295620025348,1.16250741522581,-0.0136259584941177,0.0174115704513369,0.522920542417685,-0.527247886340778,0.0160643636893097,0.84182703237923
0.354425126938291,0.00611373939960725,0.0458979773129735,0.366666667,0.01777777778,NaN,NaN,0.28867241425824,0.6203105064,0.31382289069336,0.6804633168,0.36664036704,0.010534349448,0.181057905517054,0.369928097983307,0.010282869160804,0.16481458120524
0.295433294614556,0.0079482155792128,0.0200675127279788,0,NaN,9.77338600158691,NaN,0.140316382079303,0.309779068645161,0.0746201403334452,0.316837833677419,0.242217446945806,0.0074456496,0.0221137513533593,0.2870136041354,0.0068777390761303,0.0392956436016947
0.210320826132614,0.00499705893514727,0.0222297261825379,NaN,NaN,26.4573955535889,NaN,0.02831023601856,1.8113010408,0.00216372609216001,0.193986054864,0.19182170664,0.005049855648,0.0223993619045306,0.208477752138722,0.00523586559627209,0.0325795856028256
0.0932308199727316,NaN,0.0148274747396041,NaN,NaN,38.9516754150391,NaN,0.00170159320498065,59.5785091029677,-0.154572465532645,0.0599170595458065,0.214489489006452,0.0105164393945806,0.00278081168301419,0.12213222596985,0.00602279036741325,0.0289009401263726
NaN,NaN,NaN,NaN,NaN,36.7822952270508,NaN,0.0145126861432258,142063.894724089,0.00908308189393549,0.104506985076708,0.0954239180516129,0.0103420035875613,0.13042457328324,0.0669191001578194,0.00551615071338588,0.0575988926839946
0.0595831351837762,0.00486184224568047,0.0726831590752114,0.05,NaN,NaN,NaN,0.0866074794248571,78903.0160574889,0.437149984088571,0.43426298980656,-0.00288743380714287,0.00771964440814286,0.192756484112248,0.0325689122331174,0.00397495895254236,0.0731747717491158
0.0407641780297501,0.00093708802861482,0.00329099337787183,0,0.825,54.1437301635742,NaN,0.170578184339613,1110.71283929071,0.22994063299951,0.268142046569721,0.0382008902773935,0.00110762462719742,0.00189816986346794,0.0226519182039918,0.000852547131932404,0.0269459418585603
0.0239995476328651,0.000449960283926063,0.134288895868569,NaN,0.73,53.4046859741211,NaN,0.1602985056696,0.839170699632,0.06554981933064,0.07252447446,0.0069744179016,0.0003359531395008,0.112272714479811,0.012397245614729,0.000573977702207194,0.113786828009977
0.0839896649000941,0.00139000396648922,0.530985483180108,0.233333333,0.6716666667,57.4209060668945,NaN,0.364731609135484,0.278099063535484,0.170440047407148,0.256869423406452,0.0864292319767742,0.00140119689637161,0.511644752810716,0.0836936013563937,0.00142745626753974,0.519772479215457
0.0143426005704187,0.00585263491818561,1.02348535793886,0.5,0.1644444444,36.6308746337891,NaN,1.0829002176,0.9261135216,0.56794963983192,0.5391280152,-0.0288211706712,0.006144534648,1.14691343578965,-0.0709202262792958,0.00592706586370139,1.11294995208481
-1.34421354437131,0.0132528063603443,1.36340523596111,0.733333333,0,NaN,NaN,1.80605535491613,0.589257350709677,2.20333374963871,0.967408857290323,-1.23592498822452,0.0131595391277419,1.34706557859028,-1.15028467043482,0.0125707857460686,1.31590820887217
-0.519279068329014,0.0150382889797632,0.893782034222532,0.491666667,0.05333333333,18.1082572937012,NaN,0.844041183042658,0.43367357475871,1.50243165042968,1.05157980696774,-0.450851966895484,0.0160651705703226,0.879029397428462,-0.346120247214104,0.0140427236371939,0.805389972466644
0.513064409151497,0.00785398049113255,0.0918758869235088,0.4,0,12.024435043335,NaN,0.2967170059476,0.7532315424,0.2620433768832,0.6648529032,0.402809643936,0.008996278752,0.178442615919513,0.483971226098609,0.00846710512214432,0.17719670710073
0.302049846686435,0.00536967975795763,0.143126423067173,NaN,NaN,22.5866527557373,NaN,0.427572968962064,1.34258345187097,-0.0195057124327742,0.290665861316129,0.310171116309677,0.00527394609290323,0.17612085648697,0.308639376400345,0.00562324194335398,0.08710248048096
NaN,NaN,NaN,NaN,NaN,22.6844692230225,NaN,0.129181319532,0.68073977448,-9999,0.2124428868,-9999,-9999,-9999,0.166532087550989,0.00420804624099883,0.0454860321274205
NaN,NaN,NaN,NaN,NaN,NaN,NaN,0.00472260863612903,0.152459909403097,-9999,0.0393434079329032,-9999,-9999,-9999,0.0747438864674208,0.00335612106043664,0.0341458010043464
NaN,NaN,NaN,NaN,NaN,23.2865409851074,826.594411,0.0359094607176774,0.101722069827639,-9999,0.0149051113551871,-9999,-9999,-9999,0.0556879548710289,0.00128634572721085,0.0355565076980433
-0.00241414294368397,0.0014766553055381,0.00267497954172584,0.216666667,NaN,27.0410118103027,826.594411,0.123437255762571,0.174611003924494,0.0632201177733921,0.0693875615475574,0.00616923344055501,0.00153798518018298,0.0045657148052033,0.0251266135932676,0.000958066665179973,0.00905568983769866
-0.0190267855900399,0.00049577864095195,0.000534974384013473,0,0.6994444444,42.4281921386719,826.594411,0.141125819926065,0.0564654221755428,0.011743102064369,0.0338000597897969,0.0220569532467097,0.000571029177112258,0.00640036793501055,0.00519725817415587,0.000692554015304086,0.00987259494338343
0.0200310820958761,0.000263766892177234,0.0801374916609512,0,0.7733333333,49.3857154846191,826.594411,0.137504148905664,0.12545449668,0.0847377928332,0.078648273576,-0.00608935686624,0.0004232818126584,0.0817615597784259,-0.00425797983598331,0.000720943270426495,0.143759115250166
-0.0456370593133494,0.00336160420535007,0.68972751788739,0.166666667,0.5716666667,47.914192199707,826.594411,0.834802795066064,0.447298514941935,0.487184602264258,0.410273201032258,-0.0769107118923871,0.00325840836776516,0.710163647883784,-0.00935567099645697,0.0024823323532725,0.766463755728161
-0.702613331838738,0.00843504117042423,1.27455491038,0.633333333,0.1966666667,NaN,826.594411,1.96040730744,1.1359445328,1.425578000832,0.8194308048,-0.606148234776,0.0083127711672,1.18003283465175,-0.597980763247184,0.00821514592952823,1.16986659024589
-0.925877571639511,0.0207686964758182,0.990852106683715,NaN,0,3.58044052124023,826.594411,3.36645847509677,2.06616334296774,2.47546120443097,1.03472469290323,-1.44073724300129,0.0196763230916129,1.04490375716869,-1.70101435444488,0.0193193845173919,1.01764010023976
NaN,NaN,NaN,0.566666667,0.06666666667,5.25228786468506,826.594411,1.29265654959615,1.45479398864516,1.17206059064981,1.11307803793548,-0.0589816123896774,0.00888601626580645,0.274382881140042,-0.123133255885197,0.0086079771100365,0.323429489164517
0.275180747685288,0.00573562317530633,0.113029331001326,0.7,0.05777777778,8.72750091552734,826.594411,0.19938241118304,0.4882806864,0.2551086766944,0.5505389496,0.29543030748,0.005677996968,0.119124930134388,0.336433933059134,0.00576223336410311,0.129017397424248
NaN,NaN,NaN,0.1,NaN,NaN,826.594411,0.0229185118878271,0.228994553729032,0.013796452873951,0.223043243690323,0.20924706212129,0.00529158097393548,0.00602402417917993,0.199314755095736,0.00480306517433122,0.0366761397688085
-0.0370975826664646,0.00381318987375555,NaN,NaN,NaN,NaN,826.594411,0.003252094173648,0.0557735730022908,0.09510014303784,0.1229927985864,0.0278924931,0.00286916709168,0.00546423214882292,0.0662105093734181,0.00374704858772688,0.0253519527683268
NaN,NaN,NaN,NaN,NaN,18.6233863830566,826.594411,0.000182051674165161,0.00620821512144719,0.0198423684545806,0.0845936978889135,0.0647515841783226,0.00134417887553032,4.63972789733788e-06,0.0596425649067787,0.0018997202470378,0.00854006592039336
0.00335827738536587,0.000648402814715719,NaN,NaN,NaN,32.4853935241699,NaN,0.000207943914096,0.06191293104,0.10359121104,0.14217598224,0.038583789696,0.0008810648208,-0.00797772899693337,0.0929140446547003,0.000762408085380708,0.00973517140749562
NaN,NaN,NaN,0.166666667,NaN,33.8838729858398,NaN,NaN,NaN,NaN,NaN,NaN,NaN,NaN,NaN,NaN,NaN
NaN,NaN,NaN,0,0.6644444444,27.1228485107422,NaN,NaN,NaN,NaN,NaN,NaN,NaN,NaN,NaN,NaN,NaN
NaN,NaN,NaN,0,0.7261111111,NaN,NaN,NaN,NaN,NaN,NaN,NaN,NaN,NaN,NaN,NaN,NaN
NaN,NaN,NaN,NaN,0.3005555556,30.5753707885742,NaN,NaN,NaN,NaN,NaN,NaN,NaN,NaN,NaN,NaN,NaN
NaN,NaN,NaN,0.7,0.1144444444,19.2167339324951,NaN,NaN,NaN,NaN,NaN,NaN,NaN,NaN,NaN,NaN,NaN
NaN,NaN,NaN,0.966666667,0,11.2162961959839,NaN,NaN,NaN,NaN,NaN,NaN,NaN,NaN,NaN,NaN,NaN
NaN,NaN,NaN,0.583333333,0.01555555556,11.8615188598633,NaN,NaN,NaN,NaN,NaN,NaN,NaN,NaN,NaN,NaN,NaN
NaN,NaN,NaN,0.7,0.07666666667,NaN,NaN,NaN,NaN,NaN,NaN,NaN,NaN,NaN,NaN,NaN,NaN
NaN,NaN,NaN,0.641666667,NaN,NaN,NaN,NaN,NaN,NaN,NaN,NaN,NaN,NaN,NaN,NaN,NaN
NaN,NaN,NaN,NaN,NaN,23.4070281982422,NaN,NaN,NaN,NaN,NaN,NaN,NaN,NaN,NaN,NaN,NaN
NaN,NaN,NaN,NaN,NaN,14.2433986663818,NaN,NaN,NaN,NaN,NaN,NaN,NaN,NaN,NaN,NaN,NaN
NaN,NaN,NaN,NaN,NaN,20.6951351165771,NaN,NaN,NaN,NaN,NaN,NaN,NaN,NaN,NaN,NaN,NaN
NaN,NaN,NaN,0.2,NaN,NaN,NaN,NaN,NaN,NaN,NaN,NaN,NaN,NaN,NaN,NaN,NaN
NaN,NaN,NaN,0,0.7388888889,37.6774749755859,NaN,NaN,NaN,NaN,NaN,NaN,NaN,NaN,NaN,NaN,NaN
NaN,NaN,NaN,0,0.7777777778,36.0828437805176,NaN,NaN,NaN,NaN,NaN,NaN,NaN,NaN,NaN,NaN,NaN
NaN,NaN,NaN,0.266666667,0.7477777778,40.425220489502,NaN,NaN,NaN,NaN,NaN,NaN,NaN,NaN,NaN,NaN,NaN
NaN,NaN,NaN,NaN,0.2222222222,25.8939571380615,NaN,NaN,NaN,NaN,NaN,NaN,NaN,NaN,NaN,NaN,NaN
NaN,NaN,NaN,0.858333333,0.01111111111,NaN,NaN,NaN,NaN,NaN,NaN,NaN,NaN,NaN,NaN,NaN,NaN
NaN,NaN,NaN,0.483333333,0.04555555556,NaN,NaN,NaN,NaN,NaN,NaN,NaN,NaN,NaN,NaN,NaN,NaN
NaN,NaN,NaN,1.2,0.04888888889,NaN,NaN,NaN,NaN,NaN,NaN,NaN,NaN,NaN,NaN,NaN,NaN
NaN,NaN,NaN,NaN,NaN,NaN,NaN,NaN,NaN,NaN,NaN,NaN,NaN,NaN,NaN,NaN,NaN
NaN,NaN,NaN,NaN,NaN,NaN,NaN,NaN,NaN,NaN,NaN,NaN,NaN,NaN,NaN,NaN,NaN
NaN,NaN,NaN,NaN,NaN,NaN,NaN,NaN,NaN,NaN,NaN,NaN,NaN,NaN,NaN,NaN,NaN
NaN,NaN,NaN,NaN,NaN,NaN,NaN,NaN,NaN,NaN,NaN,NaN,NaN,NaN,NaN,NaN,NaN
NaN,NaN,NaN,NaN,NaN,NaN,NaN,NaN,NaN,NaN,NaN,NaN,NaN,NaN,NaN,NaN,NaN
NaN,NaN,NaN,NaN,0.7977777778,NaN,NaN,NaN,NaN,NaN,NaN,NaN,NaN,NaN,NaN,NaN,NaN
NaN,NaN,NaN,0,0.7572222222,NaN,NaN,NaN,NaN,NaN,NaN,NaN,NaN,NaN,NaN,NaN,NaN
NaN,NaN,NaN,0.066666667,0.845,NaN,NaN,NaN,NaN,NaN,NaN,NaN,NaN,NaN,NaN,NaN,NaN
NaN,NaN,NaN,0.266666667,0.3738888889,34.6452560424805,NaN,NaN,NaN,NaN,NaN,NaN,NaN,NaN,NaN,NaN,NaN
NaN,NaN,NaN,0.7,0.09333333333,19.9867267608643,NaN,NaN,NaN,NaN,NaN,NaN,NaN,NaN,NaN,NaN,NaN
NaN,NaN,NaN,0.9,0.02222222222,NaN,NaN,NaN,NaN,NaN,NaN,NaN,NaN,NaN,NaN,NaN,NaN
NaN,NaN,NaN,0.866666667,0.05777777778,NaN,NaN,NaN,NaN,NaN,NaN,NaN,NaN,NaN,NaN,NaN,NaN
NaN,NaN,NaN,NaN,NaN,11.0356712341309,NaN,NaN,NaN,NaN,NaN,NaN,NaN,NaN,NaN,NaN,NaN
NaN,NaN,NaN,NaN,NaN,11.3637084960938,NaN,NaN,NaN,NaN,NaN,NaN,NaN,NaN,NaN,NaN,NaN
NaN,NaN,NaN,NaN,NaN,28.1283912658691,NaN,NaN,NaN,NaN,NaN,NaN,NaN,NaN,NaN,NaN,NaN
NaN,NaN,NaN,NaN,NaN,28.1134300231934,NaN,NaN,NaN,NaN,NaN,NaN,NaN,NaN,NaN,NaN,NaN
NaN,NaN,NaN,NaN,NaN,32.563419342041,NaN,NaN,NaN,NaN,NaN,NaN,NaN,NaN,NaN,NaN,NaN
NaN,NaN,NaN,0,0.8316666667,36.7638320922852,NaN,NaN,NaN,NaN,NaN,NaN,NaN,NaN,NaN,NaN,NaN
NaN,NaN,NaN,0,0.7927777778,53.5024681091309,NaN,NaN,NaN,NaN,NaN,NaN,NaN,NaN,NaN,NaN,NaN
NaN,NaN,NaN,0.05,0.7661111111,44.3346405029297,NaN,NaN,NaN,NaN,NaN,NaN,NaN,NaN,NaN,NaN,NaN
NaN,NaN,NaN,0.566666667,0.1866666667,22.3404140472412,NaN,NaN,NaN,NaN,NaN,NaN,NaN,NaN,NaN,NaN,NaN
NaN,NaN,NaN,1.283333333,0.01111111111,5.07253694534302,NaN,NaN,NaN,NaN,NaN,NaN,NaN,NaN,NaN,NaN,NaN
NaN,NaN,NaN,0.4,0.05888888889,18.4549407958984,NaN,NaN,NaN,NaN,NaN,NaN,NaN,NaN,NaN,NaN,NaN
NaN,NaN,NaN,0.4,0.01722222222,11.2185344696045,NaN,NaN,NaN,NaN,NaN,NaN,NaN,NaN,NaN,NaN,NaN
NaN,NaN,NaN,0.016666667,NaN,6.35245800018311,NaN,NaN,NaN,NaN,NaN,NaN,NaN,NaN,NaN,NaN,NaN
NaN,NaN,NaN,NaN,NaN,16.7754993438721,NaN,NaN,NaN,NaN,NaN,NaN,NaN,NaN,NaN,NaN,NaN
NaN,NaN,NaN,NaN,NaN,15.9912014007568,NaN,NaN,NaN,NaN,NaN,NaN,NaN,NaN,NaN,NaN,NaN
