NBE,CH4,ET,LAI,SCF,EWT,ABGB,GPP_DT,ER_DT,GPP_NT,ER_NT,NBE_F,CH4_F,ET_F,NBE_ANN,CH4_ANN,ET_ANN
NaN,NaN,NaN,NaN,NaN,5.94622802734375,NaN,NaN,NaN,NaN,NaN,NaN,NaN,NaN,NaN,NaN,NaN
NaN,NaN,NaN,0.2,NaN,5.73482608795166,NaN,NaN,NaN,NaN,NaN,NaN,NaN,NaN,NaN,NaN,NaN
NaN,NaN,NaN,0,0.7844444444,2.57124328613281,NaN,NaN,NaN,NaN,NaN,NaN,NaN,NaN,NaN,NaN,NaN
NaN,NaN,NaN,0,0.7488888889,0.487054169178009,NaN,NaN,NaN,NaN,NaN,NaN,NaN,NaN,NaN,NaN,NaN
NaN,NaN,NaN,0,0.8105555556,-0.171638891100883,NaN,NaN,NaN,NaN,NaN,NaN,NaN,NaN,NaN,NaN,NaN
NaN,NaN,NaN,NaN,0,3.27534961700439,NaN,NaN,NaN,NaN,NaN,NaN,NaN,NaN,NaN,NaN,NaN
NaN,NaN,NaN,0.733333333,0,7.09911155700684,NaN,NaN,NaN,NaN,NaN,NaN,NaN,NaN,NaN,NaN,NaN
NaN,NaN,NaN,0.575,0,5.25779342651367,NaN,NaN,NaN,NaN,NaN,NaN,NaN,NaN,NaN,NaN,NaN
NaN,NaN,NaN,0.3,0,7.62731838226318,NaN,NaN,NaN,NaN,NaN,NaN,NaN,NaN,NaN,NaN,NaN
NaN,NaN,NaN,NaN,NaN,4.81450223922729,NaN,NaN,NaN,NaN,NaN,NaN,NaN,NaN,NaN,NaN,NaN
NaN,NaN,NaN,NaN,NaN,4.08149528503418,NaN,NaN,NaN,NaN,NaN,NaN,NaN,NaN,NaN,NaN,NaN
NaN,NaN,NaN,NaN,NaN,3.85631799697876,NaN,NaN,NaN,NaN,NaN,NaN,NaN,NaN,NaN,NaN,NaN
NaN,NaN,NaN,NaN,NaN,2.40903759002686,NaN,NaN,NaN,NaN,NaN,NaN,NaN,NaN,NaN,NaN,NaN
NaN,NaN,NaN,0.3,NaN,-0.0345425345003605,NaN,NaN,NaN,NaN,NaN,NaN,NaN,NaN,NaN,NaN,NaN
NaN,NaN,NaN,NaN,0.7077777778,-2.78019428253174,NaN,NaN,NaN,NaN,NaN,NaN,NaN,NaN,NaN,NaN,NaN
NaN,NaN,NaN,0,0.7244444444,-3.97735810279846,NaN,NaN,NaN,NaN,NaN,NaN,NaN,NaN,NaN,NaN,NaN
NaN,NaN,NaN,0.1,0.8316666667,-6.93787002563477,NaN,NaN,NaN,NaN,NaN,NaN,NaN,NaN,NaN,NaN,NaN
NaN,NaN,NaN,0.7,0,0.206209421157837,NaN,NaN,NaN,NaN,NaN,NaN,NaN,NaN,NaN,NaN,NaN
NaN,NaN,NaN,0.783333333,0,2.53661489486694,NaN,NaN,NaN,NaN,NaN,NaN,NaN,NaN,NaN,NaN,NaN
NaN,NaN,NaN,NaN,0,4.38355493545532,NaN,NaN,NaN,NaN,NaN,NaN,NaN,NaN,NaN,NaN,NaN
NaN,NaN,NaN,NaN,0.01333333333,3.991295337677,NaN,NaN,NaN,NaN,NaN,NaN,NaN,NaN,NaN,NaN,NaN
NaN,NaN,NaN,0.0625,NaN,2.56676006317139,NaN,NaN,NaN,NaN,NaN,NaN,NaN,NaN,NaN,NaN,NaN
NaN,NaN,NaN,NaN,NaN,4.21071720123291,NaN,NaN,NaN,NaN,NaN,NaN,NaN,NaN,NaN,NaN,NaN
NaN,NaN,NaN,NaN,NaN,1.50737595558167,NaN,NaN,NaN,NaN,NaN,NaN,NaN,NaN,NaN,NaN,NaN
NaN,NaN,NaN,NaN,NaN,0.300572574138641,NaN,NaN,NaN,NaN,NaN,NaN,NaN,NaN,NaN,NaN,NaN
NaN,NaN,NaN,0,NaN,0.571671485900879,NaN,NaN,NaN,NaN,NaN,NaN,NaN,NaN,NaN,NaN,NaN
NaN,NaN,NaN,0,0.7133333333,1.1651930809021,NaN,NaN,NaN,NaN,NaN,NaN,NaN,NaN,NaN,NaN,NaN
NaN,NaN,NaN,0,0.7383333333,0.0155399721115828,NaN,NaN,NaN,NaN,NaN,NaN,NaN,NaN,NaN,NaN,NaN
NaN,NaN,NaN,0,0.7705555556,-2.10212969779968,NaN,NaN,NaN,NaN,NaN,NaN,NaN,NaN,NaN,NaN,NaN
NaN,NaN,NaN,0.4375,0.00333333333,1.61599099636078,NaN,NaN,NaN,NaN,NaN,NaN,NaN,NaN,NaN,NaN,NaN
NaN,NaN,NaN,0.761111111,0,3.91720509529114,NaN,NaN,NaN,NaN,NaN,NaN,NaN,NaN,NaN,NaN,NaN
NaN,NaN,NaN,0.8,0,4.25243806838989,NaN,NaN,NaN,NaN,NaN,NaN,NaN,NaN,NaN,NaN,NaN
NaN,NaN,NaN,0.633333333,0,5.72768115997314,NaN,NaN,NaN,NaN,NaN,NaN,NaN,NaN,NaN,NaN,NaN
NaN,NaN,NaN,NaN,NaN,5.53978204727173,NaN,NaN,NaN,NaN,NaN,NaN,NaN,NaN,NaN,NaN,NaN
NaN,NaN,NaN,NaN,NaN,2.71434783935547,NaN,NaN,NaN,NaN,NaN,NaN,NaN,NaN,NaN,NaN,NaN
NaN,NaN,NaN,NaN,NaN,1.38117361068726,NaN,NaN,NaN,NaN,NaN,NaN,NaN,NaN,NaN,NaN,NaN
NaN,NaN,NaN,NaN,NaN,NaN,NaN,NaN,NaN,NaN,NaN,NaN,NaN,NaN,NaN,NaN,NaN
NaN,NaN,NaN,0,NaN,-1.7481654882431,NaN,NaN,NaN,NaN,NaN,NaN,NaN,NaN,NaN,NaN,NaN
NaN,NaN,NaN,NaN,0.6661111111,-4.60353088378906,NaN,NaN,NaN,NaN,NaN,NaN,NaN,NaN,NaN,NaN,NaN
NaN,NaN,NaN,0,0.7805555556,-6.24598979949951,NaN,NaN,NaN,NaN,NaN,NaN,NaN,NaN,NaN,NaN,NaN
NaN,NaN,NaN,0,0.8088888889,-7.73935556411743,NaN,NaN,NaN,NaN,NaN,NaN,NaN,NaN,NaN,NaN,NaN
NaN,NaN,NaN,0.644444444,0,NaN,NaN,NaN,NaN,NaN,NaN,NaN,NaN,NaN,NaN,NaN,NaN
NaN,NaN,NaN,0.916666667,0,2.83077239990234,NaN,NaN,NaN,NaN,NaN,NaN,NaN,NaN,NaN,NaN,NaN
NaN,NaN,NaN,NaN,0,0.60772567987442,NaN,NaN,NaN,NaN,NaN,NaN,NaN,NaN,NaN,NaN,NaN
NaN,NaN,NaN,0.4,0,2.58956956863403,NaN,NaN,NaN,NaN,NaN,NaN,NaN,NaN,NaN,NaN,NaN
NaN,NaN,NaN,NaN,NaN,3.38818073272705,NaN,NaN,NaN,NaN,NaN,NaN,NaN,NaN,NaN,NaN,NaN
NaN,NaN,NaN,NaN,NaN,3.17788481712341,NaN,NaN,NaN,NaN,NaN,NaN,NaN,NaN,NaN,NaN,NaN
NaN,NaN,NaN,NaN,NaN,-1.13094937801361,NaN,NaN,NaN,NaN,NaN,NaN,NaN,NaN,NaN,NaN,NaN
NaN,NaN,NaN,NaN,NaN,-0.170164704322815,NaN,NaN,NaN,NaN,NaN,NaN,NaN,NaN,NaN,NaN,NaN
NaN,NaN,NaN,0,NaN,-1.6785306930542,NaN,NaN,NaN,NaN,NaN,NaN,NaN,NaN,NaN,NaN,NaN
NaN,NaN,NaN,0,0.6805555556,-2.20340037345886,NaN,NaN,NaN,NaN,NaN,NaN,NaN,NaN,NaN,NaN,NaN
NaN,NaN,NaN,0,0.7283333333,-4.21127319335938,NaN,NaN,NaN,NaN,NaN,NaN,NaN,NaN,NaN,NaN,NaN
NaN,NaN,NaN,0,0.8405555556,NaN,NaN,NaN,NaN,NaN,NaN,NaN,NaN,NaN,NaN,NaN,NaN
NaN,NaN,NaN,0.358333333,0,0.994335532188416,NaN,NaN,NaN,NaN,NaN,NaN,NaN,NaN,NaN,NaN,NaN
NaN,NaN,NaN,0.955555556,0,3.01036500930786,NaN,NaN,NaN,NaN,NaN,NaN,NaN,NaN,NaN,NaN,NaN
NaN,NaN,NaN,1,0,2.44491624832153,NaN,NaN,NaN,NaN,NaN,NaN,NaN,NaN,NaN,NaN,NaN
NaN,NaN,NaN,1.1,0,0.794398128986359,NaN,NaN,NaN,NaN,NaN,NaN,NaN,NaN,NaN,NaN,NaN
NaN,NaN,NaN,NaN,NaN,NaN,NaN,NaN,NaN,NaN,NaN,NaN,NaN,NaN,NaN,NaN,NaN
NaN,NaN,NaN,NaN,NaN,-4.81896305084229,NaN,NaN,NaN,NaN,NaN,NaN,NaN,NaN,NaN,NaN,NaN
NaN,NaN,NaN,NaN,NaN,-1.73275852203369,NaN,NaN,NaN,NaN,NaN,NaN,NaN,NaN,NaN,NaN,NaN
NaN,NaN,NaN,NaN,NaN,-6.34307098388672,NaN,0.00885092415757474,0.14676579670534,-9999,0.0943002713286259,-9999,-9999,-9999,0.148377968867116,0.00306707908612147,-0.00566704102262904
NaN,NaN,NaN,0.2,NaN,-3.81362318992615,NaN,0.0884202681458571,0.0824931516702857,-9999,0.0435678597142971,-9999,-9999,-9999,0.097938368874598,0.00180274402019871,-0.00818688479209731
NaN,NaN,NaN,0,0.6694444444,NaN,NaN,0.41003925336929,0.190364717752258,-9999,0.13145435136,-9999,-9999,-9999,0.109515090968839,0.0013813736005288,-0.00131013772348918
NaN,NaN,NaN,0,0.7544444444,-8.86128807067871,NaN,0.68443436536632,0.28355117184,-9999,0.23133016584,-9999,-9999,-9999,0.121054143723569,0.00117153028428033,0.0441963438856491
NaN,NaN,NaN,0.1,0.7566666667,-12.1691341400146,NaN,0.895719269729032,0.524741028387097,-9999,0.522947392258065,-9999,-9999,-9999,0.218564723963793,0.00359766154670933,0.30624573616835
NaN,NaN,NaN,0.65,0,-6.04231119155884,NaN,0.91323182232,0.7414792848,-9999,0.8380639296,-9999,-9999,-9999,0.478905994961633,0.0140950714778953,0.639881655032279
NaN,NaN,NaN,1.027777778,0,-1.97274792194366,NaN,0.819549527783226,0.791164242580645,-9999,0.914266809290323,-9999,-9999,-9999,0.503357512549217,0.0291152700413135,1.3982034487048
NaN,NaN,NaN,0.533333333,0,NaN,NaN,0.584410576910865,0.716459520774194,-9999,0.798090310451613,-9999,-9999,-9999,0.144328324835345,0.0272436494693765,0.914337457338039
0.476806594643283,0.0171264918558016,0.197054077894806,0.477777778,0,NaN,NaN,0.266393816338392,0.636846552,0.150476792785247,0.6475414392,0.479125006690909,0.016916229,0.199781689791024,0.444022643065156,0.0183436414586393,0.305277613912304
0.335689732955776,0.0129699656532241,0.0227926139168884,NaN,NaN,-3.37385535240173,NaN,0.0271441154797548,0.401324112,-0.00678004726529032,0.370375924645161,0.377155782116129,0.0133538238812903,0.0263112355858354,0.389327756910398,0.0130615662649538,0.0296964538946124
0.287898849470822,0.0089780048002968,0.0191870986356506,NaN,NaN,-8.22601509094238,NaN,0.033671898907632,0.4739354208,-0.04934071926,0.28189786752,0.331238842056,0.008831579328,0.0204502868673845,0.302401812232099,0.00865441779031475,0.0196643540771109
0.0497399776877472,0.00399572319090251,0.00510871341239053,NaN,NaN,-11.7610645294189,NaN,0.00435340629522581,0.375379623870968,-0.00589552705834838,0.10016184960929,0.106057108595613,0.00429911874905806,-0.00726561328139939,0.106462212141338,0.00396393927137882,-0.00215202131031513
0.0532996632275421,0.00114061445589219,NaN,NaN,NaN,-11.5785350799561,NaN,0.0273477246624,0.208596656452645,-0.000345037429393542,0.0608130132938638,0.0611579547754839,0.00110409682698581,-0.0061079019028826,0.0574808666181925,0.0013775823933061,-0.00814987706637261
0.0489716103760523,0.00115311892270848,0.00874322160901471,0.133333333,NaN,NaN,NaN,0.147770628799371,0.144304663142571,0.00638989869342857,0.0490675032650571,0.0426772563557143,0.00122134951339714,0.00650772908928221,0.0428824499669104,0.000924053174825525,0.0069827630320167
0.019260738993961,0.00020688614039883,NaN,NaN,0.77,-16.205436706543,NaN,0.137500146731613,0.094729032116129,0.0172969415482065,0.0430731546270968,0.0257766539550968,0.000745397226812903,-0.00431929834595704,0.0397464252054157,0.000736826734907194,-0.00155210057573653
0.0450132309995499,0.000641073536891419,0.0067245702118345,NaN,0.7355555556,-16.4451179504395,NaN,0.375889094784,0.9502367926752,0.0767690148312,0.118429003656,0.04165981987464,0.00104994940608,0.0206362888517489,0.0453829239150902,0.000835249860756296,0.0243308545304645
0.10983291443418,0.00128609061158615,0.183322175341592,NaN,0.7822222222,-17.9933757781982,NaN,0.994459044541935,2.01538406322581,0.0319367404590968,0.144703508051613,0.112766841596903,0.0012325101020129,0.192764470086291,0.105365528541425,0.00106430404691675,0.189659720385838
0.151286802811109,0.00642728267769619,0.700787379337858,NaN,0,-11.547269821167,NaN,1.520013564,2.011380696,0.2500105277376,0.400975164,0.15096477636,0.0063485152344,0.669137871466703,0.152979962117228,0.00638275533550207,0.672818184815102
-0.61298719833609,0.0227013504635017,1.07165507658906,0.866666667,0,NaN,NaN,1.97273769979355,1.48970639612903,1.37777282932645,0.757926085935484,-0.61984646928,0.0228374744516129,1.04294354554901,-0.64179342687112,0.0230187424355436,1.04690151880252
-0.79531147399719,0.0228717196571019,0.712870741195377,0.775,0,-5.48227977752686,NaN,1.81792645076903,1.37058010374194,1.66563230249032,1.17292643303226,-0.492706136670968,0.022270268276129,0.595019246197913,-0.520831624673103,0.0221176430782727,0.594953891128963
0.46825432288241,0.0131327011940689,0.258565884397283,0.5,0.01666666667,-3.31625962257385,NaN,0.28456730303184,0.6282534528,0.24013697201784,0.8002921032,0.560155635504,0.01350924876,0.217207063860414,0.506354415636146,0.0126292048184278,0.223919868310195
0.314438788208876,0.00898342395290471,0.090557641718774,NaN,NaN,-6.65274810791016,NaN,0.0504140603641084,0.281111193290323,0.00173473230764903,0.31948399323871,0.317749398967742,0.0092539558916129,0.0899986000911178,0.327675893797986,0.00927969070710601,0.085834729645114
0.297272046173767,0.00854448328480122,NaN,NaN,NaN,-6.71937656402588,NaN,0.03383946975744,0.162453736224,0.0077788627488,0.25026740928,0.24248868696,0.008637904728,-0.00924371397510934,0.202857615664368,0.00813480190507537,-0.00217006533213484
-0.123750162894582,0.00285677601524379,0.00838252746333984,NaN,NaN,NaN,NaN,0.00131978360113548,0.0277850521463226,0.234210853532903,0.219500002056774,-0.014711100740129,0.00244524818792038,0.0135805663624494,-0.0156535612136814,0.00280766023779739,0.00638642995559092
NaN,NaN,NaN,NaN,NaN,-6.45263290405273,NaN,NaN,NaN,NaN,NaN,NaN,NaN,NaN,NaN,NaN,NaN
NaN,NaN,NaN,0,NaN,-7.76007413864136,NaN,NaN,NaN,NaN,NaN,NaN,NaN,NaN,NaN,NaN,NaN
NaN,NaN,NaN,0,0.6544444444,-12.179573059082,NaN,NaN,NaN,NaN,NaN,NaN,NaN,NaN,NaN,NaN,NaN
NaN,NaN,NaN,0.05,0.75,-14.2063388824463,NaN,NaN,NaN,NaN,NaN,NaN,NaN,NaN,NaN,NaN,NaN
NaN,NaN,NaN,0.1,0.7627777778,-13.694450378418,NaN,NaN,NaN,NaN,NaN,NaN,NaN,NaN,NaN,NaN,NaN
NaN,NaN,NaN,NaN,0,NaN,NaN,NaN,NaN,NaN,NaN,NaN,NaN,NaN,NaN,NaN,NaN
NaN,NaN,NaN,1.35,0,-0.35821270942688,NaN,NaN,NaN,NaN,NaN,NaN,NaN,NaN,NaN,NaN,NaN
NaN,NaN,NaN,0.666666667,0,-0.536494076251984,NaN,NaN,NaN,NaN,NaN,NaN,NaN,NaN,NaN,NaN,NaN
NaN,NaN,NaN,0.1,0,-1.4499192237854,NaN,NaN,NaN,NaN,NaN,NaN,NaN,NaN,NaN,NaN,NaN
NaN,NaN,NaN,0.05,NaN,NaN,NaN,NaN,NaN,NaN,NaN,NaN,NaN,NaN,NaN,NaN,NaN
NaN,NaN,NaN,0,NaN,NaN,NaN,NaN,NaN,NaN,NaN,NaN,NaN,NaN,NaN,NaN,NaN
NaN,NaN,NaN,NaN,NaN,-4.6277232170105,NaN,NaN,NaN,NaN,NaN,NaN,NaN,NaN,NaN,NaN,NaN
NaN,NaN,NaN,NaN,NaN,-8.9964542388916,NaN,NaN,NaN,NaN,NaN,NaN,NaN,NaN,NaN,NaN,NaN
NaN,NaN,NaN,0.15,NaN,-9.20334911346436,NaN,NaN,NaN,NaN,NaN,NaN,NaN,NaN,NaN,NaN,NaN
NaN,NaN,NaN,0,0.6766666667,-7.05981779098511,NaN,NaN,NaN,NaN,NaN,NaN,NaN,NaN,NaN,NaN,NaN
NaN,NaN,NaN,0,0.81,NaN,NaN,NaN,NaN,NaN,NaN,NaN,NaN,NaN,NaN,NaN,NaN
NaN,NaN,NaN,0.1,0.7127777778,-8.50455856323242,NaN,NaN,NaN,NaN,NaN,NaN,NaN,NaN,NaN,NaN,NaN
NaN,NaN,NaN,0.683333333,0,-5.06064510345459,NaN,NaN,NaN,NaN,NaN,NaN,NaN,NaN,NaN,NaN,NaN
NaN,NaN,NaN,0.894444444,0,-2.31023025512695,NaN,NaN,NaN,NaN,NaN,NaN,NaN,NaN,NaN,NaN,NaN
NaN,NaN,NaN,0.883333333,0,-2.55119848251343,NaN,NaN,NaN,NaN,NaN,NaN,NaN,NaN,NaN,NaN,NaN
NaN,NaN,NaN,NaN,0,NaN,NaN,NaN,NaN,NaN,NaN,NaN,NaN,NaN,NaN,NaN,NaN
NaN,NaN,NaN,NaN,NaN,NaN,NaN,NaN,NaN,NaN,NaN,NaN,NaN,NaN,NaN,NaN,NaN
NaN,NaN,NaN,NaN,NaN,-6.39936017990112,NaN,NaN,NaN,NaN,NaN,NaN,NaN,NaN,NaN,NaN,NaN
NaN,NaN,NaN,NaN,NaN,-3.5816912651062,NaN,NaN,NaN,NaN,NaN,NaN,NaN,NaN,NaN,NaN,NaN
NaN,NaN,NaN,NaN,NaN,-4.94052314758301,NaN,NaN,NaN,NaN,NaN,NaN,NaN,NaN,NaN,NaN,NaN
NaN,NaN,NaN,0,NaN,NaN,NaN,NaN,NaN,NaN,NaN,NaN,NaN,NaN,NaN,NaN,NaN
NaN,NaN,NaN,0,0.7044444444,-10.2171277999878,NaN,NaN,NaN,NaN,NaN,NaN,NaN,NaN,NaN,NaN,NaN
NaN,NaN,NaN,0.016666667,0.78,-9.84005069732666,NaN,NaN,NaN,NaN,NaN,NaN,NaN,NaN,NaN,NaN,NaN
NaN,NaN,NaN,0,0.9177777778,-11.525276184082,NaN,NaN,NaN,NaN,NaN,NaN,NaN,NaN,NaN,NaN,NaN
NaN,NaN,NaN,0.5,0.5511111111,-7.4473123550415,NaN,NaN,NaN,NaN,NaN,NaN,NaN,NaN,NaN,NaN,NaN
NaN,NaN,NaN,1.025,0,NaN,NaN,NaN,NaN,NaN,NaN,NaN,NaN,NaN,NaN,NaN,NaN
NaN,NaN,NaN,NaN,0,NaN,NaN,NaN,NaN,NaN,NaN,NaN,NaN,NaN,NaN,NaN,NaN
NaN,NaN,NaN,1.1,0,NaN,NaN,NaN,NaN,NaN,NaN,NaN,NaN,NaN,NaN,NaN,NaN
NaN,NaN,NaN,NaN,NaN,NaN,NaN,NaN,NaN,NaN,NaN,NaN,NaN,NaN,NaN,NaN,NaN
NaN,NaN,NaN,NaN,NaN,NaN,NaN,NaN,NaN,NaN,NaN,NaN,NaN,NaN,NaN,NaN,NaN
NaN,NaN,NaN,NaN,NaN,NaN,NaN,NaN,NaN,NaN,NaN,NaN,NaN,NaN,NaN,NaN,NaN
