NBE,CH4,ET,LAI,SCF,EWT,ABGB,GPP_DT,ER_DT,GPP_NT,ER_NT,NBE_F,CH4_F,ET_F,NBE_ANN,CH4_ANN,ET_ANN
NaN,NaN,NaN,NaN,NaN,5.94622802734375,NaN,NaN,NaN,NaN,NaN,NaN,NaN,NaN,NaN,NaN,NaN
NaN,NaN,NaN,0.216666667,NaN,5.73482608795166,NaN,NaN,NaN,NaN,NaN,NaN,NaN,NaN,NaN,NaN,NaN
NaN,NaN,NaN,0,0.7866666667,2.57124328613281,NaN,NaN,NaN,NaN,NaN,NaN,NaN,NaN,NaN,NaN,NaN
NaN,NaN,NaN,0,0.7455555556,0.487054169178009,NaN,NaN,NaN,NaN,NaN,NaN,NaN,NaN,NaN,NaN,NaN
NaN,NaN,NaN,0,0.8116666667,-0.171638891100883,NaN,NaN,NaN,NaN,NaN,NaN,NaN,NaN,NaN,NaN,NaN
NaN,NaN,NaN,0.6,0,3.27534961700439,NaN,NaN,NaN,NaN,NaN,NaN,NaN,NaN,NaN,NaN,NaN
NaN,NaN,NaN,0.742857143,0,7.09911155700684,NaN,NaN,NaN,NaN,NaN,NaN,NaN,NaN,NaN,NaN,NaN
NaN,NaN,NaN,0.55625,0,5.25779342651367,NaN,NaN,NaN,NaN,NaN,NaN,NaN,NaN,NaN,NaN,NaN
NaN,NaN,NaN,0.366666667,0,7.62731838226318,NaN,NaN,NaN,NaN,NaN,NaN,NaN,NaN,NaN,NaN,NaN
NaN,NaN,NaN,NaN,NaN,4.81450223922729,NaN,NaN,NaN,NaN,NaN,NaN,NaN,NaN,NaN,NaN,NaN
NaN,NaN,NaN,NaN,NaN,4.08149528503418,NaN,NaN,NaN,NaN,NaN,NaN,NaN,NaN,NaN,NaN,NaN
NaN,NaN,NaN,NaN,NaN,3.85631799697876,NaN,NaN,NaN,NaN,NaN,NaN,NaN,NaN,NaN,NaN,NaN
NaN,NaN,NaN,NaN,NaN,2.40903759002686,NaN,NaN,NaN,NaN,NaN,NaN,NaN,NaN,NaN,NaN,NaN
NaN,NaN,NaN,0.375,NaN,-0.0345425345003605,NaN,NaN,NaN,NaN,NaN,NaN,NaN,NaN,NaN,NaN,NaN
NaN,NaN,NaN,NaN,0.7144444444,-2.78019428253174,NaN,NaN,NaN,NaN,NaN,NaN,NaN,NaN,NaN,NaN,NaN
NaN,NaN,NaN,0,0.7322222222,-3.97735810279846,NaN,NaN,NaN,NaN,NaN,NaN,NaN,NaN,NaN,NaN,NaN
NaN,NaN,NaN,0.016666667,0.8361111111,-6.93787002563477,NaN,NaN,NaN,NaN,NaN,NaN,NaN,NaN,NaN,NaN,NaN
NaN,NaN,NaN,0.7,0,0.206209421157837,NaN,NaN,NaN,NaN,NaN,NaN,NaN,NaN,NaN,NaN,NaN
NaN,NaN,NaN,0.744444444,0,2.53661489486694,NaN,NaN,NaN,NaN,NaN,NaN,NaN,NaN,NaN,NaN,NaN
NaN,NaN,NaN,NaN,0,4.38355493545532,NaN,NaN,NaN,NaN,NaN,NaN,NaN,NaN,NaN,NaN,NaN
NaN,NaN,NaN,NaN,0,3.991295337677,NaN,NaN,NaN,NaN,NaN,NaN,NaN,NaN,NaN,NaN,NaN
NaN,NaN,NaN,0,NaN,2.56676006317139,NaN,NaN,NaN,NaN,NaN,NaN,NaN,NaN,NaN,NaN,NaN
NaN,NaN,NaN,NaN,NaN,4.21071720123291,NaN,NaN,NaN,NaN,NaN,NaN,NaN,NaN,NaN,NaN,NaN
NaN,NaN,NaN,NaN,NaN,1.50737595558167,NaN,NaN,NaN,NaN,NaN,NaN,NaN,NaN,NaN,NaN,NaN
NaN,NaN,NaN,NaN,NaN,0.300572574138641,NaN,NaN,NaN,NaN,NaN,NaN,NaN,NaN,NaN,NaN,NaN
NaN,NaN,NaN,0,NaN,0.571671485900879,NaN,NaN,NaN,NaN,NaN,NaN,NaN,NaN,NaN,NaN,NaN
NaN,NaN,NaN,0,0.7133333333,1.1651930809021,NaN,NaN,NaN,NaN,NaN,NaN,NaN,NaN,NaN,NaN,NaN
NaN,NaN,NaN,0,0.7394444444,0.0155399721115828,NaN,NaN,NaN,NaN,NaN,NaN,NaN,NaN,NaN,NaN,NaN
NaN,NaN,NaN,0.016666667,0.7772222222,-2.10212969779968,NaN,NaN,NaN,NaN,NaN,NaN,NaN,NaN,NaN,NaN,NaN
NaN,NaN,NaN,0.35,0.01,1.61599099636078,NaN,NaN,NaN,NaN,NaN,NaN,NaN,NaN,NaN,NaN,NaN
NaN,NaN,NaN,0.727777778,0,3.91720509529114,NaN,NaN,NaN,NaN,NaN,NaN,NaN,NaN,NaN,NaN,NaN
NaN,NaN,NaN,0.85,0,4.25243806838989,NaN,NaN,NaN,NaN,NaN,NaN,NaN,NaN,NaN,NaN,NaN
NaN,NaN,NaN,0.75,0,5.72768115997314,NaN,NaN,NaN,NaN,NaN,NaN,NaN,NaN,NaN,NaN,NaN
NaN,NaN,NaN,NaN,NaN,5.53978204727173,NaN,NaN,NaN,NaN,NaN,NaN,NaN,NaN,NaN,NaN,NaN
NaN,NaN,NaN,NaN,NaN,2.71434783935547,NaN,NaN,NaN,NaN,NaN,NaN,NaN,NaN,NaN,NaN,NaN
NaN,NaN,NaN,NaN,NaN,1.38117361068726,NaN,NaN,NaN,NaN,NaN,NaN,NaN,NaN,NaN,NaN,NaN
NaN,NaN,NaN,NaN,NaN,NaN,NaN,NaN,NaN,NaN,NaN,NaN,NaN,NaN,NaN,NaN,NaN
NaN,NaN,NaN,0,NaN,-1.7481654882431,NaN,NaN,NaN,NaN,NaN,NaN,NaN,NaN,NaN,NaN,NaN
NaN,NaN,NaN,0,0.6661111111,-4.60353088378906,NaN,NaN,NaN,NaN,NaN,NaN,NaN,NaN,NaN,NaN,NaN
NaN,NaN,NaN,0,0.7888888889,-6.24598979949951,NaN,NaN,NaN,NaN,NaN,NaN,NaN,NaN,NaN,NaN,NaN
NaN,NaN,NaN,0,0.8111111111,-7.73935556411743,NaN,NaN,NaN,NaN,NaN,NaN,NaN,NaN,NaN,NaN,NaN
NaN,NaN,NaN,0.505555556,0,NaN,NaN,NaN,NaN,NaN,NaN,NaN,NaN,NaN,NaN,NaN,NaN
NaN,NaN,NaN,0.877777778,0,2.83077239990234,NaN,NaN,NaN,NaN,NaN,NaN,NaN,NaN,NaN,NaN,NaN
NaN,NaN,NaN,0.7,0,0.60772567987442,NaN,NaN,NaN,NaN,NaN,NaN,NaN,NaN,NaN,NaN,NaN
NaN,NaN,NaN,0.4,0,2.58956956863403,NaN,NaN,NaN,NaN,NaN,NaN,NaN,NaN,NaN,NaN,NaN
NaN,NaN,NaN,NaN,NaN,3.38818073272705,NaN,NaN,NaN,NaN,NaN,NaN,NaN,NaN,NaN,NaN,NaN
NaN,NaN,NaN,NaN,NaN,3.17788481712341,NaN,NaN,NaN,NaN,NaN,NaN,NaN,NaN,NaN,NaN,NaN
NaN,NaN,NaN,NaN,NaN,-1.13094937801361,NaN,NaN,NaN,NaN,NaN,NaN,NaN,NaN,NaN,NaN,NaN
NaN,NaN,NaN,NaN,NaN,-0.170164704322815,NaN,NaN,NaN,NaN,NaN,NaN,NaN,NaN,NaN,NaN,NaN
NaN,NaN,NaN,0,NaN,-1.6785306930542,NaN,NaN,NaN,NaN,NaN,NaN,NaN,NaN,NaN,NaN,NaN
NaN,NaN,NaN,0,0.6805555556,-2.20340037345886,NaN,NaN,NaN,NaN,NaN,NaN,NaN,NaN,NaN,NaN,NaN
NaN,NaN,NaN,0,0.7327777778,-4.21127319335938,NaN,NaN,NaN,NaN,NaN,NaN,NaN,NaN,NaN,NaN,NaN
NaN,NaN,NaN,0,0.8377777778,NaN,NaN,NaN,NaN,NaN,NaN,NaN,NaN,NaN,NaN,NaN,NaN
NaN,NaN,NaN,0.45,0,0.994335532188416,NaN,NaN,NaN,NaN,NaN,NaN,NaN,NaN,NaN,NaN,NaN
NaN,NaN,NaN,0.95,0,3.01036500930786,NaN,NaN,NaN,NaN,NaN,NaN,NaN,NaN,NaN,NaN,NaN
NaN,NaN,NaN,1,0,2.44491624832153,NaN,NaN,NaN,NaN,NaN,NaN,NaN,NaN,NaN,NaN,NaN
NaN,NaN,NaN,1.166666667,0,0.794398128986359,NaN,NaN,NaN,NaN,NaN,NaN,NaN,NaN,NaN,NaN,NaN
NaN,NaN,NaN,NaN,NaN,NaN,NaN,NaN,NaN,NaN,NaN,NaN,NaN,NaN,NaN,NaN,NaN
NaN,NaN,NaN,NaN,NaN,-4.81896305084229,NaN,NaN,NaN,NaN,NaN,NaN,NaN,NaN,NaN,NaN,NaN
NaN,NaN,NaN,NaN,NaN,-1.73275852203369,NaN,NaN,NaN,NaN,NaN,NaN,NaN,NaN,NaN,NaN,NaN
NaN,NaN,NaN,NaN,NaN,-6.34307098388672,NaN,0.00333388981529049,0.00102537101871431,-9999,0.0111781305522531,-9999,-9999,-9999,0.0420349907430534,0.00251722737123644,0.00391952263990301
NaN,NaN,NaN,0.2,NaN,-3.81362318992615,NaN,0.0405500882258057,0.000139937091642331,-9999,0.00240483257638665,-9999,-9999,-9999,0.0234568383582525,0.00140468893374155,0.0130352452927424
NaN,NaN,NaN,0,0.6711111111,NaN,NaN,0.285990297332841,0.00182355362127928,-9999,0.017977216076928,-9999,-9999,-9999,0.00845780402947611,0.00104267795339106,0.014951335004374
NaN,NaN,NaN,0,0.7588888889,-8.86128807067871,NaN,0.550921001735088,0.0058786972167888,-9999,0.04250050131096,-9999,-9999,-9999,-0.0268041945109359,0.000837513539531047,0.0664727817592376
NaN,NaN,NaN,0.1,0.7566666667,-12.1691341400146,NaN,0.720484114993548,0.028791213236129,-9999,0.157625279535484,-9999,-9999,-9999,-0.0727696081953057,0.00130230568255125,0.387702043574749
NaN,NaN,NaN,0.6,0,-6.04231119155884,NaN,0.70427563632,0.05920644384,-9999,0.2780009352,-9999,-9999,-9999,-0.18284799383255,0.0121864887187184,1.35519140719905
NaN,NaN,NaN,1.016666667,0,-1.97274792194366,NaN,0.845969800366452,0.107387776567742,1.3648245689113,0.323896445419355,-1.03681448110957,0.0329887850086957,0.927552216005098,-0.742661891589178,0.0320411053068072,1.30308309876918
-0.514773071667719,0.0302196608744927,0.477228612352758,0.6,0,NaN,NaN,0.989405523017419,0.451943266552258,1.07536849047174,0.554081569548387,-0.521286595292903,0.0302885707354839,0.483862359776118,-0.526045861015759,0.0302753648701583,0.489696864302261
0.225403707038211,0.0155167109050307,0.189161985364738,0.6,0,NaN,NaN,0.281969485569648,0.64272782016,0.0869259349872,0.29696079096,0.210034722456,0.0155260656,0.186179438999781,0.202956775450222,0.0155029863053661,0.189562226044905
0.0658702341449416,0.011072211448089,0.0129121821708221,NaN,NaN,-3.37385535240173,NaN,0.0810524497828413,0.360973191576774,0.0243883259946581,0.103307224830968,0.0789192151432258,0.0119627476490323,0.0112460954166857,0.0838697927368512,0.0114946091908315,0.00870591733967509
-0.017498168269254,0.0087366942664882,0.00701443662862571,NaN,NaN,-8.22601509094238,NaN,0.059930129984688,0.2676157476768,0.05665302410112,0.077300256888,0.02064675168,0.0086435049024,0.00297365421103411,-0.0100699705981195,0.00893522289928964,0.000506958348129983
-0.103004855534089,0.00323653809069758,NaN,NaN,NaN,-11.7610645294189,NaN,0.0042232909004129,0.156097673180279,0.132679390141161,0.0227664500959742,-0.109913234506839,0.00353052736490323,-0.00982064653228709,-0.0241316795851543,0.00332784998548158,-0.00827387984997297
0.030286558831627,0.00115290717807804,NaN,NaN,NaN,-11.5785350799561,NaN,0.0245001221716645,0.0749864188564173,0.066882408856258,0.093931255059067,0.0270491121987097,0.000998674620387097,-0.0107277640350652,0.0697096118664108,0.00118613105555042,-0.00755536128613796
0.00655713763989636,0.000643151988753585,0.00645453531443473,0.144444444,NaN,NaN,NaN,0.0327652057293943,0.256617492600623,0.4268251619316,0.367932569817292,-0.05889185514,0.000718519412391429,0.00954447681580729,0.0140790874174151,0.000792324040055281,0.00722574026545575
0.00470508321604631,0.00094247608308908,0.00386570236641662,NaN,0.7694444444,-16.205436706543,NaN,0.180840942810813,0.43198747814357,0.180096704382194,0.173778903795233,-0.00631731534967741,0.00114985085321032,0.00393662060048695,0.016122899053494,0.000941547041890992,0.0022637433223221
-0.0101446789687596,0.000917117885557835,0.0177776294954684,NaN,0.7244444444,-16.4451179504395,NaN,0.34029968430888,0.72788926429224,0.0896876730324,0.0601884070081416,-0.029499334722,0.0009175350492,0.0143068071656132,0.00999763296645713,0.000863889964110057,0.0131453999509653
-0.0222932607135496,0.00199190155096335,0.10062997269563,NaN,0.7916666667,-17.9933757781982,NaN,0.198058319047742,0.317322729290323,0.161116177707871,0.191932425754839,0.0308167527623226,0.00183178669633548,0.0851275952705084,0.0414841298291894,0.00163509850089441,0.0876158490355139
0.159704767325942,0.00960248778875698,0.290406271734583,0.38,0.01666666667,-11.547269821167,NaN,0.173270813544,0.3479589072,0.414049666464,0.5708974104,0.156849151536,0.009747310248,0.289555671597846,0.150165790827316,0.00960889120269853,0.298353370828187
-0.479782656576294,0.034811843174217,0.547776454535183,0.627777778,0,NaN,NaN,0.888543405870968,0.439128780387097,1.53579963244645,1.05201432232258,-0.483784624010323,0.0346806798967742,0.554409828231563,-0.484592269419365,0.0347411715777219,0.558088017482672
-0.675322202761541,0.0289114660435472,0.230709052369736,0.66875,0,-5.48227977752686,NaN,1.37027888986065,0.784060601806452,1.38911956880516,0.817294375741935,-0.571824841610323,0.0287357105032258,0.22204256877863,-0.566979010357614,0.0285271426209823,0.220022190757704
0.150946782637649,0.0144817716724578,0.0443900055107436,0.5,0.02555555556,-3.31625962257385,NaN,0.37357511917968,0.8438106528,0.30507454257696,0.61291871496,0.30784359456,0.01485419256,0.0414802730086258,0.274321604652349,0.0145003530021722,0.0467015324231036
0.0509848572455762,0.00933200221668556,0.00865207144297065,NaN,NaN,-6.65274810791016,NaN,0.120615168083737,0.393207735716129,0.0812285908350968,0.146347728619355,0.0651192725752258,0.00950476986580645,0.00829016344463008,0.0972558368145112,0.00957572958047967,0.00903670544358474
0.0258579884967786,0.00715195413400113,0.0133841734462117,NaN,NaN,-6.71937656402588,NaN,0.04391672138064,0.450942538248,0.748126354621642,0.83770472088,0.0240919271745347,0.0074958763392,0.00562842108622722,0.0262337891124341,0.00659478514216709,0.00180106232858727
NaN,NaN,NaN,NaN,NaN,NaN,NaN,0.000835725433470968,0.0943267526340387,-9999,4.37963554033548,-9999,-9999,-9999,0.129874945595576,0.00215284931534644,-0.0140224985339299
NaN,NaN,NaN,NaN,NaN,-6.45263290405273,NaN,0.00273616850670968,0.0845633347221321,-9999,6.53547569269239,-9999,-9999,-9999,0.140438810720375,0.00105623562154581,-0.00340304448492926
0.0308524000429661,0.00100742522329121,NaN,0,NaN,-7.76007413864136,NaN,0.0470103889446514,0.309078401101646,9.91985104261028,10.8309527094452,0.0366396254948572,0.000820986757994805,0.00271337039928374,0.0664212561222769,0.000909676307706969,0.000483326859923176
0.0585443254840051,0.000925442749123091,0.00202452403260719,0,0.6622222222,-12.179573059082,NaN,0.0699354644984361,0.0173139777367885,0.0640810493512258,0.0994390395428283,0.0353580633592258,0.000434069582741419,4.485980207776e-05,-0.0102898931299699,0.000599072884037697,0.00231905778374343
-0.0814514139142296,0.000439047773605638,0.00793321886760219,0.05,0.7555555556,-14.2063388824463,NaN,0.0861237579996,0.0815834850336,0.1149901488072,0.0585764956872,-0.05641365338424,0.000400808843568,0.00957184824840321,-0.0262597500811939,0.000575566439164356,0.00736326199975399
0.00376196425327498,0.00245669918909837,0.00706569852019518,0.1,0.7694444444,-13.694450378418,NaN,0.108871498126452,0.165506737006452,0.104244421106323,0.117163062812903,0.0129186876170323,0.00275550289943226,0.0134929394122185,0.0205730402406222,0.00260560664444262,0.016345474416986
-0.1656600817021,0.0214012954774735,0.326070891190172,0.6,0,NaN,NaN,0.6849161928,0.54417717576,0.661519161648,0.4834288008,-0.178089369552,0.021555579672,0.311200914571214,-0.205177377605064,0.0212695903326578,0.312293701481652
-1.52648605577499,0.0347367742824929,0.189344836583582,1.26,0,-0.35821270942688,NaN,2.44423672165161,1.04245697729032,2.21619715576258,0.83251170116129,-1.38368633720516,0.0349335092903226,0.204715899836417,-1.41146403972429,0.0349025462155255,0.205882772403403
-0.454437183068579,0.0202670962898914,0.0903373478244177,0.65,0,-0.536494076251984,NaN,1.16651020587631,0.893257060645161,0.888966463777548,0.580040797935484,-0.308926238005161,0.0193982920025806,0.0790823624979142,-0.341879430739873,0.0197847875487474,0.0824520710714245
0.151617162466972,0.011527869244195,0.0203234374220049,0.1,0,-1.4499192237854,NaN,0.1656862876458,0.2824201584,0.2633597995032,0.4426161192,0.1792555122672,0.011511491688,0.0175102723595347,0.171435186412971,0.0118426965107531,0.0156060812644026
0.0767944209042818,0.00375283282567094,0.00336951119186047,0,NaN,NaN,NaN,0.179197899846503,0.34863426648,0.0431480190161032,0.0721239521341936,0.0289757779339355,0.00357777111483871,0.0039744165686181,0.0534457096331124,0.00377525440966781,0.00230483396635678
NaN,0.00562327391758322,NaN,0,NaN,NaN,NaN,0.024892020504,0.02332832603688,-0.03792176196768,0.045768784284,0.08751863418336,0.000346356741511385,-0.0265781821886736,0.138600145131906,0.00208300493488053,-0.0238646738282261
NaN,NaN,NaN,NaN,NaN,-4.6277232170105,NaN,0.00368498742503226,0.00378629602154213,-9999,0.0093779957629319,-9999,-9999,-9999,0.178457974903914,0.00196132060444506,-0.0296520051569343
NaN,NaN,NaN,NaN,NaN,-8.9964542388916,NaN,NaN,NaN,NaN,NaN,NaN,NaN,NaN,NaN,NaN,NaN
NaN,NaN,NaN,0.183333333,NaN,-9.20334911346436,NaN,NaN,NaN,NaN,NaN,NaN,NaN,NaN,NaN,NaN,NaN
NaN,NaN,NaN,0,0.6877777778,-7.05981779098511,NaN,NaN,NaN,NaN,NaN,NaN,NaN,NaN,NaN,NaN,NaN
NaN,NaN,NaN,0,0.8144444444,NaN,NaN,NaN,NaN,NaN,NaN,NaN,NaN,NaN,NaN,NaN,NaN
NaN,NaN,NaN,0.1,0.7538888889,-8.50455856323242,NaN,NaN,NaN,NaN,NaN,NaN,NaN,NaN,NaN,NaN,NaN
NaN,NaN,NaN,0.675,0,-5.06064510345459,NaN,NaN,NaN,NaN,NaN,NaN,NaN,NaN,NaN,NaN,NaN
NaN,NaN,NaN,1.05,0,-2.31023025512695,NaN,NaN,NaN,NaN,NaN,NaN,NaN,NaN,NaN,NaN,NaN
NaN,NaN,NaN,0.971428571,0,-2.55119848251343,NaN,NaN,NaN,NaN,NaN,NaN,NaN,NaN,NaN,NaN,NaN
NaN,NaN,NaN,NaN,0.056,NaN,NaN,NaN,NaN,NaN,NaN,NaN,NaN,NaN,NaN,NaN,NaN
NaN,NaN,NaN,NaN,NaN,NaN,NaN,NaN,NaN,NaN,NaN,NaN,NaN,NaN,NaN,NaN,NaN
NaN,NaN,NaN,NaN,NaN,-6.39936017990112,NaN,NaN,NaN,NaN,NaN,NaN,NaN,NaN,NaN,NaN,NaN
NaN,NaN,NaN,NaN,NaN,-3.5816912651062,NaN,NaN,NaN,NaN,NaN,NaN,NaN,NaN,NaN,NaN,NaN
NaN,NaN,NaN,NaN,NaN,-4.94052314758301,NaN,NaN,NaN,NaN,NaN,NaN,NaN,NaN,NaN,NaN,NaN
NaN,NaN,NaN,0,NaN,NaN,NaN,NaN,NaN,NaN,NaN,NaN,NaN,NaN,NaN,NaN,NaN
NaN,NaN,NaN,0,0.705,-10.2171277999878,NaN,NaN,NaN,NaN,NaN,NaN,NaN,NaN,NaN,NaN,NaN
NaN,NaN,NaN,0.016666667,0.7811111111,-9.84005069732666,NaN,NaN,NaN,NaN,NaN,NaN,NaN,NaN,NaN,NaN,NaN
NaN,NaN,NaN,0,0.9233333333,-11.525276184082,NaN,NaN,NaN,NaN,NaN,NaN,NaN,NaN,NaN,NaN,NaN
NaN,NaN,NaN,0.2125,0.6155555556,-7.4473123550415,NaN,NaN,NaN,NaN,NaN,NaN,NaN,NaN,NaN,NaN,NaN
NaN,NaN,NaN,1.0125,0,NaN,NaN,NaN,NaN,NaN,NaN,NaN,NaN,NaN,NaN,NaN,NaN
NaN,NaN,NaN,NaN,0,NaN,NaN,NaN,NaN,NaN,NaN,NaN,NaN,NaN,NaN,NaN,NaN
NaN,NaN,NaN,1.166666667,0,NaN,NaN,NaN,NaN,NaN,NaN,NaN,NaN,NaN,NaN,NaN,NaN
NaN,NaN,NaN,NaN,NaN,NaN,NaN,NaN,NaN,NaN,NaN,NaN,NaN,NaN,NaN,NaN,NaN
NaN,NaN,NaN,NaN,NaN,NaN,NaN,NaN,NaN,NaN,NaN,NaN,NaN,NaN,NaN,NaN,NaN
NaN,NaN,NaN,NaN,NaN,NaN,NaN,NaN,NaN,NaN,NaN,NaN,NaN,NaN,NaN,NaN,NaN
NaN,NaN,NaN,NaN,NaN,NaN,NaN,NaN,NaN,NaN,NaN,NaN,NaN,NaN,NaN,NaN,NaN
NaN,NaN,NaN,0.1,NaN,NaN,NaN,NaN,NaN,NaN,NaN,NaN,NaN,NaN,NaN,NaN,NaN
NaN,NaN,NaN,0,0.7977777778,NaN,NaN,NaN,NaN,NaN,NaN,NaN,NaN,NaN,NaN,NaN,NaN
NaN,NaN,NaN,0,0.7861111111,NaN,NaN,NaN,NaN,NaN,NaN,NaN,NaN,NaN,NaN,NaN,NaN
NaN,NaN,NaN,0,0.8127777778,NaN,NaN,NaN,NaN,NaN,NaN,NaN,NaN,NaN,NaN,NaN,NaN
NaN,NaN,NaN,0.0625,0.6966666667,-9.8973970413208,NaN,NaN,NaN,NaN,NaN,NaN,NaN,NaN,NaN,NaN,NaN
NaN,NaN,NaN,0.66,0,-5.75688600540161,NaN,NaN,NaN,NaN,NaN,NaN,NaN,NaN,NaN,NaN,NaN
NaN,NaN,NaN,0.8,0,NaN,NaN,NaN,NaN,NaN,NaN,NaN,NaN,NaN,NaN,NaN,NaN
NaN,NaN,NaN,0.566666667,0,NaN,NaN,NaN,NaN,NaN,NaN,NaN,NaN,NaN,NaN,NaN,NaN
NaN,NaN,NaN,NaN,NaN,-2.59633874893188,NaN,NaN,NaN,NaN,NaN,NaN,NaN,NaN,NaN,NaN,NaN
NaN,NaN,NaN,NaN,NaN,-2.54734897613525,NaN,NaN,NaN,NaN,NaN,NaN,NaN,NaN,NaN,NaN,NaN
NaN,NaN,NaN,NaN,NaN,-7.83117055892944,NaN,NaN,NaN,NaN,NaN,NaN,NaN,NaN,NaN,NaN,NaN
