NBE,CH4,ET,LAI,SCF,EWT,ABGB,GPP_DT,ER_DT,GPP_NT,ER_NT,NBE_F,CH4_F,ET_F,NBE_ANN,CH4_ANN,ET_ANN
NaN,NaN,NaN,0.338888889,0,NaN,NaN,NaN,NaN,NaN,NaN,NaN,NaN,NaN,NaN,NaN,NaN
NaN,NaN,NaN,0.516666667,0,70.7842025756836,NaN,NaN,NaN,NaN,NaN,NaN,NaN,NaN,NaN,NaN,NaN
NaN,NaN,NaN,0.694444444,0,232.273132324219,NaN,NaN,NaN,NaN,NaN,NaN,NaN,NaN,NaN,NaN,NaN
NaN,NaN,NaN,0.71875,0,227.480484008789,NaN,NaN,NaN,NaN,NaN,NaN,NaN,NaN,NaN,NaN,NaN
NaN,NaN,NaN,0.75,0,186.236572265625,NaN,NaN,NaN,NaN,NaN,NaN,NaN,NaN,NaN,NaN,NaN
NaN,NaN,NaN,0.877777778,0,NaN,NaN,NaN,NaN,NaN,NaN,NaN,NaN,NaN,NaN,NaN,NaN
NaN,NaN,NaN,2.633333333,0,67.2799758911133,NaN,NaN,NaN,NaN,NaN,NaN,NaN,NaN,NaN,NaN,NaN
NaN,NaN,NaN,2.65,0,-60.374683380127,NaN,NaN,NaN,NaN,NaN,NaN,NaN,NaN,NaN,NaN,NaN
NaN,NaN,NaN,1.583333333,0,-106.709976196289,NaN,NaN,NaN,NaN,NaN,NaN,NaN,NaN,NaN,NaN,NaN
NaN,NaN,NaN,0.644444444,0,-109.216506958008,NaN,NaN,NaN,NaN,NaN,NaN,NaN,NaN,NaN,NaN,NaN
NaN,NaN,NaN,0.233333333,0,-124.929214477539,NaN,NaN,NaN,NaN,NaN,NaN,NaN,NaN,NaN,NaN,NaN
NaN,NaN,NaN,NaN,0,-149.096176147461,NaN,NaN,NaN,NaN,NaN,NaN,NaN,NaN,NaN,NaN,NaN
NaN,NaN,NaN,0.316666667,0,-162.887268066406,NaN,NaN,NaN,NaN,NaN,NaN,NaN,NaN,NaN,NaN,NaN
NaN,NaN,NaN,0.883333333,0,-104.543273925781,NaN,NaN,NaN,NaN,NaN,NaN,NaN,NaN,NaN,NaN,NaN
NaN,NaN,NaN,1.211111111,0,-22.2376403808594,NaN,NaN,NaN,NaN,NaN,NaN,NaN,NaN,NaN,NaN,NaN
NaN,NaN,NaN,2,0,84.5485382080078,NaN,NaN,NaN,NaN,NaN,NaN,NaN,NaN,NaN,NaN,NaN
NaN,NaN,NaN,1.461111111,0,NaN,NaN,NaN,NaN,NaN,NaN,NaN,NaN,NaN,NaN,NaN,NaN
NaN,NaN,NaN,0.877777778,0,-44.1242370605469,NaN,NaN,NaN,NaN,NaN,NaN,NaN,NaN,NaN,NaN,NaN
NaN,NaN,NaN,1.5,0,-94.6252365112305,NaN,NaN,NaN,NaN,NaN,NaN,NaN,NaN,NaN,NaN,NaN
NaN,NaN,NaN,1.7,0,-181.766845703125,NaN,NaN,NaN,NaN,NaN,NaN,NaN,NaN,NaN,NaN,NaN
NaN,NaN,NaN,1.233333333,0,-200.122756958008,NaN,NaN,NaN,NaN,NaN,NaN,NaN,NaN,NaN,NaN,NaN
NaN,NaN,NaN,1.088888889,0,NaN,NaN,NaN,NaN,NaN,NaN,NaN,NaN,NaN,NaN,NaN,NaN
NaN,NaN,NaN,0.861111111,0,-230.714721679688,NaN,NaN,NaN,NaN,NaN,NaN,NaN,NaN,NaN,NaN,NaN
NaN,NaN,NaN,0.4,0,-57.5812530517578,NaN,NaN,NaN,NaN,NaN,NaN,NaN,NaN,NaN,NaN,NaN
NaN,NaN,NaN,0.472222222,0,89.1133117675781,NaN,NaN,NaN,NaN,NaN,NaN,NaN,NaN,NaN,NaN,NaN
NaN,NaN,NaN,0.411111111,0,44.4472427368164,NaN,NaN,NaN,NaN,NaN,NaN,NaN,NaN,NaN,NaN,NaN
NaN,NaN,NaN,0.714285714,0,NaN,NaN,NaN,NaN,NaN,NaN,NaN,NaN,NaN,NaN,NaN,NaN
NaN,NaN,NaN,0.705555556,0,-36.7517318725586,NaN,NaN,NaN,NaN,NaN,NaN,NaN,NaN,NaN,NaN,NaN
NaN,NaN,NaN,0.672222222,0,-132.072692871094,NaN,NaN,NaN,NaN,NaN,NaN,NaN,NaN,NaN,NaN,NaN
NaN,NaN,NaN,0.944444444,0,-149.823959350586,NaN,NaN,NaN,NaN,NaN,NaN,NaN,NaN,NaN,NaN,NaN
NaN,NaN,NaN,2.961111111,0,-191.813232421875,NaN,NaN,NaN,NaN,NaN,NaN,NaN,NaN,NaN,NaN,NaN
NaN,NaN,NaN,2.25,0,NaN,NaN,NaN,NaN,NaN,NaN,NaN,NaN,NaN,NaN,NaN,NaN
NaN,NaN,NaN,1.027777778,0,NaN,NaN,NaN,NaN,NaN,NaN,NaN,NaN,NaN,NaN,NaN,NaN
NaN,NaN,NaN,0.5,0,-327.03662109375,NaN,NaN,NaN,NaN,NaN,NaN,NaN,NaN,NaN,NaN,NaN
NaN,NaN,NaN,0.422222222,0,-339.323181152344,NaN,NaN,NaN,NaN,NaN,NaN,NaN,NaN,NaN,NaN,NaN
NaN,NaN,NaN,0.283333333,0,-285.117858886719,NaN,NaN,NaN,NaN,NaN,NaN,NaN,NaN,NaN,NaN,NaN
NaN,NaN,NaN,0.194444444,0,-306.942047119141,NaN,NaN,NaN,NaN,NaN,NaN,NaN,NaN,NaN,NaN,NaN
NaN,NaN,NaN,0.35,0,NaN,NaN,NaN,NaN,NaN,NaN,NaN,NaN,NaN,NaN,NaN,NaN
NaN,NaN,NaN,1.016666667,0,-151.04035949707,NaN,NaN,NaN,NaN,NaN,NaN,NaN,NaN,NaN,NaN,NaN
NaN,NaN,NaN,1.611111111,0,-213.331390380859,NaN,NaN,NaN,NaN,NaN,NaN,NaN,NaN,NaN,NaN,NaN
NaN,NaN,NaN,1.811111111,0,-230.280319213867,NaN,NaN,NaN,NaN,NaN,NaN,NaN,NaN,NaN,NaN,NaN
NaN,NaN,NaN,1.077777778,0,-247.433944702148,NaN,NaN,NaN,NaN,NaN,NaN,NaN,NaN,NaN,NaN,NaN
NaN,NaN,NaN,1.116666667,0,NaN,NaN,NaN,NaN,NaN,NaN,NaN,NaN,NaN,NaN,NaN,NaN
NaN,NaN,NaN,0.905555556,0,-385.696228027344,NaN,NaN,NaN,NaN,NaN,NaN,NaN,NaN,NaN,NaN,NaN
NaN,NaN,NaN,0.65,0,-455.877563476562,NaN,NaN,NaN,NaN,NaN,NaN,NaN,NaN,NaN,NaN,NaN
NaN,NaN,NaN,0.505555556,0,-422.230987548828,NaN,NaN,NaN,NaN,NaN,NaN,NaN,NaN,NaN,NaN,NaN
NaN,NaN,NaN,0.405555556,0,-422.778472900391,NaN,NaN,NaN,NaN,NaN,NaN,NaN,NaN,NaN,NaN,NaN
NaN,NaN,NaN,0.405555556,0,NaN,NaN,NaN,NaN,NaN,NaN,NaN,NaN,NaN,NaN,NaN,NaN
NaN,NaN,NaN,0.6,0,-242.040252685547,NaN,NaN,NaN,NaN,NaN,NaN,NaN,NaN,NaN,NaN,NaN
NaN,NaN,NaN,1.21875,0,-189.111099243164,NaN,NaN,NaN,NaN,NaN,NaN,NaN,NaN,NaN,NaN,NaN
NaN,NaN,NaN,1.288888889,0,-219.440139770508,NaN,NaN,NaN,NaN,NaN,NaN,NaN,NaN,NaN,NaN,NaN
NaN,NaN,NaN,1.264285714,0,-194.107727050781,NaN,NaN,NaN,NaN,NaN,NaN,NaN,NaN,NaN,NaN,NaN
NaN,NaN,NaN,0.757142857,0,-207.362335205078,NaN,NaN,NaN,NaN,NaN,NaN,NaN,NaN,NaN,NaN,NaN
NaN,NaN,NaN,1.05,0,NaN,NaN,NaN,NaN,NaN,NaN,NaN,NaN,NaN,NaN,NaN,NaN
NaN,NaN,NaN,1.666666667,0,-386.472320556641,NaN,NaN,NaN,NaN,NaN,NaN,NaN,NaN,NaN,NaN,NaN
NaN,NaN,NaN,1.75,0,-426.294128417969,NaN,NaN,NaN,NaN,NaN,NaN,NaN,NaN,NaN,NaN,NaN
NaN,NaN,NaN,0.794444444,0,-470.754089355469,NaN,NaN,NaN,NaN,NaN,NaN,NaN,NaN,NaN,NaN,NaN
NaN,NaN,NaN,0.466666667,0,NaN,NaN,NaN,NaN,NaN,NaN,NaN,NaN,NaN,NaN,NaN,NaN
NaN,NaN,NaN,0.333333333,0,NaN,NaN,NaN,NaN,NaN,NaN,NaN,NaN,NaN,NaN,NaN,NaN
NaN,NaN,NaN,0.4,0,-317.595794677734,NaN,NaN,NaN,NaN,NaN,NaN,NaN,NaN,NaN,NaN,NaN
NaN,NaN,NaN,0.175,0,-175.126098632812,NaN,4.43905632795459,2.72670952388195,-9999,3.6380295095127,-9999,-9999,-9999,2.11310159590279,-8.27280449255301e-05,1.24703356727519
NaN,NaN,NaN,0.672222222,0,-46.8145217895508,NaN,7.95407593183448,3.16247751806897,-9999,3.99734970206897,-9999,-9999,-9999,0.309310745100769,0.000280052655031815,2.48668700359253
NaN,NaN,NaN,1.905555556,0,31.0837554931641,NaN,8.4454223184,3.27431724387097,-9999,4.11413569548387,-9999,-9999,-9999,-2.63201147799033,-0.00147714706362191,3.10659298697596
NaN,NaN,NaN,2.427777778,0,NaN,NaN,11.64613245264,3.937290552,-9999,4.650206832,-9999,-9999,-9999,-6.13218987467838,-0.00131837772310455,4.69207518691461
NaN,NaN,NaN,2.055555556,0,-83.4537506103516,NaN,13.0891482882581,4.43607406606452,-9999,5.03211521032258,-9999,-9999,-9999,-6.52206547291854,-0.000407392668590022,4.98345949772738
NaN,NaN,NaN,2.044444444,0,-175.71760559082,NaN,13.823091576,5.3706358008,-9999,5.72268456,-9999,-9999,-9999,-0.255549201684983,-5.02961814353153e-05,5.46651019450529
NaN,NaN,NaN,2.055555556,0,-283.000305175781,NaN,13.7763573468387,5.43406492103226,-9999,5.77190573419355,-9999,-9999,-9999,-3.625756447843,0.000466610318455824,4.89422978945098
-1.49991358689933,0.000351939409308973,4.18436736410002,2.488888889,0,-332.014038085938,NaN,8.34859587054193,5.05735126374194,5.80967335269716,6.21596494451613,0.830723952521389,-5.48537480764166e-05,2.99106452621753,-0.878211493828741,0.000583211683191394,3.01673471810133
-8.59471495548376,0.0019806387221426,5.64066214227144,1.566666667,0,NaN,NaN,7.721041896864,4.6564952472,9.385320320136,7.516803888,-1.86851451312,0.00106214065128,3.24907873037327,-2.03742624075703,0.00160985526072761,3.31285427397714
-4.43703922669226,0.00065111574218015,3.6435856411736,2.244444444,0,NaN,NaN,5.08981077522581,5.18565747948387,7.5066306342271,8.68974068903226,1.1831061312,0.00167970948431226,1.91462587835359,0.788467679055278,0.00164511621392684,1.86556833474381
-4.62175424598888,0.00227028336435695,2.81263165744746,1.266666667,0,-264.14697265625,NaN,3.5953961856048,3.119883588,4.8359718007272,6.461807832,1.62583698636,0.000488350861488,1.43039666846675,1.17293784774918,0.0014404585384447,1.32636353702295
-0.487603508679179,0.00324201828221687,1.86615340071714,0.827777778,0,-81.6236953735352,NaN,1.8446887583071,1.87988343096774,1.47895316208,3.0347024516129,1.55574643192258,0.00214732672536774,1.05748548089045,1.82120704237016,0.00242935182021715,0.885076244092484
-0.12898340427703,0.00136283361790708,2.12717950376668,0.55,0,21.9442710876465,NaN,0.878131060234839,1.64311433419355,1.78015578189677,2.86413296516129,1.08397839669677,0.000534765230523871,1.16492718783925,1.46513049872374,0.00182040805105195,1.05245633416277
-2.41611534715468,0.00346884012000465,2.94839344864078,1.13125,0,NaN,NaN,2.75038101766286,3.10237249114286,3.231884715786,3.84409375714286,0.612205318542857,0.00132831321536571,1.92750593700788,0.505560450024261,0.00214859238747041,1.69822653228561
-10.3605713751163,0.00257711038174369,5.32595343942126,1.875,0,131.172546386719,NaN,6.87521380457032,3.36511848774194,9.40910695204645,7.55314046709677,-1.85596553218065,0.00139985477061677,2.95158129671663,-2.11953068931822,0.000885025579965403,2.87954828906259
-8.32941168115452,-0.000273159471430746,5.22541731607077,1.414285714,0,147.21142578125,NaN,8.585158902192,6.366712608,9.3037854677688,8.273023128,-1.03076778024,-0.0026374392504,3.49820632409078,-1.32137626580369,-0.000671974931661174,3.32113418030594
-8.71843707509627,-0.00169195887411727,6.81976953298221,2.788888889,0,138.038101196289,NaN,12.2147834091097,8.60298020593548,13.7333902526013,10.8966322683871,-2.8367630379871,-0.00317025632020645,5.0310388515032,-3.03958909210565,-0.00171991945223286,4.97755846117916
-5.73729212980492,0.00108155138345246,6.56367692582037,1.877777778,0,45.7129859924316,NaN,9.087549182352,7.4941148952,10.39636403172,9.429302592,-0.96706276632,-0.00306224772508174,4.76285578689498,-0.959563885011853,-0.000727722107291685,4.84810230945723
-7.74415997193388,NaN,7.13448166419815,2.666666667,0,NaN,NaN,8.96410583045419,6.21207235974193,9.57131143680774,7.26297965419355,-2.30833229341935,-9999,4.55790221743471,-2.12218598801129,-0.000577622051982026,4.62535606979502
-4.63065615906527,NaN,4.81461808403281,2.275,0,NaN,NaN,7.06814045474632,6.37429286090323,7.39750158425032,6.98630030709677,-0.411198129058065,-9999,3.01834245896215,-0.393869375788582,-0.000696242982218731,3.04685254569865
-4.19768277312559,NaN,4.09367355763329,1.905555556,0,NaN,NaN,5.370910368768,4.8857668128,6.16806147527568,6.145350912,-0.0227021853600002,-9999,2.4153935162471,-0.0167794464109546,-7.60524920868503e-05,2.48657101187514
-2.72062127189078,0.00717803309782114,3.06193989981635,1.311111111,0,NaN,NaN,2.37109399325419,2.18752881677419,2.99324214620826,3.83117681032258,0.837936560670968,0.00134479884561231,1.49448788338522,0.910181937798995,0.00231501406091298,1.59910693352048
-3.01463306265792,0.0011574888529199,2.35047344845613,1.188888889,0,NaN,NaN,2.93005090872,3.8756197296,2.786752706112,4.102857216,1.3161073392,-0.001152953450352,1.03875915982876,0.832531635100508,0.00145332637737903,1.07540290915131
-3.00374816393208,0.00630610958304868,1.70974241118255,1.683333333,0,NaN,NaN,1.88770267026581,1.41124592206452,2.51946393359923,3.14747528516129,0.628013019716129,0.000866957749316129,1.02894559401634,0.80135579950476,0.00404631418866927,0.891575236186296
1.02980367762972,0.0341617790491628,1.44470886911077,0.611111111,0,NaN,NaN,0.956902382965161,3.22978385496774,1.52447658266323,4.06466835096774,2.54019172482581,0.0151707538189161,0.795532596001288,2.28264461476391,0.0133477068221679,0.836937511229607
-2.00826983717285,0.0101739944984671,2.83492171440797,1.288888889,0,NaN,NaN,2.47823393176286,2.39221991057143,3.25284275890286,4.17572318571429,0.92287808676,0.00973780088778,1.6996165112107,0.837125213242652,0.00879709089920714,1.63992900893392
-4.67910644493768,0.00258916712915283,3.70069052828465,1.133333333,0,NaN,NaN,4.18093127114168,3.17494654141935,5.57597196257806,5.10177416516129,-0.474199931845161,-0.000464032641832258,2.30834504914156,-0.431666633815074,0.00296213344361659,2.06225340964226
-2.74269204871012,-8.42444823262211e-05,4.46376845073097,1.944444444,0,NaN,NaN,4.4160949638,4.658293044,5.5912129716024,6.339205872,0.74799074664,-0.00111950512776,2.88493608129977,0.65005191682983,4.06096275190171e-05,2.78048865749896
-8.10780175760194,-0.00276432766619293,5.2358218917484,2.005555556,0,NaN,NaN,9.9349319204129,6.02717344722581,10.6551263052139,6.44860398193548,-4.20651147692903,-0.00298026602500645,3.78896002346243,-4.41668976418736,-0.00223642024390932,3.83799836258466
-5.18326123794201,0.000920645535909576,5.47801719264027,1.788888889,0,-113.939468383789,NaN,7.39846824984,5.3678225592,7.882707335472,5.66362512,-2.21907377376,0.00018641888712,3.90383431155051,-2.02271723483657,0.000568869303256139,3.88421186866747
-6.85161529068189,-0.000753800745483011,6.93424666206299,2.2,0,-190.317016601562,NaN,9.93386662112764,6.57078817935484,10.3293047631948,7.49742800516129,-2.83187098219355,-0.00105843103752774,5.07902053122777,-2.86057458467057,-0.000904177262436875,5.01220865326866
-8.034990119763,-0.00384148215987005,5.7442861194916,2.571428571,0,NaN,NaN,9.47186808329264,6.53912719896774,9.20428319253832,7.40325409548387,-1.80102587504516,-0.00342789374972903,3.69106877247489,-1.79161156145093,-0.00244584178881113,3.61031596790805
-6.78447104367404,-0.000406191410017829,5.99765073033152,1.633333333,0,NaN,NaN,6.8090072369328,4.9977385776,8.992480887576,8.741966256,-0.25051820652,-0.005411651252832,3.63066451367397,-0.207113646527061,-0.000893827804789292,3.52821519088513
-7.36027899385073,-0.00199761835215237,4.9297443691706,1.827777778,0,-354.602203369141,NaN,6.53226532789935,5.10618351948387,6.94134329571871,6.09756872516129,-0.84376941059613,-0.00338322440924129,2.7504445282605,-0.756059621269772,-0.00123533716624987,2.66114428295077
-0.144400679363707,0.00513000868233686,2.28250514475175,1.477777778,0,-426.183959960938,NaN,1.525135007304,2.7080473176,3.061174421736,5.741796096,2.68062292152,0.00145884409776,1.12694921527793,2.51487510973261,0.00233437355589523,1.1299771076972
-2.23500380348418,0.00384608107607229,2.02408907449263,1.08125,0,-287.434020996094,NaN,2.40665597502968,3.49875890709677,3.44221998142529,5.03149988903226,1.58927483821935,0.00336887319658065,1.18785242800049,1.53763256244231,0.00296724776827687,1.11887550685264
NaN,NaN,NaN,1,0,-92.6279754638672,NaN,NaN,NaN,NaN,NaN,NaN,NaN,NaN,NaN,NaN,NaN
NaN,NaN,NaN,0.827777778,0,49.0713500976562,NaN,NaN,NaN,NaN,NaN,NaN,NaN,NaN,NaN,NaN,NaN
NaN,NaN,NaN,0.988888889,0,201.285720825195,NaN,NaN,NaN,NaN,NaN,NaN,NaN,NaN,NaN,NaN,NaN
NaN,NaN,NaN,2.666666667,0,179.560882568359,NaN,NaN,NaN,NaN,NaN,NaN,NaN,NaN,NaN,NaN,NaN
NaN,NaN,NaN,2.394444444,0,77.4252166748047,NaN,NaN,NaN,NaN,NaN,NaN,NaN,NaN,NaN,NaN,NaN
NaN,NaN,NaN,2.483333333,0,17.354248046875,NaN,NaN,NaN,NaN,NaN,NaN,NaN,NaN,NaN,NaN,NaN
NaN,NaN,NaN,2.372222222,0,-33.3243713378906,NaN,NaN,NaN,NaN,NaN,NaN,NaN,NaN,NaN,NaN,NaN
NaN,NaN,NaN,1.855555556,0,-111.805419921875,NaN,NaN,NaN,NaN,NaN,NaN,NaN,NaN,NaN,NaN,NaN
NaN,NaN,NaN,1.544444444,0,-146.203628540039,NaN,NaN,NaN,NaN,NaN,NaN,NaN,NaN,NaN,NaN,NaN
NaN,NaN,NaN,1.166666667,0,-247.222412109375,NaN,NaN,NaN,NaN,NaN,NaN,NaN,NaN,NaN,NaN,NaN
NaN,NaN,NaN,0.977777778,0,-296.202209472656,NaN,NaN,NaN,NaN,NaN,NaN,NaN,NaN,NaN,NaN,NaN
NaN,NaN,NaN,1.85,0,-95.6725616455078,NaN,NaN,NaN,NaN,NaN,NaN,NaN,NaN,NaN,NaN,NaN
NaN,NaN,NaN,0.7375,0,-42.1211051940918,NaN,NaN,NaN,NaN,NaN,NaN,NaN,NaN,NaN,NaN,NaN
NaN,NaN,NaN,1.911111111,0,-89.9983901977539,NaN,NaN,NaN,NaN,NaN,NaN,NaN,NaN,NaN,NaN,NaN
NaN,NaN,NaN,2.11,0,-133.564041137695,NaN,NaN,NaN,NaN,NaN,NaN,NaN,NaN,NaN,NaN,NaN
NaN,NaN,NaN,2.5,0,-92.9328536987305,NaN,NaN,NaN,NaN,NaN,NaN,NaN,NaN,NaN,NaN,NaN
NaN,NaN,NaN,2.794444444,0,-135.11279296875,NaN,NaN,NaN,NaN,NaN,NaN,NaN,NaN,NaN,NaN,NaN
NaN,NaN,NaN,2.116666667,0,-175.862915039062,NaN,NaN,NaN,NaN,NaN,NaN,NaN,NaN,NaN,NaN,NaN
NaN,NaN,NaN,2.205555556,0,-202.472595214844,NaN,NaN,NaN,NaN,NaN,NaN,NaN,NaN,NaN,NaN,NaN
NaN,NaN,NaN,1.8,0,-287.59912109375,NaN,NaN,NaN,NaN,NaN,NaN,NaN,NaN,NaN,NaN,NaN
NaN,NaN,NaN,2.26875,0,-394.002349853516,NaN,NaN,NaN,NaN,NaN,NaN,NaN,NaN,NaN,NaN,NaN
NaN,NaN,NaN,0.983333333,0,-383.342895507812,NaN,NaN,NaN,NaN,NaN,NaN,NaN,NaN,NaN,NaN,NaN
NaN,NaN,NaN,1.561111111,0,-360.947631835938,NaN,NaN,NaN,NaN,NaN,NaN,NaN,NaN,NaN,NaN,NaN
NaN,NaN,NaN,0.9,0,-337.638366699219,NaN,NaN,NaN,NaN,NaN,NaN,NaN,NaN,NaN,NaN,NaN
NaN,NaN,NaN,0.3,0,-340.398712158203,NaN,NaN,NaN,NaN,NaN,NaN,NaN,NaN,NaN,NaN,NaN
NaN,NaN,NaN,0.366666667,0,-243.4716796875,NaN,NaN,NaN,NaN,NaN,NaN,NaN,NaN,NaN,NaN,NaN
NaN,NaN,NaN,0.738888889,0,-248.604095458984,NaN,NaN,NaN,NaN,NaN,NaN,NaN,NaN,NaN,NaN,NaN
NaN,NaN,NaN,1.7,0,NaN,NaN,NaN,NaN,NaN,NaN,NaN,NaN,NaN,NaN,NaN,NaN
NaN,NaN,NaN,1.466666667,0,NaN,NaN,NaN,NaN,NaN,NaN,NaN,NaN,NaN,NaN,NaN,NaN
NaN,NaN,NaN,1.705555556,0,NaN,NaN,NaN,NaN,NaN,NaN,NaN,NaN,NaN,NaN,NaN,NaN
NaN,NaN,NaN,1.722222222,0,NaN,NaN,NaN,NaN,NaN,NaN,NaN,NaN,NaN,NaN,NaN,NaN
NaN,NaN,NaN,1.857142857,0,NaN,NaN,NaN,NaN,NaN,NaN,NaN,NaN,NaN,NaN,NaN,NaN
NaN,NaN,NaN,1.811111111,0,NaN,NaN,NaN,NaN,NaN,NaN,NaN,NaN,NaN,NaN,NaN,NaN
NaN,NaN,NaN,1.661111111,0,NaN,NaN,NaN,NaN,NaN,NaN,NaN,NaN,NaN,NaN,NaN,NaN
NaN,NaN,NaN,2.85,0,NaN,NaN,NaN,NaN,NaN,NaN,NaN,NaN,NaN,NaN,NaN,NaN
NaN,NaN,NaN,0.805555556,0,NaN,NaN,NaN,NaN,NaN,NaN,NaN,NaN,NaN,NaN,NaN,NaN
