NBE,CH4,ET,LAI,SCF,EWT,ABGB,GPP_DT,ER_DT,GPP_NT,ER_NT,NBE_F,CH4_F,ET_F,NBE_ANN,CH4_ANN,ET_ANN
NaN,NaN,NaN,0.314285714,0,-162.887268066406,NaN,NaN,NaN,NaN,NaN,NaN,NaN,NaN,NaN,NaN,NaN
NaN,NaN,NaN,0.24375,0,-104.543273925781,NaN,NaN,NaN,NaN,NaN,NaN,NaN,NaN,NaN,NaN,NaN
NaN,NaN,NaN,0.3,0,-22.2376403808594,NaN,NaN,NaN,NaN,NaN,NaN,NaN,NaN,NaN,NaN,NaN
NaN,NaN,NaN,0.583333333,0,84.5485382080078,NaN,NaN,NaN,NaN,NaN,NaN,NaN,NaN,NaN,NaN,NaN
NaN,NaN,NaN,0.461111111,0,NaN,NaN,NaN,NaN,NaN,NaN,NaN,NaN,NaN,NaN,NaN,NaN
NaN,NaN,NaN,1.533333333,0,-44.1242370605469,NaN,NaN,NaN,NaN,NaN,NaN,NaN,NaN,NaN,NaN,NaN
NaN,NaN,NaN,2.461111111,0,-94.6252365112305,NaN,NaN,NaN,NaN,NaN,NaN,NaN,NaN,NaN,NaN,NaN
NaN,NaN,NaN,1.894444444,0,-181.766845703125,NaN,NaN,NaN,NaN,NaN,NaN,NaN,NaN,NaN,NaN,NaN
NaN,NaN,NaN,1.044444444,0,-200.122756958008,NaN,NaN,NaN,NaN,NaN,NaN,NaN,NaN,NaN,NaN,NaN
NaN,NaN,NaN,0.616666667,0,NaN,NaN,NaN,NaN,NaN,NaN,NaN,NaN,NaN,NaN,NaN,NaN
NaN,NaN,NaN,0.28125,0,-230.714721679688,NaN,NaN,NaN,NaN,NaN,NaN,NaN,NaN,NaN,NaN,NaN
NaN,NaN,NaN,0.35,0,-57.5812530517578,NaN,NaN,NaN,NaN,NaN,NaN,NaN,NaN,NaN,NaN,NaN
NaN,NaN,NaN,0.3625,0,89.1133117675781,NaN,NaN,NaN,NaN,NaN,NaN,NaN,NaN,NaN,NaN,NaN
NaN,NaN,NaN,0.341666667,0,44.4472427368164,NaN,NaN,NaN,NaN,NaN,NaN,NaN,NaN,NaN,NaN,NaN
NaN,NaN,NaN,0.333333333,0,NaN,NaN,NaN,NaN,NaN,NaN,NaN,NaN,NaN,NaN,NaN,NaN
NaN,NaN,NaN,0.611111111,0,-36.7517318725586,NaN,NaN,NaN,NaN,NaN,NaN,NaN,NaN,NaN,NaN,NaN
NaN,NaN,NaN,0.427777778,0,-132.072692871094,NaN,NaN,NaN,NaN,NaN,NaN,NaN,NaN,NaN,NaN,NaN
NaN,NaN,NaN,1.116666667,0,-149.823959350586,NaN,NaN,NaN,NaN,NaN,NaN,NaN,NaN,NaN,NaN,NaN
NaN,NaN,NaN,2.561111111,0,-191.813232421875,NaN,NaN,NaN,NaN,NaN,NaN,NaN,NaN,NaN,NaN,NaN
NaN,NaN,NaN,1.766666667,0,NaN,NaN,NaN,NaN,NaN,NaN,NaN,NaN,NaN,NaN,NaN,NaN
NaN,NaN,NaN,0.866666667,0,NaN,NaN,NaN,NaN,NaN,NaN,NaN,NaN,NaN,NaN,NaN,NaN
NaN,NaN,NaN,0.444444444,0,-327.03662109375,NaN,NaN,NaN,NaN,NaN,NaN,NaN,NaN,NaN,NaN,NaN
NaN,NaN,NaN,0.288888889,0,-339.323181152344,NaN,NaN,NaN,NaN,NaN,NaN,NaN,NaN,NaN,NaN,NaN
NaN,NaN,NaN,0.18125,0,-285.117858886719,NaN,NaN,NaN,NaN,NaN,NaN,NaN,NaN,NaN,NaN,NaN
NaN,NaN,NaN,0.2125,0,-306.942047119141,NaN,NaN,NaN,NaN,NaN,NaN,NaN,NaN,NaN,NaN,NaN
NaN,NaN,NaN,0.4,0,NaN,NaN,NaN,NaN,NaN,NaN,NaN,NaN,NaN,NaN,NaN,NaN
NaN,NaN,NaN,0.411111111,0,-151.04035949707,NaN,NaN,NaN,NaN,NaN,NaN,NaN,NaN,NaN,NaN,NaN
NaN,NaN,NaN,1.572222222,0,-213.331390380859,NaN,NaN,NaN,NaN,NaN,NaN,NaN,NaN,NaN,NaN,NaN
NaN,NaN,NaN,1.922222222,0,-230.280319213867,NaN,NaN,NaN,NaN,NaN,NaN,NaN,NaN,NaN,NaN,NaN
NaN,NaN,NaN,0.905555556,0,-247.433944702148,NaN,NaN,NaN,NaN,NaN,NaN,NaN,NaN,NaN,NaN,NaN
NaN,NaN,NaN,0.833333333,0,NaN,NaN,NaN,NaN,NaN,NaN,NaN,NaN,NaN,NaN,NaN,NaN
NaN,NaN,NaN,0.883333333,0,-385.696228027344,NaN,NaN,NaN,NaN,NaN,NaN,NaN,NaN,NaN,NaN,NaN
NaN,NaN,NaN,0.638888889,0,-455.877563476562,NaN,NaN,NaN,NaN,NaN,NaN,NaN,NaN,NaN,NaN,NaN
NaN,NaN,NaN,0.4,0,-422.230987548828,NaN,NaN,NaN,NaN,NaN,NaN,NaN,NaN,NaN,NaN,NaN
NaN,NaN,NaN,0.144444444,0,-422.778472900391,NaN,NaN,NaN,NaN,NaN,NaN,NaN,NaN,NaN,NaN,NaN
NaN,NaN,NaN,0.422222222,0,NaN,NaN,NaN,NaN,NaN,NaN,NaN,NaN,NaN,NaN,NaN,NaN
NaN,NaN,NaN,0.325,0,-242.040252685547,NaN,NaN,NaN,NaN,NaN,NaN,NaN,NaN,NaN,NaN,NaN
NaN,NaN,NaN,0.43125,0,-189.111099243164,NaN,NaN,NaN,NaN,NaN,NaN,NaN,NaN,NaN,NaN,NaN
NaN,NaN,NaN,0.883333333,0,-219.440139770508,NaN,NaN,NaN,NaN,NaN,NaN,NaN,NaN,NaN,NaN,NaN
NaN,NaN,NaN,0.577777778,0,-194.107727050781,NaN,NaN,NaN,NaN,NaN,NaN,NaN,NaN,NaN,NaN,NaN
NaN,NaN,NaN,0.40625,0,-207.362335205078,NaN,NaN,NaN,NaN,NaN,NaN,NaN,NaN,NaN,NaN,NaN
NaN,NaN,NaN,1.311111111,0,NaN,NaN,NaN,NaN,NaN,NaN,NaN,NaN,NaN,NaN,NaN,NaN
NaN,NaN,NaN,2.427777778,0,-386.472320556641,NaN,NaN,NaN,NaN,NaN,NaN,NaN,NaN,NaN,NaN,NaN
NaN,NaN,NaN,1.694444444,0,-426.294128417969,NaN,NaN,NaN,NaN,NaN,NaN,NaN,NaN,NaN,NaN,NaN
NaN,NaN,NaN,0.4,0,-470.754089355469,NaN,NaN,NaN,NaN,NaN,NaN,NaN,NaN,NaN,NaN,NaN
NaN,NaN,NaN,0.283333333,0,NaN,NaN,NaN,NaN,NaN,NaN,NaN,NaN,NaN,NaN,NaN,NaN
NaN,NaN,NaN,0.16,0,NaN,NaN,NaN,NaN,NaN,NaN,NaN,NaN,NaN,NaN,NaN,NaN
NaN,NaN,NaN,0.333333333,0,-317.595794677734,NaN,NaN,NaN,NaN,NaN,NaN,NaN,NaN,NaN,NaN,NaN
NaN,NaN,NaN,0.575,0,-175.126098632812,NaN,NaN,NaN,NaN,NaN,NaN,NaN,NaN,NaN,NaN,NaN
NaN,NaN,NaN,0.407142857,0,-46.8145217895508,NaN,NaN,NaN,NaN,NaN,NaN,NaN,NaN,NaN,NaN,NaN
NaN,NaN,NaN,0.388888889,0,31.0837554931641,NaN,NaN,NaN,NaN,NaN,NaN,NaN,NaN,NaN,NaN,NaN
NaN,NaN,NaN,0.372222222,0,NaN,NaN,NaN,NaN,NaN,NaN,NaN,NaN,NaN,NaN,NaN,NaN
NaN,NaN,NaN,0.272222222,0,-83.4537506103516,NaN,NaN,NaN,NaN,NaN,NaN,NaN,NaN,NaN,NaN,NaN
NaN,NaN,NaN,0.961111111,0,-175.71760559082,NaN,NaN,NaN,NaN,NaN,NaN,NaN,NaN,NaN,NaN,NaN
NaN,NaN,NaN,2.7,0,-283.000305175781,NaN,NaN,NaN,NaN,NaN,NaN,NaN,NaN,NaN,NaN,NaN
NaN,NaN,NaN,2.327777778,0,-332.014038085938,NaN,NaN,NaN,NaN,NaN,NaN,NaN,NaN,NaN,NaN,NaN
NaN,NaN,NaN,0.3,0,NaN,NaN,NaN,NaN,NaN,NaN,NaN,NaN,NaN,NaN,NaN,NaN
NaN,NaN,NaN,0.233333333,0,NaN,NaN,NaN,NaN,NaN,NaN,NaN,NaN,NaN,NaN,NaN,NaN
NaN,NaN,NaN,0.2875,0,-264.14697265625,NaN,NaN,NaN,NaN,NaN,NaN,NaN,NaN,NaN,NaN,NaN
NaN,NaN,NaN,0.225,0,-81.6236953735352,NaN,NaN,NaN,NaN,NaN,NaN,NaN,NaN,NaN,NaN,NaN
NaN,NaN,NaN,0.266666667,0,21.9442710876465,NaN,0.0230535063817944,3.28474354652574,-9999,3.91753544654496,-9999,-9999,-9999,1.53884156875473,0.00947699413859728,1.56254448324156
NaN,NaN,NaN,0.455555556,0,NaN,NaN,0.0277048184976771,3.83075922085714,-9999,4.17563372314286,-9999,-9999,-9999,1.53342906288774,0.0070524825888226,1.90705715715908
NaN,NaN,NaN,0.41875,0,131.172546386719,NaN,0.0516375694539639,4.2444683883871,-9999,4.34531496309677,-9999,-9999,-9999,3.14494939565781,0.00428344296343958,3.31677063057909
NaN,NaN,NaN,0.6,0,147.21142578125,NaN,0.0611809159248,4.6001067912,-9999,4.555193868,-9999,-9999,-9999,4.6416319907737,0.00196116283946638,3.39536500810002
7.01042250853229,0.00458329305161983,2.72350323344393,0.261111111,0,138.038101196289,NaN,0.182200585045935,5.84231992954839,-0.400764805432258,6.30890312516129,6.70966925620645,0.00280134487486452,1.88405794949666,6.59612584667807,0.00239715138234692,1.8818355222091
5.86542728337519,0.00355987008564882,2.74155153754001,0.933333333,0,45.7129859924316,NaN,3.397017528072,8.5520277648,2.8989831106296,9.4999352976,6.60095252424,0.00179230753728,2.17090881067512,6.63296678870593,0.00208089274998639,2.15233301702102
-12.5492010065264,0.000517370044554814,7.53185538676798,2.75,0,NaN,NaN,19.8312750586452,16.3895245594839,19.5613774555703,15.835095648,-3.72629198322581,0.00147619147972645,5.47517656875199,-3.7867572138233,0.000882633409035538,5.4895962835132
-11.8101923860082,0.00133753395104813,5.97775116911039,2.505555556,0,NaN,NaN,20.0423187857032,15.3913984327742,19.6647210271742,14.7326424340645,-4.93207773816774,0.000354873829285161,4.57543360592931,-4.77126144742549,0.00115837672380051,4.57940413663257
2.20749917967876,0.0038542722113798,3.11414758627252,0.766666667,0,NaN,NaN,7.34283161343713,12.9870117576,7.077722559624,12.9424613112,5.86474401816,0.001959293359188,2.24690274386289,5.73570509907873,0.00278936996710748,2.25590638739804
8.95296315662962,0.00827565617339083,0.928302322735237,0.25,0,NaN,NaN,0.117218995234676,6.67724789032258,0.286109879720516,8.85699233187097,8.57088100126452,0.00660144901745032,0.52616029826857,8.49411239412368,0.00450957739924928,0.543080352009526
7.54395609894703,0.00651278704580718,1.38653497125774,0.177777778,0,NaN,NaN,0.2152047334176,6.8938850448,0.2737039329648,7.2061147944,6.9324086088,0.00530649943632,0.732015699766636,6.74166159344697,0.00445619139897125,0.748725152025053
2.54849041305217,0.0157124450327528,1.30401445948924,0.3875,0,NaN,NaN,0.157060863634065,2.54450731354839,-0.0892220053006451,2.41304956722581,2.50227000603871,0.00732939692771613,1.12343940933986,2.5004909022633,0.00931178899254009,0.902888823044092
1.30901702701103,0.00525106813575214,2.1721533335639,0.6,0,NaN,NaN,0.0335096669032258,0.860830179096774,0.596334156082839,1.35195347612903,0.755618013636387,0.0028758411260129,1.2928129491479,1.18454664995391,0.00627319937128548,1.03834990663124
1.81835261965676,0.0167545278461325,3.86460561732985,0.133333333,0,NaN,NaN,0.077741823546,1.27516482514286,0.0578270800542858,1.27910451857143,1.22127576536571,0.0124423377804,2.56984404887802,1.45018995140189,0.0109711500112451,2.2220885594766
1.7511830610987,0.00612495929787439,3.91653954991914,0.355555556,0,NaN,NaN,0.0867229924607235,1.58023060258065,1.49055625028903,2.37550022477419,0.884939524467097,0.00280522114567432,2.46849841905636,1.57397298124386,0.00502900482661405,2.12542511191812
1.29719322536792,0.00656646485818033,4.42962289881598,0.594444444,0,NaN,NaN,0.97812400390848,2.4987456288,1.282026377016,3.2755125384,1.993486616496,0.004733816625864,2.95035304483365,2.04383992752081,0.00465053548969506,2.812967628432
6.60454749269047,0.00746755553058397,3.31113480071216,0.388888889,0,NaN,NaN,0.0106778207664,4.77919132722581,-0.15874024004129,6.08834178348387,6.24707930554839,0.00569302803829161,2.52408344003787,6.19758860691445,0.00557673234334923,2.52107435502867
4.4940883360751,0.00662583876548895,3.51527552757018,0.483333333,0,-113.939468383789,NaN,3.63842792732426,8.8678842264,4.2380907880248,10.0874456568,5.84934317064,0.004411423919952,2.55008818708044,5.81809889465973,0.00466126735888585,2.54625096600765
-10.732132742654,0.000177894604918029,7.00812615021565,2.344444444,0,-190.317016601562,NaN,20.4403785482323,16.2666582689032,20.4940808451174,15.9621591042581,-4.53190721179355,-0.000176542575630968,5.56383903738513,-4.51948198596238,-0.000106903631818233,5.55800090414902
-8.72236568464402,-7.31825793978963e-05,5.60660336466258,2.9,0,NaN,NaN,16.1565770514194,15.8617178500645,15.5922209377897,15.0456952056774,-0.546522278167742,-0.0010471777875871,3.95991731502451,-0.483826663941495,-0.000359307788934905,3.92484284056442
6.30998452841385,0.00479654568242135,3.31519679886653,1.2,0,NaN,NaN,4.1706078846696,11.6863160904,4.6782649919592,13.2148368432,8.536567968,0.00075544010784,2.10097223261308,8.67926733092852,0.00248720967441063,2.04881530506413
11.2561566647139,0.00482615251720938,0.945907185125724,0.377777778,0,-354.602203369141,NaN,0.388190590762065,9.54443916464516,-0.216714211908387,10.0763651891613,10.2930845290839,0.00211243293499355,0.497559092021598,10.2682401476195,0.00293638647395623,0.524068626566569
2.99077248828477,0.00484550303667341,1.834856608402,0.338888889,0,-426.183959960938,NaN,0.08463435495912,2.6584278336,-0.542935511136,2.2216548744,2.76458707656,0.0059877265644,1.16606850498409,3.44158701975828,0.0044122064068874,1.16212102888946
1.85670615040332,0.0158655131980208,2.04384276767808,0.4,0,-287.434020996094,NaN,0.104566767726101,1.89118706632258,0.478799711677161,2.44650908206452,1.96770989914839,0.0116951384115871,1.43681222920795,1.91107740543489,0.0097048019374259,1.20738425653812
NaN,NaN,NaN,0.55,0,-92.6279754638672,NaN,NaN,NaN,NaN,NaN,NaN,NaN,NaN,NaN,NaN,NaN
NaN,NaN,NaN,0.2,0,49.0713500976562,NaN,NaN,NaN,NaN,NaN,NaN,NaN,NaN,NaN,NaN,NaN
NaN,NaN,NaN,0.36875,0,201.285720825195,NaN,NaN,NaN,NaN,NaN,NaN,NaN,NaN,NaN,NaN,NaN
NaN,NaN,NaN,0.638888889,0,179.560882568359,NaN,NaN,NaN,NaN,NaN,NaN,NaN,NaN,NaN,NaN,NaN
NaN,NaN,NaN,0.35,0,77.4252166748047,NaN,NaN,NaN,NaN,NaN,NaN,NaN,NaN,NaN,NaN,NaN
NaN,NaN,NaN,0.988888889,0,17.354248046875,NaN,NaN,NaN,NaN,NaN,NaN,NaN,NaN,NaN,NaN,NaN
NaN,NaN,NaN,2.688888889,0,-33.3243713378906,NaN,NaN,NaN,NaN,NaN,NaN,NaN,NaN,NaN,NaN,NaN
NaN,NaN,NaN,2.422222222,0,-111.805419921875,NaN,NaN,NaN,NaN,NaN,NaN,NaN,NaN,NaN,NaN,NaN
NaN,NaN,NaN,0.922222222,0,-146.203628540039,NaN,NaN,NaN,NaN,NaN,NaN,NaN,NaN,NaN,NaN,NaN
NaN,NaN,NaN,0.372222222,0,-247.222412109375,NaN,NaN,NaN,NaN,NaN,NaN,NaN,NaN,NaN,NaN,NaN
NaN,NaN,NaN,0.183333333,0,-296.202209472656,NaN,NaN,NaN,NaN,NaN,NaN,NaN,NaN,NaN,NaN,NaN
NaN,NaN,NaN,0.38,0,-95.6725616455078,NaN,NaN,NaN,NaN,NaN,NaN,NaN,NaN,NaN,NaN,NaN
NaN,NaN,NaN,0.35,0,-42.1211051940918,NaN,NaN,NaN,NaN,NaN,NaN,NaN,NaN,NaN,NaN,NaN
NaN,NaN,NaN,0.327777778,0,-89.9983901977539,NaN,NaN,NaN,NaN,NaN,NaN,NaN,NaN,NaN,NaN,NaN
NaN,NaN,NaN,0.52,0,-133.564041137695,NaN,NaN,NaN,NaN,NaN,NaN,NaN,NaN,NaN,NaN,NaN
NaN,NaN,NaN,0.4875,0,-92.9328536987305,NaN,NaN,NaN,NaN,NaN,NaN,NaN,NaN,NaN,NaN,NaN
NaN,NaN,NaN,0.366666667,0,-135.11279296875,NaN,NaN,NaN,NaN,NaN,NaN,NaN,NaN,NaN,NaN,NaN
NaN,NaN,NaN,1.644444444,0,-175.862915039062,NaN,NaN,NaN,NaN,NaN,NaN,NaN,NaN,NaN,NaN,NaN
NaN,NaN,NaN,2.466666667,0,-202.472595214844,NaN,NaN,NaN,NaN,NaN,NaN,NaN,NaN,NaN,NaN,NaN
NaN,NaN,NaN,1.883333333,0,-287.59912109375,NaN,NaN,NaN,NaN,NaN,NaN,NaN,NaN,NaN,NaN,NaN
NaN,NaN,NaN,0.3875,0,-394.002349853516,NaN,NaN,NaN,NaN,NaN,NaN,NaN,NaN,NaN,NaN,NaN
NaN,NaN,NaN,0.311111111,0,-383.342895507812,NaN,NaN,NaN,NaN,NaN,NaN,NaN,NaN,NaN,NaN,NaN
NaN,NaN,NaN,0.172222222,0,-360.947631835938,NaN,NaN,NaN,NaN,NaN,NaN,NaN,NaN,NaN,NaN,NaN
NaN,NaN,NaN,0.34,0,-337.638366699219,NaN,NaN,NaN,NaN,NaN,NaN,NaN,NaN,NaN,NaN,NaN
NaN,NaN,NaN,0.1,0,-340.398712158203,NaN,NaN,NaN,NaN,NaN,NaN,NaN,NaN,NaN,NaN,NaN
NaN,NaN,NaN,0.244444444,0,-243.4716796875,NaN,NaN,NaN,NaN,NaN,NaN,NaN,NaN,NaN,NaN,NaN
NaN,NaN,NaN,0.544444444,0,-248.604095458984,NaN,NaN,NaN,NaN,NaN,NaN,NaN,NaN,NaN,NaN,NaN
NaN,NaN,NaN,0.305555556,0,NaN,NaN,NaN,NaN,NaN,NaN,NaN,NaN,NaN,NaN,NaN,NaN
NaN,NaN,NaN,0.316666667,0,NaN,NaN,NaN,NaN,NaN,NaN,NaN,NaN,NaN,NaN,NaN,NaN
NaN,NaN,NaN,1.416666667,0,NaN,NaN,NaN,NaN,NaN,NaN,NaN,NaN,NaN,NaN,NaN,NaN
NaN,NaN,NaN,2.372222222,0,NaN,NaN,NaN,NaN,NaN,NaN,NaN,NaN,NaN,NaN,NaN,NaN
NaN,NaN,NaN,1.47,0,NaN,NaN,NaN,NaN,NaN,NaN,NaN,NaN,NaN,NaN,NaN,NaN
NaN,NaN,NaN,0.688888889,0,NaN,NaN,NaN,NaN,NaN,NaN,NaN,NaN,NaN,NaN,NaN,NaN
NaN,NaN,NaN,0.372222222,0,NaN,NaN,NaN,NaN,NaN,NaN,NaN,NaN,NaN,NaN,NaN,NaN
NaN,NaN,NaN,0.3,0,NaN,NaN,NaN,NaN,NaN,NaN,NaN,NaN,NaN,NaN,NaN,NaN
NaN,NaN,NaN,0.327777778,0,NaN,NaN,NaN,NaN,NaN,NaN,NaN,NaN,NaN,NaN,NaN,NaN
