NBE,CH4,ET,LAI,SCF,EWT,ABGB,GPP_DT,ER_DT,GPP_NT,ER_NT,NBE_F,CH4_F,ET_F,NBE_ANN,CH4_ANN,ET_ANN
NaN,NaN,NaN,0.066666667,NaN,19.7800464630127,NaN,NaN,NaN,NaN,NaN,NaN,NaN,NaN,NaN,NaN,NaN
NaN,NaN,NaN,0.05,NaN,30.0096168518066,NaN,NaN,NaN,NaN,NaN,NaN,NaN,NaN,NaN,NaN,NaN
NaN,NaN,NaN,0.0625,0.5761111111,52.5465431213379,NaN,NaN,NaN,NaN,NaN,NaN,NaN,NaN,NaN,NaN,NaN
NaN,NaN,NaN,0.06875,0.6572222222,59.3515548706055,NaN,NaN,NaN,NaN,NaN,NaN,NaN,NaN,NaN,NaN,NaN
NaN,NaN,NaN,0.822222222,0,46.1833610534668,NaN,NaN,NaN,NaN,NaN,NaN,NaN,NaN,NaN,NaN,NaN
NaN,NaN,NaN,1.95,0,-0.897067844867706,NaN,NaN,NaN,NaN,NaN,NaN,NaN,NaN,NaN,NaN,NaN
NaN,NaN,NaN,2.477777778,0,-35.4254341125488,NaN,NaN,NaN,NaN,NaN,NaN,NaN,NaN,NaN,NaN,NaN
NaN,NaN,NaN,1.116666667,0,-42.1475982666016,NaN,NaN,NaN,NaN,NaN,NaN,NaN,NaN,NaN,NaN,NaN
NaN,NaN,NaN,0.605555556,0,-27.1558456420898,NaN,NaN,NaN,NaN,NaN,NaN,NaN,NaN,NaN,NaN,NaN
NaN,NaN,NaN,0.994444444,0,-39.3189010620117,NaN,NaN,NaN,NaN,NaN,NaN,NaN,NaN,NaN,NaN,NaN
NaN,NaN,NaN,0.133333333,NaN,-21.8007755279541,NaN,NaN,NaN,NaN,NaN,NaN,NaN,NaN,NaN,NaN,NaN
NaN,NaN,NaN,NaN,NaN,-12.7898321151733,NaN,NaN,NaN,NaN,NaN,NaN,NaN,NaN,NaN,NaN,NaN
NaN,NaN,NaN,0.1,NaN,-4.90630292892456,NaN,NaN,NaN,NaN,NaN,NaN,NaN,NaN,NaN,NaN,NaN
NaN,NaN,NaN,0.1,NaN,-15.6459035873413,NaN,NaN,NaN,NaN,NaN,NaN,NaN,NaN,NaN,NaN,NaN
NaN,NaN,NaN,0.1,0.535,-10.7870759963989,NaN,NaN,NaN,NaN,NaN,NaN,NaN,NaN,NaN,NaN,NaN
NaN,NaN,NaN,0.466666667,0.01666666667,-17.7527465820312,NaN,NaN,NaN,NaN,NaN,NaN,NaN,NaN,NaN,NaN,NaN
NaN,NaN,NaN,0.944444444,0,-10.3805103302002,NaN,NaN,NaN,NaN,NaN,NaN,NaN,NaN,NaN,NaN,NaN
NaN,NaN,NaN,1.866666667,0,-36.2104759216309,NaN,NaN,NaN,NaN,NaN,NaN,NaN,NaN,NaN,NaN,NaN
NaN,NaN,NaN,2.022222222,0,-35.6100692749023,NaN,NaN,NaN,NaN,NaN,NaN,NaN,NaN,NaN,NaN,NaN
NaN,NaN,NaN,1.261111111,0,-40.9506187438965,NaN,NaN,NaN,NaN,NaN,NaN,NaN,NaN,NaN,NaN,NaN
NaN,NaN,NaN,0.577777778,0,-59.6286964416504,NaN,NaN,NaN,NaN,NaN,NaN,NaN,NaN,NaN,NaN,NaN
NaN,NaN,NaN,1.138888889,0,-56.0064277648926,NaN,NaN,NaN,NaN,NaN,NaN,NaN,NaN,NaN,NaN,NaN
NaN,NaN,NaN,NaN,NaN,-37.2871055603027,NaN,NaN,NaN,NaN,NaN,NaN,NaN,NaN,NaN,NaN,NaN
NaN,NaN,NaN,NaN,NaN,-17.7387771606445,NaN,NaN,NaN,NaN,NaN,NaN,NaN,NaN,NaN,NaN,NaN
NaN,NaN,NaN,0.133333333,NaN,NaN,NaN,NaN,NaN,NaN,NaN,NaN,NaN,NaN,NaN,NaN,NaN
NaN,NaN,NaN,0.1,NaN,2.58777165412903,NaN,NaN,NaN,NaN,NaN,NaN,NaN,NaN,NaN,NaN,NaN
NaN,NaN,NaN,0.1,0.6311111111,2.02944946289062,NaN,NaN,NaN,NaN,NaN,NaN,NaN,NaN,NaN,NaN,NaN
NaN,NaN,NaN,0.111111111,0.6183333333,16.2984676361084,NaN,NaN,NaN,NaN,NaN,NaN,NaN,NaN,NaN,NaN,NaN
NaN,NaN,NaN,0.705555556,0,14.3410015106201,NaN,NaN,NaN,NaN,NaN,NaN,NaN,NaN,NaN,NaN,NaN
NaN,NaN,NaN,1.605555556,0,NaN,NaN,NaN,NaN,NaN,NaN,NaN,NaN,NaN,NaN,NaN,NaN
NaN,NaN,NaN,1.644444444,0,-35.9694480895996,NaN,NaN,NaN,NaN,NaN,NaN,NaN,NaN,NaN,NaN,NaN
NaN,NaN,NaN,1.327777778,0,-21.1845760345459,NaN,NaN,NaN,NaN,NaN,NaN,NaN,NaN,NaN,NaN,NaN
NaN,NaN,NaN,0.46875,0,-26.6254196166992,NaN,NaN,NaN,NaN,NaN,NaN,NaN,NaN,NaN,NaN,NaN
NaN,NaN,NaN,0.511111111,0,-34.2059631347656,NaN,NaN,NaN,NaN,NaN,NaN,NaN,NaN,NaN,NaN,NaN
NaN,NaN,NaN,0.1,NaN,-24.4258594512939,NaN,NaN,NaN,NaN,NaN,NaN,NaN,NaN,NaN,NaN,NaN
NaN,NaN,NaN,NaN,NaN,11.5361881256104,NaN,NaN,NaN,NaN,NaN,NaN,NaN,NaN,NaN,NaN,NaN
NaN,NaN,NaN,0.1375,NaN,12.8863201141357,NaN,NaN,NaN,NaN,NaN,NaN,NaN,NaN,NaN,NaN,NaN
NaN,NaN,NaN,0.08125,NaN,19.1108779907227,NaN,NaN,NaN,NaN,NaN,NaN,NaN,NaN,NaN,NaN,NaN
NaN,NaN,NaN,0.05,0.5866666667,31.3669853210449,NaN,NaN,NaN,NaN,NaN,NaN,NaN,NaN,NaN,NaN,NaN
NaN,NaN,NaN,0.211111111,0.5911111111,37.7096061706543,NaN,NaN,NaN,NaN,NaN,NaN,NaN,NaN,NaN,NaN,NaN
NaN,NaN,NaN,0.777777778,0,NaN,NaN,NaN,NaN,NaN,NaN,NaN,NaN,NaN,NaN,NaN,NaN
NaN,NaN,NaN,1.838888889,0,-5.5914945602417,NaN,NaN,NaN,NaN,NaN,NaN,NaN,NaN,NaN,NaN,NaN
NaN,NaN,NaN,2.266666667,0,-29.1670436859131,NaN,NaN,NaN,NaN,NaN,NaN,NaN,NaN,NaN,NaN,NaN
NaN,NaN,NaN,1.233333333,0,-50.5556449890137,NaN,NaN,NaN,NaN,NaN,NaN,NaN,NaN,NaN,NaN,NaN
NaN,NaN,NaN,0.544444444,0,-30.601598739624,NaN,NaN,NaN,NaN,NaN,NaN,NaN,NaN,NaN,NaN,NaN
NaN,NaN,NaN,0.9,0.00666666667,NaN,NaN,NaN,NaN,NaN,NaN,NaN,NaN,NaN,NaN,NaN,NaN
NaN,NaN,NaN,0.133333333,NaN,-15.2278032302856,NaN,NaN,NaN,NaN,NaN,NaN,NaN,NaN,NaN,NaN,NaN
NaN,NaN,NaN,NaN,NaN,-14.3261194229126,NaN,NaN,NaN,NaN,NaN,NaN,NaN,NaN,NaN,NaN,NaN
NaN,NaN,NaN,0.057142857,NaN,0.396531939506531,NaN,NaN,NaN,NaN,NaN,NaN,NaN,NaN,NaN,NaN,NaN
NaN,NaN,NaN,0.061111111,NaN,23.5351295471191,NaN,NaN,NaN,NaN,NaN,NaN,NaN,NaN,NaN,NaN,NaN
NaN,NaN,NaN,0.066666667,0.6188888889,NaN,NaN,NaN,NaN,NaN,NaN,NaN,NaN,NaN,NaN,NaN,NaN
NaN,NaN,NaN,0.072222222,0.6555555556,19.1324596405029,NaN,NaN,NaN,NaN,NaN,NaN,NaN,NaN,NaN,NaN,NaN
NaN,NaN,NaN,0.5,0.03777777778,40.4919815063477,NaN,NaN,NaN,NaN,NaN,NaN,NaN,NaN,NaN,NaN,NaN
NaN,NaN,NaN,1.838888889,0,-8.30161190032959,NaN,NaN,NaN,NaN,NaN,NaN,NaN,NaN,NaN,NaN,NaN
NaN,NaN,NaN,2.427777778,0,-40.8966598510742,NaN,NaN,NaN,NaN,NaN,NaN,NaN,NaN,NaN,NaN,NaN
NaN,NaN,NaN,2.011111111,0,NaN,NaN,NaN,NaN,NaN,NaN,NaN,NaN,NaN,NaN,NaN,NaN
NaN,NaN,NaN,0.772222222,0.00555555556,NaN,NaN,NaN,NaN,NaN,NaN,NaN,NaN,NaN,NaN,NaN,NaN
NaN,NaN,NaN,0.938888889,0,-21.7762279510498,NaN,NaN,NaN,NaN,NaN,NaN,NaN,NaN,NaN,NaN,NaN
NaN,NaN,NaN,0.2,NaN,-8.75362396240234,NaN,NaN,NaN,NaN,NaN,NaN,NaN,NaN,NaN,NaN,NaN
NaN,NaN,NaN,NaN,NaN,19.3943424224854,NaN,NaN,NaN,NaN,NaN,NaN,NaN,NaN,NaN,NaN,NaN
1.01824417692634,NaN,NaN,0.15,NaN,43.820987701416,NaN,0.133690541771613,0.425008514602849,-0.261499585819355,0.629331123267871,0.890830011483871,-9999,-0.0167016007283153,0.726531911971869,-0.0168366166798545,-0.00587477572267233
0.746023567111299,NaN,0.0327884123603266,0.122222222,NaN,NaN,NaN,0.0619043236482857,0.297882449678571,-0.241936421754857,0.523639144437429,0.765575071714286,-9999,0.018603133331462,0.610363472506559,-0.00875085639327959,0.00656389469734945
0.375611952626598,NaN,0.203296621249623,0.105555556,0.6133333333,46.5460586547852,NaN,0.196230649189471,0.439930664082581,0.0902397436490323,0.648234814275871,0.557995004593548,-9999,0.154681525650532,0.575762864458309,-0.0013330039059627,0.156201040630258
0.0501358651324486,0.0240541423557841,0.664477338595408,0.3125,0.5977777778,54.3725433349609,NaN,0.5202073087488,0.55242255096,0.8716340240424,1.3515399364608,0.4799069838,0.0230460903063529,0.527756348680203,0.382295408053924,0.013452144550168,0.524407005261205
-1.77946507824956,0.0271301063188313,1.92787699222238,0.955555556,0,45.5908508300781,NaN,1.93619533769884,0.551296890650323,2.81210373466839,2.11204449250839,-0.70005815811871,0.0284921289420387,1.74728397383381,-0.869968769854833,0.0261199954283056,1.7422004886729
-2.33017106681908,0.0329127431878353,2.48692679845182,1.222222222,0,20.8996753692627,NaN,3.0995886056616,1.122507081936,5.287517569656,3.9538517772528,-1.333666555632,0.03044992572,2.01877577882329,-1.42943922738623,0.0326837442056361,1.97223008387789
-3.06098363604391,0.0594295378916342,2.60456302260077,1.738888889,0,NaN,NaN,4.16856349302968,2.3898016683871,5.42618436903329,4.38662073639484,-1.03956413597419,0.0522024382451613,1.943613651454,-1.18759577028926,0.0545315163382443,1.94506436093694
-2.65859428015548,0.0700414480527602,2.22592662257634,1.555555556,0,-3.76403903961182,NaN,2.93986885542271,1.68844371096774,4.7852584191871,3.68235909970606,-1.10291475075097,0.0634855548263226,1.59631198109901,-0.735904049793811,0.0685278994054285,1.60708199304254
-0.811795474834345,0.0498145993310248,0.924247637864789,0.6,0,-4.9217586517334,NaN,1.17197730355968,0.70308147168,1.61136580231656,2.3058873237312,0.694516662864,0.0513935190792,0.66554409390627,0.274435849201029,0.0459018788998828,0.67693834134748
0.515017423586057,0.0256167678163547,0.150849302511549,0.133333333,0.1027777778,-5.46227550506592,NaN,0.133328461487923,0.388729430709677,0.248784949131097,1.05536492472542,0.806580005806452,0.0245988261294546,0.107702296019613,0.84869690625272,0.0242786041468937,0.12263643761281
0.783199392144061,NaN,0.0606779064882047,0.133333333,NaN,5.01659154891968,NaN,0.0672294660228,0.375531075792,-0.3689869020624,0.6390367740216,1.00802448,-9999,0.0411944834581104,0.894229048741523,0.00431932668108795,0.0616225059713657
1.41438350121485,NaN,0.0647702548847032,NaN,NaN,NaN,NaN,0.0162751083749419,0.252649956983226,-0.926315391799742,0.885252303754839,1.81156892283871,-9999,0.0603394783278403,0.902841158040685,-0.0149098449790594,0.0520365177522756
0.721794751792072,NaN,0.0226267953789946,0.244444444,NaN,22.2852630615234,NaN,0.088191867932129,0.161353487123322,-0.244561265210323,0.429860008484129,0.674419964051613,-9999,0.0195856721374592,0.735937653969592,-0.0211682795038359,-0.00402033489377371
0.600914005755027,NaN,0.00805861793637342,0.0625,NaN,13.6047506332397,NaN,0.110890940937197,0.261716028572571,-0.181661291629714,0.560897186829429,0.742558343142857,-9999,0.00652339248256238,0.686649271921007,-0.0112489909740366,-0.00220215514527863
0.475160509989711,NaN,0.149043359401091,0.1,0.5888888889,29.2253589630127,NaN,0.156837721463768,0.413963793588149,0.196478317237935,0.938583696344516,0.742104941574193,-9999,0.132573257639836,0.607725677223205,-0.0012729634242847,0.113627934481513
0.0998542276331862,0.0141358792251913,0.824100800073642,0.358333333,0.3288888889,48.9634132385254,NaN,0.6529985006112,0.7453126728,0.6365684720088,1.0641736023984,0.427603873176,0.0126546734078182,0.771127826359725,0.370501252446563,0.0121271518032003,0.761685024786226
-1.80749078588495,0.0324067415093575,2.33272291355976,1.561111111,0,45.3164978027344,NaN,2.75899299152052,1.75330405858065,2.81278377929961,1.99222666146116,-0.820556838250839,0.0311502179380645,2.10175865395785,-0.795741904481604,0.0282434719467647,2.10049089864346
-2.33653883509365,0.0354796767731989,2.4370160658201,1.816666667,0,NaN,NaN,3.9378273626808,2.34604458,5.221911549816,3.8587227097464,-1.363189444344,0.0303188405112,2.18099426982322,-1.24056981613622,0.0345964637386014,2.16245141589877
-2.08833849789956,0.0631061244264181,2.51379957356522,1.864285714,0,-35.254711151123,NaN,4.13803500761032,2.88846597135484,4.59074355414968,4.24326146779742,-0.347480047765161,0.0620700404516129,1.96326724017819,-0.77593950654295,0.0588338860753079,1.96367261202388
-2.10800193505252,0.0709561184220385,1.57787469221133,1.511111111,0,-29.9177513122559,NaN,3.12399735045445,2.42620816877419,2.93444860317338,2.66967224716413,-0.264775328314839,0.0608274464934194,1.25431232143729,-0.307297097529422,0.0678269931397969,1.20544961368213
-0.992058045889559,0.0434853771804977,0.692720266347111,0.666666667,0,-6.37430906295776,NaN,1.20775664292336,1.2514130064,1.4695778303352,1.9809892748952,0.511411736952,0.0504430733057143,0.537419159607101,0.533160690054884,0.0490251367505447,0.521673203833879
NaN,NaN,NaN,0.73125,0.5561111111,NaN,NaN,0.33894164349288,0.725206431716129,0.0101424406134194,0.674801876090322,0.664659213979355,-9999,0.205082888403538,0.853676958499495,0.0229226634854439,0.18131946379241
1.16881301974924,NaN,0.0744396500205619,0,NaN,NaN,NaN,0.020126322388656,0.33050268281232,-0.292823452872,0.4995069737328,0.79233009408,-9999,0.123720523448308,0.871814784706985,0.00416135533765225,0.0551493485417695
0.755149146606869,NaN,0.0404662365817545,NaN,NaN,47.2951278686523,NaN,0.00835332589393548,0.202558910237419,-0.256412979877935,0.604644093373935,0.861058907767742,-9999,0.032043603837885,0.850509926474786,-0.0123729814504573,0.0311678888511736
0.767039899381259,NaN,0.00448606138458409,0.094444444,NaN,52.9470977783203,NaN,0.0312508522858065,0.371553987948387,-0.31382191156529,0.577651309042064,0.891474133935484,-9999,0.00231221036137228,0.73005156046249,-0.0206203263780416,0.00700938070639145
0.67828570246096,NaN,0.0231128209184569,0.125,NaN,52.0133781433105,NaN,0.0602118004447614,0.265988667530483,-0.0604503082526896,0.875322447698483,0.935769351724138,-9999,0.0207997085232004,0.665956593208636,-0.0181317895608067,0.0277364910781063
0.365232227136761,NaN,0.103332533067019,0.122222222,0.6338888889,56.5721817016602,NaN,0.128424589573239,0.32753428488,0.140096827331071,0.666971442634064,0.526874399767742,-9999,0.0982302921458616,0.550476841502285,-0.000931339863903167,0.103993414505855
-0.422065714556984,0.0236704998715749,1.2324780684548,0.55,0.01333333333,NaN,NaN,0.9941710128984,0.90038624328,1.0347707995056,1.2269615188824,0.1921899582,0.01715127746328,1.07583276877121,0.119247941236877,0.0205504536621796,1.07062918593288
-1.67176272127735,0.0329379537280751,2.07044037141777,1.355555556,0,31.6184597015381,NaN,2.43406721979174,1.33411779592258,2.92246713371613,1.86006366521652,-1.06240309072258,0.0278336017423742,1.8784989621877,-0.883526761383653,0.0307975347268407,1.86290489271324
-2.53623702075944,0.0413039954083418,2.57213829537224,1.822222222,0,0.988874495029449,NaN,4.3340276001456,2.9580493104,4.058754954912,2.684936544732,-1.373817245544,0.0367945303248,2.18217084393773,-1.34123335158235,0.0424785332700445,2.1694066344615
-2.15648460436833,0.0839576081976153,2.27241438870053,1.738888889,0,-29.8870487213135,NaN,5.20933102376981,4.58701926967742,5.81380127354323,5.22488990171148,-0.588917751677419,0.0799629408,1.92888983735901,-0.741382673189653,0.077331545304172,1.9118052147807
-2.52510704190954,0.103243433536977,1.82853143324088,1.222222222,0,-17.3378429412842,NaN,3.76680558884841,2.87180835793548,4.07719636636645,3.38171094919277,-0.695485227483871,0.0951966984541936,1.57751596200345,-0.686502283123645,0.102350650693633,1.57908669536568
-0.76946285174942,0.0677749748888682,0.767258088556515,0.655555556,0,NaN,NaN,1.16334638843832,0.84079028664,1.182199402152,1.6759250327376,0.493726856508,0.059238097632,0.660748465800182,0.419897254944938,0.0712675856511062,0.650620354041682
0.660059069738461,0.0335736688432163,0.217099408361334,1.483333333,0,NaN,NaN,0.31738063384728,0.604823252748387,0.157939368507871,1.77567791072981,1.61773426660645,0.0556232232077419,0.195433330943694,0.995647767558322,0.0337119996897883,0.198361448840277
NaN,NaN,NaN,0.225,NaN,-38.0023155212402,NaN,0.035918613211608,0.2236784109408,0.148155819012,0.8988890364432,0.75073391784,-9999,0.0080748664059999,0.883052532846658,0.00993764927874437,0.0241540280635147
NaN,NaN,NaN,NaN,NaN,-19.8008136749268,NaN,0.0110515977651998,0.134723084124379,0.572827086923448,1.43489857880636,0.862073168219629,-9999,-0.0140900726340796,0.818871302624261,-0.00313792481875584,0.00254181126342097
NaN,NaN,NaN,0.144444444,NaN,-7.56269454956055,NaN,NaN,NaN,NaN,NaN,NaN,NaN,NaN,NaN,NaN,NaN
NaN,NaN,NaN,0.033333333,NaN,NaN,NaN,NaN,NaN,NaN,NaN,NaN,NaN,NaN,NaN,NaN,NaN
NaN,NaN,NaN,0.075,0.6394444444,11.5582094192505,NaN,NaN,NaN,NaN,NaN,NaN,NaN,NaN,NaN,NaN,NaN
NaN,NaN,NaN,0.1125,0.7,3.35629677772522,NaN,NaN,NaN,NaN,NaN,NaN,NaN,NaN,NaN,NaN,NaN
NaN,NaN,NaN,1.0875,0,6.41286087036133,NaN,NaN,NaN,NaN,NaN,NaN,NaN,NaN,NaN,NaN,NaN
NaN,NaN,NaN,1.977777778,0,-20.6957893371582,NaN,NaN,NaN,NaN,NaN,NaN,NaN,NaN,NaN,NaN,NaN
NaN,NaN,NaN,2.433333333,0,NaN,NaN,NaN,NaN,NaN,NaN,NaN,NaN,NaN,NaN,NaN,NaN
NaN,NaN,NaN,1.583333333,0,NaN,NaN,NaN,NaN,NaN,NaN,NaN,NaN,NaN,NaN,NaN,NaN
NaN,NaN,NaN,0.805555556,0,NaN,NaN,NaN,NaN,NaN,NaN,NaN,NaN,NaN,NaN,NaN,NaN
NaN,NaN,NaN,NaN,0.00333333333,NaN,NaN,NaN,NaN,NaN,NaN,NaN,NaN,NaN,NaN,NaN,NaN
NaN,NaN,NaN,0.127777778,NaN,NaN,NaN,NaN,NaN,NaN,NaN,NaN,NaN,NaN,NaN,NaN,NaN
NaN,NaN,NaN,NaN,NaN,NaN,NaN,NaN,NaN,NaN,NaN,NaN,NaN,NaN,NaN,NaN,NaN
NaN,NaN,NaN,0.275,NaN,NaN,NaN,NaN,NaN,NaN,NaN,NaN,NaN,NaN,NaN,NaN,NaN
NaN,NaN,NaN,0.066666667,NaN,NaN,NaN,NaN,NaN,NaN,NaN,NaN,NaN,NaN,NaN,NaN,NaN
NaN,NaN,NaN,0.04,0.5994444444,NaN,NaN,NaN,NaN,NaN,NaN,NaN,NaN,NaN,NaN,NaN,NaN
NaN,NaN,NaN,0.1,0.7111111111,NaN,NaN,NaN,NaN,NaN,NaN,NaN,NaN,NaN,NaN,NaN,NaN
NaN,NaN,NaN,0.675,0,NaN,NaN,NaN,NaN,NaN,NaN,NaN,NaN,NaN,NaN,NaN,NaN
NaN,NaN,NaN,2.155555556,0,-28.336296081543,NaN,NaN,NaN,NaN,NaN,NaN,NaN,NaN,NaN,NaN,NaN
NaN,NaN,NaN,2.094444444,0,-43.719425201416,NaN,NaN,NaN,NaN,NaN,NaN,NaN,NaN,NaN,NaN,NaN
NaN,NaN,NaN,NaN,0.00333333333,NaN,NaN,NaN,NaN,NaN,NaN,NaN,NaN,NaN,NaN,NaN,NaN
NaN,NaN,NaN,0.688888889,0,NaN,NaN,NaN,NaN,NaN,NaN,NaN,NaN,NaN,NaN,NaN,NaN
NaN,NaN,NaN,1.394444444,0,-30.5077648162842,NaN,NaN,NaN,NaN,NaN,NaN,NaN,NaN,NaN,NaN,NaN
NaN,NaN,NaN,0.833333333,NaN,-26.9493560791016,NaN,NaN,NaN,NaN,NaN,NaN,NaN,NaN,NaN,NaN,NaN
NaN,NaN,NaN,NaN,NaN,-4.23451232910156,NaN,NaN,NaN,NaN,NaN,NaN,NaN,NaN,NaN,NaN,NaN
NaN,NaN,NaN,0.08,NaN,-0.625506281852722,NaN,NaN,NaN,NaN,NaN,NaN,NaN,NaN,NaN,NaN,NaN
NaN,NaN,NaN,0.127777778,NaN,-3.00520515441895,NaN,NaN,NaN,NaN,NaN,NaN,NaN,NaN,NaN,NaN,NaN
NaN,NaN,NaN,0.085714286,0.5727777778,18.4314193725586,NaN,NaN,NaN,NaN,NaN,NaN,NaN,NaN,NaN,NaN,NaN
NaN,NaN,NaN,0.638888889,0.04,28.627893447876,NaN,NaN,NaN,NaN,NaN,NaN,NaN,NaN,NaN,NaN,NaN
NaN,NaN,NaN,1.144444444,0,12.3105707168579,NaN,NaN,NaN,NaN,NaN,NaN,NaN,NaN,NaN,NaN,NaN
NaN,NaN,NaN,2.227777778,0,-42.6612167358398,NaN,NaN,NaN,NaN,NaN,NaN,NaN,NaN,NaN,NaN,NaN
NaN,NaN,NaN,3.3,0,-87.5115814208984,NaN,NaN,NaN,NaN,NaN,NaN,NaN,NaN,NaN,NaN,NaN
NaN,NaN,NaN,1.3,0,-56.0550918579102,NaN,NaN,NaN,NaN,NaN,NaN,NaN,NaN,NaN,NaN,NaN
NaN,NaN,NaN,0.655555556,0,-63.6456680297852,NaN,NaN,NaN,NaN,NaN,NaN,NaN,NaN,NaN,NaN,NaN
NaN,NaN,NaN,1.2625,NaN,-47.4780044555664,NaN,NaN,NaN,NaN,NaN,NaN,NaN,NaN,NaN,NaN,NaN
NaN,NaN,NaN,0.125,NaN,-32.5582008361816,NaN,NaN,NaN,NaN,NaN,NaN,NaN,NaN,NaN,NaN,NaN
NaN,NaN,NaN,NaN,NaN,0.466442465782166,NaN,NaN,NaN,NaN,NaN,NaN,NaN,NaN,NaN,NaN,NaN
