NBE,CH4,ET,LAI,SCF,EWT,ABGB,GPP_DT,ER_DT,GPP_NT,ER_NT,NBE_F,CH4_F,ET_F,NBE_ANN,CH4_ANN,ET_ANN
NaN,NaN,NaN,0.028571429,NaN,19.7800464630127,NaN,NaN,NaN,NaN,NaN,NaN,NaN,NaN,NaN,NaN,NaN
NaN,NaN,NaN,0.061111111,NaN,30.0096168518066,NaN,NaN,NaN,NaN,NaN,NaN,NaN,NaN,NaN,NaN,NaN
NaN,NaN,NaN,0.088888889,0.5761111111,52.5465431213379,NaN,NaN,NaN,NaN,NaN,NaN,NaN,NaN,NaN,NaN,NaN
NaN,NaN,NaN,0.066666667,0.6333333333,59.3515548706055,NaN,NaN,NaN,NaN,NaN,NaN,NaN,NaN,NaN,NaN,NaN
NaN,NaN,NaN,0.816666667,0,46.1833610534668,NaN,NaN,NaN,NaN,NaN,NaN,NaN,NaN,NaN,NaN,NaN
NaN,NaN,NaN,1.9,0,-0.897067844867706,NaN,NaN,NaN,NaN,NaN,NaN,NaN,NaN,NaN,NaN,NaN
NaN,NaN,NaN,2.494444444,0,-35.4254341125488,NaN,NaN,NaN,NaN,NaN,NaN,NaN,NaN,NaN,NaN,NaN
NaN,NaN,NaN,1.038888889,0,-42.1475982666016,NaN,NaN,NaN,NaN,NaN,NaN,NaN,NaN,NaN,NaN,NaN
NaN,NaN,NaN,0.6,0,-27.1558456420898,NaN,NaN,NaN,NaN,NaN,NaN,NaN,NaN,NaN,NaN,NaN
NaN,NaN,NaN,1.216666667,0,-39.3189010620117,NaN,NaN,NaN,NaN,NaN,NaN,NaN,NaN,NaN,NaN,NaN
NaN,NaN,NaN,0.111111111,NaN,-21.8007755279541,NaN,NaN,NaN,NaN,NaN,NaN,NaN,NaN,NaN,NaN,NaN
NaN,NaN,NaN,NaN,NaN,-12.7898321151733,NaN,NaN,NaN,NaN,NaN,NaN,NaN,NaN,NaN,NaN,NaN
NaN,NaN,NaN,0.085714286,NaN,-4.90630292892456,NaN,NaN,NaN,NaN,NaN,NaN,NaN,NaN,NaN,NaN,NaN
NaN,NaN,NaN,0.127777778,NaN,-15.6459035873413,NaN,NaN,NaN,NaN,NaN,NaN,NaN,NaN,NaN,NaN,NaN
NaN,NaN,NaN,0.144444444,0.5194444444,-10.7870759963989,NaN,NaN,NaN,NaN,NaN,NaN,NaN,NaN,NaN,NaN,NaN
NaN,NaN,NaN,0.491666667,0,-17.7527465820312,NaN,NaN,NaN,NaN,NaN,NaN,NaN,NaN,NaN,NaN,NaN
NaN,NaN,NaN,1.238888889,0,-10.3805103302002,NaN,NaN,NaN,NaN,NaN,NaN,NaN,NaN,NaN,NaN,NaN
NaN,NaN,NaN,1.655555556,0,-36.2104759216309,NaN,NaN,NaN,NaN,NaN,NaN,NaN,NaN,NaN,NaN,NaN
NaN,NaN,NaN,2,0,-35.6100692749023,NaN,NaN,NaN,NaN,NaN,NaN,NaN,NaN,NaN,NaN,NaN
NaN,NaN,NaN,1.3,0,-40.9506187438965,NaN,NaN,NaN,NaN,NaN,NaN,NaN,NaN,NaN,NaN,NaN
NaN,NaN,NaN,0.588888889,0,-59.6286964416504,NaN,NaN,NaN,NaN,NaN,NaN,NaN,NaN,NaN,NaN,NaN
NaN,NaN,NaN,0.916666667,0,-56.0064277648926,NaN,NaN,NaN,NaN,NaN,NaN,NaN,NaN,NaN,NaN,NaN
NaN,NaN,NaN,NaN,NaN,-37.2871055603027,NaN,NaN,NaN,NaN,NaN,NaN,NaN,NaN,NaN,NaN,NaN
NaN,NaN,NaN,NaN,NaN,-17.7387771606445,NaN,NaN,NaN,NaN,NaN,NaN,NaN,NaN,NaN,NaN,NaN
NaN,NaN,NaN,0.121428571,NaN,NaN,NaN,NaN,NaN,NaN,NaN,NaN,NaN,NaN,NaN,NaN,NaN
NaN,NaN,NaN,0.716666667,NaN,2.58777165412903,NaN,NaN,NaN,NaN,NaN,NaN,NaN,NaN,NaN,NaN,NaN
NaN,NaN,NaN,0.15,0.6266666667,2.02944946289062,NaN,NaN,NaN,NaN,NaN,NaN,NaN,NaN,NaN,NaN,NaN
NaN,NaN,NaN,0.166666667,0.59,16.2984676361084,NaN,NaN,NaN,NaN,NaN,NaN,NaN,NaN,NaN,NaN,NaN
NaN,NaN,NaN,0.794444444,0,14.3410015106201,NaN,NaN,NaN,NaN,NaN,NaN,NaN,NaN,NaN,NaN,NaN
NaN,NaN,NaN,1.727777778,0,NaN,NaN,NaN,NaN,NaN,NaN,NaN,NaN,NaN,NaN,NaN,NaN
NaN,NaN,NaN,2.044444444,0,-35.9694480895996,NaN,NaN,NaN,NaN,NaN,NaN,NaN,NaN,NaN,NaN,NaN
NaN,NaN,NaN,1.461111111,0,-21.1845760345459,NaN,NaN,NaN,NaN,NaN,NaN,NaN,NaN,NaN,NaN,NaN
NaN,NaN,NaN,0.544444444,0,-26.6254196166992,NaN,NaN,NaN,NaN,NaN,NaN,NaN,NaN,NaN,NaN,NaN
NaN,NaN,NaN,0.511111111,0,-34.2059631347656,NaN,NaN,NaN,NaN,NaN,NaN,NaN,NaN,NaN,NaN,NaN
NaN,NaN,NaN,0.144444444,NaN,-24.4258594512939,NaN,NaN,NaN,NaN,NaN,NaN,NaN,NaN,NaN,NaN,NaN
NaN,NaN,NaN,NaN,NaN,11.5361881256104,NaN,NaN,NaN,NaN,NaN,NaN,NaN,NaN,NaN,NaN,NaN
NaN,NaN,NaN,0.211111111,NaN,12.8863201141357,NaN,NaN,NaN,NaN,NaN,NaN,NaN,NaN,NaN,NaN,NaN
NaN,NaN,NaN,0.077777778,NaN,19.1108779907227,NaN,NaN,NaN,NaN,NaN,NaN,NaN,NaN,NaN,NaN,NaN
NaN,NaN,NaN,0.072222222,0.5766666667,31.3669853210449,NaN,NaN,NaN,NaN,NaN,NaN,NaN,NaN,NaN,NaN,NaN
NaN,NaN,NaN,0.155555556,0.5633333333,37.7096061706543,NaN,NaN,NaN,NaN,NaN,NaN,NaN,NaN,NaN,NaN,NaN
NaN,NaN,NaN,0.811111111,0,NaN,NaN,NaN,NaN,NaN,NaN,NaN,NaN,NaN,NaN,NaN,NaN
NaN,NaN,NaN,2.027777778,0,-5.5914945602417,NaN,NaN,NaN,NaN,NaN,NaN,NaN,NaN,NaN,NaN,NaN
NaN,NaN,NaN,2.183333333,0,-29.1670436859131,NaN,NaN,NaN,NaN,NaN,NaN,NaN,NaN,NaN,NaN,NaN
NaN,NaN,NaN,1.166666667,0,-50.5556449890137,NaN,NaN,NaN,NaN,NaN,NaN,NaN,NaN,NaN,NaN,NaN
NaN,NaN,NaN,0.533333333,0,-30.601598739624,NaN,NaN,NaN,NaN,NaN,NaN,NaN,NaN,NaN,NaN,NaN
NaN,NaN,NaN,0.325,0,NaN,NaN,NaN,NaN,NaN,NaN,NaN,NaN,NaN,NaN,NaN,NaN
NaN,NaN,NaN,0.128571429,NaN,-15.2278032302856,NaN,NaN,NaN,NaN,NaN,NaN,NaN,NaN,NaN,NaN,NaN
NaN,NaN,NaN,NaN,NaN,-14.3261194229126,NaN,NaN,NaN,NaN,NaN,NaN,NaN,NaN,NaN,NaN,NaN
NaN,NaN,NaN,0,NaN,0.396531939506531,NaN,NaN,NaN,NaN,NaN,NaN,NaN,NaN,NaN,NaN,NaN
NaN,NaN,NaN,0.071428571,NaN,23.5351295471191,NaN,NaN,NaN,NaN,NaN,NaN,NaN,NaN,NaN,NaN,NaN
NaN,NaN,NaN,0.05,0.5966666667,NaN,NaN,NaN,NaN,NaN,NaN,NaN,NaN,NaN,NaN,NaN,NaN
NaN,NaN,NaN,0.077777778,0.6427777778,19.1324596405029,NaN,NaN,NaN,NaN,NaN,NaN,NaN,NaN,NaN,NaN,NaN
NaN,NaN,NaN,0.466666667,0.02666666667,40.4919815063477,NaN,NaN,NaN,NaN,NaN,NaN,NaN,NaN,NaN,NaN,NaN
NaN,NaN,NaN,2.044444444,0,-8.30161190032959,NaN,NaN,NaN,NaN,NaN,NaN,NaN,NaN,NaN,NaN,NaN
NaN,NaN,NaN,2.555555556,0,-40.8966598510742,NaN,NaN,NaN,NaN,NaN,NaN,NaN,NaN,NaN,NaN,NaN
NaN,NaN,NaN,2.038888889,0,NaN,NaN,NaN,NaN,NaN,NaN,NaN,NaN,NaN,NaN,NaN,NaN
NaN,NaN,NaN,0.844444444,0,NaN,NaN,NaN,NaN,NaN,NaN,NaN,NaN,NaN,NaN,NaN,NaN
NaN,NaN,NaN,1,0,-21.7762279510498,NaN,NaN,NaN,NaN,NaN,NaN,NaN,NaN,NaN,NaN,NaN
NaN,NaN,NaN,0.261111111,NaN,-8.75362396240234,NaN,NaN,NaN,NaN,NaN,NaN,NaN,NaN,NaN,NaN,NaN
NaN,NaN,NaN,NaN,NaN,19.3943424224854,NaN,NaN,NaN,NaN,NaN,NaN,NaN,NaN,NaN,NaN,NaN
NaN,NaN,NaN,0.216666667,NaN,43.820987701416,NaN,0.0732179699614452,1.42781809830018,0.0140465717303226,1.45032740512258,1.43627924903226,-9999,0.0538738876696253,1.13604800132885,-0.0164760925396882,-0.0282915237256164
1.38971674955631,NaN,0.0264453941019142,0.166666667,NaN,NaN,NaN,0.338061523852286,1.09853762312571,-0.49519468476,0.988365991062857,1.48355747485714,-9999,0.00989591177028103,1.23385818818666,-0.0238738651459355,0.00741803051256637
1.11540796426651,NaN,0.255037259153538,0.144444444,0.5955555556,46.5460586547852,NaN,0.12853783795169,0.688973779974194,0.194311419793548,1.50373768296774,1.30942842735484,-9999,0.216692067637379,1.16604000120174,-0.0183108863686445,0.208186876639327
0.568047877190688,0.00301860356570465,0.663783094372491,0.266666667,0.5622222222,54.3725433349609,NaN,0.78039306177408,1.1121719652,0.9415893691872,1.8404523,0.898864024392,0.00150596839421486,0.592176799786286,0.824963846420276,-0.00166434656092326,0.586715419740122
-0.825968853071921,0.0119688909792,2.19337687335655,1.05,0,45.5908508300781,NaN,1.43980514178968,0.834990538064516,2.11520601844026,1.89235047019355,-0.222855821187097,0.0116981469397161,2.10430100375531,-0.202925910985843,0.013606563271115,2.10014048373868
-2.86370397446415,0.0217389880728055,2.52109745162578,1.322222222,0,20.8996753692627,NaN,5.31066368150424,3.1973778,6.60853942128,4.795803864,-1.812736091448,0.02270367666,2.09969182900201,-2.03986200565933,0.0252416658882473,2.06928606249227
-0.451429802490228,0.0377579370067597,2.34000741279751,1.844444444,0,NaN,NaN,1.58278057845677,1.16805267243871,2.02636208938065,1.66923800129032,-0.357123751269677,0.0368653380387097,2.48753176953689,-0.243468077839526,0.0417020688745016,2.40021362429843
-0.569933882066348,0.0570710589231094,2.00805304936973,1.488888889,0,-3.76403903961182,NaN,0.782275935223742,0.188643919122581,1.86274013764645,1.71884195535484,-0.143896613574194,0.0613187168516129,1.81971025351091,0.168494160494929,0.0593072016879089,1.81117169548799
0.214228445115107,0.0366143807126523,0.886580947564209,0.677777778,0,-4.9217586517334,NaN,0.4721880224952,0.4590658224,0.93357898128,1.6148801808,0.681303958272,0.04068190656,0.820271085019903,0.515348235957333,0.0466018536321771,0.841746548220738
0.869647007616297,0.0211244871331955,0.188716401541355,0.194444444,0.1588888889,-5.46227550506592,NaN,0.0636868191091355,0.223259151716129,0.141845745567484,1.24947905574194,1.10763386878529,0.0183851557919366,0.195090456182038,0.865274772181301,0.0290851913204667,0.201590143639388
1.22962944013124,NaN,0.127295724968019,0.15,NaN,5.01659154891968,NaN,0.03864254506272,0.53948761704,-0.448298387028,0.9587463552,1.4070469608,-9999,0.126562283265149,1.15398886415797,0.00843504387950475,0.127044034141309
0.903367451735865,NaN,0.025083006376183,NaN,NaN,NaN,NaN,0.0121577803041135,0.554001994451613,-0.271187318903226,0.856441393548387,1.12763032792258,-9999,0.0409887517312623,1.06118811559289,-0.0027568039751654,0.0309583325402077
1.14916345326829,NaN,0.0197826198091402,0.244444444,NaN,22.2852630615234,NaN,0.0502145842821677,0.765576608115751,-0.358333706127019,0.677639260368,1.03597310085677,-9999,0.022445726398717,1.08540362113126,-0.00992848529740603,0.0122572921497242
1.03125422428977,NaN,0.00669134251779591,0.127777778,NaN,13.6047506332397,NaN,0.0624194661808286,0.247683345947699,-0.276516604247143,0.959340178509429,1.23585637371429,-9999,0.000707226845375951,1.04232563274855,-0.0103581438266639,-0.00395405550679521
0.800755514034224,NaN,0.136393138645673,0.183333333,0.5666666667,29.2253589630127,NaN,0.12943363246049,0.382538090772139,0.158480640023226,1.10447861722839,0.945997838477419,-9999,0.127949358181308,0.985647435622529,-0.00749621636456285,0.109055483087257
0.537338645516133,0.0216745979896706,0.674204677355154,0.266666667,0.2833333333,48.9634132385254,NaN,0.21465495233928,0.48700789704,0.35591480233056,1.1580106464,0.802096551216,0.0197953593506952,0.663588682075591,0.802184491743918,0.0193129346313717,0.662172878220476
-0.910476611179279,0.0514553214201295,2.68180066903693,1.344444444,0,45.3164978027344,NaN,1.54226388922374,0.889061212567742,2.82943273573161,2.73417656516129,-0.0952568022030967,0.0538451429806452,2.66360355357826,-0.224002714890889,0.0578790509267389,2.65743561117575
-4.64416092977244,0.0859510733614493,2.66010451748782,1.794444444,0,NaN,NaN,5.7509020045584,2.699195544,7.3943233416,4.309079832,-3.085247110104,0.087343731576,2.44805090255022,-2.80072226370023,0.0916302414774154,2.44331257370191
-4.48652300424676,0.0702170232474602,2.364626258886,1.972222222,0,-35.254711151123,NaN,6.93580469527742,4.32330452129032,7.21306133930323,4.96452888,-2.24853906528,0.0738348050787097,2.12541401024715,-2.35109875886435,0.0789947312986985,2.12913513082433
-1.90192633360169,0.0553644082881893,1.67772591751672,1.405555556,0,-29.9177513122559,NaN,3.77443158014555,2.93297812258065,4.10370083288594,4.19651015225806,0.0928072294954839,0.0549724766632258,1.42733126544816,-0.6539820104711,0.0621844235944405,1.42427120595817
-0.688153796353297,0.0277652204712539,0.552817206348913,0.577777778,0,-6.37430906295776,NaN,0.7202743659054,0.70140121056,1.303172083332,1.8101082744,0.506938634784,0.0307280526942857,0.485890269152053,0.611040571684435,0.0479276180858537,0.4707920761213
0.714434422623716,NaN,0.1946301695173,0.366666667,0.515,NaN,NaN,0.39844192565729,1.35490292825806,-0.0467078075784,0.906114948387097,0.952822900525935,-9999,0.207707557794147,0.871125647459718,0.0420252256483093,0.200147768731651
0.994422470589653,NaN,0.0194396644946902,0.055555556,NaN,NaN,NaN,0.14936145421464,1.94798470824,0.67927232124,1.7008379496,1.0215623988,-9999,0.00525696693653257,0.942119531807664,0.0282536098962322,-0.00957045391866114
NaN,NaN,NaN,NaN,NaN,47.2951278686523,NaN,0.0602026212525677,0.866253310042064,-0.289614036251613,1.13338974704516,1.42300361032258,-9999,0.0633438768421807,1.01381036264678,0.0154745391501642,-0.029636098017353
1.23445988856343,NaN,NaN,0.092857143,NaN,52.9470977783203,NaN,0.0822395007685161,1.38206072043871,-0.513560551306064,0.925570841806452,1.43913111793548,-9999,0.0198348978396175,1.13499342044698,0.0128300205987288,0.0103833575322725
1.74060263875802,NaN,0.114125881927605,0.164285714,NaN,52.0133781433105,NaN,0.270656581434207,1.27754279851034,-0.235965426926897,1.520978688,1.75694356055172,-9999,0.125648962964119,1.20652439651106,0.00317266579603943,0.110824578840788
NaN,NaN,NaN,0.177777778,0.5933333333,56.5721817016602,NaN,0.471501448010477,1.33211537628387,-9999,3.53316478064516,-9999,-9999,-9999,1.13971443345132,0.00735495772448793,0.138881890610521
NaN,NaN,NaN,0.566666667,0.00666666667,NaN,NaN,0.5789069850312,1.3654795104,-9999,4.347650376,-9999,-9999,-9999,1.0294552023379,0.0235484835199671,1.04905736559132
-1.78444404974155,0.0436854053754442,2.19805400722182,1.544444444,0,31.6184597015381,NaN,2.75568261385843,1.63147385032258,4.34221250603143,3.72206622193548,-0.672753215057143,0.0446224763468571,2.04072188900667,-0.651485999095594,0.0479337718299072,1.97708611192781
-5.88534609774564,0.0535210497953117,2.76834595931964,1.9,0,0.988874495029449,NaN,8.8966126362816,5.547339,8.8663771182816,5.60343564,-3.262948771608,0.052052651064,2.38528554418346,-3.45827902360115,0.0613231515571716,2.38390515117762
-3.92998601493378,0.0944972752550219,2.33736020091642,1.955555556,0,-29.8870487213135,NaN,6.19348925382968,4.1718024,4.97586857927226,2.92467929806452,-2.0511924414271,0.0996306918967742,2.03871837320976,-1.99710863289435,0.0956583932645106,2.02808147159689
-0.409044303627408,0.110063890623359,1.8099021781586,1.461111111,0,-17.3378429412842,NaN,1.15142553774813,0.770680799535484,1.86803899139613,2.06058066967742,0.192541690823226,0.117722819845161,1.70791836720741,0.347091999005643,0.117441513736642,1.70529226895467
0.548787596405289,0.0559766396681056,0.833564365187148,0.577777778,0,NaN,NaN,0.209897925048,0.43155481248,0.745520453136,1.874364048,1.12884560607816,0.05939693064,0.831669724047944,0.854360133590169,0.0749486680064334,0.813944213551552
0.862688171081359,0.0549115417052822,0.362659405189352,1.827777778,0,NaN,NaN,0.184591721763639,0.414693018116129,0.206708130185806,1.57837431948387,1.37166681764903,0.0584523627793548,0.362025171347888,0.838533708716613,0.074337287377225,0.36016682029649
0.615049855129762,NaN,0.0287227625230399,0.25,NaN,-38.0023155212402,NaN,0.060343591032,1.2301342624656,-0.059465571516,0.58694443704,0.64640952792,-9999,0.0237439848465915,0.805012432308717,0.0669079708204212,0.0262333475524579
1.22046623697231,NaN,NaN,NaN,NaN,-19.8008136749268,NaN,0.00258713784969554,0.207542620440296,2.10331861724014,3.29235073073988,1.18903051726122,-9999,-0.0366432062427017,0.986946598582407,0.0347246704739359,0.00292674154426152
NaN,NaN,NaN,0.166666667,NaN,-7.56269454956055,NaN,NaN,NaN,NaN,NaN,NaN,NaN,NaN,NaN,NaN,NaN
NaN,NaN,NaN,0.071428571,NaN,NaN,NaN,NaN,NaN,NaN,NaN,NaN,NaN,NaN,NaN,NaN,NaN
NaN,NaN,NaN,0.122222222,0.6216666667,11.5582094192505,NaN,NaN,NaN,NaN,NaN,NaN,NaN,NaN,NaN,NaN,NaN
NaN,NaN,NaN,0.177777778,0.6566666667,3.35629677772522,NaN,NaN,NaN,NaN,NaN,NaN,NaN,NaN,NaN,NaN,NaN
NaN,NaN,NaN,1.105555556,0,6.41286087036133,NaN,NaN,NaN,NaN,NaN,NaN,NaN,NaN,NaN,NaN,NaN
NaN,NaN,NaN,1.95,0,-20.6957893371582,NaN,NaN,NaN,NaN,NaN,NaN,NaN,NaN,NaN,NaN,NaN
NaN,NaN,NaN,2.327777778,0,NaN,NaN,NaN,NaN,NaN,NaN,NaN,NaN,NaN,NaN,NaN,NaN
NaN,NaN,NaN,1.577777778,0,NaN,NaN,NaN,NaN,NaN,NaN,NaN,NaN,NaN,NaN,NaN,NaN
NaN,NaN,NaN,0.805555556,0,NaN,NaN,NaN,NaN,NaN,NaN,NaN,NaN,NaN,NaN,NaN,NaN
NaN,NaN,NaN,NaN,0,NaN,NaN,NaN,NaN,NaN,NaN,NaN,NaN,NaN,NaN,NaN,NaN
NaN,NaN,NaN,0.183333333,NaN,NaN,NaN,NaN,NaN,NaN,NaN,NaN,NaN,NaN,NaN,NaN,NaN
NaN,NaN,NaN,NaN,NaN,NaN,NaN,NaN,NaN,NaN,NaN,NaN,NaN,NaN,NaN,NaN,NaN
NaN,NaN,NaN,0.3,NaN,NaN,NaN,NaN,NaN,NaN,NaN,NaN,NaN,NaN,NaN,NaN,NaN
NaN,NaN,NaN,0.055555556,NaN,NaN,NaN,NaN,NaN,NaN,NaN,NaN,NaN,NaN,NaN,NaN,NaN
NaN,NaN,NaN,0.144444444,0.5705555556,NaN,NaN,NaN,NaN,NaN,NaN,NaN,NaN,NaN,NaN,NaN,NaN
NaN,NaN,NaN,0.138888889,0.6877777778,NaN,NaN,NaN,NaN,NaN,NaN,NaN,NaN,NaN,NaN,NaN,NaN
NaN,NaN,NaN,0.916666667,0,NaN,NaN,NaN,NaN,NaN,NaN,NaN,NaN,NaN,NaN,NaN,NaN
NaN,NaN,NaN,1.85,0,-28.336296081543,NaN,NaN,NaN,NaN,NaN,NaN,NaN,NaN,NaN,NaN,NaN
NaN,NaN,NaN,2.055555556,0,-43.719425201416,NaN,NaN,NaN,NaN,NaN,NaN,NaN,NaN,NaN,NaN,NaN
NaN,NaN,NaN,NaN,0,NaN,NaN,NaN,NaN,NaN,NaN,NaN,NaN,NaN,NaN,NaN,NaN
NaN,NaN,NaN,0.722222222,0,NaN,NaN,NaN,NaN,NaN,NaN,NaN,NaN,NaN,NaN,NaN,NaN
NaN,NaN,NaN,1.622222222,0,-30.5077648162842,NaN,NaN,NaN,NaN,NaN,NaN,NaN,NaN,NaN,NaN,NaN
NaN,NaN,NaN,0.6,NaN,-26.9493560791016,NaN,NaN,NaN,NaN,NaN,NaN,NaN,NaN,NaN,NaN,NaN
NaN,NaN,NaN,NaN,NaN,-4.23451232910156,NaN,NaN,NaN,NaN,NaN,NaN,NaN,NaN,NaN,NaN,NaN
NaN,NaN,NaN,0.125,NaN,-0.625506281852722,NaN,NaN,NaN,NaN,NaN,NaN,NaN,NaN,NaN,NaN,NaN
NaN,NaN,NaN,0.135714286,NaN,-3.00520515441895,NaN,NaN,NaN,NaN,NaN,NaN,NaN,NaN,NaN,NaN,NaN
NaN,NaN,NaN,0.161111111,0.5544444444,18.4314193725586,NaN,NaN,NaN,NaN,NaN,NaN,NaN,NaN,NaN,NaN,NaN
NaN,NaN,NaN,0.666666667,0.01,28.627893447876,NaN,NaN,NaN,NaN,NaN,NaN,NaN,NaN,NaN,NaN,NaN
NaN,NaN,NaN,1.222222222,0,12.3105707168579,NaN,NaN,NaN,NaN,NaN,NaN,NaN,NaN,NaN,NaN,NaN
NaN,NaN,NaN,2.3,0,-42.6612167358398,NaN,NaN,NaN,NaN,NaN,NaN,NaN,NaN,NaN,NaN,NaN
NaN,NaN,NaN,2.4,0,-87.5115814208984,NaN,NaN,NaN,NaN,NaN,NaN,NaN,NaN,NaN,NaN,NaN
NaN,NaN,NaN,1.16,0,-56.0550918579102,NaN,NaN,NaN,NaN,NaN,NaN,NaN,NaN,NaN,NaN,NaN
NaN,NaN,NaN,0.683333333,0,-63.6456680297852,NaN,NaN,NaN,NaN,NaN,NaN,NaN,NaN,NaN,NaN,NaN
NaN,NaN,NaN,1.025,NaN,-47.4780044555664,NaN,NaN,NaN,NaN,NaN,NaN,NaN,NaN,NaN,NaN,NaN
NaN,NaN,NaN,0.155555556,NaN,-32.5582008361816,NaN,NaN,NaN,NaN,NaN,NaN,NaN,NaN,NaN,NaN,NaN
NaN,NaN,NaN,NaN,NaN,0.466442465782166,NaN,NaN,NaN,NaN,NaN,NaN,NaN,NaN,NaN,NaN,NaN
