NBE,CH4,ET,LAI,SCF,EWT,ABGB,GPP_DT,ER_DT,GPP_NT,ER_NT,NBE_F,CH4_F,ET_F,NBE_ANN,CH4_ANN,ET_ANN
NaN,NaN,NaN,0.1,NaN,-4.90630292892456,NaN,NaN,NaN,NaN,NaN,NaN,NaN,NaN,NaN,NaN,NaN
NaN,NaN,NaN,0.1,NaN,-15.6459035873413,NaN,NaN,NaN,NaN,NaN,NaN,NaN,NaN,NaN,NaN,NaN
NaN,NaN,NaN,0.1,0.52,-10.7870759963989,NaN,NaN,NaN,NaN,NaN,NaN,NaN,NaN,NaN,NaN,NaN
NaN,NaN,NaN,0.541666667,0.00888888889,-17.7527465820312,NaN,NaN,NaN,NaN,NaN,NaN,NaN,NaN,NaN,NaN,NaN
NaN,NaN,NaN,0.988888889,0,-10.3805103302002,NaN,NaN,NaN,NaN,NaN,NaN,NaN,NaN,NaN,NaN,NaN
NaN,NaN,NaN,2.083333333,0,-36.2104759216309,NaN,NaN,NaN,NaN,NaN,NaN,NaN,NaN,NaN,NaN,NaN
NaN,NaN,NaN,2.205555556,0,-35.6100692749023,NaN,NaN,NaN,NaN,NaN,NaN,NaN,NaN,NaN,NaN,NaN
NaN,NaN,NaN,1.355555556,0,-40.9506187438965,NaN,NaN,NaN,NaN,NaN,NaN,NaN,NaN,NaN,NaN,NaN
NaN,NaN,NaN,0.611111111,0,-59.6286964416504,NaN,NaN,NaN,NaN,NaN,NaN,NaN,NaN,NaN,NaN,NaN
NaN,NaN,NaN,1.233333333,0,-56.0064277648926,NaN,NaN,NaN,NaN,NaN,NaN,NaN,NaN,NaN,NaN,NaN
NaN,NaN,NaN,NaN,NaN,-37.2871055603027,NaN,NaN,NaN,NaN,NaN,NaN,NaN,NaN,NaN,NaN,NaN
NaN,NaN,NaN,NaN,NaN,-17.7387771606445,NaN,NaN,NaN,NaN,NaN,NaN,NaN,NaN,NaN,NaN,NaN
NaN,NaN,NaN,0.133333333,NaN,NaN,NaN,NaN,NaN,NaN,NaN,NaN,NaN,NaN,NaN,NaN,NaN
NaN,NaN,NaN,0.14,NaN,2.58777165412903,NaN,NaN,NaN,NaN,NaN,NaN,NaN,NaN,NaN,NaN,NaN
NaN,NaN,NaN,0.1,0.6177777778,2.02944946289062,NaN,NaN,NaN,NaN,NaN,NaN,NaN,NaN,NaN,NaN,NaN
NaN,NaN,NaN,0.122222222,0.605,16.2984676361084,NaN,NaN,NaN,NaN,NaN,NaN,NaN,NaN,NaN,NaN,NaN
NaN,NaN,NaN,0.738888889,0,14.3410015106201,NaN,NaN,NaN,NaN,NaN,NaN,NaN,NaN,NaN,NaN,NaN
NaN,NaN,NaN,1.777777778,0,NaN,NaN,NaN,NaN,NaN,NaN,NaN,NaN,NaN,NaN,NaN,NaN
NaN,NaN,NaN,1.794444444,0,-35.9694480895996,NaN,NaN,NaN,NaN,NaN,NaN,NaN,NaN,NaN,NaN,NaN
NaN,NaN,NaN,1.494444444,0,-21.1845760345459,NaN,NaN,NaN,NaN,NaN,NaN,NaN,NaN,NaN,NaN,NaN
NaN,NaN,NaN,0.478571429,0,-26.6254196166992,NaN,NaN,NaN,NaN,NaN,NaN,NaN,NaN,NaN,NaN,NaN
NaN,NaN,NaN,0.561111111,0,-34.2059631347656,NaN,NaN,NaN,NaN,NaN,NaN,NaN,NaN,NaN,NaN,NaN
NaN,NaN,NaN,0.1,NaN,-24.4258594512939,NaN,NaN,NaN,NaN,NaN,NaN,NaN,NaN,NaN,NaN,NaN
NaN,NaN,NaN,NaN,NaN,11.5361881256104,NaN,NaN,NaN,NaN,NaN,NaN,NaN,NaN,NaN,NaN,NaN
NaN,NaN,NaN,0.114285714,NaN,12.8863201141357,NaN,NaN,NaN,NaN,NaN,NaN,NaN,NaN,NaN,NaN,NaN
NaN,NaN,NaN,0.078571429,NaN,19.1108779907227,NaN,NaN,NaN,NaN,NaN,NaN,NaN,NaN,NaN,NaN,NaN
NaN,NaN,NaN,0.057142857,0.58,31.3669853210449,NaN,NaN,NaN,NaN,NaN,NaN,NaN,NaN,NaN,NaN,NaN
NaN,NaN,NaN,0.233333333,0.5677777778,37.7096061706543,NaN,NaN,NaN,NaN,NaN,NaN,NaN,NaN,NaN,NaN,NaN
NaN,NaN,NaN,0.877777778,0,NaN,NaN,NaN,NaN,NaN,NaN,NaN,NaN,NaN,NaN,NaN,NaN
NaN,NaN,NaN,2.15,0,-5.5914945602417,NaN,NaN,NaN,NaN,NaN,NaN,NaN,NaN,NaN,NaN,NaN
NaN,NaN,NaN,2.516666667,0,-29.1670436859131,NaN,NaN,NaN,NaN,NaN,NaN,NaN,NaN,NaN,NaN,NaN
NaN,NaN,NaN,1.355555556,0,-50.5556449890137,NaN,NaN,NaN,NaN,NaN,NaN,NaN,NaN,NaN,NaN,NaN
NaN,NaN,NaN,0.6,0,-30.601598739624,NaN,NaN,NaN,NaN,NaN,NaN,NaN,NaN,NaN,NaN,NaN
NaN,NaN,NaN,1.0875,0,NaN,NaN,NaN,NaN,NaN,NaN,NaN,NaN,NaN,NaN,NaN,NaN
NaN,NaN,NaN,0.15,NaN,-15.2278032302856,NaN,NaN,NaN,NaN,NaN,NaN,NaN,NaN,NaN,NaN,NaN
NaN,NaN,NaN,NaN,NaN,-14.3261194229126,NaN,NaN,NaN,NaN,NaN,NaN,NaN,NaN,NaN,NaN,NaN
NaN,NaN,NaN,0.057142857,NaN,0.396531939506531,NaN,NaN,NaN,NaN,NaN,NaN,NaN,NaN,NaN,NaN,NaN
NaN,NaN,NaN,0.077777778,NaN,23.5351295471191,NaN,NaN,NaN,NaN,NaN,NaN,NaN,NaN,NaN,NaN,NaN
NaN,NaN,NaN,0.083333333,0.6094444444,NaN,NaN,NaN,NaN,NaN,NaN,NaN,NaN,NaN,NaN,NaN,NaN
NaN,NaN,NaN,0.077777778,0.6461111111,19.1324596405029,NaN,NaN,NaN,NaN,NaN,NaN,NaN,NaN,NaN,NaN,NaN
NaN,NaN,NaN,0.5,0.03555555556,40.4919815063477,NaN,NaN,NaN,NaN,NaN,NaN,NaN,NaN,NaN,NaN,NaN
NaN,NaN,NaN,1.977777778,0,-8.30161190032959,NaN,NaN,NaN,NaN,NaN,NaN,NaN,NaN,NaN,NaN,NaN
NaN,NaN,NaN,2.688888889,0,-40.8966598510742,NaN,NaN,NaN,NaN,NaN,NaN,NaN,NaN,NaN,NaN,NaN
NaN,NaN,NaN,2.233333333,0,NaN,NaN,NaN,NaN,NaN,NaN,NaN,NaN,NaN,NaN,NaN,NaN
NaN,NaN,NaN,0.838888889,0,NaN,NaN,NaN,NaN,NaN,NaN,NaN,NaN,NaN,NaN,NaN,NaN
NaN,NaN,NaN,0.972222222,0,-21.7762279510498,NaN,NaN,NaN,NaN,NaN,NaN,NaN,NaN,NaN,NaN,NaN
NaN,NaN,NaN,0.171428571,NaN,-8.75362396240234,NaN,NaN,NaN,NaN,NaN,NaN,NaN,NaN,NaN,NaN,NaN
NaN,NaN,NaN,NaN,NaN,19.3943424224854,NaN,NaN,NaN,NaN,NaN,NaN,NaN,NaN,NaN,NaN,NaN
NaN,NaN,NaN,0.155555556,NaN,43.820987701416,NaN,NaN,NaN,NaN,NaN,NaN,NaN,NaN,NaN,NaN,NaN
NaN,NaN,NaN,0.127777778,NaN,NaN,NaN,NaN,NaN,NaN,NaN,NaN,NaN,NaN,NaN,NaN,NaN
NaN,NaN,NaN,0.127777778,0.6055555556,46.5460586547852,NaN,NaN,NaN,NaN,NaN,NaN,NaN,NaN,NaN,NaN,NaN
NaN,NaN,NaN,0.335714286,0.5861111111,54.3725433349609,NaN,NaN,NaN,NaN,NaN,NaN,NaN,NaN,NaN,NaN,NaN
NaN,NaN,NaN,0.983333333,0,45.5908508300781,NaN,NaN,NaN,NaN,NaN,NaN,NaN,NaN,NaN,NaN,NaN
NaN,NaN,NaN,1.355555556,0,20.8996753692627,NaN,NaN,NaN,NaN,NaN,NaN,NaN,NaN,NaN,NaN,NaN
NaN,NaN,NaN,2,0,NaN,NaN,NaN,NaN,NaN,NaN,NaN,NaN,NaN,NaN,NaN,NaN
NaN,NaN,NaN,1.705555556,0,-3.76403903961182,NaN,NaN,NaN,NaN,NaN,NaN,NaN,NaN,NaN,NaN,NaN
NaN,NaN,NaN,0.677777778,0,-4.9217586517334,NaN,NaN,NaN,NaN,NaN,NaN,NaN,NaN,NaN,NaN,NaN
NaN,NaN,NaN,0.15,0.09388888889,-5.46227550506592,NaN,NaN,NaN,NaN,NaN,NaN,NaN,NaN,NaN,NaN,NaN
NaN,NaN,NaN,0.15,NaN,5.01659154891968,NaN,NaN,NaN,NaN,NaN,NaN,NaN,NaN,NaN,NaN,NaN
NaN,NaN,NaN,NaN,NaN,NaN,NaN,NaN,NaN,NaN,NaN,NaN,NaN,NaN,NaN,NaN,NaN
0.725288526254761,NaN,0.031320152765841,0.233333333,NaN,22.2852630615234,NaN,-9999,-9999,-0.250021730236645,0.415818490084955,0.665840603612903,-9999,0.0432875286048436,0.608006499759222,0.00336464812584181,0.00660681329737068
0.462039021729716,NaN,0.0941816716723851,0.057142857,NaN,13.6047506332397,NaN,-9999,-9999,-0.105081407483143,0.4816954995066,0.586778106342857,-9999,0.0819716970201417,0.590889740211473,0.003004228443407,0.0731105526625624
0.508150064829217,NaN,0.271366240550923,0.1,0.5777777778,29.2253589630127,NaN,-9999,-9999,0.156779876199716,0.683334570704516,0.526554457223226,-9999,0.243770329392043,0.58681210540501,0.00232889827431834,0.213462989275595
-0.0308149870097128,0.00095059985367628,0.737051581607111,0.433333333,0.3227777778,48.9634132385254,NaN,-9999,-9999,1.4903195997528,1.8768762504,0.386555041512,0.00136667252237143,0.672299180926434,0.279679856300184,0.00166487282566162,0.667529005137039
-1.67936097429846,0.00236608240783395,1.84046952604057,1.683333333,0,45.3164978027344,NaN,-9999,-9999,4.11492549894735,3.63989271483871,-0.475031623122581,0.00364048459727226,1.60740680421968,-0.615113765101216,0.00242883834167126,1.60666724512787
-1.71405120205139,0.00352913319462744,2.16937239858108,2.033333333,0,NaN,NaN,-9999,-9999,5.935943400984,5.188400064,-0.74754054432,0.00426185580852,1.87853185899267,-0.657995587093513,0.00342147558770017,1.87439122001671
-1.36229515876271,0.00519190919767611,2.3917686904216,2.125,0,-35.254711151123,NaN,-9999,-9999,6.5383970422529,6.58925858322581,0.0508660183741936,0.00620040425713548,1.97983724877163,-0.0436859505139334,0.00503257829378668,1.99010307435065
-1.69015727412464,0.00332514063135688,1.71946999769278,1.516666667,0,-29.9177513122559,NaN,-9999,-9999,4.01148022480258,4.09255799225806,0.0810819154916128,0.00596094504131613,1.35874430871043,0.0822987699336435,0.00574223076421004,1.34613852321469
-0.379062165478776,0.00428347624934728,0.828450817346123,0.694444444,0,-6.37430906295776,NaN,-9999,-9999,2.519707399056,3.555188712,1.0354787748,0.00745662047297143,0.547537263434752,0.812365053822258,0.00455903767022263,0.577650490568544
NaN,NaN,NaN,0.457142857,0.5344444444,NaN,NaN,-9999,-9999,0.24999136321471,1.10128850709677,0.851291958425806,-9999,0.331299522263492,0.851818433954352,0.00323001380587071,0.324836279016648
0.672811808283785,NaN,0.296336968109692,0,NaN,NaN,NaN,-9999,-9999,-0.05159897409312,0.51820771752,0.5698065528,-9999,0.26646743211235,0.697981086263679,0.00392795432923423,0.194583670175607
0.659312306562689,NaN,0.124524174811842,NaN,NaN,47.2951278686523,NaN,-9999,-9999,-0.285248368393084,0.417827880464516,0.703076052774193,-9999,0.0715274431031429,0.649209700021524,0.00425900464142745,0.0792414629945986
0.716818496656288,NaN,0.0548304391719581,0.077777778,NaN,52.9470977783203,NaN,-9999,-9999,-0.135890208924387,0.499344096774194,0.635234469677419,-9999,0.0445603998492718,0.66461956539855,0.00279944953237985,0.0426562864062755
1.12048090109065,NaN,0.0589684075748352,0.114285714,NaN,52.0133781433105,NaN,-9999,-9999,0.233983494168828,1.2120339177931,0.978050710427586,-9999,0.057313646406714,0.678879645794583,0.00286294417746721,0.0619721183858105
0.685327161911984,NaN,0.221962692529286,0.127777778,0.62,56.5721817016602,NaN,-9999,-9999,0.0806584443003871,1.04654463584516,0.965887305387097,-9999,0.161346008974038,0.691738370180949,0.00260518965053838,0.154450190972641
-0.755380041685391,0.00133229492048825,1.39945169046967,0.611111111,0.00666666667,NaN,NaN,-9999,-9999,1.902751084296,2.2069212336,0.3041709593544,0.000870128970696,1.05384896940661,0.0265576243971866,0.00145373307679549,1.04904344145205
-1.79072842196899,0.00104694105831168,2.01244870979187,1.488888889,0,31.6184597015381,NaN,-9999,-9999,4.19640149018323,3.34086691354839,-0.855536409903484,0.00152352577379613,1.73826678678011,-0.793900707286667,0.00143860405739568,1.75054116738365
-1.82295031053661,0.00524142999299195,2.52351467067224,2.011111111,0,0.988874495029449,NaN,-9999,-9999,6.21122972976,5.819437008,-0.39179849976,0.00491872693824,2.14007742204835,-0.513247245775092,0.0047201321838904,2.15419221079315
-1.41356550882007,0.0115820799714794,2.6340463319564,1.905555556,0,-29.8870487213135,NaN,-9999,-9999,6.35009405404645,6.82980809806452,0.47971959640258,0.0116966733166452,2.00412904998878,0.389226118886983,0.00853823691045939,2.0248197700317
-1.07940862559707,0.00712404002249342,2.21095434724472,1.322222222,0,-17.3378429412842,NaN,-9999,-9999,5.08523505707613,5.60038229419355,0.515139698090323,0.00680486700379355,1.76935189778118,0.662057346430197,0.00622312724011343,1.77889592059527
-0.267929439195395,0.00563969649548087,0.947472366051416,0.766666667,0,NaN,NaN,-9999,-9999,2.15437801896,3.712416696,1.55803777776,0.008215489719144,0.709270659878439,1.08124246319977,0.00499084142837165,0.669914573358056
0.645608328626825,0.00292330505311469,0.175905694377761,1.572222222,0,NaN,NaN,-9999,-9999,0.235305150579871,1.86879178916129,1.63349040402581,0.00774720009292596,0.139236335809257,1.16447518043892,0.00386589658933313,0.142052425510719
1.08669644954529,NaN,0.00221557244705229,0.24,NaN,-38.0023155212402,NaN,-9999,-9999,0.0320187505176,1.02605164056,0.9940345488,-9999,0.00963635851609812,0.843665180465559,0.00450240248396643,0.0128132154741375
1.27163299030714,NaN,0.206695728096061,NaN,NaN,-19.8008136749268,NaN,-9999,-9999,-0.466403154248335,0.794120012049966,1.26052754998435,-9999,0.100812036738083,0.758583418898248,0.00319614755127138,0.0735771997599264
NaN,NaN,NaN,0.133333333,NaN,-7.56269454956055,NaN,NaN,NaN,NaN,NaN,NaN,NaN,NaN,NaN,NaN,NaN
NaN,NaN,NaN,0.05,NaN,NaN,NaN,NaN,NaN,NaN,NaN,NaN,NaN,NaN,NaN,NaN,NaN
NaN,NaN,NaN,0.064285714,0.6338888889,11.5582094192505,NaN,NaN,NaN,NaN,NaN,NaN,NaN,NaN,NaN,NaN,NaN
NaN,NaN,NaN,0.122222222,0.6866666667,3.35629677772522,NaN,NaN,NaN,NaN,NaN,NaN,NaN,NaN,NaN,NaN,NaN
NaN,NaN,NaN,1.211111111,0,6.41286087036133,NaN,NaN,NaN,NaN,NaN,NaN,NaN,NaN,NaN,NaN,NaN
NaN,NaN,NaN,2.244444444,0,-20.6957893371582,NaN,NaN,NaN,NaN,NaN,NaN,NaN,NaN,NaN,NaN,NaN
NaN,NaN,NaN,2.594444444,0,NaN,NaN,NaN,NaN,NaN,NaN,NaN,NaN,NaN,NaN,NaN,NaN
NaN,NaN,NaN,1.888888889,0,NaN,NaN,NaN,NaN,NaN,NaN,NaN,NaN,NaN,NaN,NaN,NaN
NaN,NaN,NaN,0.844444444,0,NaN,NaN,NaN,NaN,NaN,NaN,NaN,NaN,NaN,NaN,NaN,NaN
NaN,NaN,NaN,NaN,0,NaN,NaN,NaN,NaN,NaN,NaN,NaN,NaN,NaN,NaN,NaN,NaN
NaN,NaN,NaN,0.138888889,NaN,NaN,NaN,NaN,NaN,NaN,NaN,NaN,NaN,NaN,NaN,NaN,NaN
NaN,NaN,NaN,NaN,NaN,NaN,NaN,NaN,NaN,NaN,NaN,NaN,NaN,NaN,NaN,NaN,NaN
NaN,NaN,NaN,0.26,NaN,NaN,NaN,NaN,NaN,NaN,NaN,NaN,NaN,NaN,NaN,NaN,NaN
NaN,NaN,NaN,0.088888889,NaN,NaN,NaN,NaN,NaN,NaN,NaN,NaN,NaN,NaN,NaN,NaN,NaN
NaN,NaN,NaN,0.05,0.5872222222,NaN,NaN,NaN,NaN,NaN,NaN,NaN,NaN,NaN,NaN,NaN,NaN
NaN,NaN,NaN,0.1,0.7011111111,NaN,NaN,NaN,NaN,NaN,NaN,NaN,NaN,NaN,NaN,NaN,NaN
NaN,NaN,NaN,0.742857143,0,NaN,NaN,NaN,NaN,NaN,NaN,NaN,NaN,NaN,NaN,NaN,NaN
NaN,NaN,NaN,2.344444444,0,-28.336296081543,NaN,NaN,NaN,NaN,NaN,NaN,NaN,NaN,NaN,NaN,NaN
NaN,NaN,NaN,2.355555556,0,-43.719425201416,NaN,NaN,NaN,NaN,NaN,NaN,NaN,NaN,NaN,NaN,NaN
NaN,NaN,NaN,NaN,0,NaN,NaN,NaN,NaN,NaN,NaN,NaN,NaN,NaN,NaN,NaN,NaN
NaN,NaN,NaN,0.727777778,0,NaN,NaN,NaN,NaN,NaN,NaN,NaN,NaN,NaN,NaN,NaN,NaN
NaN,NaN,NaN,1.405555556,0,-30.5077648162842,NaN,NaN,NaN,NaN,NaN,NaN,NaN,NaN,NaN,NaN,NaN
NaN,NaN,NaN,0.888888889,NaN,-26.9493560791016,NaN,NaN,NaN,NaN,NaN,NaN,NaN,NaN,NaN,NaN,NaN
NaN,NaN,NaN,NaN,NaN,-4.23451232910156,NaN,NaN,NaN,NaN,NaN,NaN,NaN,NaN,NaN,NaN,NaN
NaN,NaN,NaN,0.075,NaN,-0.625506281852722,NaN,NaN,NaN,NaN,NaN,NaN,NaN,NaN,NaN,NaN,NaN
NaN,NaN,NaN,0.161111111,NaN,-3.00520515441895,NaN,NaN,NaN,NaN,NaN,NaN,NaN,NaN,NaN,NaN,NaN
NaN,NaN,NaN,0.10625,0.5644444444,18.4314193725586,NaN,NaN,NaN,NaN,NaN,NaN,NaN,NaN,NaN,NaN,NaN
NaN,NaN,NaN,0.766666667,0.02111111111,28.627893447876,NaN,NaN,NaN,NaN,NaN,NaN,NaN,NaN,NaN,NaN,NaN
NaN,NaN,NaN,1.322222222,0,12.3105707168579,NaN,NaN,NaN,NaN,NaN,NaN,NaN,NaN,NaN,NaN,NaN
NaN,NaN,NaN,2.466666667,0,-42.6612167358398,NaN,NaN,NaN,NaN,NaN,NaN,NaN,NaN,NaN,NaN,NaN
NaN,NaN,NaN,3.3,0,-87.5115814208984,NaN,NaN,NaN,NaN,NaN,NaN,NaN,NaN,NaN,NaN,NaN
NaN,NaN,NaN,1.8,0,-56.0550918579102,NaN,NaN,NaN,NaN,NaN,NaN,NaN,NaN,NaN,NaN,NaN
NaN,NaN,NaN,0.683333333,0,-63.6456680297852,NaN,NaN,NaN,NaN,NaN,NaN,NaN,NaN,NaN,NaN,NaN
NaN,NaN,NaN,1.257142857,NaN,-47.4780044555664,NaN,NaN,NaN,NaN,NaN,NaN,NaN,NaN,NaN,NaN,NaN
NaN,NaN,NaN,0.114285714,NaN,-32.5582008361816,NaN,NaN,NaN,NaN,NaN,NaN,NaN,NaN,NaN,NaN,NaN
NaN,NaN,NaN,NaN,NaN,0.466442465782166,NaN,NaN,NaN,NaN,NaN,NaN,NaN,NaN,NaN,NaN,NaN
