NBE,CH4,ET,LAI,SCF,EWT,ABGB,GPP_DT,ER_DT,GPP_NT,ER_NT,NBE_F,CH4_F,ET_F,NBE_ANN,CH4_ANN,ET_ANN
NaN,NaN,NaN,0.1,0.07944444444,-71.5175857543945,NaN,NaN,NaN,NaN,NaN,NaN,NaN,NaN,NaN,NaN,NaN
NaN,NaN,NaN,0.128571429,0,-18.727710723877,NaN,NaN,NaN,NaN,NaN,NaN,NaN,NaN,NaN,NaN,NaN
NaN,NaN,NaN,0.2,0,-17.1513996124268,NaN,NaN,NaN,NaN,NaN,NaN,NaN,NaN,NaN,NaN,NaN
NaN,NaN,NaN,0.507142857,0,18.1572971343994,NaN,NaN,NaN,NaN,NaN,NaN,NaN,NaN,NaN,NaN,NaN
NaN,NaN,NaN,0.68125,0,18.4371662139893,NaN,NaN,NaN,NaN,NaN,NaN,NaN,NaN,NaN,NaN,NaN
NaN,NaN,NaN,0.6,0,24.4867343902588,NaN,NaN,NaN,NaN,NaN,NaN,NaN,NaN,NaN,NaN,NaN
NaN,NaN,NaN,1.744444444,0,13.3887844085693,NaN,NaN,NaN,NaN,NaN,NaN,NaN,NaN,NaN,NaN,NaN
NaN,NaN,NaN,2.09,0,-56.4370727539062,NaN,NaN,NaN,NaN,NaN,NaN,NaN,NaN,NaN,NaN,NaN
NaN,NaN,NaN,1.194444444,0,-76.094596862793,NaN,NaN,NaN,NaN,NaN,NaN,NaN,NaN,NaN,NaN,NaN
NaN,NaN,NaN,0.561111111,0,-21.8669815063477,NaN,NaN,NaN,NaN,NaN,NaN,NaN,NaN,NaN,NaN,NaN
NaN,NaN,NaN,0.188888889,0,-4.13734340667725,NaN,NaN,NaN,NaN,NaN,NaN,NaN,NaN,NaN,NaN,NaN
NaN,NaN,NaN,0.166666667,0,46.7140960693359,NaN,NaN,NaN,NaN,NaN,NaN,NaN,NaN,NaN,NaN,NaN
NaN,NaN,NaN,0.1,0,92.25634765625,NaN,NaN,NaN,NaN,NaN,NaN,NaN,NaN,NaN,NaN,NaN
NaN,NaN,NaN,0,0.7,70.4804000854492,NaN,NaN,NaN,NaN,NaN,NaN,NaN,NaN,NaN,NaN,NaN
NaN,NaN,NaN,0.233333333,0,100.316101074219,NaN,NaN,NaN,NaN,NaN,NaN,NaN,NaN,NaN,NaN,NaN
NaN,NaN,NaN,0.316666667,0,89.4435119628906,NaN,NaN,NaN,NaN,NaN,NaN,NaN,NaN,NaN,NaN,NaN
NaN,NaN,NaN,0.3875,0,72.7813186645508,NaN,NaN,NaN,NaN,NaN,NaN,NaN,NaN,NaN,NaN,NaN
NaN,NaN,NaN,0.733333333,0,8.55173397064209,NaN,NaN,NaN,NaN,NaN,NaN,NaN,NaN,NaN,NaN,NaN
NaN,NaN,NaN,1.566666667,0,-67.5164031982422,NaN,NaN,NaN,NaN,NaN,NaN,NaN,NaN,NaN,NaN,NaN
NaN,NaN,NaN,2.861111111,0,-65.1077194213867,NaN,NaN,NaN,NaN,NaN,NaN,NaN,NaN,NaN,NaN,NaN
NaN,NaN,NaN,1.005555556,0,-131.59748840332,NaN,NaN,NaN,NaN,NaN,NaN,NaN,NaN,NaN,NaN,NaN
NaN,NaN,NaN,0.355555556,0,-180.925994873047,NaN,NaN,NaN,NaN,NaN,NaN,NaN,NaN,NaN,NaN,NaN
NaN,NaN,NaN,0.283333333,0,-132.737045288086,NaN,NaN,NaN,NaN,NaN,NaN,NaN,NaN,NaN,NaN,NaN
NaN,NaN,NaN,0.233333333,0,-53.4811706542969,NaN,NaN,NaN,NaN,NaN,NaN,NaN,NaN,NaN,NaN,NaN
NaN,NaN,NaN,0.214285714,0,-21.619068145752,NaN,NaN,NaN,NaN,NaN,NaN,NaN,NaN,NaN,NaN,NaN
NaN,NaN,NaN,0.05,0.7044444444,33.7879791259766,NaN,NaN,NaN,NaN,NaN,NaN,NaN,NaN,NaN,NaN,NaN
NaN,NaN,NaN,0.122222222,0.5577777778,60.8023986816406,NaN,NaN,NaN,NaN,NaN,NaN,NaN,NaN,NaN,NaN,NaN
NaN,NaN,NaN,0.333333333,0,59.1205940246582,NaN,NaN,NaN,NaN,NaN,NaN,NaN,NaN,NaN,NaN,NaN
NaN,NaN,NaN,0.711111111,0,96.1352462768555,NaN,NaN,NaN,NaN,NaN,NaN,NaN,NaN,NaN,NaN,NaN
NaN,NaN,NaN,0.777777778,0,71.6302337646484,NaN,NaN,NaN,NaN,NaN,NaN,NaN,NaN,NaN,NaN,NaN
NaN,NaN,NaN,1.1,0,62.1812057495117,NaN,NaN,NaN,NaN,NaN,NaN,NaN,NaN,NaN,NaN,NaN
NaN,NaN,NaN,1.288888889,0,-4.5600471496582,NaN,NaN,NaN,NaN,NaN,NaN,NaN,NaN,NaN,NaN,NaN
NaN,NaN,NaN,0.733333333,0,-52.5020294189453,NaN,NaN,NaN,NaN,NaN,NaN,NaN,NaN,NaN,NaN,NaN
NaN,NaN,NaN,0.294444444,0,-93.7496185302734,NaN,NaN,NaN,NaN,NaN,NaN,NaN,NaN,NaN,NaN,NaN
NaN,NaN,NaN,0.175,0,-75.3478851318359,NaN,NaN,NaN,NaN,NaN,NaN,NaN,NaN,NaN,NaN,NaN
NaN,NaN,NaN,0.066666667,0.07833333333,8.56753730773926,NaN,NaN,NaN,NaN,NaN,NaN,NaN,NaN,NaN,NaN,NaN
NaN,NaN,NaN,NaN,0.7,80.7013320922852,NaN,NaN,NaN,NaN,NaN,NaN,NaN,NaN,NaN,NaN,NaN
NaN,NaN,NaN,0.2,0.7422222222,56.9942054748535,NaN,NaN,NaN,NaN,NaN,NaN,NaN,NaN,NaN,NaN,NaN
NaN,NaN,NaN,0.228571429,0,75.6258850097656,NaN,NaN,NaN,NaN,NaN,NaN,NaN,NaN,NaN,NaN,NaN
NaN,NaN,NaN,0.288888889,0,71.5376205444336,NaN,NaN,NaN,NaN,NaN,NaN,NaN,NaN,NaN,NaN,NaN
NaN,NaN,NaN,0.521428571,0,147.614303588867,NaN,NaN,NaN,NaN,NaN,NaN,NaN,NaN,NaN,NaN,NaN
NaN,NaN,NaN,0.61875,0,123.552467346191,NaN,NaN,NaN,NaN,NaN,NaN,NaN,NaN,NaN,NaN,NaN
NaN,NaN,NaN,1.205555556,0,71.9947891235352,NaN,NaN,NaN,NaN,NaN,NaN,NaN,NaN,NaN,NaN,NaN
NaN,NaN,NaN,NaN,0,55.5575141906738,NaN,NaN,NaN,NaN,NaN,NaN,NaN,NaN,NaN,NaN,NaN
NaN,NaN,NaN,2.35625,0,-30.546028137207,NaN,NaN,NaN,NaN,NaN,NaN,NaN,NaN,NaN,NaN,NaN
NaN,NaN,NaN,0.3,0,4.83607959747314,NaN,NaN,NaN,NaN,NaN,NaN,NaN,NaN,NaN,NaN,NaN
NaN,NaN,NaN,0.222222222,0,35.5762901306152,NaN,NaN,NaN,NaN,NaN,NaN,NaN,NaN,NaN,NaN,NaN
NaN,NaN,NaN,0.125,0,42.3882522583008,NaN,NaN,NaN,NaN,NaN,NaN,NaN,NaN,NaN,NaN,NaN
NaN,NaN,NaN,0,0.5583333333,47.2985305786133,NaN,NaN,NaN,NaN,NaN,NaN,NaN,NaN,NaN,NaN,NaN
NaN,NaN,NaN,0,0.7066666667,60.2633514404297,NaN,NaN,NaN,NaN,NaN,NaN,NaN,NaN,NaN,NaN,NaN
NaN,NaN,NaN,0.194444444,0,46.6285667419434,NaN,NaN,NaN,NaN,NaN,NaN,NaN,NaN,NaN,NaN,NaN
NaN,NaN,NaN,0.533333333,0,50.7785835266113,NaN,NaN,NaN,NaN,NaN,NaN,NaN,NaN,NaN,NaN,NaN
NaN,NaN,NaN,0.794444444,0,73.0642242431641,NaN,NaN,NaN,NaN,NaN,NaN,NaN,NaN,NaN,NaN,NaN
NaN,NaN,NaN,0.85,0,36.6145133972168,NaN,NaN,NaN,NaN,NaN,NaN,NaN,NaN,NaN,NaN,NaN
NaN,NaN,NaN,1.222222222,0,15.8443298339844,NaN,NaN,NaN,NaN,NaN,NaN,NaN,NaN,NaN,NaN,NaN
NaN,NaN,NaN,2.044444444,0,-20.1261138916016,NaN,NaN,NaN,NaN,NaN,NaN,NaN,NaN,NaN,NaN,NaN
NaN,NaN,NaN,1.072222222,0,-123.561851501465,NaN,NaN,NaN,NaN,NaN,NaN,NaN,NaN,NaN,NaN,NaN
NaN,NaN,NaN,0.322222222,0,-106.060592651367,NaN,NaN,NaN,NaN,NaN,NaN,NaN,NaN,NaN,NaN,NaN
NaN,NaN,NaN,0.227777778,0,-100.377655029297,NaN,NaN,NaN,NaN,NaN,NaN,NaN,NaN,NaN,NaN,NaN
NaN,NaN,NaN,NaN,0.7677777778,-24.6169967651367,NaN,NaN,NaN,NaN,NaN,NaN,NaN,NaN,NaN,NaN,NaN
0.732694867766417,NaN,0.300533844321426,0.00625,0.6705555556,NaN,NaN,0.358648738937543,0.656660619877392,-0.133735796668118,0.581092049951407,0.714828065183802,-9999,0.211208486024178,0.722718601123037,0.00329300368012251,0.319761747764035
0.527938997279856,NaN,0.429636999152915,0.1,0.8005555556,-23.2451839447021,NaN,0.400725637714286,0.869909803894286,0.334820633832,0.726194734714286,0.391373712190286,-9999,0.488451704648067,0.615611871660264,-0.00251638168308347,0.519903744404929
1.27911225620616,NaN,1.81633962429253,0.227777778,0,17.7986373901367,NaN,0.439052736665961,1.26593123706581,-0.304383140377548,0.815291721290323,1.11967569731613,-9999,1.35132160079811,1.11495452602495,-0.00600597798392397,1.38846369733735
1.05432343813422,NaN,3.45277612442619,0.305555556,0,64.3570861816406,NaN,0.463149403210062,2.188907260488,-0.0717676771608,0.7889621544,0.860729419872,-9999,2.13617043623783,0.990174214764925,-0.00143390962446674,2.17860422870801
2.33649353715022,0.00448466744100721,4.9420778619938,0.3875,0,132.902969360352,NaN,0.12150972484041,2.00096930594323,-0.226815032415484,1.74436160910968,1.97117656159123,0.002780832804876,3.11161249400068,1.91542623998141,0.00278318847376581,3.14004650960629
1.79113197125034,0.0108332589899749,2.992096906586,0.48,0,NaN,NaN,0.457706546437525,2.028547070064,0.3640698709344,2.15765525952,1.793584643832,0.00616890934008,2.06806092087932,1.74705080047889,0.00615032729064355,2.08877165062448
-7.61128066256347,0.00647712383814319,7.01886331815754,1.183333333,0,39.6786041259766,NaN,8.61197009109677,4.92465336512516,8.64951817224774,4.98030156023226,-3.66922166167742,0.00349069287541703,4.79973340379089,-3.67508952472042,0.00358224706569461,4.86748630561408
-13.8468285314439,0.00414566313546766,7.7696727481157,2.85,0,-8.56586837768555,NaN,15.6626491494194,9.30546841770581,14.8944860830219,8.04434435372903,-6.85014844738065,0.00179871788703484,5.36120782723891,-6.79749668082419,0.00154383459102416,5.37149417507485
-2.51397471073592,0.00548187765107062,3.94264912508198,1.7125,0,4.39414215087891,NaN,5.38102874592,5.122546165872,5.1401816902872,4.93884660456,-0.20133017928,0.002592645082344,2.8725956738966,-0.3066705287148,0.00341195112306076,2.83571448333637
2.15955550474315,0.0085251070902662,2.15660502707133,0.344444444,0,-18.1997413635254,NaN,0.258962587501935,1.16375348020645,-0.317134117045161,1.54013596490323,1.85727050377548,0.00711963473172387,1.48204492377452,1.81089599804236,0.00626679906305656,1.5104218893086
1.03371071974045,0.00436610930624241,1.66196353621166,0.205555556,0,17.3913898468018,NaN,0.191381475528,0.926276184576,0.08108998111224,1.10401983144,1.02293007012,0.003347828606016,1.22108584323345,1.00164701879365,0.00295759738340829,1.25822542818986
0.803101086186824,0.0144181435304302,1.0744744847019,0.15,0,59.5235862731934,NaN,0.153366588139355,0.51485691284129,0.115245076210606,0.856361389935484,0.741115818766452,0.0110192480400774,0.956017940668909,0.71319233615955,0.0103080151135694,0.940075720007301
0.631965838276322,0.00964855594830177,1.03019834236508,0.15,0,74.8506469726562,NaN,0.144629726562581,0.222803377223226,0.13828563751471,0.754513228103226,0.616227161434839,0.00730941107035355,0.955227755804698,0.648047572348978,0.00650207368208061,0.896120132809757
0.305831403528983,0.00898657101038513,1.26230233459392,0.172222222,0,75.1295013427734,NaN,0.258521938758621,0.168410918209655,0.197411012568,0.656804868331034,0.459394112855172,0.00571702750361379,0.957960503276327,0.523359135814164,0.00573578353550527,1.01782240252956
1.02298333791576,0.00995293605057565,3.31056866139857,0.316666667,0,120.816795349121,NaN,0.347234770289032,1.18421033762323,0.0489672492619355,0.970955474167742,0.92198813300129,0.00737416474629678,2.17493185179498,0.947395756161714,0.00691843328897889,2.16157386800305
1.86537576556872,0.0124728745159759,2.49093248506622,0.355555556,0,57.0021896362305,NaN,0.164038119027475,2.250427839768,-0.720787050864,0.55075992696,1.2715460948016,0.008637973699248,1.68341391997633,1.49023641259966,0.0106402989207282,1.713946301253
3.55674518990305,NaN,3.15906687061639,0.364285714,0,NaN,NaN,0.0621664344319961,4.06033661290064,-0.820632559517419,1.92485110389677,2.74548346817806,-9999,2.1199246349553,2.76231551424197,0.0222524539837964,2.14703697060664
-0.477413374995795,NaN,4.25119759724455,0.5,0,14.651912689209,NaN,2.31893405276423,2.24097629328,2.5248152576808,2.76185846664,0.23703920244,-9999,3.29168138291742,0.264850428693793,0.0270431566312656,3.30443821543614
-10.5888774229634,NaN,6.96988274633893,1.591666667,0,-87.5693130493164,NaN,12.4331619948387,7.27789591518968,11.338994869711,5.68400806544516,-5.65498144237935,-9999,4.91907795929556,-5.83606714324766,0.0297701076721534,4.93531710846113
-15.8705938600074,NaN,7.27500036213673,2.69375,0,-135.918563842773,NaN,13.5757251894194,7.35701323912258,13.4586237040258,6.99037538469677,-6.46824075835355,-9999,4.38273582559745,-6.91158309283091,0.0300746236796965,4.48103541838507
-0.409858911438084,NaN,3.30105199910351,1.2,0,-172.076324462891,NaN,2.547682933896,3.455903380608,2.7264554648568,3.75342745608,1.02696969528,-9999,2.12359723628464,1.04561995351858,0.0296787176237827,2.15977078688408
1.08058788636874,NaN,2.38125205303175,0.3,0,NaN,NaN,0.952527437031484,2.28072143886968,0.739513416565161,2.01708391354839,1.27756970252129,-9999,1.74653409827428,1.05922635106434,0.0290450254788005,1.75115826358414
-4.7963218952291,NaN,1.81678349514804,0.391666667,0,-128.583557128906,NaN,2.69952375312,1.275489908928,2.68691903532,1.18179503352,-1.505126382048,-9999,1.26717114707655,-1.32776779821158,0.0243208679075803,1.27012692388033
-1.52242685584772,NaN,0.943227131283373,0.283333333,0,-123.655311584473,NaN,1.94319075251613,0.818407146286452,1.68574607748465,1.30158278547097,-0.384165442196129,-9999,0.847666622252517,-0.488953085336838,0.024612225771311,0.829951389431939
NaN,NaN,NaN,0.164285714,0.4305555556,-78.4551391601562,NaN,NaN,NaN,NaN,NaN,NaN,NaN,NaN,NaN,NaN,NaN
NaN,NaN,NaN,0.088888889,0.4927777778,-22.872917175293,NaN,NaN,NaN,NaN,NaN,NaN,NaN,NaN,NaN,NaN,NaN
NaN,NaN,NaN,0.3,0,NaN,NaN,NaN,NaN,NaN,NaN,NaN,NaN,NaN,NaN,NaN,NaN
NaN,NaN,NaN,0.5,0,13.4849090576172,NaN,NaN,NaN,NaN,NaN,NaN,NaN,NaN,NaN,NaN,NaN
NaN,NaN,NaN,0.857142857,0,26.1822814941406,NaN,NaN,NaN,NaN,NaN,NaN,NaN,NaN,NaN,NaN,NaN
NaN,NaN,NaN,1.02,0,62.5552291870117,NaN,NaN,NaN,NaN,NaN,NaN,NaN,NaN,NaN,NaN,NaN
NaN,NaN,NaN,1.494444444,0,25.3454570770264,NaN,NaN,NaN,NaN,NaN,NaN,NaN,NaN,NaN,NaN,NaN
NaN,NaN,NaN,1.864285714,0,NaN,NaN,NaN,NaN,NaN,NaN,NaN,NaN,NaN,NaN,NaN,NaN
NaN,NaN,NaN,1.472222222,0,NaN,NaN,NaN,NaN,NaN,NaN,NaN,NaN,NaN,NaN,NaN,NaN
NaN,NaN,NaN,0.333333333,0,-63.6433372497559,NaN,NaN,NaN,NaN,NaN,NaN,NaN,NaN,NaN,NaN,NaN
NaN,NaN,NaN,0.16875,0,-43.3993492126465,NaN,NaN,NaN,NaN,NaN,NaN,NaN,NaN,NaN,NaN,NaN
NaN,NaN,NaN,0.142857143,0.03611111111,-26.276216506958,NaN,NaN,NaN,NaN,NaN,NaN,NaN,NaN,NaN,NaN,NaN
NaN,NaN,NaN,0.083333333,0.6966666667,11.153076171875,NaN,NaN,NaN,NaN,NaN,NaN,NaN,NaN,NaN,NaN,NaN
NaN,NaN,NaN,0,0.7044444444,NaN,NaN,NaN,NaN,NaN,NaN,NaN,NaN,NaN,NaN,NaN,NaN
NaN,NaN,NaN,0.005555556,0.5955555556,59.3704833984375,NaN,NaN,NaN,NaN,NaN,NaN,NaN,NaN,NaN,NaN,NaN
NaN,NaN,NaN,0.278571429,0,88.3581924438477,NaN,NaN,NaN,NaN,NaN,NaN,NaN,NaN,NaN,NaN,NaN
NaN,NaN,NaN,0.583333333,0,120.783615112305,NaN,NaN,NaN,NaN,NaN,NaN,NaN,NaN,NaN,NaN,NaN
NaN,NaN,NaN,0.6375,0,94.0930557250977,NaN,NaN,NaN,NaN,NaN,NaN,NaN,NaN,NaN,NaN,NaN
NaN,NaN,NaN,1.3,0,NaN,NaN,NaN,NaN,NaN,NaN,NaN,NaN,NaN,NaN,NaN,NaN
NaN,NaN,NaN,2.233333333,0,56.2618560791016,NaN,NaN,NaN,NaN,NaN,NaN,NaN,NaN,NaN,NaN,NaN
NaN,NaN,NaN,1.388888889,0,45.0707588195801,NaN,NaN,NaN,NaN,NaN,NaN,NaN,NaN,NaN,NaN,NaN
NaN,NaN,NaN,0.311111111,0,6.31936979293823,NaN,NaN,NaN,NaN,NaN,NaN,NaN,NaN,NaN,NaN,NaN
NaN,NaN,NaN,0.2,0,53.4854698181152,NaN,NaN,NaN,NaN,NaN,NaN,NaN,NaN,NaN,NaN,NaN
NaN,NaN,NaN,0.1375,0,NaN,NaN,NaN,NaN,NaN,NaN,NaN,NaN,NaN,NaN,NaN,NaN
NaN,NaN,NaN,0,0.6222222222,109.832427978516,1354.345641,NaN,NaN,NaN,NaN,NaN,NaN,NaN,NaN,NaN,NaN
NaN,NaN,NaN,0,0.7144444444,119.509231567383,1354.345641,NaN,NaN,NaN,NaN,NaN,NaN,NaN,NaN,NaN,NaN
NaN,NaN,NaN,0.127777778,0.3905555556,75.1428909301758,1354.345641,NaN,NaN,NaN,NaN,NaN,NaN,NaN,NaN,NaN,NaN
NaN,NaN,NaN,0.283333333,0,114.967651367188,1354.345641,NaN,NaN,NaN,NaN,NaN,NaN,NaN,NaN,NaN,NaN
NaN,NaN,NaN,0.357142857,0,113.558921813965,1354.345641,NaN,NaN,NaN,NaN,NaN,NaN,NaN,NaN,NaN,NaN
NaN,NaN,NaN,0.65,0,NaN,1354.345641,NaN,NaN,NaN,NaN,NaN,NaN,NaN,NaN,NaN,NaN
NaN,NaN,NaN,1.4875,0,217.303176879883,1354.345641,NaN,NaN,NaN,NaN,NaN,NaN,NaN,NaN,NaN,NaN
NaN,NaN,NaN,2.4,0,116.68822479248,1354.345641,NaN,NaN,NaN,NaN,NaN,NaN,NaN,NaN,NaN,NaN
NaN,NaN,NaN,1.055555556,0,28.5210189819336,1354.345641,NaN,NaN,NaN,NaN,NaN,NaN,NaN,NaN,NaN,NaN
NaN,NaN,NaN,0.288888889,0,NaN,1354.345641,NaN,NaN,NaN,NaN,NaN,NaN,NaN,NaN,NaN,NaN
NaN,NaN,NaN,0.172222222,0,NaN,1354.345641,NaN,NaN,NaN,NaN,NaN,NaN,NaN,NaN,NaN,NaN
NaN,NaN,NaN,NaN,0,103.107917785645,1354.345641,NaN,NaN,NaN,NaN,NaN,NaN,NaN,NaN,NaN,NaN
