NBE,CH4,ET,LAI,SCF,EWT,ABGB,GPP_DT,ER_DT,GPP_NT,ER_NT,NBE_F,CH4_F,ET_F,NBE_ANN,CH4_ANN,ET_ANN
NaN,NaN,NaN,1.308333333,0,-40.025447845459,NaN,NaN,NaN,NaN,NaN,NaN,NaN,NaN,NaN,NaN,NaN
NaN,NaN,NaN,1.158333333,0,-30.8802433013916,NaN,NaN,NaN,NaN,NaN,NaN,NaN,NaN,NaN,NaN,NaN
NaN,NaN,NaN,1.225,0,-69.5987091064453,NaN,NaN,NaN,NaN,NaN,NaN,NaN,NaN,NaN,NaN,NaN
NaN,NaN,NaN,2.266666667,0,-104.089492797852,NaN,NaN,NaN,NaN,NaN,NaN,NaN,NaN,NaN,NaN,NaN
NaN,NaN,NaN,NaN,0,-117.65941619873,NaN,NaN,NaN,NaN,NaN,NaN,NaN,NaN,NaN,NaN,NaN
NaN,NaN,NaN,2.25,0,-56.1497344970703,NaN,NaN,NaN,NaN,NaN,NaN,NaN,NaN,NaN,NaN,NaN
NaN,NaN,NaN,2.166666667,0,-26.8315353393555,NaN,NaN,NaN,NaN,NaN,NaN,NaN,NaN,NaN,NaN,NaN
NaN,NaN,NaN,2.2,0,-11.1688089370728,NaN,NaN,NaN,NaN,NaN,NaN,NaN,NaN,NaN,NaN,NaN
NaN,NaN,NaN,2.2,0,131.711029052734,NaN,NaN,NaN,NaN,NaN,NaN,NaN,NaN,NaN,NaN,NaN
NaN,NaN,NaN,1.9125,0,-2.22354507446289,NaN,NaN,NaN,NaN,NaN,NaN,NaN,NaN,NaN,NaN,NaN
NaN,NaN,NaN,1.566666667,0,-6.13889741897583,NaN,NaN,NaN,NaN,NaN,NaN,NaN,NaN,NaN,NaN,NaN
NaN,NaN,NaN,1.04,0,24.9369506835938,NaN,NaN,NaN,NaN,NaN,NaN,NaN,NaN,NaN,NaN,NaN
NaN,NaN,NaN,1.1125,0.00611111111,-6.22066688537598,NaN,NaN,NaN,NaN,NaN,NaN,NaN,NaN,NaN,NaN,NaN
NaN,NaN,NaN,1.266666667,0,-64.8087158203125,NaN,NaN,NaN,NaN,NaN,NaN,NaN,NaN,NaN,NaN,NaN
NaN,NaN,NaN,1.166666667,0,-66.3511810302734,NaN,NaN,NaN,NaN,NaN,NaN,NaN,NaN,NaN,NaN,NaN
NaN,NaN,NaN,2.4,0,-84.7597961425781,NaN,NaN,NaN,NaN,NaN,NaN,NaN,NaN,NaN,NaN,NaN
NaN,NaN,NaN,2.075,0,-63.5614967346191,NaN,NaN,NaN,NaN,NaN,NaN,NaN,NaN,NaN,NaN,NaN
NaN,NaN,NaN,2.1,0,-20.9210472106934,NaN,NaN,NaN,NaN,NaN,NaN,NaN,NaN,NaN,NaN,NaN
NaN,NaN,NaN,2.3,0,53.0448875427246,NaN,NaN,NaN,NaN,NaN,NaN,NaN,NaN,NaN,NaN,NaN
NaN,NaN,NaN,1.933333333,0,71.0758056640625,NaN,NaN,NaN,NaN,NaN,NaN,NaN,NaN,NaN,NaN,NaN
NaN,NaN,NaN,1.6,0,92.9960784912109,NaN,NaN,NaN,NaN,NaN,NaN,NaN,NaN,NaN,NaN,NaN
NaN,NaN,NaN,1.6,0,80.4157562255859,NaN,NaN,NaN,NaN,NaN,NaN,NaN,NaN,NaN,NaN,NaN
NaN,NaN,NaN,2.025,0,33.6156806945801,NaN,NaN,NaN,NaN,NaN,NaN,NaN,NaN,NaN,NaN,NaN
NaN,NaN,NaN,0.775,0,66.3995208740234,NaN,NaN,NaN,NaN,NaN,NaN,NaN,NaN,NaN,NaN,NaN
NaN,NaN,NaN,1.091666667,0,21.1794281005859,NaN,NaN,NaN,NaN,NaN,NaN,NaN,NaN,NaN,NaN,NaN
NaN,NaN,NaN,1.357142857,0,7.50782060623169,NaN,NaN,NaN,NaN,NaN,NaN,NaN,NaN,NaN,NaN,NaN
NaN,NaN,NaN,1.341666667,0,17.125509262085,NaN,NaN,NaN,NaN,NaN,NaN,NaN,NaN,NaN,NaN,NaN
NaN,NaN,NaN,2,0,-26.9560718536377,NaN,NaN,NaN,NaN,NaN,NaN,NaN,NaN,NaN,NaN,NaN
NaN,NaN,NaN,1.833333333,0,-37.494800567627,NaN,NaN,NaN,NaN,NaN,NaN,NaN,NaN,NaN,NaN,NaN
NaN,NaN,NaN,3.15,0,19.2496128082275,NaN,NaN,NaN,NaN,NaN,NaN,NaN,NaN,NaN,NaN,NaN
NaN,NaN,NaN,2.275,0,63.5885925292969,NaN,NaN,NaN,NaN,NaN,NaN,NaN,NaN,NaN,NaN,NaN
NaN,NaN,NaN,1.72,0,72.9192657470703,NaN,NaN,NaN,NaN,NaN,NaN,NaN,NaN,NaN,NaN,NaN
NaN,NaN,NaN,0.7,0,46.7239608764648,NaN,NaN,NaN,NaN,NaN,NaN,NaN,NaN,NaN,NaN,NaN
NaN,NaN,NaN,1.166666667,0,-4.89998292922974,NaN,NaN,NaN,NaN,NaN,NaN,NaN,NaN,NaN,NaN,NaN
NaN,NaN,NaN,1.533333333,0,-26.5303249359131,NaN,NaN,NaN,NaN,NaN,NaN,NaN,NaN,NaN,NaN,NaN
NaN,NaN,NaN,1,0,6.93962144851685,NaN,NaN,NaN,NaN,NaN,NaN,NaN,NaN,NaN,NaN,NaN
NaN,NaN,NaN,1.325,0,NaN,NaN,NaN,NaN,NaN,NaN,NaN,NaN,NaN,NaN,NaN,NaN
NaN,NaN,NaN,1.1,0,-34.5121231079102,NaN,NaN,NaN,NaN,NaN,NaN,NaN,NaN,NaN,NaN,NaN
NaN,NaN,NaN,1.791666667,0,-83.2425994873047,NaN,NaN,NaN,NaN,NaN,NaN,NaN,NaN,NaN,NaN,NaN
NaN,NaN,NaN,2.175,0,-38.5109176635742,NaN,NaN,NaN,NaN,NaN,NaN,NaN,NaN,NaN,NaN,NaN
NaN,NaN,NaN,2.1875,0,-116.413909912109,NaN,NaN,NaN,NaN,NaN,NaN,NaN,NaN,NaN,NaN,NaN
NaN,NaN,NaN,2.2,0,NaN,NaN,NaN,NaN,NaN,NaN,NaN,NaN,NaN,NaN,NaN,NaN
NaN,NaN,NaN,2.2,0,2.12037706375122,NaN,NaN,NaN,NaN,NaN,NaN,NaN,NaN,NaN,NaN,NaN
NaN,NaN,NaN,1.5,0,13.9836988449097,NaN,NaN,NaN,NaN,NaN,NaN,NaN,NaN,NaN,NaN,NaN
NaN,NaN,NaN,1.84,0,46.9368057250977,NaN,NaN,NaN,NaN,NaN,NaN,NaN,NaN,NaN,NaN,NaN
NaN,NaN,NaN,1.583333333,0,-29.358757019043,NaN,NaN,NaN,NaN,NaN,NaN,NaN,NaN,NaN,NaN,NaN
NaN,NaN,NaN,1.583333333,0,-6.04706859588623,NaN,NaN,NaN,NaN,NaN,NaN,NaN,NaN,NaN,NaN,NaN
NaN,NaN,NaN,1.1,0,-79.3274841308594,NaN,NaN,NaN,NaN,NaN,NaN,NaN,NaN,NaN,NaN,NaN
NaN,NaN,NaN,1.4875,0,-37.6999626159668,NaN,NaN,NaN,NaN,NaN,NaN,NaN,NaN,NaN,NaN,NaN
NaN,NaN,NaN,1.08,0,-73.9537887573242,NaN,NaN,NaN,NaN,NaN,NaN,NaN,NaN,NaN,NaN,NaN
NaN,NaN,NaN,1.9,0,-9.99363327026367,NaN,NaN,NaN,NaN,NaN,NaN,NaN,NaN,NaN,NaN,NaN
NaN,NaN,NaN,1.4,0,-94.9362869262695,NaN,NaN,NaN,NaN,NaN,NaN,NaN,NaN,NaN,NaN,NaN
NaN,NaN,NaN,2,0,NaN,NaN,NaN,NaN,NaN,NaN,NaN,NaN,NaN,NaN,NaN,NaN
NaN,NaN,NaN,1.95,0,-5.64336490631104,NaN,NaN,NaN,NaN,NaN,NaN,NaN,NaN,NaN,NaN,NaN
NaN,NaN,NaN,2.1,0,36.5221061706543,NaN,NaN,NaN,NaN,NaN,NaN,NaN,NaN,NaN,NaN,NaN
NaN,NaN,NaN,2.608333333,0,85.5486907958984,NaN,NaN,NaN,NaN,NaN,NaN,NaN,NaN,NaN,NaN,NaN
NaN,NaN,NaN,2.1,0.01777777778,94.9494094848633,NaN,NaN,NaN,NaN,NaN,NaN,NaN,NaN,NaN,NaN,NaN
NaN,NaN,NaN,1.72,0,NaN,NaN,NaN,NaN,NaN,NaN,NaN,NaN,NaN,NaN,NaN,NaN
NaN,NaN,NaN,1.183333333,0,34.6802787780762,NaN,NaN,NaN,NaN,NaN,NaN,NaN,NaN,NaN,NaN,NaN
NaN,NaN,NaN,0.3,0,73.7068862915039,NaN,NaN,NaN,NaN,NaN,NaN,NaN,NaN,NaN,NaN,NaN
NaN,NaN,NaN,1.17,0,7.22729396820068,NaN,5.49405928350309,7.92083644507816,-9999,5.75983065016884,-9999,-9999,-9999,0.973718121416898,0.0367971564204697,1.30037322056123
NaN,NaN,NaN,1.308333333,0,41.7032585144043,NaN,6.28630624285714,7.64983341365143,-9999,5.636506068,-9999,-9999,-9999,0.916398300253151,0.0187620294741337,1.68071001911436
NaN,NaN,NaN,1.65,0,NaN,NaN,7.09667949832258,7.04873972266839,-9999,5.39877061858065,-9999,-9999,-9999,0.692244322853858,0.00832170106893407,2.39846768941548
NaN,NaN,NaN,1.2,0,-26.7952003479004,NaN,7.3768731732,9.243068538168,-9999,6.2422133616,-9999,-9999,-9999,0.0702861635578184,0.018988257196041,2.56779057852793
-1.26870179357554,0.020102630807986,5.02463557042195,2.316666667,0,-2.76782560348511,NaN,7.02016218624774,7.94590790388387,6.24380105689444,6.28954006993548,0.123231372360902,0.0209400275731128,3.68664807330165,0.222014298003761,0.0203895970495629,3.46060281336523
0.653229752444964,NaN,4.32548614809359,1.65,0,56.7216148376465,NaN,5.163040245708,6.16533014808,5.817985192512,7.6603019688,1.84231154952,0.0921641254416,3.44575864324934,1.25243312087939,0.0944526942728373,3.54817074258294
-0.952683147154292,0.250841304696928,4.5261081597684,2.2,0.05555555556,142.815795898438,NaN,4.58941942113213,4.10097277693161,4.49345449191484,4.26466893832258,-0.228786756642581,0.260215374193548,4.015407121614,-0.00179445672801415,0.259650535998646,4.03930456440219
-0.405200525734871,0.427965627607134,4.95504617654235,2.29,0,NaN,NaN,4.09079331824516,3.89058143920258,3.89320774570916,4.15650356593548,0.263294995099355,0.429245129032258,4.52730516621441,0.28089121686874,0.420582122847443,4.53742828002847
-0.143228117470297,0.362499826971499,4.06315340474619,2.425,0,NaN,NaN,3.1135488130368,2.958373964952,3.6518900146128,4.1520766896,0.50018240448,0.3693417264,3.66460278491018,0.513660762488399,0.37238318890873,3.70707062024639
-0.466231324106965,0.298782370255678,3.79038786920824,1.825,0,73.1128234863281,NaN,2.43285484443561,1.91395151695742,2.57646246689961,2.75754113187097,0.181076698451613,0.298985660129032,3.27963754366356,0.247651447013006,0.295654685773665,3.26225759431487
0.023732179812269,0.158451137083713,2.32708691179183,1.34,0,58.8501358032227,NaN,1.8303333299928,1.7942281578,1.624962964464,2.0138836896,0.3889216728,0.16078242096,2.11214986481683,0.382239124321251,0.158520493948893,2.13081446549866
0.73454715947963,0.0911779966781401,1.79502774390207,1.2875,0,79.5791473388672,NaN,1.30633529049987,1.76988687099097,1.56281463127742,2.74324068464516,1.18042495128,0.0958708802322581,1.45871902564537,0.989238232051535,0.0902844824158071,1.51149914211802
0.35438288550261,NaN,1.70424431119404,1.341666667,0,31.8287887573242,NaN,0.612877755635071,0.760538418990968,1.28085225951019,2.12196743070968,0.841115865716129,0.0569934373935484,1.4605789471861,0.812163988078084,0.0467863756972618,1.5235733845255
0.737756115175553,0.0308576622073006,1.9245456742851,1.5625,0,NaN,NaN,1.32527142189514,1.87196743725429,1.33501063672286,2.45064138428571,1.11563080943143,0.03286521108,1.52273512289081,1.10344518421451,0.0344570205627377,1.60205799884726
0.300392293333166,0.0458783437390954,2.86551449520193,1.75,0,17.2385120391846,NaN,1.75608599545626,1.4896714594529,2.33648596691535,3.13810412516129,0.80162372276129,0.0479309654322581,2.53571966113937,0.693432250348279,0.0476945848800355,2.56420606376293
-1.09112978224899,0.0801610066775225,4.06276353326298,1.842857143,0,69.5557556152344,NaN,4.52571909804,3.539456049024,4.272203999304,4.189749516,-0.08246288376,0.08458798248,3.35488818720319,-0.0967026046019684,0.0841802365860287,3.38156386007892
-2.38337411868504,0.162735657211774,5.51136686201313,3.4,0,16.2266006469727,NaN,5.59824675305806,3.58948681673806,5.97953789302993,5.04682050425806,-0.932717439406451,0.165323833780645,4.53809542132205,-0.857084094677039,0.161641979862014,4.5818844019186
-1.86364772386115,0.169853596601419,4.93356478814855,3.42,0,-0.515204608440399,NaN,6.04781295426,5.107593387384,5.823705973608,5.0876030664,-0.736099444008,0.165079139832,4.15060560911907,-0.268757862638094,0.181062797449203,4.20770770652275
-0.469686653147716,0.328131723952423,4.78932338471962,2.14,0,NaN,NaN,4.3921339047871,3.27220374922839,5.38617899821935,5.76171028335484,0.375523359747097,0.330838700051613,4.4182409062606,0.360768486911865,0.326108111502665,4.38877814720436
-0.511931491984389,0.385702288398081,4.50014769659774,2.53,0,47.4146118164062,NaN,5.25025890099871,4.71241762130323,5.762025814392,6.27465996232258,0.512625782996129,0.386584132645161,4.27344628074112,0.357898926285238,0.386489157258124,4.26539966657186
-0.513013874554796,0.304710142730402,3.93295111766247,2.7,0,98.0528564453125,NaN,4.5511203523104,4.362382316808,5.3257828252608,5.8028398848,0.47705616216,0.30716419536,3.59488585762826,0.326281121868408,0.310834306083602,3.66649000981034
-0.512767002567509,0.205506098148184,4.3636732657116,1.8375,0,56.7781867980957,NaN,3.01187751554323,2.37501406381935,4.12006112036129,4.89294147716129,0.772882127303226,0.204192530012903,3.60234347967132,0.579805184960007,0.204305553853674,3.61812762700332
-0.725258972188518,0.0658376266720185,2.7588700971961,1.3,0,51.4381065368652,NaN,1.3539945493656,0.858990180024,2.270398225392,2.2210282944,-0.0493719184800001,0.076223955384,2.20822983984228,0.270765943715107,0.0888818127283593,2.24436872313164
-0.033358352792468,0.0546738250216346,1.86765094365848,1.4,0,NaN,NaN,0.942840535902968,0.801417174015484,1.32726886834065,1.88098698193548,0.553713674028387,0.0529275494787097,1.45546864574187,0.528948916608272,0.0527212424799492,1.54875031666653
0.211371670471394,0.0443655304362303,2.22328525433449,1.275,0,73.7030334472656,NaN,0.780252177154064,0.559350818756129,1.45224705788129,2.0743418276129,0.622099332905806,0.036551235555871,1.94341602347554,0.599648668688687,0.0371258571843592,1.92639705493233
0.579839004596367,0.0247949476909786,2.6853466039962,1.35,0,51.1940460205078,NaN,0.561942022080343,0.18348083928,1.29837113159143,2.03808044314286,0.739706891811428,0.0246982269636,2.39179982516487,0.704409544577701,0.0318553687860149,2.36570657343062
-0.482627121863709,NaN,3.27628036885357,1.266666667,0,56.5928726196289,NaN,2.8581317890769,2.81307887182452,3.04082990059355,3.02667212206452,-0.0141558709006451,-9999,2.95204439534851,-0.0531968691640144,0.0547976933408544,3.00727175850748
-1.10967593653681,NaN,4.34981050905588,2.1875,0,43.29150390625,NaN,4.96659269808,4.520851704216,4.668663256776,4.383669456,-0.28499497344,-9999,3.7703662263297,-0.437736688819649,0.0926290873083815,3.86533479170595
-1.99048946256912,NaN,6.05067629589723,1.5,0,89.7285079956055,NaN,5.39050363215794,3.36699392787871,5.64509602498064,5.10852200516129,-0.536555838193548,-9999,5.1183476308607,-0.7788699772736,0.135719969973418,5.14303850254061
-0.842577310717465,NaN,5.45049509527199,2.25,0,NaN,NaN,5.3592517458504,4.753346033952,5.799517916688,6.1562910744,0.35677244952,-9999,4.72352068322364,0.155667637268705,0.161448296017527,4.73463543931097
-0.142061047077684,0.161488649689703,4.45554444567946,2.25,0.08833333333,25.9401226043701,NaN,6.1114544955871,5.94144892570065,5.72166279102194,6.11314669393548,0.391475439406452,0.161725064286316,4.01338356987462,0.411254640314851,0.169182180526043,4.08201724705543
-0.786539774853347,NaN,4.48194142732371,3.07,0.036875,108.650581359863,NaN,5.46768794454039,5.43577706851355,5.53592042713626,5.86968078890323,0.333757678064516,0.19171431027871,4.0010834618879,0.198865457180756,0.244460350556413,4.05290354390047
-0.612002193891839,0.256279134513819,3.91081098967493,1.8,0,122.00171661377,NaN,4.39925670864,4.096571386968,4.411955089656,4.4838225144,0.0718648776,0.25446784248,3.53303262261531,0.0547439745489845,0.261025160562811,3.62640447286394
0.220862137223229,0.192329859897424,3.25243844195581,1.6125,0,NaN,NaN,3.69488157949161,3.71286563664774,3.81731412193548,4.58220336154839,0.7648910784,0.192866227896774,2.90339973843207,0.560252595645909,0.192891100366786,2.97085980341669
0.285192298826649,0.146234976157482,2.44635595173783,1.725,0,NaN,NaN,2.4227353376496,2.76552090216,2.558085610428,3.3186917088,0.76060525644,0.1453693032,2.10080309447809,0.64619986305738,0.143908743774068,2.14371360487088
0.0454170546278768,0.0753435139050346,1.80832767189077,0.9875,0,158.704086303711,NaN,1.56299233092387,1.82982185651613,1.43311212067355,2.01458538580645,0.58147295876129,0.0769783001806452,1.42945053341976,0.495339058325237,0.0778822504428842,1.51942867619744
0.337941847315128,0.0346109735109732,2.03806858261653,1.166666667,0,112.677574157715,NaN,0.676794649029677,0.298838214,1.43921378654942,1.23750901858065,-0.20169887355871,0.0349001692025806,1.6099173941917,0.0531133955902874,0.0346110297992703,1.59899325240228
-0.262159080646756,0.021316973392633,2.38466237479415,1.27,0,80.0433502197266,NaN,0.955313106951724,0.703017485950345,1.25751793538483,1.51322090648276,0.255702630488276,0.0202386629793103,1.947879140462,0.202500234178352,0.0223114609986204,1.96029726099164
-0.21105818472937,0.0338608991442139,2.90085599893002,1.52,0,60.7173385620117,NaN,1.70344074077419,1.37226942476129,2.14370264629161,2.55904191174194,0.415336537959097,0.0348902391460645,2.25696466306407,0.460199317996957,0.0358786856046971,2.30790507770876
-0.799997816131379,0.0642993637400769,4.84666616298046,2.25,0,NaN,NaN,2.77051985784,2.186030714688,3.3129087541704,3.2391702864,-0.07373527128,0.059125539096,4.08094940182496,-0.00440253003598635,0.0588849845955648,4.10865761829458
-0.811849007225852,0.0774789137341196,5.75559562231957,3.12,0,42.1747436523438,NaN,4.50494753063226,3.16560890775484,4.9385722016671,4.86739033548387,-0.0711820872,0.0769059587845161,5.05769933569216,-0.0493072335327291,0.0793727011672699,5.05684119896283
-1.96623541620274,0.176270884354765,5.6953114852329,3.32,0,101.992889404297,NaN,6.05939444208,3.844565333568,6.72501576852,5.746382172,-0.97862717088,0.17783546616,5.08952551553514,-1.05331161055161,0.169875652132569,5.04950465654561
-0.809954076757174,0.196246162293267,5.74420445924401,1.95,0,63.8355484008789,NaN,5.27797688701935,3.43380051436645,8.50406068059097,9.20102203277419,0.696959398916129,0.208383061076129,4.98451999420846,0.412498095738359,0.191854018824746,4.99116740125457
-1.62122855529379,0.208422751132937,4.90414929525491,1.6,0,123.778884887695,NaN,5.59538668660645,4.21140894087484,6.33933623020645,5.48570011122581,-0.853638886421419,0.211545394234839,4.27560434672293,-0.619343796751717,0.205779347764463,4.33342327771477
-1.32360918355028,0.225319268892521,4.68868457300963,1.5,0,NaN,NaN,4.93264254384,4.124926082664,5.2448503396536,4.5955775088,-0.649272627792,0.230046833088,4.09906021252216,-0.45471521433859,0.220283105776351,4.15045169035842
-0.93466636663528,0.226470210204966,3.58846234629643,1.5,0,NaN,NaN,2.87634449868387,1.76231084692645,3.27701907060387,2.51878867432258,-0.758229794129032,0.176854535790968,3.30147785892786,-0.256263742388499,0.177204503963758,3.39903098418226
-1.36616910465018,0.120609627278457,3.33184655137064,1.75,0,89.8663787841797,NaN,2.09339921592,1.627365547368,2.1978164702664,2.4647870376,0.26697418416,0.09762533784,2.12146290436944,0.278245005478043,0.122032203433402,2.33085140682638
0.0287876739848349,0.117033703278767,2.13929289707258,1.142857143,0,95.7340240478516,NaN,1.0887671564129,1.01884773100645,1.5493473627329,2.35673850658064,0.807389449083871,0.0910456195533678,1.56565421322737,0.632319031067561,0.108338449628779,1.57992798815056
0.762837546886129,0.0336867496609941,1.25933607982598,0.958333333,0,81.1007385253906,NaN,1.621664712,1.43069938632,2.063527721658,2.838316788,0.7747885872,0.088553868462,1.53457914534123,0.728667771478461,0.0560262807243453,1.22478328583737
NaN,NaN,NaN,1.533333333,0,NaN,NaN,NaN,NaN,NaN,NaN,NaN,NaN,NaN,NaN,NaN,NaN
NaN,NaN,NaN,2.02,0,-57.067756652832,NaN,NaN,NaN,NaN,NaN,NaN,NaN,NaN,NaN,NaN,NaN
NaN,NaN,NaN,1.85,0,-28.2122039794922,NaN,NaN,NaN,NaN,NaN,NaN,NaN,NaN,NaN,NaN,NaN
NaN,NaN,NaN,1.825,0,-24.0672016143799,NaN,NaN,NaN,NaN,NaN,NaN,NaN,NaN,NaN,NaN,NaN
NaN,NaN,NaN,2.2,0,-19.0963001251221,NaN,NaN,NaN,NaN,NaN,NaN,NaN,NaN,NaN,NaN,NaN
NaN,NaN,NaN,2.84,0,NaN,NaN,NaN,NaN,NaN,NaN,NaN,NaN,NaN,NaN,NaN,NaN
NaN,NaN,NaN,3.0875,0,NaN,NaN,NaN,NaN,NaN,NaN,NaN,NaN,NaN,NaN,NaN,NaN
NaN,NaN,NaN,1.65,0,NaN,NaN,NaN,NaN,NaN,NaN,NaN,NaN,NaN,NaN,NaN,NaN
NaN,NaN,NaN,1.733333333,0,NaN,NaN,NaN,NaN,NaN,NaN,NaN,NaN,NaN,NaN,NaN,NaN
NaN,NaN,NaN,1.62,0,NaN,NaN,NaN,NaN,NaN,NaN,NaN,NaN,NaN,NaN,NaN,NaN
NaN,NaN,NaN,1.107142857,0,NaN,NaN,NaN,NaN,NaN,NaN,NaN,NaN,NaN,NaN,NaN,NaN
NaN,NaN,NaN,0.966666667,0,NaN,NaN,NaN,NaN,NaN,NaN,NaN,NaN,NaN,NaN,NaN,NaN
NaN,NaN,NaN,1.2625,0.00555555556,NaN,NaN,NaN,NaN,NaN,NaN,NaN,NaN,NaN,NaN,NaN,NaN
NaN,NaN,NaN,1.93,0,NaN,NaN,NaN,NaN,NaN,NaN,NaN,NaN,NaN,NaN,NaN,NaN
NaN,NaN,NaN,1.7,0,NaN,NaN,NaN,NaN,NaN,NaN,NaN,NaN,NaN,NaN,NaN,NaN
NaN,NaN,NaN,1.275,0,NaN,NaN,NaN,NaN,NaN,NaN,NaN,NaN,NaN,NaN,NaN,NaN
NaN,NaN,NaN,2.21,0,88.0544281005859,NaN,NaN,NaN,NaN,NaN,NaN,NaN,NaN,NaN,NaN,NaN
NaN,NaN,NaN,2.025,0,65.7361831665039,NaN,NaN,NaN,NaN,NaN,NaN,NaN,NaN,NaN,NaN,NaN
NaN,NaN,NaN,NaN,0.2177777778,NaN,NaN,NaN,NaN,NaN,NaN,NaN,NaN,NaN,NaN,NaN,NaN
NaN,NaN,NaN,NaN,0,NaN,NaN,NaN,NaN,NaN,NaN,NaN,NaN,NaN,NaN,NaN,NaN
NaN,NaN,NaN,2.25,0,39.8173065185547,NaN,NaN,NaN,NaN,NaN,NaN,NaN,NaN,NaN,NaN,NaN
NaN,NaN,NaN,1.841666667,0,80.6738128662109,NaN,NaN,NaN,NaN,NaN,NaN,NaN,NaN,NaN,NaN,NaN
NaN,NaN,NaN,1.2,0,69.6423187255859,NaN,NaN,NaN,NaN,NaN,NaN,NaN,NaN,NaN,NaN,NaN
NaN,NaN,NaN,1.0375,0,95.8386306762695,NaN,NaN,NaN,NaN,NaN,NaN,NaN,NaN,NaN,NaN,NaN
NaN,NaN,NaN,1.583333333,0,110.79727935791,NaN,NaN,NaN,NaN,NaN,NaN,NaN,NaN,NaN,NaN,NaN
NaN,NaN,NaN,1.65,0,62.1053352355957,NaN,NaN,NaN,NaN,NaN,NaN,NaN,NaN,NaN,NaN,NaN
NaN,NaN,NaN,2.4,0,67.2541046142578,NaN,NaN,NaN,NaN,NaN,NaN,NaN,NaN,NaN,NaN,NaN
NaN,NaN,NaN,2.36,0,110.246643066406,NaN,NaN,NaN,NaN,NaN,NaN,NaN,NaN,NaN,NaN,NaN
NaN,NaN,NaN,1.3,0.025625,84.9367141723633,NaN,NaN,NaN,NaN,NaN,NaN,NaN,NaN,NaN,NaN,NaN
NaN,NaN,NaN,2.46,0,93.5646209716797,NaN,NaN,NaN,NaN,NaN,NaN,NaN,NaN,NaN,NaN,NaN
NaN,NaN,NaN,2.4,0,131.473556518555,NaN,NaN,NaN,NaN,NaN,NaN,NaN,NaN,NaN,NaN,NaN
NaN,NaN,NaN,2.16,0,89.0269088745117,NaN,NaN,NaN,NaN,NaN,NaN,NaN,NaN,NaN,NaN,NaN
NaN,NaN,NaN,1.68,0,71.8684997558594,NaN,NaN,NaN,NaN,NaN,NaN,NaN,NaN,NaN,NaN,NaN
NaN,NaN,NaN,1.833333333,0,60.4776420593262,NaN,NaN,NaN,NaN,NaN,NaN,NaN,NaN,NaN,NaN,NaN
NaN,NaN,NaN,0.84,0,129.186569213867,NaN,NaN,NaN,NaN,NaN,NaN,NaN,NaN,NaN,NaN,NaN
NaN,NaN,NaN,1.25,0,81.4268188476562,NaN,NaN,NaN,NaN,NaN,NaN,NaN,NaN,NaN,NaN,NaN
NaN,NaN,NaN,1.341666667,0,94.8476791381836,NaN,NaN,NaN,NaN,NaN,NaN,NaN,NaN,NaN,NaN,NaN
NaN,NaN,NaN,1.81,0,42.9306945800781,NaN,NaN,NaN,NaN,NaN,NaN,NaN,NaN,NaN,NaN,NaN
NaN,NaN,NaN,2.45,0,54.4855155944824,NaN,NaN,NaN,NaN,NaN,NaN,NaN,NaN,NaN,NaN,NaN
NaN,NaN,NaN,1.6,0,35.2462730407715,NaN,NaN,NaN,NaN,NaN,NaN,NaN,NaN,NaN,NaN,NaN
NaN,NaN,NaN,2.5,0,91.1373519897461,NaN,NaN,NaN,NaN,NaN,NaN,NaN,NaN,NaN,NaN,NaN
NaN,NaN,NaN,2.5,0,105.277030944824,NaN,NaN,NaN,NaN,NaN,NaN,NaN,NaN,NaN,NaN,NaN
NaN,NaN,NaN,2.9,0,96.6197967529297,NaN,NaN,NaN,NaN,NaN,NaN,NaN,NaN,NaN,NaN,NaN
NaN,NaN,NaN,1.7,0,115.847534179688,NaN,NaN,NaN,NaN,NaN,NaN,NaN,NaN,NaN,NaN,NaN
NaN,NaN,NaN,NaN,0,186.745071411133,NaN,NaN,NaN,NaN,NaN,NaN,NaN,NaN,NaN,NaN,NaN
NaN,NaN,NaN,1.84,0,73.8197250366211,NaN,NaN,NaN,NaN,NaN,NaN,NaN,NaN,NaN,NaN,NaN
NaN,NaN,NaN,2.233333333,0,69.2773666381836,NaN,NaN,NaN,NaN,NaN,NaN,NaN,NaN,NaN,NaN,NaN
