NBE,CH4,ET,LAI,SCF,EWT,ABGB,GPP_DT,ER_DT,GPP_NT,ER_NT,NBE_F,CH4_F,ET_F,NBE_ANN,CH4_ANN,ET_ANN
NaN,NaN,NaN,0,NaN,-104.234931945801,NaN,NaN,NaN,NaN,NaN,NaN,NaN,NaN,NaN,NaN,NaN
NaN,NaN,NaN,0.088888889,NaN,-126.943801879883,NaN,NaN,NaN,NaN,NaN,NaN,NaN,NaN,NaN,NaN,NaN
NaN,NaN,NaN,0.0125,0.7233333333,-102.826538085938,NaN,NaN,NaN,NaN,NaN,NaN,NaN,NaN,NaN,NaN,NaN
NaN,NaN,NaN,0.525,0.2988888889,-89.8662948608398,NaN,NaN,NaN,NaN,NaN,NaN,NaN,NaN,NaN,NaN,NaN
NaN,NaN,NaN,0.775,0,-75.2077789306641,NaN,NaN,NaN,NaN,NaN,NaN,NaN,NaN,NaN,NaN,NaN
NaN,NaN,NaN,1.627777778,0,-142.640975952148,NaN,NaN,NaN,NaN,NaN,NaN,NaN,NaN,NaN,NaN,NaN
NaN,NaN,NaN,2.077777778,0,-156.467559814453,NaN,NaN,NaN,NaN,NaN,NaN,NaN,NaN,NaN,NaN,NaN
NaN,NaN,NaN,1.638888889,0,-177.667465209961,NaN,NaN,NaN,NaN,NaN,NaN,NaN,NaN,NaN,NaN,NaN
NaN,NaN,NaN,0.7,0,-223.45458984375,NaN,NaN,NaN,NaN,NaN,NaN,NaN,NaN,NaN,NaN,NaN
NaN,NaN,NaN,NaN,0,-245.544357299805,NaN,NaN,NaN,NaN,NaN,NaN,NaN,NaN,NaN,NaN,NaN
NaN,NaN,NaN,0.033333333,NaN,-204.165374755859,NaN,NaN,NaN,NaN,NaN,NaN,NaN,NaN,NaN,NaN,NaN
NaN,NaN,NaN,NaN,NaN,-189.228057861328,NaN,NaN,NaN,NaN,NaN,NaN,NaN,NaN,NaN,NaN,NaN
NaN,NaN,NaN,0.011111111,NaN,NaN,NaN,NaN,NaN,NaN,NaN,NaN,NaN,NaN,NaN,NaN,NaN
NaN,NaN,NaN,0,NaN,-105.237930297852,NaN,NaN,NaN,NaN,NaN,NaN,NaN,NaN,NaN,NaN,NaN
NaN,NaN,NaN,0,0.7877777778,-100.165481567383,NaN,NaN,NaN,NaN,NaN,NaN,NaN,NaN,NaN,NaN,NaN
NaN,NaN,NaN,0.05,0.7211111111,-81.5923309326172,NaN,NaN,NaN,NaN,NaN,NaN,NaN,NaN,NaN,NaN,NaN
NaN,NaN,NaN,0.877777778,0,-107.464019775391,NaN,NaN,NaN,NaN,NaN,NaN,NaN,NaN,NaN,NaN,NaN
NaN,NaN,NaN,NaN,0,NaN,NaN,NaN,NaN,NaN,NaN,NaN,NaN,NaN,NaN,NaN,NaN
NaN,NaN,NaN,1.961111111,0,-215.982391357422,NaN,NaN,NaN,NaN,NaN,NaN,NaN,NaN,NaN,NaN,NaN
NaN,NaN,NaN,0.927777778,0,-196.150207519531,NaN,NaN,NaN,NaN,NaN,NaN,NaN,NaN,NaN,NaN,NaN
NaN,NaN,NaN,0.683333333,0,-233.883544921875,NaN,NaN,NaN,NaN,NaN,NaN,NaN,NaN,NaN,NaN,NaN
NaN,NaN,NaN,0.755555556,0,-255.615142822266,NaN,NaN,NaN,NaN,NaN,NaN,NaN,NaN,NaN,NaN,NaN
NaN,NaN,NaN,0.016666667,NaN,-238.117828369141,NaN,NaN,NaN,NaN,NaN,NaN,NaN,NaN,NaN,NaN,NaN
NaN,NaN,NaN,NaN,NaN,-120.257606506348,NaN,NaN,NaN,NaN,NaN,NaN,NaN,NaN,NaN,NaN,NaN
NaN,NaN,NaN,0.08125,NaN,-128.128021240234,NaN,NaN,NaN,NaN,NaN,NaN,NaN,NaN,NaN,NaN,NaN
NaN,NaN,NaN,0,NaN,-109.028289794922,NaN,NaN,NaN,NaN,NaN,NaN,NaN,NaN,NaN,NaN,NaN
NaN,NaN,NaN,0,0.7161111111,-85.8918609619141,NaN,NaN,NaN,NaN,NaN,NaN,NaN,NaN,NaN,NaN,NaN
NaN,NaN,NaN,0,0.7838888889,-61.4032135009766,NaN,NaN,NaN,NaN,NaN,NaN,NaN,NaN,NaN,NaN,NaN
NaN,NaN,NaN,0.777777778,0,NaN,NaN,NaN,NaN,NaN,NaN,NaN,NaN,NaN,NaN,NaN,NaN
NaN,NaN,NaN,1.775,0,-148.671264648438,NaN,NaN,NaN,NaN,NaN,NaN,NaN,NaN,NaN,NaN,NaN
NaN,NaN,NaN,1.922222222,0,-185.350646972656,NaN,NaN,NaN,NaN,NaN,NaN,NaN,NaN,NaN,NaN,NaN
NaN,NaN,NaN,1.277777778,0,-238.084411621094,NaN,NaN,NaN,NaN,NaN,NaN,NaN,NaN,NaN,NaN,NaN
NaN,NaN,NaN,0.764285714,0,-202.740081787109,NaN,NaN,NaN,NaN,NaN,NaN,NaN,NaN,NaN,NaN,NaN
NaN,NaN,NaN,0,NaN,NaN,NaN,NaN,NaN,NaN,NaN,NaN,NaN,NaN,NaN,NaN,NaN
NaN,NaN,NaN,0,NaN,-207.824935913086,NaN,NaN,NaN,NaN,NaN,NaN,NaN,NaN,NaN,NaN,NaN
NaN,NaN,NaN,NaN,NaN,-207.830108642578,NaN,NaN,NaN,NaN,NaN,NaN,NaN,NaN,NaN,NaN,NaN
NaN,NaN,NaN,0,NaN,-162.989166259766,NaN,NaN,NaN,NaN,NaN,NaN,NaN,NaN,NaN,NaN,NaN
NaN,NaN,NaN,0,NaN,-123.794090270996,NaN,NaN,NaN,NaN,NaN,NaN,NaN,NaN,NaN,NaN,NaN
NaN,NaN,NaN,0,0.7361111111,NaN,NaN,NaN,NaN,NaN,NaN,NaN,NaN,NaN,NaN,NaN,NaN
NaN,NaN,NaN,0,0.7655555556,-92.9670791625977,NaN,NaN,NaN,NaN,NaN,NaN,NaN,NaN,NaN,NaN,NaN
NaN,NaN,NaN,0.7,0.7955555556,-77.8562240600586,NaN,NaN,NaN,NaN,NaN,NaN,NaN,NaN,NaN,NaN,NaN
NaN,NaN,NaN,1.7,0,-150.572982788086,NaN,NaN,NaN,NaN,NaN,NaN,NaN,NaN,NaN,NaN,NaN
NaN,NaN,NaN,2.411111111,0,-224.970626831055,NaN,NaN,NaN,NaN,NaN,NaN,NaN,NaN,NaN,NaN,NaN
NaN,NaN,NaN,1.666666667,0,NaN,NaN,NaN,NaN,NaN,NaN,NaN,NaN,NaN,NaN,NaN,NaN
NaN,NaN,NaN,0.742857143,0,NaN,NaN,NaN,NaN,NaN,NaN,NaN,NaN,NaN,NaN,NaN,NaN
NaN,NaN,NaN,0.977777778,0.7622222222,-245.132781982422,NaN,NaN,NaN,NaN,NaN,NaN,NaN,NaN,NaN,NaN,NaN
NaN,NaN,NaN,0.083333333,NaN,-203.167098999023,NaN,NaN,NaN,NaN,NaN,NaN,NaN,NaN,NaN,NaN,NaN
NaN,NaN,NaN,NaN,NaN,-190.318817138672,NaN,NaN,NaN,NaN,NaN,NaN,NaN,NaN,NaN,NaN,NaN
NaN,NaN,NaN,0.2,NaN,-153.102188110352,NaN,NaN,NaN,NaN,NaN,NaN,NaN,NaN,NaN,NaN,NaN
NaN,NaN,NaN,0.016666667,NaN,NaN,NaN,NaN,NaN,NaN,NaN,NaN,NaN,NaN,NaN,NaN,NaN
NaN,NaN,NaN,0.055555556,0.6866666667,-107.833450317383,NaN,NaN,NaN,NaN,NaN,NaN,NaN,NaN,NaN,NaN,NaN
NaN,NaN,NaN,0.25,0.5016666667,-111.756210327148,NaN,NaN,NaN,NaN,NaN,NaN,NaN,NaN,NaN,NaN,NaN
NaN,NaN,NaN,0.7875,0,-153.129257202148,NaN,NaN,NaN,NaN,NaN,NaN,NaN,NaN,NaN,NaN,NaN
NaN,NaN,NaN,1.283333333,0,-181.910079956055,NaN,NaN,NaN,NaN,NaN,NaN,NaN,NaN,NaN,NaN,NaN
NaN,NaN,NaN,1.722222222,0,NaN,NaN,NaN,NaN,NaN,NaN,NaN,NaN,NaN,NaN,NaN,NaN
NaN,NaN,NaN,1.877777778,0,-253.64208984375,NaN,NaN,NaN,NaN,NaN,NaN,NaN,NaN,NaN,NaN,NaN
NaN,NaN,NaN,0.85,0,-284.191040039062,NaN,NaN,NaN,NaN,NaN,NaN,NaN,NaN,NaN,NaN,NaN
NaN,NaN,NaN,0,0.5794444444,-308.35546875,NaN,NaN,NaN,NaN,NaN,NaN,NaN,NaN,NaN,NaN,NaN
NaN,NaN,NaN,0.142857143,NaN,-293.9453125,NaN,NaN,NaN,NaN,NaN,NaN,NaN,NaN,NaN,NaN,NaN
NaN,NaN,NaN,NaN,NaN,NaN,NaN,NaN,NaN,NaN,NaN,NaN,NaN,NaN,NaN,NaN,NaN
-0.80941629302489,NaN,0.190551666197706,0.1,NaN,-237.177597045898,NaN,-9999,-9999,-0.318882884469677,0.90319759803871,1.22208307583226,-9999,0.0922792659065259,0.42704289169835,0.00106519057316399,0.124549059274754
0.784555759069974,NaN,0.313230054187464,0,NaN,-231.237976074219,NaN,-9999,-9999,1.42712175625714,2.476917569466,1.04979709699714,-9999,0.277813912918018,0.571612990197503,0.00123266539405467,0.328241576674775
0.827634399204318,NaN,0.734685391575876,0.022222222,0.6583333333,-216.444717407227,NaN,-9999,-9999,0.482172098307097,1.64489271445161,1.16272136691871,-9999,0.739579337250433,0.536106691365561,0.00108237794053646,0.544522604483287
-0.332125502620089,NaN,1.24621708760855,0.65,0.1722222222,-196.095199584961,NaN,-9999,-9999,1.373536773432,1.4380166304,0.0644789106,-9999,0.957862016907279,0.0654282409339834,0.00453882029750181,0.875111746459962
-2.36532943508896,NaN,2.06591119871213,1.011111111,0,-196.860580444336,NaN,-9999,-9999,3.68988765797961,2.83696218580645,-0.852924984486968,-9999,1.44454941895516,-1.09277349509251,0.0215157039258176,1.50383914800639
-5.57251911351237,NaN,2.53971104484418,1.627777778,0,NaN,NaN,-9999,-9999,6.852201763032,3.27358548,-3.578613652008,-9999,2.00187651050358,-3.23014179570916,0.00519232102935935,1.97897378077137
-4.68785969177934,NaN,2.53004886407934,1.84,0,-329.348327636719,NaN,-9999,-9999,6.21985066536774,3.67534249548387,-2.54450764813935,0.00362135824397419,1.94333696022618,-2.78303060760238,0.00238058034123165,1.9336223888622
-2.92969403418087,0.00773266652197406,2.32945707430482,0.866666667,0,-373.530517578125,NaN,-9999,-9999,4.72015211488955,3.86175530322581,-0.85839774596129,0.00435281989703226,1.53463345644605,-1.31351475807829,0.00506099913338425,1.43789010189351
NaN,NaN,NaN,0.455555556,0,-361.316772460938,NaN,-9999,-9999,3.7046540748,3.724732512,0.4066678908,0.0016332884856,0.993361019205592,0.410086828256801,0.00389883099366612,0.586746925376755
NaN,NaN,NaN,0.075,0.6833333333,NaN,NaN,-9999,-9999,-9999,2.72509439225806,-9999,-9999,-9999,0.555793538332812,0.00219634637437509,0.239294094759977
NaN,NaN,NaN,0,NaN,NaN,NaN,-9999,-9999,-9999,1.7890602264,-9999,-9999,-9999,0.421840061598063,0.00153003994470394,0.114368889920805
NaN,NaN,NaN,NaN,NaN,-242.594848632812,NaN,-9999,-9999,-9999,1.02040514012903,-9999,-9999,-9999,0.272595859203437,0.00111651042000443,0.113695826067057
NaN,NaN,NaN,0,NaN,-210.382415771484,NaN,-9999,-9999,-9999,1.63339738606452,-9999,-9999,-9999,0.548983866810407,0.00135109930593433,0.262606925092131
0.849552081796296,0.00241198872865313,0.777735145714741,0.044444444,NaN,-197.736358642578,NaN,-9999,-9999,0.0509987123702449,0.837237771310345,0.743436806403673,0.0023009951810087,0.733865019869289,0.738635095254893,0.00212553008236429,0.701012236480775
0.164378684228051,0.00123257704202071,0.293817096506503,0.038888889,0.5844444444,-206.237350463867,NaN,-9999,-9999,0.0340785515404336,0.271484973522581,0.237407077008,0.00058016038607071,0.193887056038275,0.309187788074653,0.000988767368862883,0.262419938004525
0.29869016466192,0.00154200284833364,1.59144144247081,0.52,0,NaN,NaN,-9999,-9999,0.3984040580544,0.6587579592,0.2603540037024,0.0017707164192,1.359965721116,0.347100866035939,0.00144223783398116,1.28242145519335
-0.554215898604634,0.00584252438365666,1.78952359690398,1.214285714,0,-223.239456176758,NaN,-9999,-9999,2.78734099403613,2.415179592,-0.372160920370064,0.00479698814276129,1.48576444383164,-0.408414616495519,0.00409957239139008,1.47736327899613
-2.17143630166212,0.00215350305892553,2.41176190096613,1.611111111,0,-287.988220214844,NaN,-9999,-9999,5.3272993212,3.61047348,-1.716826044888,0.0018868864248,2.06642813412784,-1.77517970721039,0.00179678880066141,2.02066828795582
-2.12865389175691,0.00330029731493295,2.66953115670913,2.3,0,-339.680633544922,NaN,-9999,-9999,4.61351767036645,2.61354161032258,-1.99998250659871,0.00310956138418065,2.28513157066174,-1.96308039878722,0.00298478695474105,2.15551947838664
-0.875569541910404,0.00621211455073559,1.76725060721636,1.383333333,0,-346.701049804688,NaN,-9999,-9999,2.87647305665806,2.44951699354839,-0.426953867016774,0.00571836979277419,1.42046316284589,-0.523811104839692,0.0057864960897256,1.50022108268117
-0.260140972549496,0.00991470530350087,1.14950118382005,0.733333333,0,NaN,NaN,-9999,-9999,0.9539713253808,1.4133323016,0.459362129832,0.0069162164712,0.721192870218417,0.518801404086687,0.00643907247147615,0.78565759706662
0.473016146508954,0.00391732382762284,0.949379349240316,1.5,0,NaN,NaN,-9999,-9999,0.366287107849548,0.838105648258064,0.471818858179355,0.00345616006972645,0.386638328447107,0.696007367827592,0.00340574114550444,0.416297444505702
0.472191991511793,0.00126295341475325,0.154583662247289,0.288888889,NaN,-396.470031738281,NaN,-9999,-9999,-0.0678087785376,0.4392880128,0.507096935352,0.001605240666,0.0714545068713144,0.412768715619112,0.00176542567593799,0.114257995466233
0.440983429237714,0.00453412746329345,0.286360312127458,NaN,NaN,-377.069274902344,NaN,-9999,-9999,0.169069490045419,0.478739455432258,0.309670058670968,0.00349679073530323,0.19398717042674,0.370759256468924,0.003447957642544,0.167308792630361
0.391158721380173,0.00245975886022777,0.0197080910695217,0,NaN,-336.652984619141,NaN,-9999,-9999,-0.159480325147355,0.272813428498065,0.432293230374968,0.00422228727383226,0.101125413351351,0.427462305038456,0.00219512100306635,0.154551446740588
0.289653452161697,0.00211250903665322,0.153805150921349,0,NaN,NaN,NaN,-9999,-9999,0.0542545322785714,0.354997494403714,0.300743570489143,0.00200852814625714,0.1451096081202,0.438573455896007,0.00181468710935425,0.221906108802245
0.154775855776294,0.00174305687728799,0.0283794600928694,0,0.7133333333,-308.873229980469,NaN,-9999,-9999,0.266311638787355,0.553684464,0.287372921820387,0.00208464910513548,-0.00224570371345808,0.137771617885416,0.00127618978933465,0.0371340968323831
0.408484000208651,0.00080689540247324,0.595571169697892,0.011111111,0.8366666667,-315.156311035156,NaN,-9999,-9999,0.203808285504,0.6454160136,0.441607681728,0.000626039809992,0.50041920805138,0.470352727086043,0.000832732150062648,0.538685766229158
-0.506279276829406,0.00104416048391277,2.00921011754061,0.89375,0,-327.781219482422,NaN,-9999,-9999,1.54674795672,1.39842373006452,-0.148324994319484,0.00122344963710968,1.65145665867897,-0.203249310500567,0.00103637976483213,1.66390056102646
-2.27977126588761,0.000563936902976776,2.73557536769878,1.894444444,0,-347.757019042969,NaN,-9999,-9999,3.617767095408,2.030731416,-1.5870349872,0.00049752043776,2.25007969096196,-1.62306606056715,0.000660716310063458,2.3077932209901
-2.73020174716033,0.00163493645381811,2.63319743489066,2.433333333,0,NaN,NaN,-9999,-9999,3.81362899700903,1.97810252593548,-1.83552659746839,0.00186525082660645,2.18617141387709,-2.32797969813013,0.00198141500725445,2.42788698506031
-1.53642440584943,0.00333722169556195,2.336626930259,1.55,0,NaN,NaN,-9999,-9999,3.12625405443484,2.5830493083871,-0.543205390529032,0.00301665345196645,1.63355186007207,-0.689584957508152,0.00321831168766049,1.67721155744369
0.0772748066917738,0.00292978984997684,1.0764138577166,0.677777778,0,NaN,NaN,-9999,-9999,1.1163879176184,1.685688552,0.569301041232,0.00264579648304423,0.773400031050402,0.622065577388772,0.00257536478615754,0.877330535539532
0.728258767059749,NaN,0.595010311800424,NaN,0.1066666667,NaN,NaN,-9999,-9999,0.205727952404903,0.963237284129032,0.757510897800774,-9999,0.417218152078627,0.779651747619675,0.000407673245683285,0.408386540549631
0.859341470307366,NaN,0.220427570607345,0.314285714,NaN,NaN,NaN,-9999,-9999,0.0192744465912,0.8567201232,0.8374483735344,-9999,0.184138144261615,0.626420104797724,-0.00208232486560948,0.214125728305332
1.15230300860291,NaN,1.57056453611773,NaN,NaN,NaN,NaN,-9999,-9999,0.0810868621703226,1.19603784774194,1.11494979485419,-0.00635518779844091,1.10672603369619,1.00898646608511,-0.00571161653088929,1.15725849347503
NaN,-0.00428956624184615,NaN,0,NaN,NaN,NaN,-9999,-9999,0.345838880092645,1.06372869003871,0.717887224335484,-0.00501554392931613,0.403687233695822,0.599745079810312,-0.00208958890670081,0.320836116277389
0.704102156778663,-0.00408280421837309,0.303100123347955,0,NaN,NaN,NaN,-9999,-9999,0.0854722521977143,0.820339383085714,0.734867836714286,-0.0029846279736,0.0852386766390577,0.685400148181685,-0.00328373082653978,0.274428499384024
0.321758699045226,-0.00530496241420141,0.195987249476388,0,0.7466666667,NaN,NaN,-9999,-9999,0.0912035181112258,0.491404234993548,0.400200836051613,-0.00398648785819355,0.170280315691619,0.412198983543359,-0.00205474229105887,0.21651155583641
0.579870526290088,-0.00432841729211209,0.7207295759499,0,0.8111111111,NaN,NaN,-9999,-9999,0.2209296181248,0.82524384,0.60431300856,-0.00467059860464904,0.623223805899665,0.601956120001468,-0.00407307223842858,0.633300981991747
NaN,NaN,NaN,0.733333333,0,NaN,NaN,NaN,NaN,NaN,NaN,NaN,NaN,NaN,NaN,NaN,NaN
NaN,NaN,NaN,1.783333333,0,-343.210327148438,NaN,NaN,NaN,NaN,NaN,NaN,NaN,NaN,NaN,NaN,NaN
NaN,NaN,NaN,2.166666667,0,-390.909149169922,NaN,NaN,NaN,NaN,NaN,NaN,NaN,NaN,NaN,NaN,NaN
NaN,NaN,NaN,1.244444444,0,NaN,NaN,NaN,NaN,NaN,NaN,NaN,NaN,NaN,NaN,NaN,NaN
NaN,NaN,NaN,0.727777778,0,NaN,NaN,NaN,NaN,NaN,NaN,NaN,NaN,NaN,NaN,NaN,NaN
NaN,NaN,NaN,1.25,0,-440.162384033203,NaN,NaN,NaN,NaN,NaN,NaN,NaN,NaN,NaN,NaN,NaN
NaN,NaN,NaN,0.2,NaN,-445.563415527344,NaN,NaN,NaN,NaN,NaN,NaN,NaN,NaN,NaN,NaN,NaN
NaN,NaN,NaN,NaN,NaN,-371.82373046875,NaN,NaN,NaN,NaN,NaN,NaN,NaN,NaN,NaN,NaN,NaN
NaN,NaN,NaN,0.2,NaN,-346.896514892578,NaN,NaN,NaN,NaN,NaN,NaN,NaN,NaN,NaN,NaN,NaN
NaN,NaN,NaN,0,NaN,-326.362243652344,NaN,NaN,NaN,NaN,NaN,NaN,NaN,NaN,NaN,NaN,NaN
NaN,NaN,NaN,0.05,0.5988888889,-292.701385498047,NaN,NaN,NaN,NaN,NaN,NaN,NaN,NaN,NaN,NaN,NaN
NaN,NaN,NaN,0.777777778,0,-259.976623535156,NaN,NaN,NaN,NaN,NaN,NaN,NaN,NaN,NaN,NaN,NaN
NaN,NaN,NaN,0.944444444,0,-287.863037109375,NaN,NaN,NaN,NaN,NaN,NaN,NaN,NaN,NaN,NaN,NaN
NaN,NaN,NaN,1.975,0,-371.794586181641,NaN,NaN,NaN,NaN,NaN,NaN,NaN,NaN,NaN,NaN,NaN
NaN,NaN,NaN,NaN,0,-507.168548583984,NaN,NaN,NaN,NaN,NaN,NaN,NaN,NaN,NaN,NaN,NaN
NaN,NaN,NaN,1.316666667,0,-510.731536865234,NaN,NaN,NaN,NaN,NaN,NaN,NaN,NaN,NaN,NaN,NaN
NaN,NaN,NaN,0.9,0,-533.945495605469,NaN,NaN,NaN,NaN,NaN,NaN,NaN,NaN,NaN,NaN,NaN
NaN,NaN,NaN,0.122222222,0.5657142857,-497.564544677734,NaN,NaN,NaN,NaN,NaN,NaN,NaN,NaN,NaN,NaN,NaN
NaN,NaN,NaN,0,NaN,-467.323364257812,NaN,NaN,NaN,NaN,NaN,NaN,NaN,NaN,NaN,NaN,NaN
NaN,NaN,NaN,NaN,NaN,-393.937835693359,NaN,NaN,NaN,NaN,NaN,NaN,NaN,NaN,NaN,NaN,NaN
NaN,NaN,NaN,NaN,NaN,-356.121704101562,NaN,NaN,NaN,NaN,NaN,NaN,NaN,NaN,NaN,NaN,NaN
NaN,NaN,NaN,0,NaN,-324.943908691406,NaN,NaN,NaN,NaN,NaN,NaN,NaN,NaN,NaN,NaN,NaN
NaN,NaN,NaN,0,0.6738888889,-305.700958251953,NaN,NaN,NaN,NaN,NaN,NaN,NaN,NaN,NaN,NaN,NaN
NaN,NaN,NaN,0.075,0.635,-264.528045654297,NaN,NaN,NaN,NaN,NaN,NaN,NaN,NaN,NaN,NaN,NaN
NaN,NaN,NaN,0.85,0,-319.490661621094,NaN,NaN,NaN,NaN,NaN,NaN,NaN,NaN,NaN,NaN,NaN
NaN,NaN,NaN,1.583333333,0,-402.3310546875,NaN,NaN,NaN,NaN,NaN,NaN,NaN,NaN,NaN,NaN,NaN
NaN,NaN,NaN,2.814285714,0,-455.892486572266,NaN,NaN,NaN,NaN,NaN,NaN,NaN,NaN,NaN,NaN,NaN
NaN,NaN,NaN,1.483333333,0,-518.243957519531,NaN,NaN,NaN,NaN,NaN,NaN,NaN,NaN,NaN,NaN,NaN
NaN,NaN,NaN,0.761111111,0,-522.713256835938,NaN,NaN,NaN,NaN,NaN,NaN,NaN,NaN,NaN,NaN,NaN
NaN,NaN,NaN,0.066666667,0,-529.266296386719,NaN,NaN,NaN,NaN,NaN,NaN,NaN,NaN,NaN,NaN,NaN
NaN,NaN,NaN,0.016666667,NaN,-500.79150390625,NaN,NaN,NaN,NaN,NaN,NaN,NaN,NaN,NaN,NaN,NaN
NaN,NaN,NaN,NaN,NaN,-453.983825683594,NaN,NaN,NaN,NaN,NaN,NaN,NaN,NaN,NaN,NaN,NaN
NaN,NaN,NaN,NaN,NaN,-412.225982666016,NaN,NaN,NaN,NaN,NaN,NaN,NaN,NaN,NaN,NaN,NaN
NaN,NaN,NaN,0,NaN,-414.902526855469,NaN,NaN,NaN,NaN,NaN,NaN,NaN,NaN,NaN,NaN,NaN
NaN,NaN,NaN,0,0.6827777778,-375.680236816406,NaN,NaN,NaN,NaN,NaN,NaN,NaN,NaN,NaN,NaN,NaN
NaN,NaN,NaN,0,0.9055555556,NaN,NaN,NaN,NaN,NaN,NaN,NaN,NaN,NaN,NaN,NaN,NaN
NaN,NaN,NaN,0.9,0,NaN,NaN,NaN,NaN,NaN,NaN,NaN,NaN,NaN,NaN,NaN,NaN
NaN,NaN,NaN,1.855555556,0,NaN,NaN,NaN,NaN,NaN,NaN,NaN,NaN,NaN,NaN,NaN,NaN
NaN,NaN,NaN,2.588888889,0,NaN,NaN,NaN,NaN,NaN,NaN,NaN,NaN,NaN,NaN,NaN,NaN
NaN,NaN,NaN,1.14375,0,NaN,NaN,NaN,NaN,NaN,NaN,NaN,NaN,NaN,NaN,NaN,NaN
NaN,NaN,NaN,1,0,NaN,NaN,NaN,NaN,NaN,NaN,NaN,NaN,NaN,NaN,NaN,NaN
NaN,NaN,NaN,0,NaN,NaN,NaN,NaN,NaN,NaN,NaN,NaN,NaN,NaN,NaN,NaN,NaN
NaN,NaN,NaN,0.205555556,NaN,NaN,NaN,NaN,NaN,NaN,NaN,NaN,NaN,NaN,NaN,NaN,NaN
NaN,NaN,NaN,NaN,NaN,NaN,NaN,NaN,NaN,NaN,NaN,NaN,NaN,NaN,NaN,NaN,NaN
