NBE,CH4,ET,LAI,SCF,EWT,ABGB,GPP_DT,ER_DT,GPP_NT,ER_NT,NBE_F,CH4_F,ET_F,NBE_ANN,CH4_ANN,ET_ANN
NaN,NaN,NaN,2.1875,0.1733333333,20.2197093963623,NaN,NaN,NaN,NaN,NaN,NaN,NaN,NaN,NaN,NaN,NaN
NaN,NaN,NaN,0.8,0.04888888889,27.15895652771,NaN,NaN,NaN,NaN,NaN,NaN,NaN,NaN,NaN,NaN,NaN
NaN,NaN,NaN,1.533333333,0,41.7396202087402,NaN,NaN,NaN,NaN,NaN,NaN,NaN,NaN,NaN,NaN,NaN
NaN,NaN,NaN,2.005555556,0,71.1827774047852,NaN,NaN,NaN,NaN,NaN,NaN,NaN,NaN,NaN,NaN,NaN
NaN,NaN,NaN,3.15,0,-6.11471843719482,NaN,NaN,NaN,NaN,NaN,NaN,NaN,NaN,NaN,NaN,NaN
NaN,NaN,NaN,4.8,0,-57.1709899902344,NaN,NaN,NaN,NaN,NaN,NaN,NaN,NaN,NaN,NaN,NaN
NaN,NaN,NaN,NaN,0,-91.2197189331055,NaN,NaN,NaN,NaN,NaN,NaN,NaN,NaN,NaN,NaN,NaN
NaN,NaN,NaN,5.172222222,0,-121.597526550293,NaN,NaN,NaN,NaN,NaN,NaN,NaN,NaN,NaN,NaN,NaN
NaN,NaN,NaN,4.628571429,0,-146.349975585938,NaN,NaN,NaN,NaN,NaN,NaN,NaN,NaN,NaN,NaN,NaN
NaN,NaN,NaN,2.6,0,-119.752777099609,NaN,NaN,NaN,NaN,NaN,NaN,NaN,NaN,NaN,NaN,NaN
NaN,NaN,NaN,2.322222222,0,-67.0625381469727,NaN,NaN,NaN,NaN,NaN,NaN,NaN,NaN,NaN,NaN,NaN
NaN,NaN,NaN,1,0.4472222222,32.4099464416504,NaN,NaN,NaN,NaN,NaN,NaN,NaN,NaN,NaN,NaN,NaN
NaN,NaN,NaN,0.988888889,0.2994444444,92.8232574462891,NaN,NaN,NaN,NaN,NaN,NaN,NaN,NaN,NaN,NaN,NaN
NaN,NaN,NaN,1.05,0.2705555556,130.754608154297,NaN,NaN,NaN,NaN,NaN,NaN,NaN,NaN,NaN,NaN,NaN
NaN,NaN,NaN,1.288888889,0.16,199.354522705078,NaN,NaN,NaN,NaN,NaN,NaN,NaN,NaN,NaN,NaN,NaN
NaN,NaN,NaN,2.022222222,0,123.254119873047,NaN,NaN,NaN,NaN,NaN,NaN,NaN,NaN,NaN,NaN,NaN
NaN,NaN,NaN,2.711111111,0,-24.9312610626221,NaN,NaN,NaN,NaN,NaN,NaN,NaN,NaN,NaN,NaN,NaN
NaN,NaN,NaN,4.35,0,-44.8839340209961,NaN,NaN,NaN,NaN,NaN,NaN,NaN,NaN,NaN,NaN,NaN
NaN,NaN,NaN,4.8,0,-73.568244934082,NaN,NaN,NaN,NaN,NaN,NaN,NaN,NaN,NaN,NaN,NaN
NaN,NaN,NaN,5.033333333,0,-37.3572959899902,NaN,NaN,NaN,NaN,NaN,NaN,NaN,NaN,NaN,NaN,NaN
NaN,NaN,NaN,4.588888889,0,-66.9338302612305,NaN,NaN,NaN,NaN,NaN,NaN,NaN,NaN,NaN,NaN,NaN
NaN,NaN,NaN,2.1,0,-56.5549087524414,NaN,NaN,NaN,NaN,NaN,NaN,NaN,NaN,NaN,NaN,NaN
NaN,NaN,NaN,1.944444444,0,-39.1765823364258,NaN,NaN,NaN,NaN,NaN,NaN,NaN,NaN,NaN,NaN,NaN
NaN,NaN,NaN,1.25,0.4005555556,61.1004257202148,NaN,NaN,NaN,NaN,NaN,NaN,NaN,NaN,NaN,NaN,NaN
NaN,NaN,NaN,NaN,0.3222222222,97.3913116455078,NaN,NaN,NaN,NaN,NaN,NaN,NaN,NaN,NaN,NaN,NaN
NaN,NaN,NaN,0.872222222,0.2355555556,121.756469726562,NaN,NaN,NaN,NaN,NaN,NaN,NaN,NaN,NaN,NaN,NaN
NaN,NaN,NaN,1.411111111,0.06111111111,143.386047363281,NaN,NaN,NaN,NaN,NaN,NaN,NaN,NaN,NaN,NaN,NaN
NaN,NaN,NaN,2.805555556,0,98.3796005249023,NaN,NaN,NaN,NaN,NaN,NaN,NaN,NaN,NaN,NaN,NaN
NaN,NaN,NaN,2.866666667,0,6.96767616271973,NaN,NaN,NaN,NaN,NaN,NaN,NaN,NaN,NaN,NaN,NaN
NaN,NaN,NaN,3.9625,0,-10.5465364456177,NaN,NaN,NaN,NaN,NaN,NaN,NaN,NaN,NaN,NaN,NaN
NaN,NaN,NaN,NaN,0,5.41595840454102,NaN,NaN,NaN,NaN,NaN,NaN,NaN,NaN,NaN,NaN,NaN
NaN,NaN,NaN,5.2,0,-35.1915855407715,NaN,NaN,NaN,NaN,NaN,NaN,NaN,NaN,NaN,NaN,NaN
NaN,NaN,NaN,3.227777778,0,-50.7304725646973,NaN,NaN,NaN,NaN,NaN,NaN,NaN,NaN,NaN,NaN,NaN
NaN,NaN,NaN,2.055555556,0,-31.4397964477539,NaN,NaN,NaN,NaN,NaN,NaN,NaN,NaN,NaN,NaN,NaN
NaN,NaN,NaN,2.166666667,0,-23.6926612854004,NaN,NaN,NaN,NaN,NaN,NaN,NaN,NaN,NaN,NaN,NaN
NaN,NaN,NaN,1.3,0.4261111111,38.9463539123535,NaN,NaN,NaN,NaN,NaN,NaN,NaN,NaN,NaN,NaN,NaN
NaN,NaN,NaN,1,0.3144444444,84.5860214233398,NaN,NaN,NaN,NaN,NaN,NaN,NaN,NaN,NaN,NaN,NaN
NaN,NaN,NaN,1.766666667,0.02777777778,60.0378036499023,NaN,NaN,NaN,NaN,NaN,NaN,NaN,NaN,NaN,NaN,NaN
NaN,NaN,NaN,2.2125,0,35.6755676269531,NaN,NaN,NaN,NaN,NaN,NaN,NaN,NaN,NaN,NaN,NaN
NaN,NaN,NaN,2.194444444,0,12.90452003479,NaN,NaN,NaN,NaN,NaN,NaN,NaN,NaN,NaN,NaN,NaN
NaN,NaN,NaN,3.411111111,0,3.82942819595337,NaN,NaN,NaN,NaN,NaN,NaN,NaN,NaN,NaN,NaN,NaN
NaN,NaN,NaN,4.783333333,0,-26.9607067108154,NaN,NaN,NaN,NaN,NaN,NaN,NaN,NaN,NaN,NaN,NaN
NaN,NaN,NaN,4.875,0,-53.0773086547852,NaN,NaN,NaN,NaN,NaN,NaN,NaN,NaN,NaN,NaN,NaN
NaN,NaN,NaN,5.15,0,-111.408012390137,NaN,NaN,NaN,NaN,NaN,NaN,NaN,NaN,NaN,NaN,NaN
NaN,NaN,NaN,4.688888889,0,-86.0662841796875,NaN,NaN,NaN,NaN,NaN,NaN,NaN,NaN,NaN,NaN,NaN
NaN,NaN,NaN,2.644444444,0,-25.897533416748,NaN,NaN,NaN,NaN,NaN,NaN,NaN,NaN,NaN,NaN,NaN
NaN,NaN,NaN,2.266666667,0,-5.36625623703003,NaN,NaN,NaN,NaN,NaN,NaN,NaN,NaN,NaN,NaN,NaN
NaN,NaN,NaN,0.822222222,0.4527777778,14.8938331604004,NaN,NaN,NaN,NaN,NaN,NaN,NaN,NaN,NaN,NaN,NaN
NaN,NaN,NaN,0.95,0.3255555556,NaN,NaN,NaN,NaN,NaN,NaN,NaN,NaN,NaN,NaN,NaN,NaN
NaN,NaN,NaN,0.933333333,0.2816666667,65.6650543212891,NaN,NaN,NaN,NaN,NaN,NaN,NaN,NaN,NaN,NaN,NaN
NaN,NaN,NaN,1.811111111,0.05777777778,155.281356811523,NaN,NaN,NaN,NaN,NaN,NaN,NaN,NaN,NaN,NaN,NaN
NaN,NaN,NaN,1.822222222,0,106.971527099609,NaN,NaN,NaN,NaN,NaN,NaN,NaN,NaN,NaN,NaN,NaN
NaN,NaN,NaN,2.561111111,0,38.9891395568848,NaN,NaN,NaN,NaN,NaN,NaN,NaN,NaN,NaN,NaN,NaN
NaN,NaN,NaN,5.183333333,0,NaN,NaN,NaN,NaN,NaN,NaN,NaN,NaN,NaN,NaN,NaN,NaN
NaN,NaN,NaN,4.938888889,0,-58.808406829834,NaN,NaN,NaN,NaN,NaN,NaN,NaN,NaN,NaN,NaN,NaN
NaN,NaN,NaN,5.614285714,0,-51.9679794311523,NaN,NaN,NaN,NaN,NaN,NaN,NaN,NaN,NaN,NaN,NaN
NaN,NaN,NaN,3.505555556,0,-33.5982398986816,NaN,NaN,NaN,NaN,NaN,NaN,NaN,NaN,NaN,NaN,NaN
NaN,NaN,NaN,2.011111111,0,-3.55374050140381,NaN,NaN,NaN,NaN,NaN,NaN,NaN,NaN,NaN,NaN,NaN
NaN,NaN,NaN,2.155555556,0,10.9624481201172,NaN,NaN,NaN,NaN,NaN,NaN,NaN,NaN,NaN,NaN,NaN
NaN,NaN,NaN,1.65,0,73.6860733032227,NaN,NaN,NaN,NaN,NaN,NaN,NaN,NaN,NaN,NaN,NaN
0.405884247742169,NaN,0.261572234119189,1.788888889,0.2472222222,64.0415496826172,NaN,0.203671200412568,0.549446404645161,0.132483175591355,0.603823045935484,0.471339681445161,-9999,0.127314081253479,0.462269151948027,-0.00054347282789704,0.101620214077475
0.489271710273991,NaN,0.40198785585792,1.25,0,115.598915100098,NaN,0.384295517394207,0.439197544551724,0.0821988661183448,0.599017136275862,0.516818277434483,-9999,0.177578697256528,0.508040465620785,-0.000503229455602124,0.167022007366124
-0.489137691686155,NaN,0.744308942465078,1.644444444,0,53.0838775634766,NaN,0.967928357148387,0.356809682322581,1.09708422579406,1.01884571070968,-0.0782393811329033,-9999,0.39498802227535,0.00228439924361365,-0.000530161685061535,0.369951378484707
-3.71333501346028,NaN,1.52821827627557,2.411111111,0,50.5763778686523,NaN,3.972372463152,0.80902114344,4.1602688246736,1.4829462144,-2.67732198576,-9999,0.815138250751422,-2.59643585500279,-0.000616960961917044,0.851767294832423
-5.19203398399185,NaN,2.70352664128417,3.211111111,0,NaN,NaN,5.66105755512774,2.64350961058065,6.08291203345548,3.56474736,-2.51816173014194,-9999,1.74139289215123,-2.53498224570313,-0.000625799163081005,1.68481599862156
-4.61106154977552,-7.63766484004634e-05,3.4243649356189,4.394444444,0,-34.8498420715332,NaN,8.532499721688,6.35845536,8.5436712828,6.668185752,-1.875487098528,-4.27291271792885e-05,2.48208159615491,-2.14509791707091,-7.19583325106236e-05,2.37786948824902
-5.62810127869829,0.000656120554696628,4.4931461170882,4.955555556,0,-76.5097732543945,NaN,8.49768875256774,5.33806304516129,10.1395304424929,8.02748315612903,-2.11203107814194,0.000466760187538839,3.18711077636132,-2.39096995988902,0.000413295997790947,3.17674366156406
-5.19208067349211,-0.00017625411965417,4.01997295829965,4.75,0,-128.651092529297,NaN,7.64888244061935,5.46805518967742,8.77517790608671,7.6934444516129,-1.08173621496774,-0.000286725356802581,2.53248573541634,-1.43699496613375,-0.000284447136272706,2.47865815778462
-4.02897124424505,-0.000809047235936199,2.62386044802272,4.783333333,0,-114.472183227539,NaN,5.564435049648,3.77271648,6.555533751648,6.157672344,-0.397865537784,-0.000963177467904,1.64893430383489,-0.75181631106498,-0.000863848395335339,1.56608342994703
-2.21208734192922,-0.000436970346471887,1.3652586535043,2.005555556,0,NaN,NaN,3.07712028335226,2.39137899793548,3.54943156213161,3.35882376,-0.190606388516129,-0.000574068027181935,0.954128860919079,-0.14274299819516,-0.000677850044693985,0.807468629940213
-0.53767613262899,-0.000444589073006469,0.356422671892889,2.177777778,0,-43.2366561889648,NaN,1.268477915832,0.7062915744,1.085728745304,1.3575821688,0.271853484336,-0.000635280444504,0.261302392285088,0.211994131961499,-0.00062055218249226,0.216793290935747
0.355410272943219,-0.000565269846327248,0.248807720344931,1.877777778,0.1572222222,43.9961318969727,NaN,0.445993845914323,0.298134173496774,0.270271489246839,0.706816409806452,0.436545762656516,-0.00047130735204929,0.161269515700079,0.50486223080782,-0.000502149919822835,0.134644579696122
0.520180951113658,-0.000282823406840204,0.0923224241689507,1.357142857,0.1655555556,103.030563354492,NaN,0.470538736450839,0.270881072709677,-0.0483201995434838,0.472636135741935,0.520955803082323,-0.000265265850922839,0.0874357155140408,0.495931139398052,-0.000358127921019275,0.0985316835336931
0.371948617588161,-0.000228032875856638,0.240820817542687,1.925,0.04333333333,87.7707595825195,NaN,0.612327805585714,0.297165345685714,0.0519873914185714,0.454105432285714,0.402118437196286,-0.000216829305794571,0.17532797435743,0.437802692334766,-0.000291651362019873,0.165656171003635
-0.157797400949129,-0.000296051685650294,0.428408667220149,2.227777778,0,NaN,NaN,0.532086338623587,0.124946483458065,0.635175679940129,0.68870048283871,0.0535246524929032,-0.000244183648784516,0.326254665958274,0.118797368069257,-0.000277018347485379,0.279392736757384
-2.26838453625971,-0.000219321845536643,1.08676836694208,3.622222222,0,77.89599609375,NaN,2.5273994221152,0.46998457704,2.927418115104,1.4244505992,-1.50296628024,-0.0003393083683944,0.840494245728252,-1.49274613928361,-0.000353453111355246,0.795126404488504
-4.21912804477953,-0.000499047470784456,1.94190992030446,3.338888889,0,26.7952556610107,NaN,5.10717415268903,2.26162770735484,5.58247658539355,3.21505095483871,-2.36741548691613,-0.000555142613458065,1.30733126091606,-2.40210043018074,-0.000488174873911447,1.31930104001651
-3.91966365280502,-5.18966966594128e-05,2.3855313582601,4.366666667,0,47.944278717041,NaN,7.463574814104,5.021924904,7.831722076056,6.104788272,-1.726936447896,-0.00011726173830888,1.70566431817239,-1.76916503953179,-3.63753478379623e-05,1.75257033175289
-4.02966000734026,0.000396375247976059,3.32868253947411,4.616666667,0,-8.8721866607666,NaN,8.91064421609806,6.6458898116129,9.65283269434839,8.01831534967742,-1.63452703394323,0.000424826731904516,2.35415156314641,-1.7101714208492,0.000435476367666352,2.40506561348144
-5.16944403881698,0.000833754832984239,3.03865409097348,5.011111111,0,NaN,NaN,7.11965524029677,4.26266670193548,8.84701415828903,7.44410317935484,-1.40289597639639,0.000439282949432516,1.89745727596252,-1.58350113247206,0.000506379612036928,1.91539173822772
-3.72799009872703,0.000476252948578456,1.87790046681538,4.411111111,0,NaN,NaN,4.99035270564,2.9033899632,5.8869495091368,4.615098696,-1.271860214472,0.00022879388196,1.20155236011754,-1.08714744587063,0.000129617624349462,1.21102606561366
-3.33533113424822,0.000147945149965733,1.3015437027705,1.744444444,0,-59.5655136108398,NaN,3.67896887586581,2.0884887099871,4.43316449655174,3.80086427612903,-0.632307497992258,-3.3100462567742e-05,0.769350705174946,-0.772417437258334,-0.000143560655271901,0.77767319636857
-0.369466430014791,-0.000398949687798212,0.244628849903385,2.377777778,0,-24.5353775024414,NaN,1.1400067414512,0.46910353608,1.026057482856,1.2954885048,0.269432382096,-0.0004740327952776,0.170426478810264,0.229623257673943,-0.000406631538613575,0.173777143372442
0.365595172110199,-0.000754374456122013,0.0658741511579714,1.05,0.1561111111,45.0184211730957,NaN,0.29895450228929,0.414293542141935,0.155587734666581,0.593030445677419,0.437442805189626,-0.00074177171091871,0.0438260417047553,0.501188306237822,-0.00044005102644473,0.0462581537277103
0.248687346309402,-0.000142275582874114,0.191735219351523,0.666666667,0.2066666667,119.522666931152,NaN,0.372032215418323,1.04119456110968,0.0799885733667097,0.421601628309677,0.341612921503742,-0.000338649073664516,0.16229209379138,0.433755188442292,-0.000312237260396079,0.104964247009293
0.36441079034596,0.000247842725513609,0.198520237102907,1.057142857,0.3044444444,NaN,NaN,0.182541959408571,0.4540404672,0.0151033388253428,0.451938929142857,0.436835726660571,5.95044217285715e-05,0.112774316438249,0.446386211686368,-8.41727878980578e-05,0.128562964084201
0.473145477786572,-0.000121928882038425,0.17415853076837,1.522222222,0.04666666667,143.707015991211,NaN,0.506928889323871,0.373682726477419,0.000768165210580633,0.533055216774194,0.532287377396129,-0.000172997370850065,0.1119757796557,0.478535546358342,-0.000197988729982817,0.127306481896981
-1.39853556244689,5.82640898459375e-05,0.474491910033157,2.183333333,0,128.130966186523,NaN,2.51531350040304,0.7151261976,2.301008846256,1.2195539208,-1.081456445808,-1.54791180576e-05,0.380085731119064,-1.15792106003558,-8.2903917175987e-05,0.42948925208693
-4.32003610717139,-6.92058803962429e-05,1.53272793379937,2.833333333,0,53.9708518981934,NaN,6.05083319019871,3.21538039664516,5.93726503614968,3.23438678709677,-2.70287388836129,-0.00014914661084129,1.07294052871003,-2.74760999343203,-0.000151066855040192,1.10267813003659
-3.60330287997567,0.000302753044028613,2.3393771621582,4.355555556,0,15.1850624084473,NaN,6.706906870248,3.836587248,8.311821775056,6.265369224,-2.046441580992,0.00022476129048,1.70678777688926,-2.05337448231271,0.000261128046618688,1.79002236983496
-4.66884632633262,0.0015335001906071,2.93252736367874,NaN,0,NaN,NaN,8.66900117666323,6.0855555716129,8.86453056980129,6.9730239716129,-1.89149677060645,0.00146179203579871,1.99628827081986,-1.92859341760567,0.00115747900028022,2.08533928215431
-6.09455932746089,0.000881964293252173,2.74017462714179,5.335714286,0,-45.8310737609863,NaN,8.78739441027794,6.05092303741935,9.08048767603355,6.90378092129032,-2.17670797549161,0.000656425112190968,1.70205040186734,-2.2040089828759,0.000585972065266735,1.72490989099528
-3.32699639275664,-0.000210723460324024,1.69026633275311,4.3,0,-98.8423843383789,NaN,5.825841684048,3.8939228784,6.606023398344,5.659709184,-0.94631840856,-0.00048720867948,1.07410510534061,-0.977116963519464,-0.000433876078777643,1.14059495279824
NaN,NaN,NaN,2.088888889,0,-79.0341339111328,NaN,2.97721400520774,2.38364849032258,2.80403753368645,2.43645143225806,-0.367587861654193,-0.000856025306651613,0.310418917110888,-0.12596125766962,-0.00071577452315355,0.515669365447638
-0.440030732240641,-0.000663870636897086,0.113576024563331,NaN,0,-9.15515327453613,NaN,0.911971933776,0.464082101496,1.02927188506176,1.2716151408,0.2423427039216,-0.000666192040848,0.0639258442375497,0.304903173701381,-0.000703173461919149,0.0962961225484883
0.165421822942072,-0.000524461202406078,NaN,1.15,0.46,NaN,NaN,0.561973121368258,0.172189855114839,0.370114427111412,0.813907892903226,0.443792900996129,-0.000508512264572903,-0.00618807901933535,0.484685078683309,-0.000577355610466164,0.0423071848303343
0.413798088160951,-0.000438459270504104,0.0867469988910971,1.466666667,0.08666666667,58.967212677002,NaN,0.471616146673548,0.209176422178064,-0.0224598913455484,0.415641688722581,0.43810154849729,-0.000250764717874065,0.0483899513579886,0.450767233712738,-0.000480240022819255,0.0614776510619164
0.352234271475113,-0.000111636342409688,0.0994801275830184,NaN,0.2044444444,105.358085632324,NaN,0.658658744717143,0.155481493371429,0.0481522068560571,0.456318961714286,0.408166572805714,-0.000266556269239714,0.0680383849997808,0.400525134591685,-0.000373679035453101,0.0792408906875726
0.515095327121956,-4.87969928758756e-05,0.223761643356257,1.755555556,0,132.63037109375,NaN,0.851286846778839,0.362584035406452,0.0648105663994839,0.613228863483871,0.548418433122581,-0.000105758924692645,0.147457294504853,0.558331580606479,-0.000251336194938787,0.156250457143876
-1.25585037094122,-4.27586841289351e-05,0.483239211751722,2.433333333,0,81.9147872924805,NaN,2.238843150072,0.7586476488,2.24441384327424,1.3715304696,-0.872886933432,-0.000115028045352,0.344588257536412,-0.982360368491078,-0.000182683293801069,0.374865158836037
-3.33175260998221,-0.00021742352869687,1.51470735773786,2.561111111,0,42.9654273986816,NaN,5.581642180536,2.69964992670968,6.09014306071742,3.70218969290323,-2.38795089733161,-0.000273009010296774,1.24482262955162,-2.44499309683998,-0.000283760184276927,1.2952892223651
-4.44817703000978,-0.000388889391127628,3.01765857635784,5.6,0,NaN,NaN,7.495901421264,4.675173408,7.655941577232,5.282324568,-2.37361865112,-0.000364452091704,2.19661032631446,-2.28951715134724,-0.000272147053887872,2.14258755626852
-5.98043891015827,-0.000153661850721921,3.53546349081355,5.3,0,-23.4578628540039,NaN,8.83358286175742,5.74987115612903,9.09117407523716,6.32683711741935,-2.76433730152258,-0.000236942601275613,2.48298614779836,-2.5830320281625,-8.70248161431394e-05,2.44697981588486
-5.66038849723261,0.00023781975602384,3.45287545466474,5.8,0,-69.1494445800781,NaN,8.44638240112258,5.74970887741935,9.0051793271071,7.20183486193548,-1.80334966436129,2.49968128645161e-05,2.28355871853964,-1.88335060963289,-9.4793124370375e-05,2.22631010030821
-3.93485270638047,-0.000540559828060879,2.89447023694916,6.083333333,0,-86.6586151123047,NaN,6.3433662804,4.706817768,7.29626242608,6.556304736,-0.7399527156,-0.000699480486936,1.85239309769846,-0.948734795397453,-0.000762324258143173,1.78603816442992
-1.81333528210405,-0.000632307421453055,1.08227814216825,1.85,0,NaN,NaN,3.17337615167226,1.71750362632258,3.47425753722968,3.00537153290323,-0.468884779738839,-0.000718103595367742,0.77101793752786,-0.507503655283101,-0.000865786441312575,0.714980696584887
-0.722732262452653,-0.00070894608196342,0.379300320347283,2.044444444,0,NaN,NaN,1.707918531156,1.07262016056,1.675741811904,1.714736736,0.0389942187624,-0.000790052521248,0.291750802780053,0.011389402861085,-0.000826925966467676,0.246684874502006
0.0433574425174042,-0.000684852469786021,0.159042124503217,1.655555556,0,-13.0880241394043,NaN,0.391422911105032,0.400217726554839,0.471199228741858,0.875758942451613,0.404558624833548,-0.000709845278544,0.123962704265136,0.40434797588458,-0.000673742398042162,0.0910136902790554
0.467109996713366,-0.000804721172943876,0.236260875161699,NaN,0.1322222222,74.0331420898438,NaN,0.377215018374194,0.544132367767742,0.103039143217548,0.628926942193548,0.525887351535484,-0.000818901614949677,0.163833255931432,0.485280161248153,-0.000664948359534971,0.131279796600899
0.505260046916983,-0.000533586897859568,0.185687015479408,2.422222222,0,89.0854263305664,NaN,0.588977281365021,0.51517025702069,0.0402658220805517,0.633639739034483,0.593373669686069,-0.000656241060066207,0.141537361951914,0.532448121014287,-0.000502805155109146,0.130340961296391
0.0368723448229311,-0.000353051582596041,0.359418145633899,2.3,0,89.257568359375,NaN,1.04209820338065,0.444298704154839,0.47028760148671,0.701654616,0.231365709246194,-0.000388109330314839,0.288090679588191,0.274088617135184,-0.000404137618371827,0.218994740888369
-2.00927413076645,-0.000566200443664111,1.05853059853138,2.844444444,0,NaN,NaN,3.167546989896,0.6103845576,2.621383724664,1.2544633728,-1.366920396936,-0.00058350361677192,0.832665414439408,-1.3558980060639,-0.000530249159667396,0.769654050023514
-4.55114155239564,-0.000423659645144897,2.11042737300323,3.394444444,0,5.45596694946289,NaN,5.67548928074323,2.69680901806452,5.69458643199097,3.01953507096774,-2.67504530845935,-0.000497427788580387,1.50366365849401,-2.68787927476605,-0.000484451048885914,1.48568101704597
-5.26142918181373,-1.47091048390397e-05,3.07208539226996,5.544444444,0,-58.9233856201172,NaN,7.576298598384,4.31046252,8.022208593096,5.231585016,-2.79062627688,-3.4602401988e-05,2.1980629195149,-2.70225675186819,-0.00017567856816202,2.11538796402741
-5.21994633315188,-5.38541319714094e-05,3.45461551505178,4.983333333,0,-52.7707710266113,NaN,7.8972535986271,4.91225207225806,9.19868306465032,7.01296202322581,-2.18572807096335,-9.97155164206452e-05,2.52048151640344,-2.10698359136943,-0.000154483960278927,2.48204262928236
-4.95989006141168,-0.000311342972066819,3.19450852797814,5.266666667,0,-87.0497436523438,NaN,7.41722834369032,4.57131760258064,8.42428278461497,6.68704338580645,-1.73723077463226,-0.00040680688995871,2.24538945745821,-1.82557162106797,-0.000467975101499881,2.21097322306105
-4.36976846135169,-0.000732662877301458,2.45631448144624,3.655555556,0,NaN,NaN,5.949697270824,3.959068896,6.577825492512,5.482291248,-1.09554287544,-0.00083346302772,1.53511655081788,-1.14322298916343,-0.0010254852704554,1.50778433035018
-2.60244896686799,-0.00128694596487173,1.21267542842103,2.183333333,0,NaN,NaN,3.4595343864,2.61296018709677,3.76246620572748,3.39456625548387,-0.367892212412903,-0.00129392208648,0.796913215020599,-0.537171674918634,-0.00124556454874455,0.722524228370145
-1.03748821349208,-0.00102722748648081,0.44373310209051,2.283333333,0,-6.44280910491943,NaN,1.4398393395528,0.64076866272,1.7700095435328,1.6937060544,-0.076303361808,-0.00099661674888,0.325630476479718,-0.0660571616469439,-0.000956246008752187,0.236170180471859
0.391853661710256,-0.000687993025060262,0.261858312282872,1.483333333,0.3372222222,77.9318923950195,NaN,0.681858585234581,0.476441800025806,0.203071732659221,0.598329113806452,0.395257951277419,-0.000584332417974194,0.187345546183862,0.451251840517091,-0.000656958139334365,0.132399460160739
0.48021624916205,-0.000410362696208555,0.228987432616625,0.977777778,0.2055555556,36.9224853515625,NaN,0.198108580909935,0.315828883741935,0.138958625645419,0.623972954322581,0.485014530567484,-0.000355500577686194,0.155259431376201,0.499252019156789,-0.000490728365979986,0.115173346172465
0.382476749263097,-0.000447322741370488,0.218747667472376,1.222222222,0.05055555556,NaN,NaN,0.370056519486,0.293789152285714,0.0438933283310829,0.470183832,0.426290127557143,-0.000393406365687429,0.144473934457878,0.462139868766159,-0.000427622323241632,0.137581209643319
0.361168530304285,-0.000262063000647444,0.295899336815995,1.627777778,0,148.735214233398,NaN,0.398016522116129,0.341865003251613,0.121912252945548,0.57695223483871,0.45503946260129,-0.000287468282197161,0.231469824228193,0.462239387246607,-0.000358024519333924,0.200872311867551
-2.00949643000086,-0.000373035151083394,0.571393548246838,1.661111111,0,128.803466796875,NaN,2.5658558028072,0.850875624,2.90463230858328,1.5419175408,-1.362712451256,-0.0003455973811224,0.45932835869855,-1.35907291343113,-0.000355532037779517,0.448516651583351
-3.84986223924364,-0.000567162432553095,1.67346028503759,3.594444444,0,97.334228515625,NaN,5.87152525038968,3.19526040774194,5.57052816990194,3.13432429935484,-2.43620555736774,-0.000513471928157419,1.28311230206199,-2.48525769356978,-0.000482768961939933,1.24556991339108
-4.95786721145044,-0.000231146790340926,2.30026775862284,4.605555556,0,42.8176879882812,NaN,8.097540484248,5.771630088,7.502412002616,5.010552,-2.4918595843536,-0.000198504289368,1.65588688690492,-2.41896933799535,-0.000343244376537891,1.77359348812383
-5.50190887981634,-0.000263617257924543,3.04512414612939,4.777777778,0,NaN,NaN,9.38275207562322,6.84193162064516,9.63357294286452,7.49720009032258,-2.13637218503226,-0.00035627639804129,2.14842462974121,-2.36604338480077,-0.000362676495257907,2.14901812800166
-5.2944377510906,-0.00066122928333448,2.53697744826301,4.855555556,0,NaN,NaN,7.93030545182322,5.5998867483871,8.00546754119226,5.80473390193548,-2.20074472381935,-0.000757185481830194,1.67592532560368,-1.9833364265661,-0.000769441510972061,1.70244094271045
-3.70240911288613,-0.00113644335760588,2.10753856708453,5.2,0,NaN,NaN,6.557219226432,5.24689632,7.119034447608,6.70146084,-0.41757160752,-0.001306343188512,1.30520753450273,-0.796661411021441,-0.0012469280096962,1.31401547027553
-1.43071304282678,-0.00133985597177029,1.03806059167884,2.5,0,NaN,NaN,3.52396600864258,2.74699463225806,3.95585248924335,4.05277274322581,0.0969130988361289,-0.00128976379021161,0.683066429353791,-0.112625380671803,-0.00130123053024538,0.694263710512898
0.00591794136738131,-0.00079603514193249,0.186918446768697,2.733333333,0,NaN,NaN,0.89674874710272,1.03468332168,1.0205175950064,1.488159288,0.4676411662632,-0.000889564572792,0.100973969076237,0.362873329771608,-0.000939115534825458,0.131130452256877
0.180729175964294,-0.000872521690465309,0.158534170023409,0.727777778,0.3816666667,NaN,NaN,0.194954427280335,0.333557102554839,0.255048922333161,0.617538683612903,0.3624898392,-0.00062013482252129,0.0303828018219848,0.462842628172315,-0.000785969474094205,0.0576072803598229
0.435407953032956,-0.00051936344042013,0.0888384445243661,1.094444444,0.3044444444,NaN,NaN,0.210937028681032,0.371938541109677,0.124758915482323,0.626152742709677,0.501395748665806,-0.000504167262531097,0.0638061074490155,0.484924217051202,-0.000580548554157678,0.0745745117429408
0.427703118063153,-0.00057558768380269,0.105186348158882,1.4,0.3238888889,NaN,NaN,0.368350175850429,0.399120118971429,0.0626527816457143,0.506251365428571,0.443598831488571,-0.000446924358848572,0.083752729165041,0.508888131499237,-0.000473311528171396,0.104703689123433
0.339985110545204,-0.000449577436580465,0.1354958011208,1.577777778,0,NaN,NaN,0.369939742167484,0.237396702890323,0.326958346995097,0.83966151716129,0.512703032330323,-0.00042174687987871,0.121227710031507,0.442957825088148,-0.000424637854174508,0.122579516993123
-1.33191753645666,-0.00028526511420716,0.5183073905273,2.644444444,0,NaN,NaN,2.0296949551416,0.6753056652,1.78902630764618,1.1692577016,-0.6197738049792,-0.000296951397552,0.37128651502072,-0.664063751691657,-0.000399755750860721,0.370890092283749
-4.49974325782573,-0.000419928984743151,2.03310809229834,2.911111111,0,NaN,NaN,6.06923676307742,2.578788792,6.5560146351329,3.49256434064516,-3.06344355654194,-0.000472956521225807,1.52555504209898,-3.14924446089134,-0.000480986007792513,1.5462341447329
-4.47132282813466,-0.000452930533251284,2.24768568758254,4.877777778,0,6.61902475357056,NaN,7.8898921968744,5.11499808,7.8760946490768,5.357106288,-2.518974702,-0.000526418910504,1.69364917211734,-2.54128937437334,-0.000521576628157153,1.73591754046431
NaN,NaN,NaN,5.172222222,0,-48.123966217041,NaN,NaN,NaN,NaN,NaN,NaN,NaN,NaN,NaN,NaN,NaN
NaN,NaN,NaN,5.05,0,NaN,NaN,NaN,NaN,NaN,NaN,NaN,NaN,NaN,NaN,NaN,NaN
NaN,NaN,NaN,5.575,0,NaN,NaN,NaN,NaN,NaN,NaN,NaN,NaN,NaN,NaN,NaN,NaN
NaN,NaN,NaN,2.638888889,0,-48.2967071533203,NaN,NaN,NaN,NaN,NaN,NaN,NaN,NaN,NaN,NaN,NaN
NaN,NaN,NaN,2.644444444,0,-20.5545654296875,NaN,NaN,NaN,NaN,NaN,NaN,NaN,NaN,NaN,NaN,NaN
NaN,NaN,NaN,2.6,0.07333333333,83.0971145629883,NaN,NaN,NaN,NaN,NaN,NaN,NaN,NaN,NaN,NaN,NaN
NaN,NaN,NaN,0.861111111,0.5027777778,126.140151977539,NaN,NaN,NaN,NaN,NaN,NaN,NaN,NaN,NaN,NaN,NaN
NaN,NaN,NaN,1.59,0.1316666667,153.758102416992,NaN,NaN,NaN,NaN,NaN,NaN,NaN,NaN,NaN,NaN,NaN
NaN,NaN,NaN,1.766666667,0,205.550064086914,NaN,NaN,NaN,NaN,NaN,NaN,NaN,NaN,NaN,NaN,NaN
NaN,NaN,NaN,3.688888889,0,157.170227050781,NaN,NaN,NaN,NaN,NaN,NaN,NaN,NaN,NaN,NaN,NaN
NaN,NaN,NaN,2.68,0,74.53369140625,NaN,NaN,NaN,NaN,NaN,NaN,NaN,NaN,NaN,NaN,NaN
NaN,NaN,NaN,4.261111111,0,33.2434959411621,NaN,NaN,NaN,NaN,NaN,NaN,NaN,NaN,NaN,NaN,NaN
NaN,NaN,NaN,NaN,0,-25.8762474060059,NaN,NaN,NaN,NaN,NaN,NaN,NaN,NaN,NaN,NaN,NaN
NaN,NaN,NaN,4.966666667,0,-55.8119506835938,NaN,NaN,NaN,NaN,NaN,NaN,NaN,NaN,NaN,NaN,NaN
NaN,NaN,NaN,5.15,0,-54.7748260498047,NaN,NaN,NaN,NaN,NaN,NaN,NaN,NaN,NaN,NaN,NaN
NaN,NaN,NaN,2.011111111,0,-47.5762901306152,NaN,NaN,NaN,NaN,NaN,NaN,NaN,NaN,NaN,NaN,NaN
NaN,NaN,NaN,2.205555556,0,33.5318717956543,NaN,NaN,NaN,NaN,NaN,NaN,NaN,NaN,NaN,NaN,NaN
NaN,NaN,NaN,2.055555556,0.2677777778,42.9520988464355,NaN,NaN,NaN,NaN,NaN,NaN,NaN,NaN,NaN,NaN,NaN
NaN,NaN,NaN,0.925,0.2955555556,95.4173278808594,NaN,NaN,NaN,NaN,NaN,NaN,NaN,NaN,NaN,NaN,NaN
NaN,NaN,NaN,NaN,0.1366666667,99.1620483398438,NaN,NaN,NaN,NaN,NaN,NaN,NaN,NaN,NaN,NaN,NaN
NaN,NaN,NaN,2.25,0,161.192718505859,NaN,NaN,NaN,NaN,NaN,NaN,NaN,NaN,NaN,NaN,NaN
NaN,NaN,NaN,3.027777778,0,107.928344726562,NaN,NaN,NaN,NaN,NaN,NaN,NaN,NaN,NaN,NaN,NaN
NaN,NaN,NaN,3.083333333,0,50.186580657959,NaN,NaN,NaN,NaN,NaN,NaN,NaN,NaN,NaN,NaN,NaN
NaN,NaN,NaN,4.333333333,0,-53.7509307861328,NaN,NaN,NaN,NaN,NaN,NaN,NaN,NaN,NaN,NaN,NaN
NaN,NaN,NaN,5.2875,0,-59.8566360473633,NaN,NaN,NaN,NaN,NaN,NaN,NaN,NaN,NaN,NaN,NaN
NaN,NaN,NaN,4.6,0,-107.842102050781,NaN,NaN,NaN,NaN,NaN,NaN,NaN,NaN,NaN,NaN,NaN
NaN,NaN,NaN,3.777777778,0,-134.789276123047,NaN,NaN,NaN,NaN,NaN,NaN,NaN,NaN,NaN,NaN,NaN
NaN,NaN,NaN,2.133333333,0,-67.0346527099609,NaN,NaN,NaN,NaN,NaN,NaN,NaN,NaN,NaN,NaN,NaN
NaN,NaN,NaN,2.7,0,-82.3544464111328,NaN,NaN,NaN,NaN,NaN,NaN,NaN,NaN,NaN,NaN,NaN
NaN,NaN,NaN,2.711111111,0,2.81411290168762,NaN,NaN,NaN,NaN,NaN,NaN,NaN,NaN,NaN,NaN,NaN
NaN,NaN,NaN,NaN,0.02222222222,1.48006665706635,NaN,NaN,NaN,NaN,NaN,NaN,NaN,NaN,NaN,NaN,NaN
NaN,NaN,NaN,1.8,0.02111111111,51.6791076660156,NaN,NaN,NaN,NaN,NaN,NaN,NaN,NaN,NaN,NaN,NaN
NaN,NaN,NaN,2.5,0,80.466926574707,NaN,NaN,NaN,NaN,NaN,NaN,NaN,NaN,NaN,NaN,NaN
NaN,NaN,NaN,2.588888889,0,NaN,NaN,NaN,NaN,NaN,NaN,NaN,NaN,NaN,NaN,NaN,NaN
NaN,NaN,NaN,2.805555556,0,NaN,NaN,NaN,NaN,NaN,NaN,NaN,NaN,NaN,NaN,NaN,NaN
NaN,NaN,NaN,4.705555556,0,NaN,NaN,NaN,NaN,NaN,NaN,NaN,NaN,NaN,NaN,NaN,NaN
NaN,NaN,NaN,5.233333333,0,NaN,NaN,NaN,NaN,NaN,NaN,NaN,NaN,NaN,NaN,NaN,NaN
NaN,NaN,NaN,5.6,0,NaN,NaN,NaN,NaN,NaN,NaN,NaN,NaN,NaN,NaN,NaN,NaN
NaN,NaN,NaN,3.685714286,0,NaN,NaN,NaN,NaN,NaN,NaN,NaN,NaN,NaN,NaN,NaN,NaN
NaN,NaN,NaN,1.85,0,NaN,NaN,NaN,NaN,NaN,NaN,NaN,NaN,NaN,NaN,NaN,NaN
NaN,NaN,NaN,2.033333333,0,NaN,NaN,NaN,NaN,NaN,NaN,NaN,NaN,NaN,NaN,NaN,NaN
NaN,NaN,NaN,1.477777778,0,NaN,NaN,NaN,NaN,NaN,NaN,NaN,NaN,NaN,NaN,NaN,NaN
