NBE,CH4,ET,LAI,SCF,EWT,ABGB,GPP_DT,ER_DT,GPP_NT,ER_NT,NBE_F,CH4_F,ET_F,NBE_ANN,CH4_ANN,ET_ANN
NaN,NaN,NaN,NaN,NaN,-16.0782356262207,NaN,NaN,NaN,NaN,NaN,NaN,NaN,NaN,NaN,NaN,NaN
NaN,NaN,NaN,0.066666667,NaN,-1.91385924816132,NaN,NaN,NaN,NaN,NaN,NaN,NaN,NaN,NaN,NaN,NaN
NaN,NaN,NaN,0,0.73,11.211051940918,NaN,NaN,NaN,NaN,NaN,NaN,NaN,NaN,NaN,NaN,NaN
NaN,NaN,NaN,0,0.755,20.7342624664307,NaN,NaN,NaN,NaN,NaN,NaN,NaN,NaN,NaN,NaN,NaN
NaN,NaN,NaN,0.027777778,0.8005555556,37.4492835998535,NaN,NaN,NaN,NaN,NaN,NaN,NaN,NaN,NaN,NaN,NaN
NaN,NaN,NaN,1.4,0,-1.42528963088989,NaN,NaN,NaN,NaN,NaN,NaN,NaN,NaN,NaN,NaN,NaN
NaN,NaN,NaN,NaN,0,-14.7102031707764,NaN,NaN,NaN,NaN,NaN,NaN,NaN,NaN,NaN,NaN,NaN
NaN,NaN,NaN,0.816666667,0,-27.2385501861572,NaN,NaN,NaN,NaN,NaN,NaN,NaN,NaN,NaN,NaN,NaN
NaN,NaN,NaN,0.8,0,-26.7781066894531,NaN,NaN,NaN,NaN,NaN,NaN,NaN,NaN,NaN,NaN,NaN
NaN,NaN,NaN,0,NaN,-16.6444644927979,NaN,NaN,NaN,NaN,NaN,NaN,NaN,NaN,NaN,NaN,NaN
NaN,NaN,NaN,NaN,NaN,-27.0691795349121,NaN,NaN,NaN,NaN,NaN,NaN,NaN,NaN,NaN,NaN,NaN
NaN,NaN,NaN,NaN,NaN,-11.7394371032715,NaN,NaN,NaN,NaN,NaN,NaN,NaN,NaN,NaN,NaN,NaN
NaN,NaN,NaN,0.2,NaN,-2.6820695400238,NaN,NaN,NaN,NaN,NaN,NaN,NaN,NaN,NaN,NaN,NaN
NaN,NaN,NaN,0,NaN,-7.63331031799316,NaN,NaN,NaN,NaN,NaN,NaN,NaN,NaN,NaN,NaN,NaN
NaN,NaN,NaN,0,0.7961111111,-8.06106185913086,NaN,NaN,NaN,NaN,NaN,NaN,NaN,NaN,NaN,NaN,NaN
NaN,NaN,NaN,0,0.8216666667,-3.05723810195923,NaN,NaN,NaN,NaN,NaN,NaN,NaN,NaN,NaN,NaN,NaN
NaN,NaN,NaN,0.957142857,0.7788888889,11.765908241272,NaN,NaN,NaN,NaN,NaN,NaN,NaN,NaN,NaN,NaN,NaN
NaN,NaN,NaN,1.477777778,0,-9.82781219482422,NaN,NaN,NaN,NaN,NaN,NaN,NaN,NaN,NaN,NaN,NaN
NaN,NaN,NaN,1.733333333,0,-25.9443950653076,NaN,NaN,NaN,NaN,NaN,NaN,NaN,NaN,NaN,NaN,NaN
NaN,NaN,NaN,1.022222222,0,-27.8397846221924,NaN,NaN,NaN,NaN,NaN,NaN,NaN,NaN,NaN,NaN,NaN
NaN,NaN,NaN,0.666666667,0,-37.3830642700195,NaN,NaN,NaN,NaN,NaN,NaN,NaN,NaN,NaN,NaN,NaN
NaN,NaN,NaN,NaN,NaN,-37.3833694458008,NaN,NaN,NaN,NaN,NaN,NaN,NaN,NaN,NaN,NaN,NaN
NaN,NaN,NaN,0.05,NaN,-16.5785503387451,NaN,NaN,NaN,NaN,NaN,NaN,NaN,NaN,NaN,NaN,NaN
NaN,NaN,NaN,NaN,NaN,-9.23780059814453,NaN,NaN,NaN,NaN,NaN,NaN,NaN,NaN,NaN,NaN,NaN
NaN,NaN,NaN,NaN,NaN,NaN,NaN,NaN,NaN,NaN,NaN,NaN,NaN,NaN,NaN,NaN,NaN
NaN,NaN,NaN,0,NaN,7.87355470657349,NaN,NaN,NaN,NaN,NaN,NaN,NaN,NaN,NaN,NaN,NaN
NaN,NaN,NaN,0,0.8366666667,23.1887283325195,NaN,NaN,NaN,NaN,NaN,NaN,NaN,NaN,NaN,NaN,NaN
NaN,NaN,NaN,0,0.78,33.1875267028809,NaN,NaN,NaN,NaN,NaN,NaN,NaN,NaN,NaN,NaN,NaN
NaN,NaN,NaN,0,0.7861111111,43.1525421142578,NaN,NaN,NaN,NaN,NaN,NaN,NaN,NaN,NaN,NaN,NaN
NaN,NaN,NaN,1.311111111,0,NaN,NaN,NaN,NaN,NaN,NaN,NaN,NaN,NaN,NaN,NaN,NaN
NaN,NaN,NaN,1.558333333,0,-19.3470878601074,NaN,NaN,NaN,NaN,NaN,NaN,NaN,NaN,NaN,NaN,NaN
NaN,NaN,NaN,1.133333333,0,-6.07025718688965,NaN,NaN,NaN,NaN,NaN,NaN,NaN,NaN,NaN,NaN,NaN
NaN,NaN,NaN,0.6,0.07,-19.6478252410889,NaN,NaN,NaN,NaN,NaN,NaN,NaN,NaN,NaN,NaN,NaN
NaN,NaN,NaN,0.06875,NaN,-26.7609558105469,NaN,NaN,NaN,NaN,NaN,NaN,NaN,NaN,NaN,NaN,NaN
NaN,NaN,NaN,0.233333333,NaN,-24.5347385406494,NaN,NaN,NaN,NaN,NaN,NaN,NaN,NaN,NaN,NaN,NaN
NaN,NaN,NaN,NaN,NaN,-0.017436321824789,NaN,NaN,NaN,NaN,NaN,NaN,NaN,NaN,NaN,NaN,NaN
NaN,NaN,NaN,0.333333333,NaN,-6.68515157699585,NaN,NaN,NaN,NaN,NaN,NaN,NaN,NaN,NaN,NaN,NaN
NaN,NaN,NaN,0,NaN,1.46812629699707,NaN,NaN,NaN,NaN,NaN,NaN,NaN,NaN,NaN,NaN,NaN
NaN,NaN,NaN,0,0.6844444444,7.43881416320801,NaN,NaN,NaN,NaN,NaN,NaN,NaN,NaN,NaN,NaN,NaN
NaN,NaN,NaN,0,0.82,21.1068515777588,NaN,NaN,NaN,NaN,NaN,NaN,NaN,NaN,NaN,NaN,NaN
NaN,NaN,NaN,0.3,0.8211111111,NaN,NaN,NaN,NaN,NaN,NaN,NaN,NaN,NaN,NaN,NaN,NaN
NaN,NaN,NaN,1.158333333,0,-7.36264610290527,NaN,NaN,NaN,NaN,NaN,NaN,NaN,NaN,NaN,NaN,NaN
NaN,NaN,NaN,1.655555556,0,-19.3157920837402,NaN,NaN,NaN,NaN,NaN,NaN,NaN,NaN,NaN,NaN,NaN
NaN,NaN,NaN,1.107142857,0,-19.0116119384766,NaN,NaN,NaN,NaN,NaN,NaN,NaN,NaN,NaN,NaN,NaN
NaN,NaN,NaN,0.711111111,0,-8.3449125289917,NaN,NaN,NaN,NaN,NaN,NaN,NaN,NaN,NaN,NaN,NaN
NaN,NaN,NaN,NaN,NaN,NaN,NaN,NaN,NaN,NaN,NaN,NaN,NaN,NaN,NaN,NaN,NaN
NaN,NaN,NaN,NaN,NaN,27.35426902771,NaN,NaN,NaN,NaN,NaN,NaN,NaN,NaN,NaN,NaN,NaN
NaN,NaN,NaN,NaN,NaN,12.1196479797363,NaN,NaN,NaN,NaN,NaN,NaN,NaN,NaN,NaN,NaN,NaN
NaN,NaN,NaN,0.166666667,NaN,40.3411026000977,NaN,NaN,NaN,NaN,NaN,NaN,NaN,NaN,NaN,NaN,NaN
NaN,NaN,NaN,0,NaN,27.800142288208,NaN,NaN,NaN,NaN,NaN,NaN,NaN,NaN,NaN,NaN,NaN
NaN,NaN,NaN,0,0.7166666667,NaN,NaN,NaN,NaN,NaN,NaN,NaN,NaN,NaN,NaN,NaN,NaN
NaN,NaN,NaN,NaN,0.7716666667,58.1870040893555,NaN,NaN,NaN,NaN,NaN,NaN,NaN,NaN,NaN,NaN,NaN
NaN,NaN,NaN,0.111111111,0.8133333333,78.1996917724609,NaN,NaN,NaN,NaN,NaN,NaN,NaN,NaN,NaN,NaN,NaN
NaN,NaN,NaN,1.116666667,0,43.4463272094727,NaN,NaN,NaN,NaN,NaN,NaN,NaN,NaN,NaN,NaN,NaN
NaN,NaN,NaN,1.861111111,0,18.2341728210449,NaN,NaN,NaN,NaN,NaN,NaN,NaN,NaN,NaN,NaN,NaN
NaN,NaN,NaN,1.122222222,0,NaN,NaN,NaN,NaN,NaN,NaN,NaN,NaN,NaN,NaN,NaN,NaN
NaN,NaN,NaN,0.888888889,0.3433333333,NaN,NaN,NaN,NaN,NaN,NaN,NaN,NaN,NaN,NaN,NaN,NaN
NaN,NaN,NaN,0,NaN,31.184814453125,NaN,NaN,NaN,NaN,NaN,NaN,NaN,NaN,NaN,NaN,NaN
NaN,NaN,NaN,0.266666667,NaN,55.8023490905762,NaN,NaN,NaN,NaN,NaN,NaN,NaN,NaN,NaN,NaN,NaN
NaN,NaN,NaN,NaN,NaN,76.1728820800781,NaN,NaN,NaN,NaN,NaN,NaN,NaN,NaN,NaN,NaN,NaN
0.907674509427491,NaN,0.092393387315561,0.111111111,NaN,77.322395324707,NaN,0.038399974187112,0.9524052074304,-0.1574601763176,0.704968963704,0.8624288196,-9999,0.123235860043582,1.09268950884362,-0.00265376239840039,0.0544788291842433
1.03193383103342,NaN,0.0584457290959091,0.122222222,NaN,NaN,NaN,0.0457622631159171,0.83044946057709,-0.493330974228,0.726681469577143,1.22001021411429,-9999,0.0342498432183063,1.17712823838121,-0.00447029813582904,0.0487353992932968
1.33896038158923,NaN,0.0568850301385183,0,0.7955555556,101.874145507812,NaN,0.50753885977649,2.05667788475613,0.0712507342854194,1.16191760917935,1.09066700796387,-9999,0.0639467287385076,1.04599220149576,-0.00508238391202212,0.0570657288297312
0.750384626996609,NaN,0.0551446818469938,0,0.8266666667,108.238075256348,NaN,0.4577660014968,0.73298419992,0.1686623958504,0.976603516056,0.807941892384,-9999,0.0399789291408815,0.798372678149551,-0.00214411996169638,0.0659940539744076
0.746561510429756,0.00347184719336216,0.131837277674792,0,0.8027777778,119.264251708984,NaN,0.683349726797419,0.861492616258065,0.333206208450581,1.09529316936,0.762087029576516,0.00384900525698824,0.138336756163428,0.750162436068625,0.00228936852006579,0.126389532425696
-0.474108488421965,0.00741982235406415,1.77664780449731,1.5,0,78.7909393310547,NaN,1.575580783968,1.4248428264,1.2513481391448,1.285090012152,0.033742728288,0.00695227904136,1.40606113552096,-0.0819658499335274,0.00781965405739567,1.40014691032559
-2.10688750383782,0.0205443105244097,1.97713727054127,1.633333333,0,NaN,NaN,3.46590176051613,1.97705398947097,3.2971814050529,2.11339571256,-1.18378684711742,0.0205709636670968,1.64576276119136,-1.31406849671423,0.0193509337959154,1.58771081535529
-0.846120548465506,0.0202188488303993,1.40742713840003,1.161111111,0,37.460521697998,NaN,2.63287499485471,2.00793558890323,2.55724128761574,2.23967561202581,-0.317565935535484,0.0205748765419355,1.23786139817159,-0.428682309415296,0.0203546475888024,1.24171813988821
1.07378151542923,0.0117601583363138,0.397493661201281,0.233333333,0.7561111111,23.278190612793,NaN,0.4818217990932,0.9482355792,0.3045300080832,1.302502428792,0.9979722581976,0.0103641722948571,0.349852281193356,1.04065286024668,0.0104846141229961,0.332301878158112
2.12981944037878,NaN,0.0344141187096982,NaN,NaN,41.6738586425781,NaN,0.0793450345610323,0.601074055741936,-0.0885988653907355,1.55220138139355,1.64080266805161,-9999,0.0185483904701965,1.2529138117642,0.00633426273436563,0.0513811601956578
1.34260694398696,NaN,0.134799280072313,0.177777778,NaN,45.1632843017578,NaN,0.0793773600912,1.2503576952,-0.071974405584,1.221769157472,1.2937436064,-9999,0.126895180172252,1.19999012432068,-0.00130305456975455,0.133590446345349
1.24176598989711,NaN,0.035272056541971,NaN,NaN,NaN,NaN,0.00566789702748387,0.743069762709677,-0.418541637888,0.825724529651613,1.24426698689032,-9999,0.048452116490569,1.15987092173771,-0.00028143601084264,0.0531255121938683
0.80433539873604,NaN,0.190318035073004,0.266666667,NaN,38.9012718200684,NaN,0.0758466222712258,0.803601129112258,-0.125400741073548,0.660926927543226,0.786329901290323,-9999,0.140059469222332,1.05170090881392,-0.00407351547815331,0.104425292597222
0.972265679912685,NaN,0.115967001099108,0,NaN,46.9838371276855,NaN,0.242025929231143,0.537596540166086,-0.228102509468571,0.726195894557143,0.954299983047428,-9999,0.131286631781434,0.868743283603483,-0.00638542094914186,0.118738324417189
0.633545394305941,NaN,0.115192847761863,0,0.7961111111,73.0173187255859,NaN,0.270711374406271,0.354961966587097,-0.101789497270452,0.515856134345806,0.617645527664516,-9999,0.10143585228497,0.72880047734549,-0.00517749640632395,0.0806726576587356
0.315941909309448,NaN,0.133914425609755,0,0.8266666667,84.5138244628906,NaN,0.35032766534208,0.4841052264,0.454044447392616,0.820135627704,0.366091031304,-9999,0.13091818723145,0.552052981069098,-0.00135521997384006,0.131312299075181
0.424176607863454,NaN,0.895974754672058,0,0.8188888889,83.058235168457,NaN,1.02387009754452,0.912996130064516,0.59305346828129,1.21948973628387,0.626436081476129,-9999,0.654780269315145,0.521394866897618,0.00222331973971237,0.615569813826552
-0.889600480131113,0.00961186404206703,1.93103958834871,1.266666667,0,NaN,NaN,2.899791561708,2.2219841736,2.55760246584,1.902092209344,-0.655509572208,0.009468660816,1.81753921495294,-0.645908421220612,0.00942882143529663,1.79548360292631
-2.26565208549737,0.014930124221896,1.86160531958288,1.744444444,0,0.439911514520645,NaN,4.35260631100645,2.73189408619355,3.73854682830193,2.16503613357677,-1.57351195323871,0.0148647040258065,1.62395781282345,-1.65013725057945,0.0151039000228036,1.64376978840038
0.20366052873688,0.0110614430349409,1.00614198741605,0,0,-0.823240637779236,NaN,2.22807939257497,2.87147006709677,1.55708099376852,2.12265722413161,0.56557501344,0.0105751660877419,0.782583052698382,0.455632718420248,0.0113703628469692,0.766599517780792
0.868820791684223,0.00840690228895982,0.186339031988881,NaN,0.7294444444,3.95886468887329,NaN,0.91672900274304,1.8459785016,0.2556040119624,1.07416815552,0.818563147704,0.007231927455,0.171531260619109,1.00534833860315,0.00776571966135231,0.173507559733
1.18413362702131,NaN,0.0610421395381864,0,NaN,NaN,NaN,0.253529077749677,0.962783781677419,-0.102714271441548,0.967425355370322,1.07014113917419,-9999,0.0426575053439631,1.00397427960596,0.005524687314015,0.0575235591995294
0.742731710850547,NaN,0.11630598363106,0,NaN,NaN,NaN,0.02800685220624,0.682219090944,-0.1744722411408,0.587468767608,0.761941674576,-9999,0.13785886471748,0.781114417325662,0.00247501464822107,0.117719851535588
0.89701248663192,NaN,0.0653385501130783,NaN,NaN,24.249174118042,NaN,0.00513291815303226,0.44682434108129,-0.266412535258065,0.52182919683871,0.788239822203871,-9999,0.0238894981115749,0.855172487451861,0.00145860552733259,0.0329292846503343
1.07429225210537,NaN,0.131028673332692,0.355555556,NaN,51.4241714477539,NaN,0.077014369296,0.798370703913135,-0.15457420570529,0.817970277716129,0.972544187612903,-9999,0.11279624575842,0.872967061827974,-0.00522391172648268,0.117766031235697
0.600667797361353,NaN,0.0303943124297524,0,NaN,52.7457885742188,NaN,0.0115247591980237,0.58699207660469,-0.00306670092455171,0.55555055414069,0.558616891034483,-9999,0.0681286071047238,0.622085880137775,-0.00553905353531187,0.0511939170243829
1.37102255149381,NaN,NaN,0,0.7083333333,39.5175590515137,NaN,0.113920956759252,0.339108427914271,-0.181276883168516,0.683552666461935,0.864828294224516,-9999,0.0294661803349593,0.663232063263331,-0.00553551026897403,0.00271722283588541
0.420217123390255,NaN,0.0752179755483165,0,0.83,NaN,NaN,0.45553873196736,0.451313524152,0.52644080268,1.006383892392,0.4799428475436,-9999,0.0764719905426976,0.485562579827311,-0.0019628826091332,0.0772171811379843
0.329244168307213,NaN,0.908413736775529,NaN,0.8966666667,52.0178070068359,NaN,0.620512960566193,0.783095583483871,0.610202563056,1.24257877708645,0.632376345832258,-9999,0.833583041682207,0.472365208169726,0.00151621252368884,0.798818180458174
-0.15643358610062,0.00709871212618729,1.40653781734426,1.033333333,0,28.3165397644043,NaN,0.970623305171784,0.73225824192,1.680461670888,1.627566733008,-0.052895713392,0.00735583500648,1.34748136309144,-0.117239874857531,0.00809230362476796,1.34311746080241
-1.75356148611551,0.0210035317129901,1.76285906032522,1.794444444,0,8.43631267547607,NaN,3.23816448117832,1.89400151148387,2.96846776902194,1.73220314072516,-1.23626606330323,0.021422496843871,1.60547542767708,-1.26814554504894,0.0191864647866927,1.60594256390428
-0.0283171669576621,0.0108749131021746,0.916353400432958,1.016666667,0,9.94993782043457,NaN,1.29566830642908,1.33424930090323,1.31205225098323,1.46918445296516,0.157131578090323,0.00969487700360052,0.843210136354012,0.148303813480429,0.011857790137336,0.848790779783494
0.501248755630791,0.0128102556315862,0.248799557898681,NaN,0.11,NaN,NaN,0.2622052139184,0.6541827768,0.1701532909296,0.685829254752,0.5156765794512,0.0097516782864,0.232000510415264,0.58740844833481,0.00916132723484092,0.204929973437389
0.568228157348814,0.00372007789542859,0.147589359811611,0,NaN,NaN,NaN,0.0810941204357419,0.679502478193548,0.0245188677901935,0.501482671525161,0.476963532696774,0.00555955069935484,0.157046445154183,0.503665328354357,0.00676393125865591,0.152925257894495
0.505521275239693,NaN,0.00207679840369975,0.1,NaN,36.6291542053223,NaN,0.08273884579416,0.7423032636,0.00772749485279999,0.314763713784,0.307036945152,0.004624328232,0.0129136617263617,0.402265688264046,0.00469055143082015,0.00306927897044548
0.166716678059444,NaN,0.0250720080146013,NaN,NaN,20.1748752593994,NaN,0.00497867756091146,1.1150488118545,0.00984572208764475,0.231347310699904,0.221502117789266,0.00170578475120385,0.0335757799717429,0.270456566986479,1.46857469368057e-05,0.0282606062276388
NaN,NaN,NaN,0.133333333,NaN,24.0344314575195,NaN,NaN,NaN,NaN,NaN,NaN,NaN,NaN,NaN,NaN,NaN
NaN,NaN,NaN,0.025,NaN,NaN,NaN,NaN,NaN,NaN,NaN,NaN,NaN,NaN,NaN,NaN,NaN
NaN,NaN,NaN,0,0.7133333333,58.8032188415527,NaN,NaN,NaN,NaN,NaN,NaN,NaN,NaN,NaN,NaN,NaN
NaN,NaN,NaN,0,0.8394444444,57.7165908813477,NaN,NaN,NaN,NaN,NaN,NaN,NaN,NaN,NaN,NaN,NaN
NaN,NaN,NaN,0,0.8777777778,70.9350738525391,NaN,NaN,NaN,NaN,NaN,NaN,NaN,NaN,NaN,NaN,NaN
NaN,NaN,NaN,0.95,0,48.3545074462891,NaN,NaN,NaN,NaN,NaN,NaN,NaN,NaN,NaN,NaN,NaN
NaN,NaN,NaN,1.794444444,0,NaN,NaN,NaN,NaN,NaN,NaN,NaN,NaN,NaN,NaN,NaN,NaN
NaN,NaN,NaN,1.005555556,0,NaN,NaN,NaN,NaN,NaN,NaN,NaN,NaN,NaN,NaN,NaN,NaN
NaN,NaN,NaN,0.583333333,0.6711111111,NaN,NaN,NaN,NaN,NaN,NaN,NaN,NaN,NaN,NaN,NaN,NaN
NaN,NaN,NaN,0,NaN,NaN,NaN,NaN,NaN,NaN,NaN,NaN,NaN,NaN,NaN,NaN,NaN
NaN,NaN,NaN,NaN,NaN,NaN,NaN,NaN,NaN,NaN,NaN,NaN,NaN,NaN,NaN,NaN,NaN
NaN,NaN,NaN,NaN,NaN,NaN,NaN,NaN,NaN,NaN,NaN,NaN,NaN,NaN,NaN,NaN,NaN
NaN,NaN,NaN,0,NaN,NaN,NaN,NaN,NaN,NaN,NaN,NaN,NaN,NaN,NaN,NaN,NaN
NaN,NaN,NaN,0,NaN,NaN,NaN,NaN,NaN,NaN,NaN,NaN,NaN,NaN,NaN,NaN,NaN
NaN,NaN,NaN,0,0.7838888889,NaN,NaN,NaN,NaN,NaN,NaN,NaN,NaN,NaN,NaN,NaN,NaN
NaN,NaN,NaN,0,0.7827777778,NaN,NaN,NaN,NaN,NaN,NaN,NaN,NaN,NaN,NaN,NaN,NaN
NaN,NaN,NaN,0,0.8166666667,NaN,NaN,NaN,NaN,NaN,NaN,NaN,NaN,NaN,NaN,NaN,NaN
NaN,NaN,NaN,1.114285714,0,58.4493179321289,NaN,NaN,NaN,NaN,NaN,NaN,NaN,NaN,NaN,NaN,NaN
NaN,NaN,NaN,NaN,0,35.0516090393066,NaN,NaN,NaN,NaN,NaN,NaN,NaN,NaN,NaN,NaN,NaN
NaN,NaN,NaN,1.077777778,0,NaN,NaN,NaN,NaN,NaN,NaN,NaN,NaN,NaN,NaN,NaN,NaN
NaN,NaN,NaN,0.7,0,NaN,NaN,NaN,NaN,NaN,NaN,NaN,NaN,NaN,NaN,NaN,NaN
NaN,NaN,NaN,1,NaN,16.4795513153076,NaN,NaN,NaN,NaN,NaN,NaN,NaN,NaN,NaN,NaN,NaN
NaN,NaN,NaN,NaN,NaN,13.9558582305908,NaN,NaN,NaN,NaN,NaN,NaN,NaN,NaN,NaN,NaN,NaN
NaN,NaN,NaN,NaN,NaN,47.3310127258301,NaN,NaN,NaN,NaN,NaN,NaN,NaN,NaN,NaN,NaN,NaN
NaN,NaN,NaN,0.266666667,NaN,47.1051025390625,NaN,NaN,NaN,NaN,NaN,NaN,NaN,NaN,NaN,NaN,NaN
NaN,NaN,NaN,0.05,NaN,46.4368209838867,NaN,NaN,NaN,NaN,NaN,NaN,NaN,NaN,NaN,NaN,NaN
NaN,NaN,NaN,NaN,0.7083333333,54.6617279052734,NaN,NaN,NaN,NaN,NaN,NaN,NaN,NaN,NaN,NaN,NaN
NaN,NaN,NaN,0,0.7961111111,86.3740844726562,NaN,NaN,NaN,NaN,NaN,NaN,NaN,NaN,NaN,NaN,NaN
NaN,NaN,NaN,0.438888889,0.6938888889,71.4103775024414,NaN,NaN,NaN,NaN,NaN,NaN,NaN,NaN,NaN,NaN,NaN
NaN,NaN,NaN,1.316666667,0,35.5918159484863,NaN,NaN,NaN,NaN,NaN,NaN,NaN,NaN,NaN,NaN,NaN
NaN,NaN,NaN,1.683333333,0,-0.0961587205529213,NaN,NaN,NaN,NaN,NaN,NaN,NaN,NaN,NaN,NaN,NaN
NaN,NaN,NaN,1.1,0,23.1440963745117,NaN,NaN,NaN,NaN,NaN,NaN,NaN,NaN,NaN,NaN,NaN
NaN,NaN,NaN,0.7,0,15.5422496795654,NaN,NaN,NaN,NaN,NaN,NaN,NaN,NaN,NaN,NaN,NaN
NaN,NaN,NaN,0,NaN,7.41157722473145,NaN,NaN,NaN,NaN,NaN,NaN,NaN,NaN,NaN,NaN,NaN
NaN,NaN,NaN,0.183333333,NaN,24.4644966125488,NaN,NaN,NaN,NaN,NaN,NaN,NaN,NaN,NaN,NaN,NaN
NaN,NaN,NaN,NaN,NaN,20.7995719909668,NaN,NaN,NaN,NaN,NaN,NaN,NaN,NaN,NaN,NaN,NaN
