NBE,CH4,ET,LAI,SCF,EWT,ABGB,GPP_DT,ER_DT,GPP_NT,ER_NT,NBE_F,CH4_F,ET_F,NBE_ANN,CH4_ANN,ET_ANN
NaN,NaN,NaN,0.1875,NaN,-37.8446731567383,NaN,NaN,NaN,NaN,NaN,NaN,NaN,NaN,NaN,NaN,NaN
NaN,NaN,NaN,0.3,NaN,-34.4615631103516,NaN,NaN,NaN,NaN,NaN,NaN,NaN,NaN,NaN,NaN,NaN
NaN,NaN,NaN,NaN,0.7033333333,-14.4058465957642,NaN,NaN,NaN,NaN,NaN,NaN,NaN,NaN,NaN,NaN,NaN
NaN,NaN,NaN,0,0.7161111111,7.4399619102478,NaN,NaN,NaN,NaN,NaN,NaN,NaN,NaN,NaN,NaN,NaN
NaN,NaN,NaN,0,0.825,9.83147239685059,NaN,NaN,NaN,NaN,NaN,NaN,NaN,NaN,NaN,NaN,NaN
NaN,NaN,NaN,1.177777778,0,-18.8750820159912,NaN,NaN,NaN,NaN,NaN,NaN,NaN,NaN,NaN,NaN,NaN
NaN,NaN,NaN,1.966666667,0,-49.3240051269531,NaN,NaN,NaN,NaN,NaN,NaN,NaN,NaN,NaN,NaN,NaN
NaN,NaN,NaN,1.488888889,0,-34.1672058105469,NaN,NaN,NaN,NaN,NaN,NaN,NaN,NaN,NaN,NaN,NaN
NaN,NaN,NaN,0.71,0,-55.3370094299316,NaN,NaN,NaN,NaN,NaN,NaN,NaN,NaN,NaN,NaN,NaN
NaN,NaN,NaN,0,NaN,-33.5039100646973,NaN,NaN,NaN,NaN,NaN,NaN,NaN,NaN,NaN,NaN,NaN
NaN,NaN,NaN,NaN,NaN,-27.8418064117432,NaN,NaN,NaN,NaN,NaN,NaN,NaN,NaN,NaN,NaN,NaN
NaN,NaN,NaN,NaN,NaN,-25.4036617279053,NaN,NaN,NaN,NaN,NaN,NaN,NaN,NaN,NaN,NaN,NaN
NaN,NaN,NaN,0.5,NaN,-16.4990310668945,NaN,NaN,NaN,NaN,NaN,NaN,NaN,NaN,NaN,NaN,NaN
NaN,NaN,NaN,0,NaN,3.49704599380493,NaN,NaN,NaN,NaN,NaN,NaN,NaN,NaN,NaN,NaN,NaN
NaN,NaN,NaN,NaN,0.6877777778,27.0633430480957,NaN,NaN,NaN,NaN,NaN,NaN,NaN,NaN,NaN,NaN,NaN
NaN,NaN,NaN,0,0.7644444444,36.9176330566406,NaN,NaN,NaN,NaN,NaN,NaN,NaN,NaN,NaN,NaN,NaN
NaN,NaN,NaN,0,0.6194444444,61.2076873779297,NaN,NaN,NaN,NaN,NaN,NaN,NaN,NaN,NaN,NaN,NaN
NaN,NaN,NaN,1.205555556,0,0.691925764083862,NaN,NaN,NaN,NaN,NaN,NaN,NaN,NaN,NaN,NaN,NaN
NaN,NaN,NaN,1.5,0,-20.3465957641602,NaN,NaN,NaN,NaN,NaN,NaN,NaN,NaN,NaN,NaN,NaN
NaN,NaN,NaN,1.45,0,-33.1226119995117,NaN,NaN,NaN,NaN,NaN,NaN,NaN,NaN,NaN,NaN,NaN
NaN,NaN,NaN,0.644444444,0,-28.2477169036865,NaN,NaN,NaN,NaN,NaN,NaN,NaN,NaN,NaN,NaN,NaN
NaN,NaN,NaN,0,NaN,-18.9560871124268,NaN,NaN,NaN,NaN,NaN,NaN,NaN,NaN,NaN,NaN,NaN
NaN,NaN,NaN,0.105555556,NaN,-30.4697494506836,NaN,NaN,NaN,NaN,NaN,NaN,NaN,NaN,NaN,NaN,NaN
NaN,NaN,NaN,NaN,NaN,-8.81463241577148,NaN,NaN,NaN,NaN,NaN,NaN,NaN,NaN,NaN,NaN,NaN
NaN,NaN,NaN,0.1,NaN,-1.40893757343292,NaN,NaN,NaN,NaN,NaN,NaN,NaN,NaN,NaN,NaN,NaN
NaN,NaN,NaN,0,NaN,-2.47205471992493,NaN,NaN,NaN,NaN,NaN,NaN,NaN,NaN,NaN,NaN,NaN
NaN,NaN,NaN,NaN,0.7466666667,-7.83557891845703,NaN,NaN,NaN,NaN,NaN,NaN,NaN,NaN,NaN,NaN,NaN
NaN,NaN,NaN,0,0.7427777778,2.83685207366943,NaN,NaN,NaN,NaN,NaN,NaN,NaN,NaN,NaN,NaN,NaN
NaN,NaN,NaN,0.022222222,0.7966666667,19.2503414154053,NaN,NaN,NaN,NaN,NaN,NaN,NaN,NaN,NaN,NaN,NaN
NaN,NaN,NaN,1.416666667,0,-11.5146465301514,NaN,NaN,NaN,NaN,NaN,NaN,NaN,NaN,NaN,NaN,NaN
NaN,NaN,NaN,1.828571429,0,-28.0078468322754,NaN,NaN,NaN,NaN,NaN,NaN,NaN,NaN,NaN,NaN,NaN
NaN,NaN,NaN,1.266666667,0,-29.8042259216309,NaN,NaN,NaN,NaN,NaN,NaN,NaN,NaN,NaN,NaN,NaN
NaN,NaN,NaN,0.683333333,0,-42.1396636962891,NaN,NaN,NaN,NaN,NaN,NaN,NaN,NaN,NaN,NaN,NaN
NaN,NaN,NaN,0,NaN,-40.3311576843262,NaN,NaN,NaN,NaN,NaN,NaN,NaN,NaN,NaN,NaN,NaN
NaN,NaN,NaN,0.2,NaN,-18.9224414825439,NaN,NaN,NaN,NaN,NaN,NaN,NaN,NaN,NaN,NaN,NaN
NaN,NaN,NaN,NaN,NaN,-9.18145847320557,NaN,NaN,NaN,NaN,NaN,NaN,NaN,NaN,NaN,NaN,NaN
NaN,NaN,NaN,NaN,NaN,NaN,NaN,NaN,NaN,NaN,NaN,NaN,NaN,NaN,NaN,NaN,NaN
NaN,NaN,NaN,0,NaN,20.2193489074707,NaN,NaN,NaN,NaN,NaN,NaN,NaN,NaN,NaN,NaN,NaN
NaN,NaN,NaN,0,0.7427777778,42.0685424804688,NaN,NaN,NaN,NaN,NaN,NaN,NaN,NaN,NaN,NaN,NaN
NaN,NaN,NaN,NaN,0.7438888889,54.0060119628906,NaN,NaN,NaN,NaN,NaN,NaN,NaN,NaN,NaN,NaN,NaN
NaN,NaN,NaN,0,0.7683333333,67.8209991455078,NaN,NaN,NaN,NaN,NaN,NaN,NaN,NaN,NaN,NaN,NaN
NaN,NaN,NaN,1.005555556,0,NaN,NaN,NaN,NaN,NaN,NaN,NaN,NaN,NaN,NaN,NaN,NaN
NaN,NaN,NaN,1.991666667,0,-18.1962509155273,NaN,NaN,NaN,NaN,NaN,NaN,NaN,NaN,NaN,NaN,NaN
NaN,NaN,NaN,1.088888889,0,0.885356366634369,NaN,NaN,NaN,NaN,NaN,NaN,NaN,NaN,NaN,NaN,NaN
NaN,NaN,NaN,0.571428571,0,-14.3967208862305,NaN,NaN,NaN,NaN,NaN,NaN,NaN,NaN,NaN,NaN,NaN
NaN,NaN,NaN,0,NaN,-19.2482070922852,NaN,NaN,NaN,NaN,NaN,NaN,NaN,NaN,NaN,NaN,NaN
NaN,NaN,NaN,0.15,NaN,-16.9343032836914,NaN,NaN,NaN,NaN,NaN,NaN,NaN,NaN,NaN,NaN,NaN
NaN,NaN,NaN,NaN,NaN,17.311954498291,NaN,NaN,NaN,NaN,NaN,NaN,NaN,NaN,NaN,NaN,NaN
NaN,NaN,NaN,0.233333333,NaN,11.506311416626,NaN,NaN,NaN,NaN,NaN,NaN,NaN,NaN,NaN,NaN,NaN
NaN,NaN,NaN,0.4,NaN,21.3669204711914,NaN,NaN,NaN,NaN,NaN,NaN,NaN,NaN,NaN,NaN,NaN
NaN,NaN,NaN,0,0.6544444444,24.9609909057617,NaN,NaN,NaN,NaN,NaN,NaN,NaN,NaN,NaN,NaN,NaN
NaN,NaN,NaN,NaN,0.7761111111,40.0702438354492,NaN,NaN,NaN,NaN,NaN,NaN,NaN,NaN,NaN,NaN,NaN
NaN,NaN,NaN,0.222222222,0.8261111111,NaN,NaN,NaN,NaN,NaN,NaN,NaN,NaN,NaN,NaN,NaN,NaN
NaN,NaN,NaN,0.955555556,0,-3.38631010055542,NaN,NaN,NaN,NaN,NaN,NaN,NaN,NaN,NaN,NaN,NaN
NaN,NaN,NaN,1.816666667,0,-20.3500099182129,NaN,NaN,NaN,NaN,NaN,NaN,NaN,NaN,NaN,NaN,NaN
NaN,NaN,NaN,1.133333333,0,-11.8416271209717,NaN,NaN,NaN,NaN,NaN,NaN,NaN,NaN,NaN,NaN,NaN
NaN,NaN,NaN,0.75,0,0.162060260772705,NaN,NaN,NaN,NaN,NaN,NaN,NaN,NaN,NaN,NaN,NaN
NaN,NaN,NaN,0,NaN,NaN,NaN,NaN,NaN,NaN,NaN,NaN,NaN,NaN,NaN,NaN,NaN
NaN,NaN,NaN,0.0375,NaN,40.0882301330566,NaN,NaN,NaN,NaN,NaN,NaN,NaN,NaN,NaN,NaN,NaN
NaN,NaN,NaN,NaN,NaN,13.7772731781006,NaN,NaN,NaN,NaN,NaN,NaN,NaN,NaN,NaN,NaN,NaN
NaN,NaN,NaN,0.355555556,NaN,46.3286628723145,NaN,0.00707231053858064,0.200601389633806,-9999,0.463513843974194,-9999,-9999,-9999,-0.0488544075632555,0.00825195902316373,0.0174526947945455
NaN,NaN,NaN,NaN,NaN,29.4323501586914,NaN,0.0400559230542857,0.0772199280642857,-9999,0.294330216085714,-9999,-9999,-9999,-0.0750615283266667,0.00601175223744473,0.0131583968309837
NaN,NaN,NaN,0,0.7111111111,NaN,NaN,0.0872030851432258,0.250539452407742,-9999,0.580293455225806,-9999,-9999,-9999,-0.0692875927240525,0.00358567258534019,0.0165329935121774
NaN,NaN,NaN,NaN,0.7544444444,69.3639068603516,NaN,0.1441143230472,0.400291231032,-9999,0.76036835088,-9999,-9999,-9999,-0.0154416628551876,0.00218794476962894,0.0212892994342901
NaN,NaN,NaN,0.016666667,0.7877777778,96.6971893310547,NaN,0.170754410759458,0.890059349264516,-9999,1.22007997858065,-9999,-9999,-9999,0.131592541520615,0.00192942624239048,0.166709061146711
0.48667269117515,0.00217286065813102,1.60225007877484,0.877777778,0,44.6446914672852,NaN,1.6555811002488,1.8661303224,1.96401341007664,1.696968936,-0.205161272008556,0.00373442516264599,1.78592515135313,-0.0378411020165609,0.00407585629600551,1.24051465066
-2.02758060744384,0.0165710575478613,1.7380919965037,2.061111111,0,14.5124244689941,NaN,3.82870941208258,2.16343138993548,3.39760211451794,1.8582980283871,-1.53930236146839,0.0175346884149677,1.60078942355734,-1.56706522837374,0.0178184556742638,1.56655734990393
-1.54159127768104,0.0312052581993047,1.01901207956695,1.427777778,0,NaN,NaN,2.77975407845938,1.93794868335484,2.39580433162452,1.66659770090323,-0.729205357580361,0.0326899472934194,0.797250664609099,-0.423699123664029,0.0319916063220507,0.779428371916723
0.813718529294967,0.0311974039897053,0.173305960044329,NaN,0,NaN,NaN,0.481922873987112,0.9674558496,0.3436691699736,1.1750789664,0.83141084376,0.0315977641632,0.190006056088541,0.800531382445273,0.0301272961154656,0.18229368450463
0.568593578582835,0.0219139421984338,0.0218377231188352,0,NaN,23.5297794342041,NaN,0.0972451206407148,0.56300338683871,-0.0112945361249032,0.561780262451613,0.573074834864516,0.021626348300129,0.020173271262347,0.553491123328512,0.0214774196686597,0.0330411146273801
0.289591316055375,0.0201455610876929,0.0456619148302155,0.088888889,NaN,63.6971321105957,NaN,0.0723602113308,0.85225179312,0.1131972324696,0.36261809064,0.24942103128,0.01932601922136,0.049107268576702,0.278885017932973,0.0195334425967631,0.0431896443908611
0.0583961529317145,0.0136591603349837,0.00901939682582815,NaN,NaN,93.7775573730469,NaN,0.024486435,1.70770933172903,0.143493153567097,0.202454151212903,0.0589608873290322,0.0101654221626581,0.0113342831573236,0.115513431582061,0.0106430262561726,0.0149213227628661
-0.0559780176927028,0.00654684248384723,0.0150013346599283,NaN,NaN,88.5546951293945,NaN,0.0847942321145806,1.2047156322401,0.0913229058263226,0.0658863668020645,-0.0254363732742194,0.0108541880795613,0.0142771294992419,0.00425651741832899,0.00755217506785889,0.0162292876726732
0.107115475315754,0.00758096593188745,0.0157498733978518,0.185714286,NaN,NaN,NaN,0.287926451511429,0.64076938130521,0.247599093221229,0.363893350453564,0.116294294113714,0.0112111031910857,0.0164137324170572,0.0498351437185808,0.00949459701740047,0.016143043420621
-0.132483551106253,0.00479432172752752,0.0142909718270327,NaN,0.8161111111,130.352981567383,NaN,0.183449379228387,0.214776092220619,0.135785597616,0.0191573585163871,-0.116628247168258,0.00491227246865032,0.0171863531862122,-0.0339658169285006,0.00583316592158151,0.0135075788883672
-0.00730940063875033,0.00796892461065502,0.0303504577532967,0,0.7816666667,128.573699951172,NaN,0.47335989564,0.3109871703888,0.10710012230496,0.103307093208,-0.003792782664,0.00646196173632,0.0291685143309173,0.0188994498519471,0.00665515005663815,0.0288211628485773
0.125926973198566,0.00823593359915338,0.134063645215588,NaN,0.7727777778,138.242919921875,NaN,0.946803817754477,0.688770278709677,0.22874155254511,0.319353979354839,0.0906124565264516,0.00808971549096774,0.149988528390973,0.0688440223982571,0.00726908335675995,0.134853979443764
-0.203112838897743,0.0126198397722603,0.4092698417701,0.594444444,0,88.1901550292969,NaN,1.26107487864,0.82631244096,0.9516953973816,0.8313385752,-0.120357006048,0.0134795765088,0.419881654689684,-0.146393420609756,0.0131638635322255,0.505425293449157
-1.74678354628768,0.0300853912593286,1.24404082928172,1.661111111,0,NaN,NaN,3.76982162589832,2.18588132206452,3.18647729401548,1.68599350451613,-1.50048317473548,0.0311828052379355,1.16064556882579,-1.5194729660244,0.0284782113087932,1.15994427858962
-0.449682399035547,0.0389248239191881,0.722383588222363,1.6,0,43.5962829589844,NaN,2.3401601272519,1.80235587623226,2.49828860662142,2.19244968,-0.305840122606452,0.0393023233184516,0.650204675512064,-0.334077556734352,0.0373174749632574,0.654573870412969
0.830361580100012,0.0283704114912615,0.236703839700905,0.6,0.6322222222,28.9492588043213,NaN,0.28374916854384,0.8212113648,0.1930582701072,1.0190211768,0.825962237064,0.02814600883896,0.227864643749601,0.842509179619677,0.0285836988290289,0.224065699479317
0.525205526536788,0.0143177713343164,0.0169513847014208,0,NaN,54.3781852722168,NaN,0.129225790749135,0.586036764232258,0.0786845186382194,0.568579180180645,0.4898946528,0.0153372860439399,0.0190306075652209,0.497249777090717,0.0145212154273832,0.0215688769549074
0.00971642287067404,0.0060204380401093,0.0369045072393498,0.1,NaN,54.6136779785156,NaN,0.1687106193552,0.3674251343664,0.200440701792,0.138543025824,-0.06226124658912,0.00529350367032,0.0357861393850502,0.150916506705195,0.0069947948573911,0.0314094109432309
NaN,NaN,NaN,NaN,NaN,NaN,NaN,0.0249435457420645,0.0499989870080204,-9999,0.112587239979871,-9999,-9999,-9999,0.0354449134396196,0.00658190732887681,0.0189829488405845
NaN,NaN,NaN,0.15,NaN,56.0631866455078,1209.639906,0.0554357682850065,0.0602486625870479,-9999,0.100848524235097,-9999,-9999,-9999,0.0511915966729112,0.00841058774447494,0.0180197845417607
0.0896643396726164,0.0137401167349742,0.0148731583196765,NaN,NaN,65.1022109985352,1209.639906,0.0819469082998286,0.120998145222609,-0.00988173200034782,0.0753873714977143,0.0848841141407702,0.0133270781232298,0.016193236792951,0.0659572351347144,0.0116505792574614,0.0157345503570009
0.0253727091267986,0.00814097112035595,0.0124958389124821,0,0.66,102.147407531738,1209.639906,0.0512464864710193,0.07786284833196,0.019194818646449,0.0461340177932903,0.0269391764136774,0.00694914760126452,0.0109785851477487,0.026313557424087,0.00710383517434922,0.014371104223448
-0.0307317318274136,0.00608619405028306,0.0352207386907053,0,0.7922222222,118.897888183594,1209.639906,0.2247514104528,0.258014252448,0.08419555308888,0.075107193912,-0.0090886976136,0.00593498950416,0.0289646931881194,0.0190277306010687,0.00590734414276126,0.0263316462627217
-0.152359528523141,0.00655792551249633,0.427515734291269,0.15,0.8222222222,115.355140686035,1209.639906,1.19729870050761,0.779317478012903,0.796911827014452,0.773427613703226,-0.0234830905083871,0.00669758044050581,0.387069357483475,-0.116615318582402,0.00660933709484247,0.390689630140993
-1.42417842883096,0.0121861449922789,2.00467252232155,1.4125,0,NaN,1209.639906,3.12672123432,1.7719020288,3.2196569292,2.016443952,-1.2032125407288,0.0120723439255992,1.78538877846554,-1.15120831285346,0.0121469140551484,1.80378608791913
-1.58305771043202,0.0153985928866542,1.45370460862659,1.711111111,0,8.62004089355469,1209.639906,3.77697077654168,2.29600579354839,3.83445471685935,2.60084972903226,-1.23360578430968,0.0158323757132903,1.27538028027528,-1.3392995092316,0.0166970877027851,1.30997374024207
0.53623093913836,0.024870258620272,0.74327116611602,0.766666667,0,12.6450729370117,1209.639906,1.51599805587406,1.58223757006452,1.80990040993548,2.0756516516129,0.265751358582194,0.0254309101074581,0.802826798551033,0.232054329055587,0.0258133758404474,0.724692933298531
0.711324669500784,0.0143445060093907,0.217767623804895,NaN,0.02722222222,21.0117721557617,1209.639906,0.33379412825088,0.7285811544,0.33508814758488,1.1014124976,0.766323252072,0.0142302939529356,0.190681346114924,0.778366825795346,0.0174421678368535,0.19888566975928
0.151758464622677,0.00582154581599171,0.013010581405019,0,NaN,NaN,1209.639906,0.0681086912622968,0.388745115793548,0.0175893205299097,0.251485847043097,0.233896603577806,0.00544790407037063,0.00935205964713342,0.399862257027536,0.00872550480483065,0.0166596363716351
0.264508260672483,0.0112749734483681,0.0267613425743288,NaN,NaN,NaN,1209.639906,0.010045265515128,0.222218533224,0.01229758116984,0.263106145728,0.250808334948,0.008516671666704,0.0244025237158924,0.232772813119024,0.00939753939158691,0.0235582696824874
0.0617965864742209,NaN,0.000440792471156553,NaN,NaN,44.8364715576172,1209.639906,0.00262590164245161,0.162532369381935,0.0129121480559381,0.0781539385145806,0.0652419244335484,0.0132600368814039,-0.000523070107107163,0.041994840440033,0.00799228215738054,0.00493639386195909
0.125691441418667,0.0133435289699648,0.0199580610826063,1.544444444,NaN,78.2097625732422,NaN,0.0108721267987355,0.522626249255226,0.0547901264322581,0.100894328296258,0.0461045309783226,0.0104043192900387,0.0194254405175323,0.0775589846636214,0.0104527437475531,0.0174380127545719
-0.0479370940602346,0.00636368073516217,0.0208379662843984,0,NaN,81.5766448974609,NaN,0.0864919355191448,0.70112965149931,0.0644212242695172,0.0391987999787586,-0.0252223688308966,0.00620065471009655,0.0179900136467801,0.0329476948700742,0.00708639440778084,0.0188498261807547
0.0206828807958121,0.00568454440424185,0.0102496359319468,0,0.6888888889,65.2992324829102,NaN,0.171727055302761,0.306175590673548,-0.00529715438012904,0.0353904928954839,0.0406874578436129,0.00665888153922581,0.00907584091888063,0.0369681687224555,0.0058433580409109,0.0123010882197427
0.035039730604631,NaN,0.0274725516163713,0,0.7966666667,NaN,NaN,0.1843989805548,1.211008301856,0.0645790482648,0.0869632272,0.022384129536,0.0043476770124,0.0238571713668668,0.0569532791509464,0.00511065915134112,0.0226929387868061
0.117155501721634,0.00379709164170469,0.562323764229361,0.761111111,0.8277777778,73.6113052368164,NaN,0.515814967916826,0.421465195114839,0.274938326574968,0.392520317109677,0.117581641449445,0.00257458864134194,0.51377883399349,0.136161367890779,0.00395437916696581,0.518858543266351
-0.141945670071972,0.00904498106002835,1.2922175462793,1.077777778,0,46.2649841308594,NaN,2.175981082272,1.627410132,1.683469748088,1.3018338,-0.381636195336,0.01154935876788,1.73894858784522,-0.877591421269158,0.0113609908922199,1.62452309526385
-2.14192002037417,0.0345579752342083,2.12682732843381,2.016666667,0,27.0036392211914,NaN,5.19961926313161,3.13971266322581,4.84098780348232,2.65968346064516,-2.18130348983226,0.0331409028541935,2.04196556553552,-2.19330490371481,0.0267547297918811,1.99431803817433
-0.300058697582617,0.0457860501371153,0.799095556389224,0.894444444,0,28.5570335388184,NaN,2.26202792673135,1.95316513083871,2.31476349722446,2.26649218064516,-0.0482706542787097,0.045614524436129,0.718036957420033,-0.0806567896349997,0.0409851630500001,0.735292008558586
0.662885518505177,0.0340310967264759,0.200722717728696,0.511111111,0.4322222222,NaN,NaN,0.67222423802916,0.9323486784,0.339709361328,1.0063952928,0.66668588208,0.0253960544078726,0.183405487783795,0.709121134166945,0.0306032045366942,0.186103783106811
0.550298793289069,NaN,0.0505351047797719,0.055555556,NaN,NaN,NaN,0.319583453005626,0.892251594580645,0.0250225318730323,0.542549287741935,0.517526630477419,0.0265999300954839,0.0441335358324459,0.497496181451582,0.0202332457172272,0.059271990671636
0.148664893784457,0.00976685350574143,0.00408731747278784,NaN,NaN,56.3532638549805,NaN,0.03340737392832,0.46064754072,-0.00224284744799999,0.15152949504,0.1537723924992,0.0138178490436,0.00397349368858196,0.201137712450653,0.0121120712896064,0.00774192458455079
0.0624551714213453,0.0126836188467503,0.0107619572675277,NaN,NaN,34.2914962768555,NaN,0.00159101070898065,0.487120543409032,0.0996361684471742,0.192275811127742,0.0926393691298064,0.0124359413915613,0.0104650531188659,0.105749645217686,0.0139224268024128,0.0103812328856896
NaN,NaN,NaN,0.3,NaN,49.8242874145508,NaN,NaN,NaN,NaN,NaN,NaN,NaN,NaN,NaN,NaN,NaN
NaN,NaN,NaN,0.322222222,NaN,NaN,NaN,NaN,NaN,NaN,NaN,NaN,NaN,NaN,NaN,NaN,NaN
NaN,NaN,NaN,NaN,0.7138888889,90.7098770141602,NaN,NaN,NaN,NaN,NaN,NaN,NaN,NaN,NaN,NaN,NaN
NaN,NaN,NaN,0,0.8094444444,86.8707427978516,NaN,NaN,NaN,NaN,NaN,NaN,NaN,NaN,NaN,NaN,NaN
NaN,NaN,NaN,0,0.75,97.3251724243164,NaN,NaN,NaN,NaN,NaN,NaN,NaN,NaN,NaN,NaN,NaN
NaN,NaN,NaN,1.022222222,0,62.3406410217285,NaN,NaN,NaN,NaN,NaN,NaN,NaN,NaN,NaN,NaN,NaN
NaN,NaN,NaN,1.75,0,NaN,NaN,NaN,NaN,NaN,NaN,NaN,NaN,NaN,NaN,NaN,NaN
NaN,NaN,NaN,1.127777778,0.3616666667,NaN,NaN,NaN,NaN,NaN,NaN,NaN,NaN,NaN,NaN,NaN,NaN
NaN,NaN,NaN,0.766666667,0,NaN,NaN,NaN,NaN,NaN,NaN,NaN,NaN,NaN,NaN,NaN,NaN
NaN,NaN,NaN,0,NaN,NaN,NaN,NaN,NaN,NaN,NaN,NaN,NaN,NaN,NaN,NaN,NaN
NaN,NaN,NaN,NaN,NaN,NaN,NaN,NaN,NaN,NaN,NaN,NaN,NaN,NaN,NaN,NaN,NaN
NaN,NaN,NaN,NaN,NaN,NaN,NaN,NaN,NaN,NaN,NaN,NaN,NaN,NaN,NaN,NaN,NaN
NaN,NaN,NaN,0.244444444,NaN,NaN,NaN,NaN,NaN,NaN,NaN,NaN,NaN,NaN,NaN,NaN,NaN
NaN,NaN,NaN,NaN,NaN,NaN,NaN,NaN,NaN,NaN,NaN,NaN,NaN,NaN,NaN,NaN,NaN
NaN,NaN,NaN,NaN,0.8155555556,NaN,NaN,NaN,NaN,NaN,NaN,NaN,NaN,NaN,NaN,NaN,NaN
NaN,NaN,NaN,0,0.7411111111,NaN,NaN,NaN,NaN,NaN,NaN,NaN,NaN,NaN,NaN,NaN,NaN
NaN,NaN,NaN,NaN,0.6972222222,NaN,NaN,NaN,NaN,NaN,NaN,NaN,NaN,NaN,NaN,NaN,NaN
NaN,NaN,NaN,0.916666667,0,83.4096984863281,NaN,NaN,NaN,NaN,NaN,NaN,NaN,NaN,NaN,NaN,NaN
NaN,NaN,NaN,1.94,0,48.118766784668,NaN,NaN,NaN,NaN,NaN,NaN,NaN,NaN,NaN,NaN,NaN
NaN,NaN,NaN,1.588888889,0,NaN,NaN,NaN,NaN,NaN,NaN,NaN,NaN,NaN,NaN,NaN,NaN
NaN,NaN,NaN,0.777777778,0,NaN,NaN,NaN,NaN,NaN,NaN,NaN,NaN,NaN,NaN,NaN,NaN
NaN,NaN,NaN,NaN,NaN,26.5687770843506,NaN,NaN,NaN,NaN,NaN,NaN,NaN,NaN,NaN,NaN,NaN
NaN,NaN,NaN,NaN,NaN,27.3585395812988,NaN,NaN,NaN,NaN,NaN,NaN,NaN,NaN,NaN,NaN,NaN
NaN,NaN,NaN,NaN,NaN,67.7201156616211,NaN,NaN,NaN,NaN,NaN,NaN,NaN,NaN,NaN,NaN,NaN
NaN,NaN,NaN,NaN,NaN,67.6840972900391,NaN,NaN,NaN,NaN,NaN,NaN,NaN,NaN,NaN,NaN,NaN
NaN,NaN,NaN,0,NaN,78.3976058959961,NaN,NaN,NaN,NaN,NaN,NaN,NaN,NaN,NaN,NaN,NaN
NaN,NaN,NaN,NaN,0.6938888889,88.51025390625,NaN,NaN,NaN,NaN,NaN,NaN,NaN,NaN,NaN,NaN,NaN
NaN,NaN,NaN,NaN,0.7477777778,128.809127807617,NaN,NaN,NaN,NaN,NaN,NaN,NaN,NaN,NaN,NaN,NaN
NaN,NaN,NaN,0.288888889,0.6955555556,106.737243652344,NaN,NaN,NaN,NaN,NaN,NaN,NaN,NaN,NaN,NaN,NaN
NaN,NaN,NaN,1.222222222,0,53.7853546142578,NaN,NaN,NaN,NaN,NaN,NaN,NaN,NaN,NaN,NaN,NaN
NaN,NaN,NaN,1.9,0,12.2123155593872,NaN,NaN,NaN,NaN,NaN,NaN,NaN,NaN,NaN,NaN,NaN
NaN,NaN,NaN,0.875,0,44.4309310913086,NaN,NaN,NaN,NaN,NaN,NaN,NaN,NaN,NaN,NaN,NaN
NaN,NaN,NaN,0.73125,0,27.0090274810791,NaN,NaN,NaN,NaN,NaN,NaN,NaN,NaN,NaN,NaN,NaN
NaN,NaN,NaN,NaN,NaN,15.2937707901001,NaN,NaN,NaN,NaN,NaN,NaN,NaN,NaN,NaN,NaN,NaN
NaN,NaN,NaN,0.1,NaN,40.3876190185547,NaN,NaN,NaN,NaN,NaN,NaN,NaN,NaN,NaN,NaN,NaN
NaN,NaN,NaN,NaN,NaN,38.499397277832,NaN,NaN,NaN,NaN,NaN,NaN,NaN,NaN,NaN,NaN,NaN
