NBE,CH4,ET,LAI,SCF,EWT,ABGB,GPP_DT,ER_DT,GPP_NT,ER_NT,NBE_F,CH4_F,ET_F,NBE_ANN,CH4_ANN,ET_ANN
NaN,NaN,NaN,0.4,0,11.478422164917,NaN,NaN,NaN,NaN,NaN,NaN,NaN,NaN,NaN,NaN,NaN
NaN,NaN,NaN,0.616666667,0,30.39231300354,NaN,NaN,NaN,NaN,NaN,NaN,NaN,NaN,NaN,NaN,NaN
NaN,NaN,NaN,0.961111111,0,24.83278465271,NaN,NaN,NaN,NaN,NaN,NaN,NaN,NaN,NaN,NaN,NaN
NaN,NaN,NaN,1.8375,0,12.3555240631104,NaN,NaN,NaN,NaN,NaN,NaN,NaN,NaN,NaN,NaN,NaN
NaN,NaN,NaN,1.344444444,0,-0.435343265533447,NaN,NaN,NaN,NaN,NaN,NaN,NaN,NaN,NaN,NaN,NaN
NaN,NaN,NaN,1.71875,0,-25.1288261413574,NaN,NaN,NaN,NaN,NaN,NaN,NaN,NaN,NaN,NaN,NaN
NaN,NaN,NaN,2.333333333,0,-28.4522457122803,NaN,NaN,NaN,NaN,NaN,NaN,NaN,NaN,NaN,NaN,NaN
NaN,NaN,NaN,1.466666667,0,-32.0477066040039,NaN,NaN,NaN,NaN,NaN,NaN,NaN,NaN,NaN,NaN,NaN
NaN,NaN,NaN,1.327777778,0,-33.197998046875,NaN,NaN,NaN,NaN,NaN,NaN,NaN,NaN,NaN,NaN,NaN
NaN,NaN,NaN,0.855555556,0,-31.4307765960693,NaN,NaN,NaN,NaN,NaN,NaN,NaN,NaN,NaN,NaN,NaN
NaN,NaN,NaN,0.55,0,-13.9741315841675,NaN,NaN,NaN,NaN,NaN,NaN,NaN,NaN,NaN,NaN,NaN
NaN,NaN,NaN,0.4,0,-13.4570999145508,NaN,NaN,NaN,NaN,NaN,NaN,NaN,NaN,NaN,NaN,NaN
NaN,NaN,NaN,0.316666667,0,20.9904823303223,NaN,NaN,NaN,NaN,NaN,NaN,NaN,NaN,NaN,NaN,NaN
NaN,NaN,NaN,0.522222222,0,16.8246250152588,NaN,NaN,NaN,NaN,NaN,NaN,NaN,NaN,NaN,NaN,NaN
NaN,NaN,NaN,0.755555556,0,5.9687328338623,NaN,NaN,NaN,NaN,NaN,NaN,NaN,NaN,NaN,NaN,NaN
NaN,NaN,NaN,1.485714286,0,4.0562858581543,NaN,NaN,NaN,NaN,NaN,NaN,NaN,NaN,NaN,NaN,NaN
NaN,NaN,NaN,1.5,0,-11.1630926132202,NaN,NaN,NaN,NaN,NaN,NaN,NaN,NaN,NaN,NaN,NaN
NaN,NaN,NaN,1.361111111,0,-30.4203052520752,NaN,NaN,NaN,NaN,NaN,NaN,NaN,NaN,NaN,NaN,NaN
NaN,NaN,NaN,1.966666667,0,-27.6016826629639,NaN,NaN,NaN,NaN,NaN,NaN,NaN,NaN,NaN,NaN,NaN
NaN,NaN,NaN,1.95,0,-29.411003112793,NaN,NaN,NaN,NaN,NaN,NaN,NaN,NaN,NaN,NaN,NaN
NaN,NaN,NaN,1.944444444,0,-33.7993202209473,NaN,NaN,NaN,NaN,NaN,NaN,NaN,NaN,NaN,NaN,NaN
NaN,NaN,NaN,1.038888889,0,-43.0654678344727,NaN,NaN,NaN,NaN,NaN,NaN,NaN,NaN,NaN,NaN,NaN
NaN,NaN,NaN,0.783333333,0,-36.7433662414551,NaN,NaN,NaN,NaN,NaN,NaN,NaN,NaN,NaN,NaN,NaN
NaN,NaN,NaN,0.594444444,0,-24.2790718078613,NaN,NaN,NaN,NaN,NaN,NaN,NaN,NaN,NaN,NaN,NaN
NaN,NaN,NaN,0.533333333,0,-18.3202533721924,NaN,NaN,NaN,NaN,NaN,NaN,NaN,NaN,NaN,NaN,NaN
NaN,NaN,NaN,0.961111111,0,0.546859860420227,NaN,NaN,NaN,NaN,NaN,NaN,NaN,NaN,NaN,NaN,NaN
NaN,NaN,NaN,1.3,0,8.18123626708984,NaN,NaN,NaN,NaN,NaN,NaN,NaN,NaN,NaN,NaN,NaN
NaN,NaN,NaN,1.644444444,0,14.0275964736938,NaN,NaN,NaN,NaN,NaN,NaN,NaN,NaN,NaN,NaN,NaN
NaN,NaN,NaN,1.627777778,0,1.94913744926453,NaN,NaN,NaN,NaN,NaN,NaN,NaN,NaN,NaN,NaN,NaN
NaN,NaN,NaN,1.211111111,0,-24.086877822876,NaN,NaN,NaN,NaN,NaN,NaN,NaN,NaN,NaN,NaN,NaN
NaN,NaN,NaN,1.738888889,0,-25.966157913208,NaN,NaN,NaN,NaN,NaN,NaN,NaN,NaN,NaN,NaN,NaN
NaN,NaN,NaN,1.4,0,-26.5975456237793,NaN,NaN,NaN,NaN,NaN,NaN,NaN,NaN,NaN,NaN,NaN
NaN,NaN,NaN,0.816666667,0,-12.356014251709,NaN,NaN,NaN,NaN,NaN,NaN,NaN,NaN,NaN,NaN,NaN
NaN,NaN,NaN,0.677777778,0,-21.6039543151855,NaN,NaN,NaN,NaN,NaN,NaN,NaN,NaN,NaN,NaN,NaN
NaN,NaN,NaN,0.511111111,0,-25.6919097900391,NaN,NaN,NaN,NaN,NaN,NaN,NaN,NaN,NaN,NaN,NaN
NaN,NaN,NaN,0.344444444,0,2.24696016311646,NaN,NaN,NaN,NaN,NaN,NaN,NaN,NaN,NaN,NaN,NaN
NaN,NaN,NaN,0.55,0,-6.4196310043335,NaN,NaN,NaN,NaN,NaN,NaN,NaN,NaN,NaN,NaN,NaN
NaN,NaN,NaN,0.772222222,0,-4.99495601654053,NaN,NaN,NaN,NaN,NaN,NaN,NaN,NaN,NaN,NaN,NaN
NaN,NaN,NaN,0.825,0,7.86394357681274,NaN,NaN,NaN,NaN,NaN,NaN,NaN,NaN,NaN,NaN,NaN
NaN,NaN,NaN,1.2,0,19.1122379302979,NaN,NaN,NaN,NaN,NaN,NaN,NaN,NaN,NaN,NaN,NaN
NaN,NaN,NaN,1.588888889,0,14.3489151000977,NaN,NaN,NaN,NaN,NaN,NaN,NaN,NaN,NaN,NaN,NaN
NaN,NaN,NaN,1.525,0,8.09765243530273,NaN,NaN,NaN,NaN,NaN,NaN,NaN,NaN,NaN,NaN,NaN
NaN,NaN,NaN,1.833333333,0,-12.9850482940674,NaN,NaN,NaN,NaN,NaN,NaN,NaN,NaN,NaN,NaN,NaN
NaN,NaN,NaN,1.35,0,-14.6446142196655,NaN,NaN,NaN,NaN,NaN,NaN,NaN,NaN,NaN,NaN,NaN
NaN,NaN,NaN,1.6,0,-1.87660086154938,NaN,NaN,NaN,NaN,NaN,NaN,NaN,NaN,NaN,NaN,NaN
NaN,NaN,NaN,0.911111111,0,9.17833709716797,NaN,NaN,NaN,NaN,NaN,NaN,NaN,NaN,NaN,NaN,NaN
NaN,NaN,NaN,0.816666667,0,26.2102928161621,NaN,NaN,NaN,NaN,NaN,NaN,NaN,NaN,NaN,NaN,NaN
NaN,NaN,NaN,0.577777778,0,43.3903503417969,NaN,NaN,NaN,NaN,NaN,NaN,NaN,NaN,NaN,NaN,NaN
NaN,NaN,NaN,0.483333333,0,35.5158195495605,NaN,NaN,NaN,NaN,NaN,NaN,NaN,NaN,NaN,NaN,NaN
NaN,NaN,NaN,0.505555556,0,45.7792854309082,NaN,NaN,NaN,NaN,NaN,NaN,NaN,NaN,NaN,NaN,NaN
NaN,NaN,NaN,0.55,0,31.818811416626,NaN,NaN,NaN,NaN,NaN,NaN,NaN,NaN,NaN,NaN,NaN
NaN,NaN,NaN,1.444444444,0,15.4545955657959,NaN,NaN,NaN,NaN,NaN,NaN,NaN,NaN,NaN,NaN,NaN
NaN,NaN,NaN,1.642857143,0,17.348819732666,NaN,NaN,NaN,NaN,NaN,NaN,NaN,NaN,NaN,NaN,NaN
NaN,NaN,NaN,1.966666667,0,3.19345998764038,NaN,NaN,NaN,NaN,NaN,NaN,NaN,NaN,NaN,NaN,NaN
NaN,NaN,NaN,1.5,0,0.241280421614647,NaN,NaN,NaN,NaN,NaN,NaN,NaN,NaN,NaN,NaN,NaN
NaN,NaN,NaN,1.983333333,0,-8.49888896942139,NaN,NaN,NaN,NaN,NaN,NaN,NaN,NaN,NaN,NaN,NaN
NaN,NaN,NaN,1.43125,0,-29.9489765167236,NaN,NaN,NaN,NaN,NaN,NaN,NaN,NaN,NaN,NaN,NaN
NaN,NaN,NaN,0.988888889,0,-43.5232772827148,NaN,NaN,NaN,NaN,NaN,NaN,NaN,NaN,NaN,NaN,NaN
NaN,NaN,NaN,0.838888889,0,-34.7608642578125,NaN,NaN,NaN,NaN,NaN,NaN,NaN,NaN,NaN,NaN,NaN
NaN,NaN,NaN,0.583333333,0,-41.0092468261719,NaN,NaN,NaN,NaN,NaN,NaN,NaN,NaN,NaN,NaN,NaN
NaN,NaN,NaN,0.466666667,0,NaN,NaN,0.0816885152954452,4.07705050182885,-9999,0.805082099858339,-9999,-9999,-9999,1.67594567362801,-0.00628333130437627,0.508167488111307
NaN,NaN,NaN,0.577777778,0,-5.22297430038452,NaN,0.0859263195279161,4.40772839544857,-9999,0.8239376484,-9999,-9999,-9999,0.538891704826204,0.00344997440292593,0.787838635731196
NaN,NaN,NaN,0.877777778,0,9.16369152069092,NaN,0.0426675495420441,5.30280869866839,-9999,0.883448699225806,-9999,-9999,-9999,0.487204313950726,0.00864839757531242,1.42741833709597
NaN,NaN,NaN,1.455555556,0,-2.02903056144714,NaN,0.0019766160000053,6.002165195424,-9999,0.9225707688,-9999,-9999,-9999,0.450368778192265,0.0119504326610553,2.15925591439341
NaN,NaN,NaN,1.411111111,0,-5.53481864929199,NaN,0.00442087635664297,6.24911787383226,-9999,0.935544958141936,-9999,-9999,-9999,0.309492704680821,0.0119624074119474,1.55710479280842
NaN,NaN,NaN,1.4,0,NaN,NaN,3.69344894981358e-91,6.919728854616,-9999,0.9697983948,-9999,-9999,-9999,0.303570197597445,0.019647189946922,-0.263299240018521
NaN,NaN,NaN,NaN,0,-27.0718269348145,NaN,4.51230972716426e-24,6.72608933435613,-9999,0.960566055329032,-9999,-9999,-9999,0.513514767686497,0.028066157282812,-0.344708747127492
NaN,NaN,NaN,NaN,0,-39.0482406616211,NaN,5.71711126700249e-73,6.96729669984,-9999,0.972183260670968,-9999,-9999,-9999,0.258094995411665,0.023454145244932,-0.154106671247252
NaN,NaN,NaN,1.0625,0,-37.2967567443848,NaN,0.0020187772054558,6.35546905524,-9999,0.94153492872,-9999,-9999,-9999,0.776329124809192,0.0237666746158109,0.912786471547925
3.08655804699506,0.0129444924549259,2.12058316482491,0.933333333,0,-48.2735862731934,NaN,0.293326746580783,5.34561246659613,-1.45265279077149,0.720659547406452,2.11961036518085,0.00913567907588268,1.25533340634873,1.99256629625563,0.0121296010489287,1.34788075280344
2.28067688312022,0.0112341375297847,1.04233230025908,0.594444444,0,-50.8888626098633,NaN,0.947383488814918,3.353837313168,-1.1229665025744,0.74218347,1.865152224,0.006936710914368,0.702145855987424,1.94666631009688,0.0061690762924635,0.733761721964552
0.78488897713639,0.00880628791046076,0.536226112850674,0.511111111,0,-11.9155044555664,NaN,0.907252147466253,1.45303484694968,0.204245062104774,1.02726797225806,0.823024348769032,0.00596030946270968,0.363655513805793,0.827990061421939,0.00541954257785002,0.388226504460632
0.375407569923333,0.0103868450477756,0.793818870169916,0.505555556,0,-17.2901554107666,NaN,0.799581421858064,1.29888192265548,0.739726975695484,1.3046194340129,0.564890790658065,0.00871990693548387,0.534843009320377,0.562159552103522,0.0066328279150774,0.539141269402103
0.649931473296615,0.00741655849620505,0.6865012684776,0.516666667,0,13.2119951248169,NaN,0.876406148359448,1.42264029321931,0.824080438819862,1.54664906424828,0.722567730786207,0.00828414840165517,0.586380867539344,0.698376137860378,0.0079390577161164,0.596617419276003
-0.0465206951084476,0.00708222449282297,1.80839759736295,0.766666667,0,6.04618167877197,NaN,1.00283701563871,0.88271066547871,0.736450805032258,0.887200038812903,0.150749641393548,0.00877580276957419,1.44791588339463,0.135043329176349,0.00775261916634422,1.45343635270385
-0.238500262855815,0.0136134410323256,1.94583389493609,1.061111111,0,1.61471891403198,NaN,1.29195908352,0.987762100104,1.511988478524,1.55158965,0.039600135936,0.0160178969268,1.48875528512544,0.0203051586998733,0.0105310133246602,1.51244322814325
NaN,0.0305458294767613,2.32106418194281,1.266666667,0,NaN,NaN,2.79817713452903,4.1948190958529,2.00438433127974,1.6959715416,-0.308412027778064,0.0294159157687742,1.67305098633155,-0.202433096027199,0.029377399479818,1.72045341498601
NaN,NaN,2.10905339421053,1.077777778,0,-28.4743518829346,NaN,2.09120504976,2.274065523504,2.2893607686672,2.09170324368,-0.1976566014,0.04337647668,1.90831141539406,-0.356569570502877,0.0346198107382989,1.90595735618336
-0.317804270976799,0.0641718601048198,2.2225596301339,1.157142857,0,-15.7930936813354,NaN,1.21506877124431,1.61522986547613,1.8292366081951,2.07146102028387,0.242225708980645,0.0686380312567742,1.71443466192385,0.0642568108890189,0.0712449329226163,1.73507070122173
-0.591279610933799,0.103480420261609,2.17825167644012,0.766666667,0,-19.2813148498535,NaN,0.898176358874322,0.861812542985806,1.65713554376826,1.60531243130323,-0.0518231391793549,0.103380419845161,1.46167379794748,0.0159381976687799,0.102720459167782,1.4495690217802
-0.334910354282487,0.0683048186727555,2.51809002820521,0.75625,0,-9.16727828979492,NaN,1.06160743872,0.76033971072,1.32691609266768,1.42319554848,0.0962795988,0.07002776304,1.92646721044021,0.0278063929691006,0.072985700256749,1.89649085857624
-0.366438976987017,0.0466669787913036,2.17418692674749,0.78125,0,NaN,NaN,1.10459981845161,0.804828790753548,1.38366051769463,1.48651515987097,0.102853509445161,0.0505855831842581,1.48239953240367,0.0601019346741443,0.0513418364648299,1.48982477027586
-0.289900786210937,0.0110391323921968,1.34838470030826,0.566666667,0,-23.9051780700684,NaN,1.03695818112,1.382558146632,1.08030445956,1.42353716184,0.343234584,0.0170147245032,0.791207932584597,0.338188960964355,0.0184095757355339,0.843848480491103
0.348889141207453,NaN,0.620514429379473,0.411111111,0,-20.5754070281982,NaN,0.9475076736,1.559911403232,0.796698522144,1.52598750336,0.72928697328,0.015329610288,0.341305899532169,0.740448893282974,0.00144676355053687,0.346267307934901
NaN,NaN,NaN,0.433333333,0,8.61546230316162,NaN,NaN,NaN,NaN,NaN,NaN,NaN,NaN,NaN,NaN,NaN
NaN,NaN,NaN,0.527777778,0,16.9252433776855,NaN,NaN,NaN,NaN,NaN,NaN,NaN,NaN,NaN,NaN,NaN
NaN,NaN,NaN,0.5875,0,NaN,NaN,NaN,NaN,NaN,NaN,NaN,NaN,NaN,NaN,NaN,NaN
NaN,NaN,NaN,0.833333333,0,13.2085943222046,NaN,NaN,NaN,NaN,NaN,NaN,NaN,NaN,NaN,NaN,NaN
NaN,NaN,NaN,0.933333333,0,21.8018798828125,NaN,NaN,NaN,NaN,NaN,NaN,NaN,NaN,NaN,NaN,NaN
NaN,NaN,NaN,1.36,0,1.67323541641235,NaN,NaN,NaN,NaN,NaN,NaN,NaN,NaN,NaN,NaN,NaN
NaN,NaN,NaN,NaN,0,9.49919605255127,NaN,NaN,NaN,NaN,NaN,NaN,NaN,NaN,NaN,NaN,NaN
NaN,NaN,NaN,1.9,0,NaN,NaN,NaN,NaN,NaN,NaN,NaN,NaN,NaN,NaN,NaN,NaN
NaN,NaN,NaN,1.657142857,0,NaN,NaN,NaN,NaN,NaN,NaN,NaN,NaN,NaN,NaN,NaN,NaN
NaN,NaN,NaN,1.066666667,0,-16.5589351654053,NaN,NaN,NaN,NaN,NaN,NaN,NaN,NaN,NaN,NaN,NaN
NaN,NaN,NaN,0.855555556,0,-11.7629537582397,NaN,NaN,NaN,NaN,NaN,NaN,NaN,NaN,NaN,NaN,NaN
NaN,NaN,NaN,0.375,0,0.787252843379974,NaN,NaN,NaN,NaN,NaN,NaN,NaN,NaN,NaN,NaN,NaN
NaN,NaN,NaN,0.388888889,0,17.135440826416,NaN,NaN,NaN,NaN,NaN,NaN,NaN,NaN,NaN,NaN,NaN
NaN,NaN,NaN,0.472222222,0,NaN,NaN,NaN,NaN,NaN,NaN,NaN,NaN,NaN,NaN,NaN,NaN
NaN,NaN,NaN,0.683333333,0,27.5107479095459,NaN,NaN,NaN,NaN,NaN,NaN,NaN,NaN,NaN,NaN,NaN
NaN,NaN,NaN,1.227777778,0,37.045970916748,NaN,NaN,NaN,NaN,NaN,NaN,NaN,NaN,NaN,NaN,NaN
NaN,NaN,NaN,1.3,0,26.6197109222412,NaN,NaN,NaN,NaN,NaN,NaN,NaN,NaN,NaN,NaN,NaN
NaN,NaN,NaN,1.4,0,20.4866638183594,NaN,NaN,NaN,NaN,NaN,NaN,NaN,NaN,NaN,NaN,NaN
NaN,NaN,NaN,1.05,0,NaN,NaN,NaN,NaN,NaN,NaN,NaN,NaN,NaN,NaN,NaN,NaN
NaN,NaN,NaN,1.216666667,0,-11.8221139907837,NaN,NaN,NaN,NaN,NaN,NaN,NaN,NaN,NaN,NaN,NaN
NaN,NaN,NaN,1.155555556,0,-26.6322345733643,NaN,NaN,NaN,NaN,NaN,NaN,NaN,NaN,NaN,NaN,NaN
NaN,NaN,NaN,0.922222222,0,-29.6117630004883,NaN,NaN,NaN,NaN,NaN,NaN,NaN,NaN,NaN,NaN,NaN
NaN,NaN,NaN,0.588888889,0,-24.4491958618164,NaN,NaN,NaN,NaN,NaN,NaN,NaN,NaN,NaN,NaN,NaN
NaN,NaN,NaN,0.35625,0,NaN,NaN,NaN,NaN,NaN,NaN,NaN,NaN,NaN,NaN,NaN,NaN
NaN,NaN,NaN,0.405555556,0,23.5205764770508,NaN,NaN,NaN,NaN,NaN,NaN,NaN,NaN,NaN,NaN,NaN
NaN,NaN,NaN,0.316666667,0,20.1076049804688,NaN,NaN,NaN,NaN,NaN,NaN,NaN,NaN,NaN,NaN,NaN
NaN,NaN,NaN,0.672222222,0,30.389196395874,NaN,NaN,NaN,NaN,NaN,NaN,NaN,NaN,NaN,NaN,NaN
NaN,NaN,NaN,0.983333333,0,40.0104103088379,NaN,NaN,NaN,NaN,NaN,NaN,NaN,NaN,NaN,NaN,NaN
NaN,NaN,NaN,1.061111111,0,36.7975158691406,NaN,NaN,NaN,NaN,NaN,NaN,NaN,NaN,NaN,NaN,NaN
NaN,NaN,NaN,1.033333333,0,NaN,NaN,NaN,NaN,NaN,NaN,NaN,NaN,NaN,NaN,NaN,NaN
NaN,NaN,NaN,1.2375,0,5.18605327606201,NaN,NaN,NaN,NaN,NaN,NaN,NaN,NaN,NaN,NaN,NaN
NaN,NaN,NaN,1.425,0,-23.5786457061768,NaN,NaN,NaN,NaN,NaN,NaN,NaN,NaN,NaN,NaN,NaN
NaN,NaN,NaN,1.522222222,0,-37.9437141418457,NaN,NaN,NaN,NaN,NaN,NaN,NaN,NaN,NaN,NaN,NaN
NaN,NaN,NaN,0.55,0,NaN,NaN,NaN,NaN,NaN,NaN,NaN,NaN,NaN,NaN,NaN,NaN
NaN,NaN,NaN,0.583333333,0,NaN,NaN,NaN,NaN,NaN,NaN,NaN,NaN,NaN,NaN,NaN,NaN
NaN,NaN,NaN,0.433333333,0,22.1036224365234,NaN,NaN,NaN,NaN,NaN,NaN,NaN,NaN,NaN,NaN,NaN
