NBE,CH4,ET,LAI,SCF,EWT,ABGB,GPP_DT,ER_DT,GPP_NT,ER_NT,NBE_F,CH4_F,ET_F,NBE_ANN,CH4_ANN,ET_ANN
NaN,NaN,NaN,0,NaN,-2.15636515617371,NaN,NaN,NaN,NaN,NaN,NaN,NaN,NaN,NaN,NaN,NaN
NaN,NaN,NaN,0,0.5014285714,2.8455696105957,NaN,NaN,NaN,NaN,NaN,NaN,NaN,NaN,NaN,NaN,NaN
NaN,NaN,NaN,0,0.6094444444,12.2042198181152,NaN,NaN,NaN,NaN,NaN,NaN,NaN,NaN,NaN,NaN,NaN
NaN,NaN,NaN,0,0.8022222222,20.0588340759277,NaN,NaN,NaN,NaN,NaN,NaN,NaN,NaN,NaN,NaN,NaN
NaN,NaN,NaN,0.9625,0.1788888889,16.8055648803711,NaN,NaN,NaN,NaN,NaN,NaN,NaN,NaN,NaN,NaN,NaN
NaN,NaN,NaN,1.7,0,-9.90707874298096,NaN,NaN,NaN,NaN,NaN,NaN,NaN,NaN,NaN,NaN,NaN
NaN,NaN,NaN,2.04,0,-12.3034620285034,NaN,NaN,NaN,NaN,NaN,NaN,NaN,NaN,NaN,NaN,NaN
NaN,NaN,NaN,1.607142857,0,-21.7553596496582,NaN,NaN,NaN,NaN,NaN,NaN,NaN,NaN,NaN,NaN,NaN
NaN,NaN,NaN,0.95,0,-16.7806129455566,NaN,NaN,NaN,NaN,NaN,NaN,NaN,NaN,NaN,NaN,NaN
NaN,NaN,NaN,0.225,0.02888888889,-19.9541168212891,NaN,NaN,NaN,NaN,NaN,NaN,NaN,NaN,NaN,NaN,NaN
NaN,NaN,NaN,0,NaN,-16.7728729248047,NaN,NaN,NaN,NaN,NaN,NaN,NaN,NaN,NaN,NaN,NaN
NaN,NaN,NaN,0.1,NaN,-13.732234954834,NaN,NaN,NaN,NaN,NaN,NaN,NaN,NaN,NaN,NaN,NaN
NaN,NaN,NaN,0,NaN,1.42928504943848,NaN,NaN,NaN,NaN,NaN,NaN,NaN,NaN,NaN,NaN,NaN
NaN,NaN,NaN,0,NaN,-2.54990100860596,NaN,NaN,NaN,NaN,NaN,NaN,NaN,NaN,NaN,NaN,NaN
NaN,NaN,NaN,0,0.6772222222,-3.29218578338623,NaN,NaN,NaN,NaN,NaN,NaN,NaN,NaN,NaN,NaN,NaN
NaN,NaN,NaN,0.7125,0.7577777778,-0.131328165531158,NaN,NaN,NaN,NaN,NaN,NaN,NaN,NaN,NaN,NaN,NaN
NaN,NaN,NaN,1.125,0,-5.31272315979004,NaN,NaN,NaN,NaN,NaN,NaN,NaN,NaN,NaN,NaN,NaN
NaN,NaN,NaN,1.575,0.05,-22.8754253387451,NaN,NaN,NaN,NaN,NaN,NaN,NaN,NaN,NaN,NaN,NaN
NaN,NaN,NaN,1.758333333,0,-26.2227230072021,NaN,NaN,NaN,NaN,NaN,NaN,NaN,NaN,NaN,NaN,NaN
NaN,NaN,NaN,1.764285714,0.01111111111,-29.2335472106934,NaN,NaN,NaN,NaN,NaN,NaN,NaN,NaN,NaN,NaN,NaN
NaN,NaN,NaN,0.941666667,0,-35.194408416748,NaN,NaN,NaN,NaN,NaN,NaN,NaN,NaN,NaN,NaN,NaN
NaN,NaN,NaN,0.175,0,-36.3300552368164,NaN,NaN,NaN,NaN,NaN,NaN,NaN,NaN,NaN,NaN,NaN
NaN,NaN,NaN,0,NaN,-34.6545829772949,NaN,NaN,NaN,NaN,NaN,NaN,NaN,NaN,NaN,NaN,NaN
NaN,NaN,NaN,0,NaN,-24.7596397399902,NaN,NaN,NaN,NaN,NaN,NaN,NaN,NaN,NaN,NaN,NaN
NaN,NaN,NaN,0.06,NaN,NaN,NaN,NaN,NaN,NaN,NaN,NaN,NaN,NaN,NaN,NaN,NaN
NaN,NaN,NaN,0.0125,NaN,-13.8376569747925,NaN,NaN,NaN,NaN,NaN,NaN,NaN,NaN,NaN,NaN,NaN
NaN,NaN,NaN,0.008333333,0.6316666667,-0.303790301084518,NaN,NaN,NaN,NaN,NaN,NaN,NaN,NaN,NaN,NaN,NaN
NaN,NaN,NaN,0,0.7822222222,-5.15058517456055,NaN,NaN,NaN,NaN,NaN,NaN,NaN,NaN,NaN,NaN,NaN
NaN,NaN,NaN,0.99375,0.03833333333,-6.30819272994995,NaN,NaN,NaN,NaN,NaN,NaN,NaN,NaN,NaN,NaN,NaN
NaN,NaN,NaN,1.521428571,0,NaN,NaN,NaN,NaN,NaN,NaN,NaN,NaN,NaN,NaN,NaN,NaN
NaN,NaN,NaN,2.05,0,-28.5852394104004,NaN,NaN,NaN,NaN,NaN,NaN,NaN,NaN,NaN,NaN,NaN
NaN,NaN,NaN,1.414285714,0,-28.5700511932373,NaN,NaN,NaN,NaN,NaN,NaN,NaN,NaN,NaN,NaN,NaN
NaN,NaN,NaN,1,0,-38.5143394470215,NaN,NaN,NaN,NaN,NaN,NaN,NaN,NaN,NaN,NaN,NaN
NaN,NaN,NaN,1.07,0,-45.6809310913086,NaN,NaN,NaN,NaN,NaN,NaN,NaN,NaN,NaN,NaN,NaN
NaN,NaN,NaN,0,NaN,-47.2188186645508,NaN,NaN,NaN,NaN,NaN,NaN,NaN,NaN,NaN,NaN,NaN
NaN,NaN,NaN,NaN,NaN,-32.6443710327148,NaN,NaN,NaN,NaN,NaN,NaN,NaN,NaN,NaN,NaN,NaN
NaN,NaN,NaN,0,NaN,-36.0539703369141,NaN,NaN,NaN,NaN,NaN,NaN,NaN,NaN,NaN,NaN,NaN
NaN,NaN,NaN,0,NaN,-38.2664642333984,NaN,NaN,NaN,NaN,NaN,NaN,NaN,NaN,NaN,NaN,NaN
NaN,NaN,NaN,0,0.61,-26.7357711791992,NaN,NaN,NaN,NaN,NaN,NaN,NaN,NaN,NaN,NaN,NaN
NaN,NaN,NaN,0,0.8211111111,-24.7522926330566,NaN,NaN,NaN,NaN,NaN,NaN,NaN,NaN,NaN,NaN,NaN
NaN,NaN,NaN,0.966666667,0.1194444444,NaN,NaN,NaN,NaN,NaN,NaN,NaN,NaN,NaN,NaN,NaN,NaN
NaN,NaN,NaN,1.964285714,0,-35.5795135498047,NaN,NaN,NaN,NaN,NaN,NaN,NaN,NaN,NaN,NaN,NaN
NaN,NaN,NaN,2.042857143,0,-48.2143630981445,NaN,NaN,NaN,NaN,NaN,NaN,NaN,NaN,NaN,NaN,NaN
NaN,NaN,NaN,1.7,0,-68.0039367675781,NaN,NaN,NaN,NaN,NaN,NaN,NaN,NaN,NaN,NaN,NaN
NaN,NaN,NaN,1.121428571,0,-67.6189880371094,NaN,NaN,NaN,NaN,NaN,NaN,NaN,NaN,NaN,NaN,NaN
NaN,NaN,NaN,0.021428571,0.039,NaN,NaN,NaN,NaN,NaN,NaN,NaN,NaN,NaN,NaN,NaN,NaN
NaN,NaN,NaN,0,NaN,-53.9919204711914,NaN,NaN,NaN,NaN,NaN,NaN,NaN,NaN,NaN,NaN,NaN
NaN,NaN,NaN,0.033333333,NaN,-44.2414321899414,NaN,NaN,NaN,NaN,NaN,NaN,NaN,NaN,NaN,NaN,NaN
NaN,NaN,NaN,NaN,NaN,-40.4547500610352,NaN,NaN,NaN,NaN,NaN,NaN,NaN,NaN,NaN,NaN,NaN
NaN,NaN,NaN,0.00625,NaN,-30.7063770294189,NaN,NaN,NaN,NaN,NaN,NaN,NaN,NaN,NaN,NaN,NaN
NaN,NaN,NaN,0,0.65,NaN,NaN,NaN,NaN,NaN,NaN,NaN,NaN,NaN,NaN,NaN,NaN
NaN,NaN,NaN,0,0.7955555556,-20.0960712432861,NaN,NaN,NaN,NaN,NaN,NaN,NaN,NaN,NaN,NaN,NaN
NaN,NaN,NaN,0.421428571,0.1488888889,-20.9605369567871,NaN,NaN,NaN,NaN,NaN,NaN,NaN,NaN,NaN,NaN,NaN
NaN,NaN,NaN,1.65625,0,-29.8851127624512,NaN,NaN,NaN,NaN,NaN,NaN,NaN,NaN,NaN,NaN,NaN
NaN,NaN,NaN,1.864285714,0,-45.9383239746094,NaN,NaN,NaN,NaN,NaN,NaN,NaN,NaN,NaN,NaN,NaN
NaN,NaN,NaN,1.66,0,NaN,NaN,NaN,NaN,NaN,NaN,NaN,NaN,NaN,NaN,NaN,NaN
NaN,NaN,NaN,1.164285714,0,NaN,NaN,NaN,NaN,NaN,NaN,NaN,NaN,NaN,NaN,NaN,NaN
NaN,NaN,NaN,1.171428571,0,-60.6221237182617,NaN,NaN,NaN,NaN,NaN,NaN,NaN,NaN,NaN,NaN,NaN
NaN,NaN,NaN,0.142857143,NaN,-59.5407524108887,NaN,NaN,NaN,NaN,NaN,NaN,NaN,NaN,NaN,NaN,NaN
NaN,NaN,NaN,0.13125,NaN,-43.3142471313477,NaN,NaN,NaN,NaN,NaN,NaN,NaN,NaN,NaN,NaN,NaN
NaN,NaN,NaN,0,NaN,-34.5634155273438,NaN,0.00736629503904791,0.00184447549574567,-9999,0.0424191634095707,-9999,-9999,-9999,0.215320308171684,0.0144045092999713,0.0397083622254585
NaN,NaN,NaN,0,0.6622222222,NaN,NaN,0.0236157002125714,0.000360307633151829,-9999,0.0235352787145714,-9999,-9999,-9999,0.154017565492418,0.0156010483936881,0.0637338232322996
NaN,NaN,NaN,0,0.6938888889,-18.1656475067139,NaN,0.0457976958433548,0.00331784136889804,-9999,0.0655451853677419,-9999,-9999,-9999,0.140276797786402,0.01839488615804,0.0837865576671934
0.126769248223702,0.0164699415346629,0.533322649945081,0.057142857,0.7794444444,-28.3441619873047,NaN,0.10325526706692,0.02758818929328,0.326093933270945,0.32883412752,0.1174482115632,0.01868529069936,0.503718582683958,0.124682101377815,0.0193133433665824,0.382945401518843
-0.467665765720956,0.0263224121404168,2.4583526745841,1.107142857,0.08833333333,-19.9361839294434,NaN,0.662216233467716,0.135007091907097,1.09739723983897,0.824888252903226,-0.272508926957419,0.027456331076129,2.07932504335144,-0.261712047587458,0.0257607256832466,2.07365523709894
-0.90777098133325,0.0420464896832597,3.22131080493059,1.514285714,0,-31.4880790710449,NaN,1.51798974141096,0.57859054416,2.65289691689712,2.1548111832,-0.498087562104,0.042722606124,2.87409942640653,-0.550984240390653,0.0433248246556405,2.9269733495514
-1.07484719691417,0.0772395727374554,3.11242750137436,1.95,0,NaN,NaN,2.65740675942658,1.74608142270968,3.19375737083613,2.66863331612903,-0.525125100007742,0.0765519185984516,2.65882085660519,-0.5514825184246,0.0757490692711453,2.63589294750139
-1.39672241729552,0.0845432455402473,2.5355425932088,1.875,0,-76.9263229370117,NaN,2.55156014106813,1.93655044567742,2.51022405658065,2.15178729677419,-0.358436970580645,0.0904320867994839,1.96426606615104,-0.44880983647903,0.0904025134103664,1.98967078170425
-0.367572236387269,NaN,1.16671251439711,1.00625,0,-86.2429351806641,NaN,0.7355747671416,0.43655049288,0.9183479084352,0.8864579808,-0.031889933784,0.0574051299048,0.876646654738697,-0.0243492572945381,0.0610917870474869,0.861612880424686
0.168577452067591,NaN,0.338883192072165,0.06,0,-82.138916015625,NaN,0.2309368806,0.280023769858064,0.13033448478,0.423121900412903,0.292787397973161,0.0134558540314839,0.1810051477302,0.297257938659533,0.0309205836677021,0.167771897972608
NaN,NaN,NaN,0.025,NaN,-80.8037109375,NaN,0.17835274090512,0.115968712648248,-9999,0.131293419435576,-9999,-9999,-9999,0.334296476389956,0.015002406734666,0.0206719083789277
NaN,NaN,NaN,0.15,NaN,NaN,NaN,0.0637283821169032,0.0554352891329032,-9999,0.114723632461935,-9999,-9999,-9999,0.332440018848978,0.0116885406972737,0.010259095311674
NaN,NaN,NaN,0,NaN,-57.0996246337891,NaN,0.127163399667097,0.0469306266712258,-9999,0.145903745009032,-9999,-9999,-9999,0.248310183419679,0.0135551374210093,0.0253939974067093
NaN,NaN,NaN,0,NaN,-52.1048774719238,NaN,0.334159156002857,0.0528720561571706,-9999,0.254376938115951,-9999,-9999,-9999,0.168280339197216,0.0129970525009899,0.0530948018274803
NaN,NaN,NaN,0,0.685,-40.3903274536133,NaN,0.782640648847742,0.119712097834839,-9999,0.652421128412903,-9999,-9999,-9999,0.111901124141703,0.0184691012677723,0.0825840446197403
NaN,NaN,NaN,0.01,0.7261111111,-30.7935104370117,NaN,1.26049598887608,0.25929056376,-9999,1.3266582264,-9999,-9999,-9999,0.0207014650868134,0.0230867710522678,0.481467164150112
NaN,NaN,NaN,1.25625,0,-33.5952033996582,NaN,1.78731155516284,0.646221901935484,-9999,2.13540028258065,-9999,-9999,-9999,-0.432589631175085,0.034011546055573,3.01342267199179
-1.38867008448222,0.0701736624538317,3.61000954854478,1.571428571,0,NaN,NaN,2.5334327914992,1.46174865984,3.30148601500596,2.4249546,-0.83922239412766,0.0697533766201723,3.16927368034655,-0.792015619157439,0.0609476409971213,3.03558912019801
NaN,NaN,NaN,2.116666667,0,-76.9652404785156,NaN,3.61940061381677,2.58769393548387,4.03080062006323,3.30495788903226,-0.725840375690322,0.0757936915896774,1.99901351104548,-0.867473525947633,0.0907646312472812,2.16682251774353
-1.4539083576869,0.0947924479775072,2.61909937312774,1.835714286,0,-71.3623046875,NaN,2.87928547120335,2.24082811277419,3.05927866407948,2.45301486967742,-0.606265593445161,0.0949151720810323,2.06209390846048,-0.590504928931538,0.099164580177423,2.01854207182578
-0.253420017865427,0.0591982229089397,1.47961560240227,1.033333333,0,-82.853630065918,NaN,1.07636022042912,0.9394120872,1.266597224496,1.3928160528,0.126218012472,0.061640619696,1.21579142101068,0.0752310063849448,0.0619135578226688,1.19781650627266
0.178934846567734,0.0342326832581419,0.250295067605699,0.228571429,0.055,NaN,NaN,0.255819642610529,0.519162131612903,0.192200821829419,0.536525667870968,0.344324665472516,0.0344757107222069,0.168810147069358,0.336234266282847,0.0320624638261395,0.173083031145085
0.486170739800926,NaN,0.0967293331418855,0.114285714,NaN,NaN,NaN,0.067709190213,0.356362781688,-0.08388224839368,0.38280645432,0.466688502,-9999,0.0265670518950592,0.416063759470485,0.0136995900415332,0.045840463625843
NaN,NaN,NaN,0.2,NaN,-57.3285675048828,NaN,0.0130832381458684,0.0756088817269935,-0.151039961628387,0.234244018695484,0.385284370064516,-9999,0.133711368482871,0.392270361234287,0.0125275264903016,0.0412066630160249
0.272589865412325,NaN,0.187678613128948,NaN,NaN,-44.9701881408691,NaN,0.0190692951876232,0.0385871702144516,-0.120606761286534,0.142879308619355,0.263485845522581,-9999,0.141128846754448,0.308208194830112,0.01409500954489,0.0539321998172242
0.154839746787743,NaN,0.0188016333916146,0,NaN,-49.5093154907227,NaN,0.0451652230750841,0.0814715082471724,0.00515663733525517,0.181659809122759,0.176503190921379,-9999,0.0183610918489879,0.185661100963819,0.016295032440305,0.0257185866941555
0.0986805868580252,NaN,0.129426210514597,0,0.6905555556,-30.8098392486572,NaN,0.12524545903831,0.218449371925161,0.127874809240258,0.259911592490323,0.132036846094219,-9999,0.103167278224872,0.141797253182893,0.0172643493394275,0.0917253212114109
0.0821472447383475,0.0132273115153369,0.394420443999697,0.033333333,0.7238888889,NaN,NaN,0.20214833966856,0.232221393144,0.3180707927712,0.44389334592,0.1258226784648,0.0132168257424,0.370396762236141,0.122563908555429,0.0143942174168251,0.361421232950627
-0.620583553143802,0.0444805413807834,2.93786101134657,1.208333333,0,-48.8676643371582,NaN,1.09319652049959,0.487300627277419,1.62578983001342,1.28192345419355,-0.343867058477419,0.0449981594616774,2.42654413290174,-0.356626393185542,0.0434211653277317,2.39032641233054
-1.3493685766709,0.064314303668647,4.03901549380032,1.9,0,-46.350902557373,NaN,3.3399428166648,2.4751322784,3.7876685125896,3.164603544,-0.62306434584,0.0665090450352,3.30404912220355,-0.743155956662728,0.0663191426310218,3.30380057512732
-1.93506186897994,0.090156438916049,3.46760532436812,2.071428571,0.03222222222,-67.1336669921875,NaN,3.56441532431226,2.49627210967742,4.06450679996903,3.33093237677419,-0.733573360335484,0.0936496636443871,2.72776738838093,-0.835052616625737,0.0925929643436877,2.72025023562664
-1.23400666656226,0.0877852704168,2.60060654427397,1.31875,0,-72.3057632446289,NaN,2.52173292793781,2.07223926270968,2.83777156755871,2.63646373935484,-0.201306839690323,0.0884008622647742,1.98692738340413,-0.287044297658753,0.0883680168711719,1.95724466524682
-0.138509301899777,0.0456496564772224,1.95200198127153,1.092857143,0.01111111111,NaN,NaN,1.023671243844,1.0996165584,1.2654193055472,1.5655765104,0.300157276608,0.0450606247992,1.30328842481471,0.226673289155044,0.0486862527276282,1.28361058331071
0.139123546672184,0.0230855089645685,0.322521928019094,0.8,0,NaN,NaN,0.145467929065935,0.274599617574194,0.192068151264,0.437540880774194,0.245472456040258,0.02166930036,0.18932716595133,0.335269922329846,0.0219615092363025,0.192485778423997
0.369277240812603,0.0136445165881183,0.118189834832194,0.26,NaN,-67.4834518432617,NaN,0.024622316254728,0.112655068812,0.076170850013664,0.46417757976,0.38800710936,0.0117267471072,0.0336502334485065,0.419717188183792,0.0134230783490441,0.0736520090786054
NaN,NaN,NaN,0.01,NaN,-58.0483627319336,NaN,0.0108215613701419,0.0178053385172978,0.581145961189091,0.586870899020129,0.511982421381818,0.0109364775136364,-0.0647386219517653,0.408249951511965,0.0140520915574362,0.0389833995819085
NaN,NaN,NaN,0.058333333,NaN,-58.0936470031738,NaN,0.0224977028646194,0.122634873898374,-9999,0.520877527525161,-9999,-9999,-9999,0.394604193293806,0.0173008125939299,0.0633639019437755
NaN,NaN,NaN,0.01875,NaN,NaN,NaN,0.0603146202118971,0.118649570294803,-9999,0.373020761404286,-9999,-9999,-9999,0.327626966654532,0.0190994819793566,0.0537499804985163
NaN,NaN,NaN,0.021428571,0.5622222222,-43.6416168212891,NaN,0.160635438346831,0.147093257150961,-9999,0.224628346352532,-9999,-9999,-9999,0.241878640176869,0.0183161347744961,0.095326838673822
0.159037372063776,0.0166776227372393,0.421281558882107,0.042857143,0.7722222222,-41.5297546386719,NaN,0.2896693398288,0.37588259088,0.329033615551776,0.52141343616,0.192379838328,0.0167409703224,0.372818094121221,0.178688954502388,0.0177931586565074,0.364827337797855
-0.402277240845895,0.0255643627924497,2.4731680687252,1.092857143,0,-35.5679588317871,NaN,0.951080430145935,0.522568274632258,1.38272795707819,1.18557087096774,-0.197158147548387,0.0265676382766452,2.18930424853312,-0.219408233961906,0.0268544779634118,2.20556232914732
-0.686552747321831,0.0389344034846833,2.66571234311641,1.571428571,0,-42.092227935791,NaN,2.16570781665576,1.6073460216,2.3452311473856,2.01929652,-0.32593331952,0.04094604468,2.26042501624715,-0.363010667310247,0.0401088716683769,2.24431281749741
-1.25786583771796,0.0589358762647316,2.90180371517095,2.307142857,0,NaN,NaN,2.95452214485677,2.15667334916129,3.7633842432,3.22521654193548,-0.538168350936774,0.0624644697739355,2.42891929234107,-0.559506732910862,0.0625234119602863,2.41239081491019
-0.732990712959096,0.0702916084016963,2.65583498564147,1.76875,0,NaN,NaN,2.468618446248,1.97710303819355,2.85001884179303,2.73934912412903,-0.110667775796129,0.072533037843871,2.34364377032371,-0.214954976735699,0.0724240873592661,2.34677569970671
-0.276563769023676,0.0513237137254372,1.26294480351914,1,0,NaN,NaN,0.90661510476432,0.82463522544,1.0762337392128,1.3053398472,0.229106504376,0.049656555864,0.997314027222089,0.1570878538412,0.0507342564716802,1.00583250870047
0.240253596336217,0.0262667532397808,0.243044219577332,0.291666667,0.03,NaN,NaN,0.132592309348459,0.270876316180645,0.20201719858207,0.493425404129032,0.29140790660129,0.0256408931752258,0.195626072208963,0.305646945700974,0.0262529093929652,0.203196550245748
0.358949649258718,0.0230184096567652,0.0769689479028577,0.025,NaN,NaN,NaN,0.0424640986686212,0.127365727764706,-0.0824980550654118,0.275969317552941,0.358467437647059,0.0476409351981177,0.0111351034188715,0.403812449008685,0.0174948150946872,0.0647806321302895
NaN,NaN,NaN,NaN,NaN,NaN,NaN,NaN,NaN,NaN,NaN,NaN,NaN,NaN,NaN,NaN,NaN
NaN,NaN,NaN,NaN,NaN,NaN,NaN,NaN,NaN,NaN,NaN,NaN,NaN,NaN,NaN,NaN,NaN
NaN,NaN,NaN,0,0.6555555556,NaN,NaN,NaN,NaN,NaN,NaN,NaN,NaN,NaN,NaN,NaN,NaN
NaN,NaN,NaN,0,0.6483333333,NaN,NaN,NaN,NaN,NaN,NaN,NaN,NaN,NaN,NaN,NaN,NaN
NaN,NaN,NaN,0.092857143,0.735,NaN,NaN,NaN,NaN,NaN,NaN,NaN,NaN,NaN,NaN,NaN,NaN
NaN,NaN,NaN,1.108333333,0.015,NaN,NaN,NaN,NaN,NaN,NaN,NaN,NaN,NaN,NaN,NaN,NaN
NaN,NaN,NaN,1.3875,0,-63.4546051025391,NaN,NaN,NaN,NaN,NaN,NaN,NaN,NaN,NaN,NaN,NaN
NaN,NaN,NaN,2.025,0,-62.7535209655762,NaN,NaN,NaN,NaN,NaN,NaN,NaN,NaN,NaN,NaN,NaN
NaN,NaN,NaN,1.435714286,0,NaN,NaN,NaN,NaN,NaN,NaN,NaN,NaN,NaN,NaN,NaN,NaN
NaN,NaN,NaN,1.035714286,0,NaN,NaN,NaN,NaN,NaN,NaN,NaN,NaN,NaN,NaN,NaN,NaN
NaN,NaN,NaN,1.116666667,0.1566666667,-90.3771667480469,NaN,NaN,NaN,NaN,NaN,NaN,NaN,NaN,NaN,NaN,NaN
NaN,NaN,NaN,0.1,NaN,-86.8433532714844,NaN,NaN,NaN,NaN,NaN,NaN,NaN,NaN,NaN,NaN,NaN
NaN,NaN,NaN,0.1,NaN,-76.1583404541016,NaN,NaN,NaN,NaN,NaN,NaN,NaN,NaN,NaN,NaN,NaN
NaN,NaN,NaN,0,NaN,-62.7170791625977,NaN,NaN,NaN,NaN,NaN,NaN,NaN,NaN,NaN,NaN,NaN
NaN,NaN,NaN,0,NaN,-66.3773422241211,NaN,NaN,NaN,NaN,NaN,NaN,NaN,NaN,NaN,NaN,NaN
NaN,NaN,NaN,0.1,0.6466666667,-61.5176734924316,NaN,NaN,NaN,NaN,NaN,NaN,NaN,NaN,NaN,NaN,NaN
NaN,NaN,NaN,1.09,0.1005555556,-58.9152679443359,NaN,NaN,NaN,NaN,NaN,NaN,NaN,NaN,NaN,NaN,NaN
NaN,NaN,NaN,1.208333333,0,-63.2287178039551,NaN,NaN,NaN,NaN,NaN,NaN,NaN,NaN,NaN,NaN,NaN
NaN,NaN,NaN,1.425,0,-75.7332000732422,NaN,NaN,NaN,NaN,NaN,NaN,NaN,NaN,NaN,NaN,NaN
NaN,NaN,NaN,1.833333333,0,-81.6270599365234,NaN,NaN,NaN,NaN,NaN,NaN,NaN,NaN,NaN,NaN,NaN
NaN,NaN,NaN,1.442857143,0,-70.6599349975586,NaN,NaN,NaN,NaN,NaN,NaN,NaN,NaN,NaN,NaN,NaN
NaN,NaN,NaN,0.907142857,0,-72.9284744262695,NaN,NaN,NaN,NaN,NaN,NaN,NaN,NaN,NaN,NaN,NaN
NaN,NaN,NaN,0.157142857,0.3994444444,-74.5764617919922,NaN,NaN,NaN,NaN,NaN,NaN,NaN,NaN,NaN,NaN,NaN
NaN,NaN,NaN,0.10625,NaN,-67.4440231323242,NaN,NaN,NaN,NaN,NaN,NaN,NaN,NaN,NaN,NaN,NaN
NaN,NaN,NaN,NaN,NaN,-55.5168495178223,NaN,NaN,NaN,NaN,NaN,NaN,NaN,NaN,NaN,NaN,NaN
NaN,NaN,NaN,0,NaN,-48.4859085083008,NaN,NaN,NaN,NaN,NaN,NaN,NaN,NaN,NaN,NaN,NaN
NaN,NaN,NaN,0,NaN,-44.6841888427734,NaN,NaN,NaN,NaN,NaN,NaN,NaN,NaN,NaN,NaN,NaN
NaN,NaN,NaN,0,0.6161111111,-40.0887145996094,NaN,NaN,NaN,NaN,NaN,NaN,NaN,NaN,NaN,NaN,NaN
NaN,NaN,NaN,0,0.7655555556,-32.3051261901855,NaN,NaN,NaN,NaN,NaN,NaN,NaN,NaN,NaN,NaN,NaN
NaN,NaN,NaN,1.05,0.07888888889,-34.4044380187988,NaN,NaN,NaN,NaN,NaN,NaN,NaN,NaN,NaN,NaN,NaN
NaN,NaN,NaN,1.633333333,0,-35.4590721130371,NaN,NaN,NaN,NaN,NaN,NaN,NaN,NaN,NaN,NaN,NaN
NaN,NaN,NaN,2,0,-23.7693576812744,NaN,NaN,NaN,NaN,NaN,NaN,NaN,NaN,NaN,NaN,NaN
NaN,NaN,NaN,1.9,0,-28.7616901397705,NaN,NaN,NaN,NaN,NaN,NaN,NaN,NaN,NaN,NaN,NaN
NaN,NaN,NaN,0.892857143,0,-31.6212253570557,NaN,NaN,NaN,NaN,NaN,NaN,NaN,NaN,NaN,NaN,NaN
NaN,NaN,NaN,NaN,0,-34.1764144897461,NaN,NaN,NaN,NaN,NaN,NaN,NaN,NaN,NaN,NaN,NaN
NaN,NaN,NaN,0.008333333,NaN,-28.2870578765869,NaN,NaN,NaN,NaN,NaN,NaN,NaN,NaN,NaN,NaN,NaN
NaN,NaN,NaN,0.00625,NaN,-25.4672794342041,NaN,NaN,NaN,NaN,NaN,NaN,NaN,NaN,NaN,NaN,NaN
