NBE,CH4,ET,LAI,SCF,EWT,ABGB,GPP_DT,ER_DT,GPP_NT,ER_NT,NBE_F,CH4_F,ET_F,NBE_ANN,CH4_ANN,ET_ANN
NaN,NaN,NaN,0.8,0,11.478422164917,NaN,NaN,NaN,NaN,NaN,NaN,NaN,NaN,NaN,NaN,NaN
NaN,NaN,NaN,0.61,0,30.39231300354,NaN,NaN,NaN,NaN,NaN,NaN,NaN,NaN,NaN,NaN,NaN
NaN,NaN,NaN,1.78,0,24.83278465271,NaN,NaN,NaN,NaN,NaN,NaN,NaN,NaN,NaN,NaN,NaN
NaN,NaN,NaN,3.95,0,12.3555240631104,NaN,NaN,NaN,NaN,NaN,NaN,NaN,NaN,NaN,NaN,NaN
NaN,NaN,NaN,4.34,0,-0.435343265533447,NaN,NaN,NaN,NaN,NaN,NaN,NaN,NaN,NaN,NaN,NaN
NaN,NaN,NaN,4.0875,0,-25.1288261413574,NaN,NaN,NaN,NaN,NaN,NaN,NaN,NaN,NaN,NaN,NaN
NaN,NaN,NaN,4.2,0,-28.4522457122803,NaN,NaN,NaN,NaN,NaN,NaN,NaN,NaN,NaN,NaN,NaN
NaN,NaN,NaN,6.05,0,-32.0477066040039,NaN,NaN,NaN,NaN,NaN,NaN,NaN,NaN,NaN,NaN,NaN
NaN,NaN,NaN,4.19,0,-33.197998046875,NaN,NaN,NaN,NaN,NaN,NaN,NaN,NaN,NaN,NaN,NaN
NaN,NaN,NaN,2.33,0,-31.4307765960693,NaN,NaN,NaN,NaN,NaN,NaN,NaN,NaN,NaN,NaN,NaN
NaN,NaN,NaN,1.49,0,-13.9741315841675,NaN,NaN,NaN,NaN,NaN,NaN,NaN,NaN,NaN,NaN,NaN
NaN,NaN,NaN,0.86,0,-13.4570999145508,NaN,NaN,NaN,NaN,NaN,NaN,NaN,NaN,NaN,NaN,NaN
NaN,NaN,NaN,1.05,0,20.9904823303223,NaN,NaN,NaN,NaN,NaN,NaN,NaN,NaN,NaN,NaN,NaN
NaN,NaN,NaN,0.9,0,16.8246250152588,NaN,NaN,NaN,NaN,NaN,NaN,NaN,NaN,NaN,NaN,NaN
NaN,NaN,NaN,1.33,0,5.9687328338623,NaN,NaN,NaN,NaN,NaN,NaN,NaN,NaN,NaN,NaN,NaN
NaN,NaN,NaN,4.3625,0,4.0562858581543,NaN,NaN,NaN,NaN,NaN,NaN,NaN,NaN,NaN,NaN,NaN
NaN,NaN,NaN,4.28,0,-11.1630926132202,NaN,NaN,NaN,NaN,NaN,NaN,NaN,NaN,NaN,NaN,NaN
NaN,NaN,NaN,3.68,0,-30.4203052520752,NaN,NaN,NaN,NaN,NaN,NaN,NaN,NaN,NaN,NaN,NaN
NaN,NaN,NaN,5.016666667,0,-27.6016826629639,NaN,NaN,NaN,NaN,NaN,NaN,NaN,NaN,NaN,NaN,NaN
NaN,NaN,NaN,3.7125,0,-29.411003112793,NaN,NaN,NaN,NaN,NaN,NaN,NaN,NaN,NaN,NaN,NaN
NaN,NaN,NaN,3.54,0,-33.7993202209473,NaN,NaN,NaN,NaN,NaN,NaN,NaN,NaN,NaN,NaN,NaN
NaN,NaN,NaN,2.5,0,-43.0654678344727,NaN,NaN,NaN,NaN,NaN,NaN,NaN,NaN,NaN,NaN,NaN
NaN,NaN,NaN,1.69,0,-36.7433662414551,NaN,NaN,NaN,NaN,NaN,NaN,NaN,NaN,NaN,NaN,NaN
NaN,NaN,NaN,1.15,0,-24.2790718078613,NaN,NaN,NaN,NaN,NaN,NaN,NaN,NaN,NaN,NaN,NaN
NaN,NaN,NaN,0.78,0,-18.3202533721924,NaN,NaN,NaN,NaN,NaN,NaN,NaN,NaN,NaN,NaN,NaN
NaN,NaN,NaN,0.46,0,0.546859860420227,NaN,NaN,NaN,NaN,NaN,NaN,NaN,NaN,NaN,NaN,NaN
NaN,NaN,NaN,1.6,0,8.18123626708984,NaN,NaN,NaN,NaN,NaN,NaN,NaN,NaN,NaN,NaN,NaN
NaN,NaN,NaN,2.41,0,14.0275964736938,NaN,NaN,NaN,NaN,NaN,NaN,NaN,NaN,NaN,NaN,NaN
NaN,NaN,NaN,4.11,0,1.94913744926453,NaN,NaN,NaN,NaN,NaN,NaN,NaN,NaN,NaN,NaN,NaN
NaN,NaN,NaN,4.6,0,-24.086877822876,NaN,NaN,NaN,NaN,NaN,NaN,NaN,NaN,NaN,NaN,NaN
NaN,NaN,NaN,2.9,0,-25.966157913208,NaN,NaN,NaN,NaN,NaN,NaN,NaN,NaN,NaN,NaN,NaN
NaN,NaN,NaN,3.24,0,-26.5975456237793,NaN,NaN,NaN,NaN,NaN,NaN,NaN,NaN,NaN,NaN,NaN
NaN,NaN,NaN,1.72,0,-12.356014251709,NaN,NaN,NaN,NaN,NaN,NaN,NaN,NaN,NaN,NaN,NaN
NaN,NaN,NaN,2.41,0,-21.6039543151855,NaN,NaN,NaN,NaN,NaN,NaN,NaN,NaN,NaN,NaN,NaN
NaN,NaN,NaN,1.52,0,-25.6919097900391,NaN,NaN,NaN,NaN,NaN,NaN,NaN,NaN,NaN,NaN,NaN
NaN,NaN,NaN,1.17,0,2.24696016311646,NaN,NaN,NaN,NaN,NaN,NaN,NaN,NaN,NaN,NaN,NaN
NaN,NaN,NaN,1.1375,0,-6.4196310043335,NaN,NaN,NaN,NaN,NaN,NaN,NaN,NaN,NaN,NaN,NaN
NaN,NaN,NaN,0.88,0,-4.99495601654053,NaN,NaN,NaN,NaN,NaN,NaN,NaN,NaN,NaN,NaN,NaN
NaN,NaN,NaN,2.25,0,7.86394357681274,NaN,NaN,NaN,NaN,NaN,NaN,NaN,NaN,NaN,NaN,NaN
NaN,NaN,NaN,3.6,0,19.1122379302979,NaN,NaN,NaN,NaN,NaN,NaN,NaN,NaN,NaN,NaN,NaN
NaN,NaN,NaN,3.85,0,14.3489151000977,NaN,NaN,NaN,NaN,NaN,NaN,NaN,NaN,NaN,NaN,NaN
NaN,NaN,NaN,2.8,0,8.09765243530273,NaN,NaN,NaN,NaN,NaN,NaN,NaN,NaN,NaN,NaN,NaN
NaN,NaN,NaN,2.98,0,-12.9850482940674,NaN,NaN,NaN,NaN,NaN,NaN,NaN,NaN,NaN,NaN,NaN
NaN,NaN,NaN,4.25,0,-14.6446142196655,NaN,NaN,NaN,NaN,NaN,NaN,NaN,NaN,NaN,NaN,NaN
NaN,NaN,NaN,3.09,0,-1.87660086154938,NaN,NaN,NaN,NaN,NaN,NaN,NaN,NaN,NaN,NaN,NaN
NaN,NaN,NaN,3.433333333,0,9.17833709716797,NaN,NaN,NaN,NaN,NaN,NaN,NaN,NaN,NaN,NaN,NaN
NaN,NaN,NaN,1.89,0,26.2102928161621,NaN,NaN,NaN,NaN,NaN,NaN,NaN,NaN,NaN,NaN,NaN
NaN,NaN,NaN,1.27,0,43.3903503417969,NaN,NaN,NaN,NaN,NaN,NaN,NaN,NaN,NaN,NaN,NaN
NaN,NaN,NaN,0.91,0,35.5158195495605,NaN,NaN,NaN,NaN,NaN,NaN,NaN,NaN,NaN,NaN,NaN
NaN,NaN,NaN,0.59,0,45.7792854309082,NaN,NaN,NaN,NaN,NaN,NaN,NaN,NaN,NaN,NaN,NaN
NaN,NaN,NaN,0.79,0,31.818811416626,NaN,NaN,NaN,NaN,NaN,NaN,NaN,NaN,NaN,NaN,NaN
NaN,NaN,NaN,2.82,0,15.4545955657959,NaN,NaN,NaN,NaN,NaN,NaN,NaN,NaN,NaN,NaN,NaN
NaN,NaN,NaN,4.36,0,17.348819732666,NaN,NaN,NaN,NaN,NaN,NaN,NaN,NaN,NaN,NaN,NaN
NaN,NaN,NaN,4.28,0,3.19345998764038,NaN,NaN,NaN,NaN,NaN,NaN,NaN,NaN,NaN,NaN,NaN
NaN,NaN,NaN,4.3,0,0.241280421614647,NaN,NaN,NaN,NaN,NaN,NaN,NaN,NaN,NaN,NaN,NaN
NaN,NaN,NaN,4.1,0,-8.49888896942139,NaN,NaN,NaN,NaN,NaN,NaN,NaN,NaN,NaN,NaN,NaN
NaN,NaN,NaN,4.39,0,-29.9489765167236,NaN,NaN,NaN,NaN,NaN,NaN,NaN,NaN,NaN,NaN,NaN
NaN,NaN,NaN,2.6,0,-43.5232772827148,NaN,NaN,NaN,NaN,NaN,NaN,NaN,NaN,NaN,NaN,NaN
NaN,NaN,NaN,2.28,0,-34.7608642578125,NaN,NaN,NaN,NaN,NaN,NaN,NaN,NaN,NaN,NaN,NaN
NaN,NaN,NaN,0.93,0,-41.0092468261719,NaN,NaN,NaN,NaN,NaN,NaN,NaN,NaN,NaN,NaN,NaN
NaN,NaN,NaN,0.59,0,NaN,NaN,NaN,NaN,NaN,NaN,NaN,NaN,NaN,NaN,NaN,NaN
NaN,NaN,NaN,0.59,0,-5.22297430038452,NaN,NaN,NaN,NaN,NaN,NaN,NaN,NaN,NaN,NaN,NaN
NaN,NaN,NaN,1.13,0,9.16369152069092,NaN,NaN,NaN,NaN,NaN,NaN,NaN,NaN,NaN,NaN,NaN
NaN,NaN,NaN,3.71,0,-2.02903056144714,NaN,NaN,NaN,NaN,NaN,NaN,NaN,NaN,NaN,NaN,NaN
NaN,NaN,NaN,4.43,0,-5.53481864929199,NaN,NaN,NaN,NaN,NaN,NaN,NaN,NaN,NaN,NaN,NaN
NaN,NaN,NaN,5.6,0,NaN,NaN,NaN,NaN,NaN,NaN,NaN,NaN,NaN,NaN,NaN,NaN
NaN,NaN,NaN,4.06,0,-27.0718269348145,NaN,NaN,NaN,NaN,NaN,NaN,NaN,NaN,NaN,NaN,NaN
NaN,NaN,NaN,4.1125,0,-39.0482406616211,NaN,NaN,NaN,NaN,NaN,NaN,NaN,NaN,NaN,NaN,NaN
NaN,NaN,NaN,3.68,0,-37.2967567443848,NaN,NaN,NaN,NaN,NaN,NaN,NaN,NaN,NaN,NaN,NaN
NaN,NaN,NaN,2.36,0,-48.2735862731934,NaN,NaN,NaN,NaN,NaN,NaN,NaN,NaN,NaN,NaN,NaN
NaN,NaN,NaN,1.53,0,-50.8888626098633,NaN,NaN,NaN,NaN,NaN,NaN,NaN,NaN,NaN,NaN,NaN
1.19344111590532,0.0326534588298222,0.982292299226918,0.96,0,-11.9155044555664,NaN,0.321604596315,1.1303896785165,0.290208866418,1.607654493,1.31744490525,0.034291788345,0.624616337227144,1.26796341316678,0.0339718336509896,0.652537747692765
1.2704392398919,0.0228451113713862,1.2917533508394,0.8,0,-17.2901554107666,NaN,0.300493503870968,1.36659977869471,0.455782366486452,1.74833327148387,1.29255187675355,0.0258252734647742,0.949608630516643,1.29466769413281,0.0268910993558354,0.948745152491007
0.661983424918163,0.0357365334466389,1.17335613477193,0.8,0,13.2119951248169,NaN,0.901492257724138,1.29639597221297,1.22102216456996,2.05761055531034,0.836587255282759,0.0384660510827586,0.951737567056195,0.868226066478494,0.0368079903562293,0.967645259212301
-2.37398818190838,0.0874343480915031,2.31691503027398,2.68,0,6.04618167877197,NaN,3.63077584069935,1.791294993432,4.26806219986839,2.97183602090323,-1.29622093385806,0.0856751416954839,1.61780944693288,-1.37119806562739,0.0764764183183482,1.66976784968762
-4.7768096850667,0.117370123032215,3.47352914422892,4.47,0,1.61471891403198,NaN,5.812766035632,1.7684571110328,6.579925059384,3.4788911616,-3.10104539928,0.10797885144,2.46149200688478,-3.10776531624953,0.109683019142275,2.50989685432221
-6.22460030740975,0.13404383256896,4.14357083234232,4.833333333,0,NaN,NaN,6.07258058581161,1.16998576440387,7.59199917430452,4.73842848309677,-2.85358261308387,0.122697602245161,2.78543385155554,-2.9545403859412,0.128883893065264,2.80365663438298
-5.79753364808797,0.16486589605335,4.21997291795157,4.7,0,-28.4743518829346,NaN,6.298747383096,1.8446081461632,7.368464589192,4.408296084,-2.9601691272,0.173034420624,2.81738354205956,-2.9897958227445,0.189041149305886,2.81815941964705
-5.80658552669576,0.250153790156427,3.71256463839289,2.74,0,-15.7930936813354,NaN,5.48759443052903,2.1618801011311,6.71010745192955,4.40004792077419,-2.31005517421936,0.247098905883871,2.34267292524534,-2.27047510198704,0.247468127052998,2.40104885733916
-4.45014210999851,0.228954474223655,3.09202241672819,2.675,0,-19.2813148498535,NaN,3.49716147171097,1.15560357091897,4.99005821215742,3.29380734193548,-1.69624765495742,0.223447349729032,1.94319862829959,-1.24915655102673,0.254917082292582,1.88279497403073
-2.59525108199416,0.261611380038582,3.88397546766796,2.975,0,-9.16727828979492,NaN,3.223346785416,1.5802715163168,3.837619228752,3.4009035912,-0.436715917848,0.2767072248,2.45582277250238,-0.538346536049655,0.269798183177633,2.38581853285838
-2.19349898022839,0.124709003143545,2.9423320258254,2.56,0,NaN,NaN,2.09091072056516,0.392323541290839,3.03505967017626,2.60333356877419,-0.431721160722581,0.119580256103226,1.69489676898601,-0.397354155005382,0.133988893290269,1.6827716905848
-0.573947260559144,0.0622332016099709,1.63029389828111,1.54,0,-23.9051780700684,NaN,1.065858370416,1.0109775118104,1.3587847221744,1.8078367176,0.4490504316,0.069364812636,0.876109309757342,0.495012721254232,0.0729662438543848,0.88263961982823
0.842005591071341,0.0567412266690626,0.912525562389953,1.04,0,-20.5754070281982,NaN,0.41374924875871,1.16034229961419,0.644636046191226,1.76427278941935,1.11963541073806,0.0528324216730435,0.575775984681335,1.05667800893905,0.0469588838678546,0.559101203155931
NaN,NaN,NaN,0.81,0,8.61546230316162,NaN,0.369089288454194,1.20429454864877,0.306677062014968,1.31650404387097,1.00982486689548,-9999,0.356450608471331,1.04937793634755,0.0309125038765091,0.454460457098541
NaN,NaN,NaN,0.8,0,16.9252433776855,NaN,0.342685681097143,0.974287141048286,0.82588002678,2.204888364,1.37900771691429,-9999,0.792778199888538,1.09524571565667,0.02229069195886,0.749694694176461
0.504873968841792,0.025995332862345,2.23262045746259,1.2,0,NaN,NaN,0.974232978874839,1.55485616164723,1.24115572569832,2.24481176593548,1.00365784832439,0.0293637183362506,1.43936418995253,0.876883136761723,0.0390491502303285,1.35731918187532
-1.58828829170685,0.120898290394254,1.71662940727598,NaN,0,13.2085943222046,NaN,2.571950183472,1.480880223648,3.476448379656,2.4570660096,-1.01938285152,0.10655540427312,1.3336680379917,-0.942107464751424,0.110263803699161,1.31705620922361
-5.60538408973953,0.139845867729639,3.03019509622292,4.29,0,21.8018798828125,NaN,7.13119596171097,2.6067160234289,7.67566086022452,3.78969349470968,-3.88595926405161,0.14497933392,2.14290569118174,-3.87082480460869,0.153838648494559,2.15593187633612
-7.34125448277986,0.27760651792074,4.28290657704298,4.3125,0,1.67323541641235,NaN,7.6196997342,3.0125665380888,8.3700440430264,4.6498469688,-3.72020156424,0.27123349536,2.79985798779974,-3.77102244880226,0.260915305467919,2.88075709717087
-6.27637508947525,0.188888922140062,3.63749993284697,3.92,0,9.49919605255127,NaN,5.81022526331613,2.03191879613342,7.2067692358735,4.49035894916129,-2.7164047004129,0.188027957496774,2.20773856261191,-2.57879346621865,0.204321477011055,2.20556246500625
-4.65613080431026,0.192308682977523,3.77734504038664,4.45,0,NaN,NaN,4.78997067957677,3.61484732743432,5.96742356526271,4.98333878709677,-0.984083706812903,0.204220746371613,2.1880933424077,-1.13611831179518,0.207301937561121,2.20098548590058
-3.24243748062946,0.239713046384337,3.5922410914244,3.05,0,NaN,NaN,3.47223254292,1.2967412271552,4.2388301889936,3.569274864,-0.66956497848,0.22207658904,2.07885479447107,-0.615405688207619,0.234033017462216,2.12015720449618
-1.82611167831966,0.148329687291374,2.23261472803371,2.2,0,-16.5589351654053,NaN,2.54516958341419,1.85699771768903,2.97862594662194,2.90409955664516,-0.0745267705548387,0.157472495907097,1.29557561412392,-0.0528667936600916,0.164037312201751,1.29797394988258
-0.0619297816771031,0.0838445491153422,1.34204366629345,1.79,0,-11.7629537582397,NaN,1.14422471082638,1.29521533667923,1.58818516194638,2.28044921234043,0.692268029900425,0.0860505592493617,0.808197278207152,0.668258227585798,0.0843982923556462,0.783428680246082
NaN,NaN,NaN,0.72,0,0.787252843379974,NaN,NaN,NaN,NaN,NaN,NaN,NaN,NaN,NaN,NaN,NaN
NaN,NaN,NaN,0.54,0,17.135440826416,NaN,NaN,NaN,NaN,NaN,NaN,NaN,NaN,NaN,NaN,NaN
NaN,NaN,NaN,0.46,0,NaN,NaN,NaN,NaN,NaN,NaN,NaN,NaN,NaN,NaN,NaN,NaN
NaN,NaN,NaN,0.58,0,27.5107479095459,NaN,NaN,NaN,NaN,NaN,NaN,NaN,NaN,NaN,NaN,NaN
NaN,NaN,NaN,3,0,37.045970916748,NaN,NaN,NaN,NaN,NaN,NaN,NaN,NaN,NaN,NaN,NaN
NaN,NaN,NaN,3.83,0,26.6197109222412,NaN,NaN,NaN,NaN,NaN,NaN,NaN,NaN,NaN,NaN,NaN
NaN,NaN,NaN,4.25,0,20.4866638183594,NaN,NaN,NaN,NaN,NaN,NaN,NaN,NaN,NaN,NaN,NaN
NaN,NaN,NaN,4.8,0,NaN,NaN,NaN,NaN,NaN,NaN,NaN,NaN,NaN,NaN,NaN,NaN
NaN,NaN,NaN,4.54,0,-11.8221139907837,NaN,NaN,NaN,NaN,NaN,NaN,NaN,NaN,NaN,NaN,NaN
NaN,NaN,NaN,3.28,0,-26.6322345733643,NaN,NaN,NaN,NaN,NaN,NaN,NaN,NaN,NaN,NaN,NaN
NaN,NaN,NaN,2.53,0,-29.6117630004883,NaN,NaN,NaN,NaN,NaN,NaN,NaN,NaN,NaN,NaN,NaN
NaN,NaN,NaN,1.59,0,-24.4491958618164,NaN,NaN,NaN,NaN,NaN,NaN,NaN,NaN,NaN,NaN,NaN
NaN,NaN,NaN,0.76,0,NaN,NaN,NaN,NaN,NaN,NaN,NaN,NaN,NaN,NaN,NaN,NaN
NaN,NaN,NaN,0.64,0,23.5205764770508,NaN,NaN,NaN,NaN,NaN,NaN,NaN,NaN,NaN,NaN,NaN
NaN,NaN,NaN,0.675,0,20.1076049804688,NaN,NaN,NaN,NaN,NaN,NaN,NaN,NaN,NaN,NaN,NaN
NaN,NaN,NaN,1.26,0,30.389196395874,NaN,NaN,NaN,NaN,NaN,NaN,NaN,NaN,NaN,NaN,NaN
NaN,NaN,NaN,3.35,0,40.0104103088379,NaN,NaN,NaN,NaN,NaN,NaN,NaN,NaN,NaN,NaN,NaN
NaN,NaN,NaN,5.0375,0,36.7975158691406,NaN,NaN,NaN,NaN,NaN,NaN,NaN,NaN,NaN,NaN,NaN
NaN,NaN,NaN,4.6,0,NaN,NaN,NaN,NaN,NaN,NaN,NaN,NaN,NaN,NaN,NaN,NaN
NaN,NaN,NaN,5.05,0,5.18605327606201,NaN,NaN,NaN,NaN,NaN,NaN,NaN,NaN,NaN,NaN,NaN
NaN,NaN,NaN,4.32,0,-23.5786457061768,NaN,NaN,NaN,NaN,NaN,NaN,NaN,NaN,NaN,NaN,NaN
NaN,NaN,NaN,4.25,0,-37.9437141418457,NaN,NaN,NaN,NaN,NaN,NaN,NaN,NaN,NaN,NaN,NaN
NaN,NaN,NaN,2.25,0,NaN,NaN,NaN,NaN,NaN,NaN,NaN,NaN,NaN,NaN,NaN,NaN
NaN,NaN,NaN,1.72,0,NaN,NaN,NaN,NaN,NaN,NaN,NaN,NaN,NaN,NaN,NaN,NaN
NaN,NaN,NaN,1.19,0,22.1036224365234,NaN,NaN,NaN,NaN,NaN,NaN,NaN,NaN,NaN,NaN,NaN
NaN,NaN,NaN,0.99,0,45.9631004333496,NaN,NaN,NaN,NaN,NaN,NaN,NaN,NaN,NaN,NaN,NaN
NaN,NaN,NaN,1,0,43.3950614929199,NaN,NaN,NaN,NaN,NaN,NaN,NaN,NaN,NaN,NaN,NaN
NaN,NaN,NaN,1.21,0,46.5688781738281,NaN,NaN,NaN,NaN,NaN,NaN,NaN,NaN,NaN,NaN,NaN
NaN,NaN,NaN,3.29,0,NaN,NaN,NaN,NaN,NaN,NaN,NaN,NaN,NaN,NaN,NaN,NaN
NaN,NaN,NaN,4.2,0,28.4898090362549,NaN,NaN,NaN,NaN,NaN,NaN,NaN,NaN,NaN,NaN,NaN
NaN,NaN,NaN,4.875,0,7.03536939620972,NaN,NaN,NaN,NaN,NaN,NaN,NaN,NaN,NaN,NaN,NaN
NaN,NaN,NaN,5.016666667,0,-10.0544843673706,NaN,NaN,NaN,NaN,NaN,NaN,NaN,NaN,NaN,NaN,NaN
NaN,NaN,NaN,4.35,0,-2.06941437721252,NaN,NaN,NaN,NaN,NaN,NaN,NaN,NaN,NaN,NaN,NaN
NaN,NaN,NaN,3.88,0,NaN,NaN,NaN,NaN,NaN,NaN,NaN,NaN,NaN,NaN,NaN,NaN
NaN,NaN,NaN,2.41,0,NaN,NaN,NaN,NaN,NaN,NaN,NaN,NaN,NaN,NaN,NaN,NaN
NaN,NaN,NaN,1.75,0,-18.3866729736328,NaN,NaN,NaN,NaN,NaN,NaN,NaN,NaN,NaN,NaN,NaN
NaN,NaN,NaN,1.05,0,-3.91765093803406,NaN,NaN,NaN,NaN,NaN,NaN,NaN,NaN,NaN,NaN,NaN
