NBE,CH4,ET,LAI,SCF,EWT,ABGB,GPP_DT,ER_DT,GPP_NT,ER_NT,NBE_F,CH4_F,ET_F,NBE_ANN,CH4_ANN,ET_ANN
NaN,NaN,NaN,0.128571429,0.415,-2.08369064331055,NaN,NaN,NaN,NaN,NaN,NaN,NaN,NaN,NaN,NaN,NaN
NaN,NaN,NaN,0.12,0.5033333333,-2.82887172698975,NaN,NaN,NaN,NaN,NaN,NaN,NaN,NaN,NaN,NaN,NaN
NaN,NaN,NaN,0.15,0.5011111111,36.2684707641602,NaN,NaN,NaN,NaN,NaN,NaN,NaN,NaN,NaN,NaN,NaN
NaN,NaN,NaN,0.794444444,0,40.0876846313477,NaN,NaN,NaN,NaN,NaN,NaN,NaN,NaN,NaN,NaN,NaN
NaN,NaN,NaN,1.455555556,0,71.6013259887695,NaN,NaN,NaN,NaN,NaN,NaN,NaN,NaN,NaN,NaN,NaN
NaN,NaN,NaN,4.622222222,0,69.2013778686523,NaN,NaN,NaN,NaN,NaN,NaN,NaN,NaN,NaN,NaN,NaN
NaN,NaN,NaN,5.594444444,0,28.6158981323242,NaN,NaN,NaN,NaN,NaN,NaN,NaN,NaN,NaN,NaN,NaN
NaN,NaN,NaN,4.788888889,0,5.71922588348389,NaN,NaN,NaN,NaN,NaN,NaN,NaN,NaN,NaN,NaN,NaN
NaN,NaN,NaN,2.8,0,-15.2035675048828,NaN,NaN,NaN,NaN,NaN,NaN,NaN,NaN,NaN,NaN,NaN
NaN,NaN,NaN,0.533333333,0,-7.53142929077148,NaN,NaN,NaN,NaN,NaN,NaN,NaN,NaN,NaN,NaN,NaN
NaN,NaN,NaN,0.583333333,0,26.0868263244629,NaN,NaN,NaN,NaN,NaN,NaN,NaN,NaN,NaN,NaN,NaN
NaN,NaN,NaN,NaN,0.3577777778,47.5800170898438,NaN,NaN,NaN,NaN,NaN,NaN,NaN,NaN,NaN,NaN,NaN
NaN,NaN,NaN,NaN,0.4955555556,49.1804313659668,NaN,NaN,NaN,NaN,NaN,NaN,NaN,NaN,NaN,NaN,NaN
NaN,NaN,NaN,0.111111111,0.4772222222,30.9474830627441,NaN,NaN,NaN,NaN,NaN,NaN,NaN,NaN,NaN,NaN,NaN
NaN,NaN,NaN,0.661111111,0,20.9592609405518,NaN,NaN,NaN,NaN,NaN,NaN,NaN,NaN,NaN,NaN,NaN
NaN,NaN,NaN,0.822222222,0,1.4642561674118,NaN,NaN,NaN,NaN,NaN,NaN,NaN,NaN,NaN,NaN,NaN
NaN,NaN,NaN,1.211111111,0,9.8497953414917,NaN,NaN,NaN,NaN,NaN,NaN,NaN,NaN,NaN,NaN,NaN
NaN,NaN,NaN,5.566666667,0,12.872275352478,NaN,NaN,NaN,NaN,NaN,NaN,NaN,NaN,NaN,NaN,NaN
NaN,NaN,NaN,4.855555556,0,4.58152723312378,NaN,NaN,NaN,NaN,NaN,NaN,NaN,NaN,NaN,NaN,NaN
NaN,NaN,NaN,4.711111111,0,-12.7420482635498,NaN,NaN,NaN,NaN,NaN,NaN,NaN,NaN,NaN,NaN,NaN
NaN,NaN,NaN,1.944444444,0,-36.9283332824707,NaN,NaN,NaN,NaN,NaN,NaN,NaN,NaN,NaN,NaN,NaN
NaN,NaN,NaN,0.655555556,0,-21.6111831665039,NaN,NaN,NaN,NaN,NaN,NaN,NaN,NaN,NaN,NaN,NaN
NaN,NaN,NaN,0.616666667,0,-39.4434127807617,NaN,NaN,NaN,NaN,NaN,NaN,NaN,NaN,NaN,NaN,NaN
NaN,NaN,NaN,0.088888889,0.3127777778,-24.8576965332031,NaN,NaN,NaN,NaN,NaN,NaN,NaN,NaN,NaN,NaN,NaN
NaN,NaN,NaN,NaN,0.3305555556,NaN,NaN,NaN,NaN,NaN,NaN,NaN,NaN,NaN,NaN,NaN,NaN
NaN,NaN,NaN,0.1,0.5072222222,-36.3813705444336,NaN,NaN,NaN,NaN,NaN,NaN,NaN,NaN,NaN,NaN,NaN
NaN,NaN,NaN,0.183333333,0.4505555556,-40.3395385742188,NaN,NaN,NaN,NaN,NaN,NaN,NaN,NaN,NaN,NaN,NaN
NaN,NaN,NaN,0.838888889,0,-17.745849609375,NaN,NaN,NaN,NaN,NaN,NaN,NaN,NaN,NaN,NaN,NaN
NaN,NaN,NaN,0.933333333,0,13.3537435531616,NaN,NaN,NaN,NaN,NaN,NaN,NaN,NaN,NaN,NaN,NaN
NaN,NaN,NaN,4.966666667,0,NaN,NaN,NaN,NaN,NaN,NaN,NaN,NaN,NaN,NaN,NaN,NaN
NaN,NaN,NaN,5.083333333,0,0.415930509567261,NaN,NaN,NaN,NaN,NaN,NaN,NaN,NaN,NaN,NaN,NaN
NaN,NaN,NaN,4.522222222,0,-41.558479309082,NaN,NaN,NaN,NaN,NaN,NaN,NaN,NaN,NaN,NaN,NaN
NaN,NaN,NaN,4.183333333,0,-93.3806686401367,NaN,NaN,NaN,NaN,NaN,NaN,NaN,NaN,NaN,NaN,NaN
NaN,NaN,NaN,0.478571429,0,-83.7715072631836,NaN,NaN,NaN,NaN,NaN,NaN,NaN,NaN,NaN,NaN,NaN
NaN,NaN,NaN,0.7,0,-66.5627288818359,NaN,NaN,NaN,NaN,NaN,NaN,NaN,NaN,NaN,NaN,NaN
NaN,NaN,NaN,0.433333333,0.1966666667,-68.6962966918945,NaN,NaN,NaN,NaN,NaN,NaN,NaN,NaN,NaN,NaN,NaN
NaN,NaN,NaN,0.1,0.3211111111,-77.4823608398438,NaN,NaN,NaN,NaN,NaN,NaN,NaN,NaN,NaN,NaN,NaN
NaN,NaN,NaN,0.177777778,0.4233333333,-66.5797271728516,NaN,NaN,NaN,NaN,NaN,NaN,NaN,NaN,NaN,NaN,NaN
NaN,NaN,NaN,0.5,0,-53.6331367492676,NaN,NaN,NaN,NaN,NaN,NaN,NaN,NaN,NaN,NaN,NaN
NaN,NaN,NaN,0.855555556,0,-55.5045013427734,NaN,NaN,NaN,NaN,NaN,NaN,NaN,NaN,NaN,NaN,NaN
NaN,NaN,NaN,1.6,0,NaN,NaN,NaN,NaN,NaN,NaN,NaN,NaN,NaN,NaN,NaN,NaN
NaN,NaN,NaN,5.038888889,0,-35.8115158081055,NaN,NaN,NaN,NaN,NaN,NaN,NaN,NaN,NaN,NaN,NaN
NaN,NaN,NaN,5.05,0,-91.1233596801758,NaN,NaN,NaN,NaN,NaN,NaN,NaN,NaN,NaN,NaN,NaN
NaN,NaN,NaN,4.455555556,0,-142.438781738281,NaN,NaN,NaN,NaN,NaN,NaN,NaN,NaN,NaN,NaN,NaN
NaN,NaN,NaN,1.633333333,0,-195.853729248047,NaN,NaN,NaN,NaN,NaN,NaN,NaN,NaN,NaN,NaN,NaN
NaN,NaN,NaN,0.611111111,0,NaN,NaN,NaN,NaN,NaN,NaN,NaN,NaN,NaN,NaN,NaN,NaN
NaN,NaN,NaN,0.55,0,-187.865295410156,NaN,NaN,NaN,NaN,NaN,NaN,NaN,NaN,NaN,NaN,NaN
NaN,NaN,NaN,NaN,0,-192.446746826172,NaN,NaN,NaN,NaN,NaN,NaN,NaN,NaN,NaN,NaN,NaN
NaN,NaN,NaN,0.3,0.08,-168.265441894531,NaN,NaN,NaN,NaN,NaN,NaN,NaN,NaN,NaN,NaN,NaN
NaN,NaN,NaN,0.116666667,0.3944444444,-137.434997558594,NaN,NaN,NaN,NaN,NaN,NaN,NaN,NaN,NaN,NaN,NaN
NaN,NaN,NaN,0.016666667,0.5388888889,NaN,NaN,NaN,NaN,NaN,NaN,NaN,NaN,NaN,NaN,NaN,NaN
NaN,NaN,NaN,0.083333333,0.5483333333,-41.3192672729492,NaN,NaN,NaN,NaN,NaN,NaN,NaN,NaN,NaN,NaN,NaN
NaN,NaN,NaN,1.188888889,0,-5.33244848251343,NaN,NaN,NaN,NaN,NaN,NaN,NaN,NaN,NaN,NaN,NaN
NaN,NaN,NaN,3.238888889,0,22.7241668701172,NaN,NaN,NaN,NaN,NaN,NaN,NaN,NaN,NaN,NaN,NaN
NaN,NaN,NaN,3.875,0,-2.6605224609375,NaN,NaN,NaN,NaN,NaN,NaN,NaN,NaN,NaN,NaN,NaN
NaN,NaN,NaN,4.383333333,0,NaN,NaN,NaN,NaN,NaN,NaN,NaN,NaN,NaN,NaN,NaN,NaN
NaN,NaN,NaN,2.405555556,0,NaN,NaN,NaN,NaN,NaN,NaN,NaN,NaN,NaN,NaN,NaN,NaN
NaN,NaN,NaN,0.688888889,0,-26.9873886108398,NaN,NaN,NaN,NaN,NaN,NaN,NaN,NaN,NaN,NaN,NaN
NaN,NaN,NaN,0.225,0,-19.7224502563477,NaN,NaN,NaN,NaN,NaN,NaN,NaN,NaN,NaN,NaN,NaN
NaN,NaN,NaN,0.094444444,0.4566666667,-9.40734004974365,NaN,NaN,NaN,NaN,NaN,NaN,NaN,NaN,NaN,NaN,NaN
NaN,NaN,NaN,0.116666667,0.405,22.4991817474365,NaN,0.188655105135484,0.187567187153806,-9999,0.288865783230968,-9999,-9999,-9999,0.0805297442959684,0.00502445204046157,0.107011046639447
-0.0366113126510691,0.00579804760849439,0.199286651569465,0.1,0.475,NaN,NaN,0.197558339657143,0.175331343265714,0.249906124419686,0.205110515442857,-0.044796069684,0.00582674887722857,0.139516570507386,0.0166192103161838,0.00538145653972837,0.138533181252941
0.0860460297130125,0.00622981223788246,0.355049614546103,0.061111111,0.5594444444,59.2692413330078,NaN,0.203197726405161,0.298341878170065,0.103720008356129,0.235328404854194,0.131608075174374,0.00561682211494529,0.278495173158706,0.134099154625234,0.00544211967647685,0.285469724246332
0.617486039689066,0.00542653528401424,0.789735367411601,0.116666667,0.5788888889,70.3193206787109,NaN,0.19140027408,0.5108303088,0.2357810333568,0.8628146568,0.627032600388,0.005066153090568,0.736206609152185,0.569360530075424,0.00504352067189638,0.661797376379761
0.470772181942094,0.0131477102921689,2.90066602498921,0.916666667,0,119.800476074219,NaN,0.794496690859355,1.1481950043871,1.03317719598581,2.05055207535484,1.01737148226039,0.0108378230871948,2.20383998457109,0.945253195036342,0.011294043980209,2.05076502555377
-4.78851334508331,0.0410551367183876,4.70030733719848,4.566666667,0,161.309387207031,NaN,5.9323304178,3.31786926,7.29009918972,5.353724592,-1.936378989864,0.0375729125076,3.23852275276471,-2.03534399853317,0.0335169829531369,3.17423271555747
-6.29376435457013,0.0479193422487096,5.0781994486168,5.311111111,0,NaN,NaN,6.61597975147355,2.48376667819355,8.92778827021316,5.35090884387097,-3.57688446689032,0.0435669126210581,3.50224237868765,-2.74456254916869,0.0420719464140753,3.421019942584
-4.42604767896475,NaN,4.45211215953479,4.505555556,0,93.7906646728516,NaN,5.23180873145032,2.95287502529032,6.62806965870581,5.50319776258064,-1.12487376846194,0.0377217473917936,2.78126079145393,-0.966511818789298,0.0383684198233677,2.75686202961932
-2.86741990753961,NaN,3.83745528554316,3.722222222,0,119.634155273438,NaN,3.004881839712,1.837350108,3.380952962664,3.255323904,-0.125628605784,0.0100973827152,2.1751550672666,-0.137380469162806,0.0394055954282175,2.18341623310915
0.655403406504686,NaN,1.22748096832979,0.5,0,141.335235595703,NaN,0.406239331633548,0.709505623045161,0.621621747694452,1.50515156670968,0.883531339453161,0.0267592822350968,0.910805277200883,0.969887901374438,0.0222459967044639,0.892964424587383
0.504242537672118,NaN,0.581275731008929,0.155555556,0.375,150.301803588867,NaN,0.120883860144,0.151258612824,-0.0135962598888,0.52357428576,0.5371708327992,0.006464229551064,0.417362543886555,0.522284967990186,0.00559089825606193,0.438551028140543
-0.164377990571336,NaN,0.340083672566752,0.133333333,NaN,NaN,NaN,0.0498385969548387,0.0972139309548387,0.167050109766194,0.118041201754839,-0.0490075884603871,0.00686350053176516,0.178073238469925,0.189715172273983,0.00459840982739683,0.215468101112754
0.0386794555370115,0.00326989933586696,0.178536029550684,0.1,0.4533333333,188.274688720703,3488.570786,0.031057943156129,0.131648218090908,0.0646512605998142,0.149727181912258,0.0850754268371613,0.000220662140516129,0.141804918464422,0.105939329077127,0.00232649760437891,0.154917242604279
-0.0631753733589971,0.00337053064804146,0.21288729651994,0.1,0.4494444444,166.99755859375,3488.570786,0.0680567384571429,0.204694504694743,-0.00463314423728573,0.0410910300771429,0.0457242060895715,0.00306726867195429,0.171790574502135,-0.0167400724311376,0.00329507874400041,0.18169961685495
0.21467275481235,0.00328224457829425,0.741122978335701,0.1,0.08555555556,170.897186279297,3488.570786,0.102241644851613,1.023473938752,0.129085497085935,0.310910098296774,0.181824645483871,0.00317414419395097,0.624102587978738,0.212608996206893,0.00347865975854857,0.604440305070881
0.609909305060253,0.00459950786531836,1.94354318530555,0.911111111,0,193.647674560547,3488.570786,0.149647187088,0.6451828992,0.196916480532,0.784642536,0.5877259847352,0.004243580574408,1.51982232073493,0.602366638641822,0.00428565556031059,1.41479147155741
-0.289442969465823,0.00684582219340517,2.73499082682375,1.372222222,0,180.290145874023,3488.570786,1.32965681021419,1.37610058993548,2.09346903613161,2.67048868645161,0.577019669794839,0.00744936166047484,1.84335144490727,0.588375337932498,0.00675569695573817,1.8653295435992
-5.16723055118321,0.0232735725410531,4.44193546857675,4.388888889,0,NaN,3488.570786,5.13967102488,2.1802482864,6.212479377816,4.154182128,-2.058304968072,0.02209288937184,2.89498897774324,-2.09478922953292,0.0226237067537107,2.93390846344496
-6.45557409993949,0.0400273365344586,5.91014615799573,5.438888889,0,170.259582519531,3488.570786,6.54804436459355,2.76875668103226,8.33247081341419,5.83608532645161,-2.49637580960516,0.0395442094294452,3.83164416992286,-2.5296442876305,0.0381322926177268,3.86826960277386
-3.96599726872361,0.0386332323802673,4.25802616596494,4.416666667,0,103.227737426758,3488.570786,5.96927871903484,3.68228207380645,6.79738879031226,5.77512699096774,-1.02225839434839,0.0386377309404465,2.90497484083058,-1.19824196129633,0.0365128787912777,2.88688170729297
-1.34919333636998,0.0386277425763719,3.15415844498415,2.922222222,0,122.720733642578,3488.570786,3.174504004872,2.4576933024,4.100385025584,4.442748552,0.342365854032,0.0378917786376,2.22249245792278,0.182322683792866,0.0364167105107313,2.32407258619304
0.760926396879077,0.0160501954389549,1.33142513897092,0.7,0,NaN,3488.570786,0.62861219856,1.12389184033548,0.578165778887226,1.67580020670968,1.09763520248206,0.0151752088511768,0.835373116466426,0.961471287453845,0.0160483729020773,0.942380331028633
0.923574398705138,0.00675078470522664,0.833771431234452,0.594444444,0,NaN,3488.570786,0.1090172587608,0.65799258264,0.0729657335304,0.887930928,0.8149659338592,0.007583725264752,0.618525986757657,0.715726491594606,0.00649462023220326,0.580729767497333
0.0571443101521036,0.003541131522243,0.306946090238659,NaN,0.1172222222,168.320999145508,3488.570786,0.0530527609997419,0.225774875148387,0.0557967579164129,0.213616584929032,0.157820378197935,0.00253331849905548,0.227424228369842,0.227040371880836,0.00383583905866163,0.265648113504072
-0.0502868192143197,0.00353071249239299,0.360794977433615,0.177777778,0.3988888889,197.743286132812,NaN,0.823459274036129,0.244719636291871,0.197631434115871,0.103439798245161,-0.0941914502786323,0.00234184039292903,0.234497501736857,0.108160470945872,0.00367409240269794,0.223643831878736
0.0729155135494905,0.00426824951961228,0.256736105760543,0.1,NaN,206.813293457031,NaN,0.651187358565517,0.17660838505531,0.10078715126731,0.232055670662069,0.131268166317434,0.00404918562726621,0.208892698988199,0.130465117690718,0.00405598826392855,0.224938261178643
0.249583194617613,0.00333159122082821,0.602855360521446,0.722222222,0,229.439407348633,NaN,0.130483770131613,0.136289767424516,0.190119330938323,0.382916882554839,0.192797751312,0.00294179950795355,0.436495973799906,0.213975590522963,0.00325197050734979,0.473922746222733
0.36725712338428,0.00603828358115952,1.28763063042791,0.766666667,0,NaN,NaN,0.08190507777408,0.272116587096,0.23350040966088,0.58502803608,0.3515275376496,0.0058045828027392,1.07124479940655,0.408142422519616,0.00553255473995656,1.0683846848143
-0.187793022882503,0.0116046832676567,2.63758752517766,1.227777778,0,215.721710205078,NaN,1.45046942293471,1.557097236,2.12931184483742,2.57746392464516,0.448155520443871,0.0121089917840516,1.86775186272427,0.478526658879978,0.0106828450498803,1.8896412909493
-6.17070862921276,0.0613056882418074,5.03578528086439,4.761111111,0,206.667846679688,NaN,6.424123221432,3.297201552,7.354800073584,4.449451464,-2.905353386352,0.0618194038392,3.49275019201176,-2.7416538314888,0.0567123502341796,3.46020836989682
-6.10184619358055,0.0844493128323947,5.78913456427207,5.3,0,183.942489624023,NaN,7.6042796127329,3.99924206941935,8.67483701232155,5.80857424258065,-2.86627162491871,0.0812430947821935,3.96670297904612,-2.61037981515916,0.0796910634737795,3.97127311753496
-5.28906690957547,0.0491951067734852,5.28755346416264,4.211111111,0,167.402114868164,NaN,6.19937754907355,3.98648995896774,6.924654299736,5.6801437083871,-1.24451069550968,0.0438565847346581,3.07086670320588,-1.21528184850475,0.0449195258944191,3.19757153387964
-2.56982430026373,0.0381553794925141,3.65228515541205,2.272222222,0,NaN,NaN,3.5377631586,2.6592468624,4.226484010248,4.102758432,-0.123731346204,0.03863260746,2.35595334461663,-0.163641771468889,0.0369336359698267,2.3501588186848
0.538749923320153,0.0240941212816697,1.4846884308024,0.65,0,NaN,NaN,0.833881228327742,1.48517750322581,0.990929546083974,2.00355361083871,1.01262482633032,0.023320194867871,1.05290109935133,0.923127422605953,0.0226783000354879,1.08793598374206
0.666024067054169,0.0104687283274007,0.612212803882605,0.655555556,0,167.943969726562,NaN,0.125737341048,0.87832530072,0.151622973072,0.7671521052,0.6155306970408,0.00989977486464,0.464014025385205,0.673422408788083,0.0105663083960617,0.500365589619466
0.129757330324751,0.00450002120675782,0.4931910691238,0.5,0.2838888889,199.608993530273,NaN,0.0316472840152258,0.341227683824516,0.0147190726590968,0.28334414763871,0.26862468711329,0.00458267919282581,0.39093028447841,0.216171967805961,0.00479780011543271,0.358584616214837
0.131604724348477,0.0049540015699927,0.20457734285407,0.4,0.4583333333,189.721603393555,NaN,0.101989814632258,0.344136061063974,0.0284575833318194,0.230161263027097,0.201704007404903,0.00407012293152,0.157857984434774,0.173012372923321,0.00429856572578792,0.1960717688219
0.125895170217534,0.0027396386278012,0.338412994481381,0.205555556,0.4294444444,NaN,NaN,0.377135530971429,0.576915329571429,0.05559830523,0.212184110828571,0.156585997468286,0.0029188631151,0.292213065817434,0.15834743216603,0.00315009799703184,0.304003808528312
0.228512489911606,0.00470557288059886,0.774801901301309,NaN,0,230.051147460938,NaN,0.486606208180645,0.455163171793548,0.265784582932955,0.484669419096774,0.218884859897342,0.00392526790792792,0.59815083703204,0.171029880719221,0.00435260247800808,0.622629068819582
0.400536454915845,0.00674452906129806,1.39916708005837,0.816666667,0,254.851913452148,NaN,0.462431203776,0.7840123128,0.1459533367944,0.64438758,0.498435268968,0.00697063451472,1.05356713256693,0.529649260788715,0.00638418891425318,1.04169713493881
0.534661545788464,0.0123569387625485,2.270398495192,1.522222222,0,282.008422851562,NaN,0.721189646607484,0.868191117677419,1.42674815886968,2.12717020877419,0.700418907940088,0.0120878692614859,1.61850043150675,0.752567913598782,0.0123615353753501,1.55758367275201
-4.62208581679491,0.0542999152155009,4.76762343390798,4.988888889,0,289.523468017578,NaN,6.107658283944,3.5949990744,8.503796760696,7.076334024,-1.42746885432,0.0505412476344,3.24813158469381,-2.03551401905316,0.04767382033591,3.21926423738028
-6.52177070216835,0.0642734942271846,5.74712543818452,4.855555556,0,NaN,NaN,7.72666139538581,4.1756101316129,8.77648770271742,6.18967126451613,-2.58681745124129,0.0644841029473548,3.88552742889037,-2.66958896306242,0.0567552526089982,3.83281149149532
-5.3204260224898,0.0146804416600867,5.18486964256234,4.644444444,0,NaN,NaN,5.89319799793548,3.05166128748387,6.98405654320258,5.92787724387097,-1.05617636012903,0.0216681180826065,3.2290280361118,-1.52177832993877,0.0198299518070859,3.12020948781463
-2.00162301995319,0.0181327169747382,4.10971451412246,2.977777778,0,NaN,NaN,3.481811217792,2.919691908,4.1647414191264,4.39664436,0.23189753232,0.017494011864,2.70533761653725,-0.0197372494452318,0.0177677085173759,2.6618888227599
0.250375026439753,0.0140558019931514,1.95137084335724,0.972222222,0,NaN,NaN,0.745686893334193,1.20339717677419,1.16351432773781,2.07991860619355,0.916403278947097,0.0139952669783226,1.37411789979055,0.852981389196179,0.0138232583178687,1.35122391953434
0.456266662017341,0.00588280523279442,0.759294789229665,0.55,0,NaN,NaN,0.17943618878712,1.01195076024,-0.0666214301448,0.4532138856,0.5198346687096,0.00586833171336,0.640669507295652,0.470369318692674,0.00583599071573033,0.602196730833303
0.117608874429841,0.00389968295401539,0.38922751757971,NaN,0.1,NaN,NaN,0.0834844437754142,0.552074731447819,0.0597037688268387,0.192697164139355,0.132993374005161,0.00422581634802581,0.343147016766906,0.165341249777608,0.00417811393583942,0.330766471385809
0.0397192470252433,0.00347078272418898,0.237073713368036,0.35,0.5233333333,NaN,NaN,0.0852872200490323,0.493677958331613,0.0857197109821936,0.12461363540129,0.0388942610516129,0.00339500512925884,0.218090280351347,0.086231996898841,0.00355802671289575,0.226284971406474
-0.194604391380946,0.00508955444091675,0.247957020972479,0.2,0.4844444444,NaN,NaN,0.187198843114286,0.588778976666571,0.182197902492537,0.205178174742857,0.0229797148122,0.00474252265487057,0.210321799860184,0.0525371777538706,0.00402801262737312,0.231040656374562
0.00707011910048665,0.00422183454561342,0.61878859774753,0.105555556,0.5427777778,NaN,NaN,0.361368697470968,1.2691053243871,0.171389016204387,0.178283296567742,0.00689470133341937,0.00287922923651613,0.506352579768739,0.0590260210374104,0.00410215279294787,0.520819814684207
0.248891470481503,0.00423322210219765,0.912440623882805,0.1,0.475,NaN,NaN,0.43988546664,1.46302595784,0.307756823508,0.5844865608,0.2767309104096,0.004126265582112,0.690097475087484,0.321467263960335,0.00433512584943286,0.712918285130394
0.904645092028116,0.00745123057890643,2.59400447666849,1.1,0,NaN,NaN,0.905784934577807,1.66700515354839,0.941839829767742,2.08852674967742,1.14668813166968,0.00831732642464516,1.9553823643256,1.17929395998778,0.00741612189640856,1.96301509337183
-3.99892228317296,0.0416617558156319,4.56019153686405,3.655555556,0,268.152801513672,NaN,6.21861795648,3.1987783872,6.5724957795384,4.180401504,-2.392100851824,0.04316830127856,3.64658329561687,-2.43917230576741,0.0421879399015621,3.619823799445
-5.14768974563632,0.0533798462251254,5.62043266148645,5.216666667,0,288.359008789062,NaN,7.12847057411613,3.34904787174194,8.29583645949755,5.17478523096774,-3.1210580398529,0.0472557967780645,4.26698908277009,-2.82881277192882,0.0535022843222845,4.33858649809575
-4.76236227187983,0.0303311022615284,5.00393872136188,4.9,0,NaN,NaN,6.03568114304516,3.17774468903226,10.3422201829548,8.72904286451613,-1.61318985723871,0.0263970818059355,3.21476297131913,-1.51573773450366,0.0257296077746112,3.36607009457797
-1.61859557688387,0.0239766984191957,3.5381006119915,4.033333333,0,NaN,NaN,3.149966430504,2.0731719024,3.774041662608,3.563674776,-0.210364372728,0.0241990095672,2.51810651108202,-0.163762096446674,0.0229956586157096,2.57289774697594
0.578283785110544,0.0090228640148778,1.32802292246118,0.694444444,0,283.937774658203,NaN,0.562727755509677,1.13566239174194,0.550351153226323,1.24632291251613,0.695971179406452,0.012858914592,1.06378184728325,0.796258540583255,0.0128526543041421,1.02521125370609
-0.5520517703149,-0.00180353021258839,0.74250924860615,NaN,0.1777777778,281.212127685547,NaN,0.2908406170728,0.8358142464,0.28162073676672,0.6219221616,0.3403017838512,0.0033757125693984,0.539707214767486,0.316095594094226,0.00472333924492123,0.552096966346747
0.512429261476049,NaN,0.306453610674389,NaN,0.2333333333,287.585784912109,NaN,0.0650623621354839,0.359821568903226,-0.36402931668751,0.32636654756129,0.690394026344516,-0.00423016683259355,0.267421171368115,0.288529282964829,0.00145232185783293,0.307021569616859
NaN,NaN,NaN,NaN,0.3516666667,330.407836914062,NaN,NaN,NaN,NaN,NaN,NaN,NaN,NaN,NaN,NaN,NaN
NaN,NaN,NaN,0.094444444,0.5394444444,341.046630859375,NaN,NaN,NaN,NaN,NaN,NaN,NaN,NaN,NaN,NaN,NaN
NaN,NaN,NaN,0.133333333,0.5661111111,391.534271240234,NaN,NaN,NaN,NaN,NaN,NaN,NaN,NaN,NaN,NaN,NaN
NaN,NaN,NaN,0.755555556,0,402.676849365234,NaN,NaN,NaN,NaN,NaN,NaN,NaN,NaN,NaN,NaN,NaN
NaN,NaN,NaN,0.575,0,406.538513183594,NaN,NaN,NaN,NaN,NaN,NaN,NaN,NaN,NaN,NaN,NaN
NaN,NaN,NaN,4.95,0,408.938354492188,NaN,NaN,NaN,NaN,NaN,NaN,NaN,NaN,NaN,NaN,NaN
NaN,NaN,NaN,5.472222222,0,375.184783935547,NaN,NaN,NaN,NaN,NaN,NaN,NaN,NaN,NaN,NaN,NaN
NaN,NaN,NaN,4.833333333,0,323.6162109375,NaN,NaN,NaN,NaN,NaN,NaN,NaN,NaN,NaN,NaN,NaN
NaN,NaN,NaN,1.955555556,0,334.13232421875,NaN,NaN,NaN,NaN,NaN,NaN,NaN,NaN,NaN,NaN,NaN
NaN,NaN,NaN,0.688888889,0,390.877990722656,NaN,NaN,NaN,NaN,NaN,NaN,NaN,NaN,NaN,NaN,NaN
NaN,NaN,NaN,0.633333333,0,403.806945800781,NaN,NaN,NaN,NaN,NaN,NaN,NaN,NaN,NaN,NaN,NaN
NaN,NaN,NaN,0.1,0.45875,431.199981689453,NaN,NaN,NaN,NaN,NaN,NaN,NaN,NaN,NaN,NaN,NaN
NaN,NaN,NaN,NaN,0.4183333333,417.428283691406,3801.606944,NaN,NaN,NaN,NaN,NaN,NaN,NaN,NaN,NaN,NaN
NaN,NaN,NaN,0.135714286,0.5122222222,443.415161132812,3801.606944,NaN,NaN,NaN,NaN,NaN,NaN,NaN,NaN,NaN,NaN
NaN,NaN,NaN,0.1,0.5483333333,406.438751220703,3801.606944,NaN,NaN,NaN,NaN,NaN,NaN,NaN,NaN,NaN,NaN
NaN,NaN,NaN,0.661111111,0,415.844421386719,3801.606944,NaN,NaN,NaN,NaN,NaN,NaN,NaN,NaN,NaN,NaN
NaN,NaN,NaN,1.561111111,0,423.025054931641,3801.606944,NaN,NaN,NaN,NaN,NaN,NaN,NaN,NaN,NaN,NaN
NaN,NaN,NaN,4.855555556,0,422.099731445312,3801.606944,NaN,NaN,NaN,NaN,NaN,NaN,NaN,NaN,NaN,NaN
NaN,NaN,NaN,5.561111111,0,412.523986816406,3801.606944,NaN,NaN,NaN,NaN,NaN,NaN,NaN,NaN,NaN,NaN
NaN,NaN,NaN,4.427777778,0,349.774658203125,3801.606944,NaN,NaN,NaN,NaN,NaN,NaN,NaN,NaN,NaN,NaN
NaN,NaN,NaN,1.833333333,0,345.30078125,3801.606944,NaN,NaN,NaN,NaN,NaN,NaN,NaN,NaN,NaN,NaN
NaN,NaN,NaN,0.833333333,0,327.635925292969,3801.606944,NaN,NaN,NaN,NaN,NaN,NaN,NaN,NaN,NaN,NaN
NaN,NaN,NaN,0.4,0,358.6826171875,3801.606944,NaN,NaN,NaN,NaN,NaN,NaN,NaN,NaN,NaN,NaN
NaN,NaN,NaN,NaN,0,299.940979003906,3801.606944,NaN,NaN,NaN,NaN,NaN,NaN,NaN,NaN,NaN,NaN
NaN,NaN,NaN,0.2,0.4122222222,317.194885253906,NaN,NaN,NaN,NaN,NaN,NaN,NaN,NaN,NaN,NaN,NaN
NaN,NaN,NaN,0.15,0.4127777778,294.194763183594,NaN,NaN,NaN,NaN,NaN,NaN,NaN,NaN,NaN,NaN,NaN
NaN,NaN,NaN,0.45,0.1144444444,294.920318603516,NaN,NaN,NaN,NaN,NaN,NaN,NaN,NaN,NaN,NaN,NaN
NaN,NaN,NaN,0.855555556,0,NaN,NaN,NaN,NaN,NaN,NaN,NaN,NaN,NaN,NaN,NaN,NaN
NaN,NaN,NaN,1.216666667,0,NaN,NaN,NaN,NaN,NaN,NaN,NaN,NaN,NaN,NaN,NaN,NaN
NaN,NaN,NaN,5.744444444,0,NaN,NaN,NaN,NaN,NaN,NaN,NaN,NaN,NaN,NaN,NaN,NaN
NaN,NaN,NaN,5.65,0,NaN,NaN,NaN,NaN,NaN,NaN,NaN,NaN,NaN,NaN,NaN,NaN
NaN,NaN,NaN,3.84,0,NaN,NaN,NaN,NaN,NaN,NaN,NaN,NaN,NaN,NaN,NaN,NaN
NaN,NaN,NaN,2.411111111,0,NaN,NaN,NaN,NaN,NaN,NaN,NaN,NaN,NaN,NaN,NaN,NaN
NaN,NaN,NaN,0.6875,0,NaN,NaN,NaN,NaN,NaN,NaN,NaN,NaN,NaN,NaN,NaN,NaN
NaN,NaN,NaN,NaN,0,NaN,NaN,NaN,NaN,NaN,NaN,NaN,NaN,NaN,NaN,NaN,NaN
NaN,NaN,NaN,0.30625,0.3027777778,NaN,NaN,NaN,NaN,NaN,NaN,NaN,NaN,NaN,NaN,NaN,NaN
