NBE,CH4,ET,LAI,SCF,EWT,ABGB,GPP_DT,ER_DT,GPP_NT,ER_NT,NBE_F,CH4_F,ET_F,NBE_ANN,CH4_ANN,ET_ANN
NaN,NaN,NaN,0.275,0,9.42828941345215,NaN,NaN,NaN,NaN,NaN,NaN,NaN,NaN,NaN,NaN,NaN
NaN,NaN,NaN,0.185714286,0,4.70530366897583,NaN,NaN,NaN,NaN,NaN,NaN,NaN,NaN,NaN,NaN,NaN
NaN,NaN,NaN,0.233333333,0,17.1853828430176,NaN,NaN,NaN,NaN,NaN,NaN,NaN,NaN,NaN,NaN,NaN
NaN,NaN,NaN,0.316666667,0,19.758674621582,NaN,NaN,NaN,NaN,NaN,NaN,NaN,NaN,NaN,NaN,NaN
NaN,NaN,NaN,0.758333333,0,-7.93737316131592,NaN,NaN,NaN,NaN,NaN,NaN,NaN,NaN,NaN,NaN,NaN
NaN,NaN,NaN,1.871428571,0,-32.8501586914062,NaN,NaN,NaN,NaN,NaN,NaN,NaN,NaN,NaN,NaN,NaN
NaN,NaN,NaN,2.821428571,0,-46.0971298217773,NaN,NaN,NaN,NaN,NaN,NaN,NaN,NaN,NaN,NaN,NaN
NaN,NaN,NaN,2.3,0,-70.6010894775391,NaN,NaN,NaN,NaN,NaN,NaN,NaN,NaN,NaN,NaN,NaN
NaN,NaN,NaN,1.764285714,0,-94.0404052734375,NaN,NaN,NaN,NaN,NaN,NaN,NaN,NaN,NaN,NaN,NaN
NaN,NaN,NaN,1.021428571,0,-76.7944946289062,NaN,NaN,NaN,NaN,NaN,NaN,NaN,NaN,NaN,NaN,NaN
NaN,NaN,NaN,0.6,0,-52.7963485717773,NaN,NaN,NaN,NaN,NaN,NaN,NaN,NaN,NaN,NaN,NaN
NaN,NaN,NaN,0.278571429,0,-3.60614776611328,NaN,NaN,NaN,NaN,NaN,NaN,NaN,NaN,NaN,NaN,NaN
NaN,NaN,NaN,0.235714286,0,12.6426849365234,NaN,NaN,NaN,NaN,NaN,NaN,NaN,NaN,NaN,NaN,NaN
NaN,NaN,NaN,0.23,0,32.0913352966309,NaN,NaN,NaN,NaN,NaN,NaN,NaN,NaN,NaN,NaN,NaN
NaN,NaN,NaN,0.257142857,0,66.7618103027344,NaN,NaN,NaN,NaN,NaN,NaN,NaN,NaN,NaN,NaN,NaN
NaN,NaN,NaN,0.3,0,32.5218200683594,NaN,NaN,NaN,NaN,NaN,NaN,NaN,NaN,NaN,NaN,NaN
NaN,NaN,NaN,0.714285714,0,-4.53301382064819,NaN,NaN,NaN,NaN,NaN,NaN,NaN,NaN,NaN,NaN,NaN
NaN,NaN,NaN,2.085714286,0,-4.686683177948,NaN,NaN,NaN,NaN,NaN,NaN,NaN,NaN,NaN,NaN,NaN
NaN,NaN,NaN,2.964285714,0,-22.5793418884277,NaN,NaN,NaN,NaN,NaN,NaN,NaN,NaN,NaN,NaN,NaN
NaN,NaN,NaN,2.507142857,0,-29.8795986175537,NaN,NaN,NaN,NaN,NaN,NaN,NaN,NaN,NaN,NaN,NaN
NaN,NaN,NaN,1.335714286,0,-33.5773849487305,NaN,NaN,NaN,NaN,NaN,NaN,NaN,NaN,NaN,NaN,NaN
NaN,NaN,NaN,0.85,0,-34.8191413879395,NaN,NaN,NaN,NaN,NaN,NaN,NaN,NaN,NaN,NaN,NaN
NaN,NaN,NaN,0.357142857,0,-34.774829864502,NaN,NaN,NaN,NaN,NaN,NaN,NaN,NaN,NaN,NaN,NaN
NaN,NaN,NaN,0.23,0,13.6591777801514,NaN,NaN,NaN,NaN,NaN,NaN,NaN,NaN,NaN,NaN,NaN
NaN,NaN,NaN,0.2,0.03333333333,47.2267684936523,NaN,NaN,NaN,NaN,NaN,NaN,NaN,NaN,NaN,NaN,NaN
NaN,NaN,NaN,0.264285714,0,41.8844947814941,NaN,NaN,NaN,NaN,NaN,NaN,NaN,NaN,NaN,NaN,NaN
NaN,NaN,NaN,0.335714286,0,39.5456581115723,NaN,NaN,NaN,NaN,NaN,NaN,NaN,NaN,NaN,NaN,NaN
NaN,NaN,NaN,0.314285714,0,36.835636138916,NaN,NaN,NaN,NaN,NaN,NaN,NaN,NaN,NaN,NaN,NaN
NaN,NaN,NaN,1.164285714,0,15.8319873809814,NaN,NaN,NaN,NaN,NaN,NaN,NaN,NaN,NaN,NaN,NaN
NaN,NaN,NaN,2.033333333,0,18.7994537353516,NaN,NaN,NaN,NaN,NaN,NaN,NaN,NaN,NaN,NaN,NaN
NaN,NaN,NaN,2.464285714,0,17.0353908538818,NaN,NaN,NaN,NaN,NaN,NaN,NaN,NaN,NaN,NaN,NaN
NaN,NaN,NaN,2.642857143,0,6.52941608428955,NaN,NaN,NaN,NaN,NaN,NaN,NaN,NaN,NaN,NaN,NaN
NaN,NaN,NaN,1.735714286,0,-7.79796123504639,NaN,NaN,NaN,NaN,NaN,NaN,NaN,NaN,NaN,NaN,NaN
NaN,NaN,NaN,0.528571429,0,-0.354354828596115,NaN,NaN,NaN,NaN,NaN,NaN,NaN,NaN,NaN,NaN,NaN
NaN,NaN,NaN,0.328571429,0,-1.44193506240845,NaN,NaN,NaN,NaN,NaN,NaN,NaN,NaN,NaN,NaN,NaN
NaN,NaN,NaN,0.292857143,0,11.3322563171387,NaN,NaN,NaN,NaN,NaN,NaN,NaN,NaN,NaN,NaN,NaN
NaN,NaN,NaN,0.221428571,0,32.5915222167969,NaN,NaN,NaN,NaN,NaN,NaN,NaN,NaN,NaN,NaN,NaN
NaN,NaN,NaN,0.1,0.04333333333,26.087495803833,NaN,NaN,NaN,NaN,NaN,NaN,NaN,NaN,NaN,NaN,NaN
NaN,NaN,NaN,0.314285714,0,14.3329248428345,NaN,NaN,NaN,NaN,NaN,NaN,NaN,NaN,NaN,NaN,NaN
NaN,NaN,NaN,0.428571429,0,10.4158725738525,NaN,NaN,NaN,NaN,NaN,NaN,NaN,NaN,NaN,NaN,NaN
NaN,NaN,NaN,0.857142857,0,17.169002532959,NaN,NaN,NaN,NaN,NaN,NaN,NaN,NaN,NaN,NaN,NaN
NaN,NaN,NaN,1.435714286,0,-0.265609353780746,NaN,NaN,NaN,NaN,NaN,NaN,NaN,NaN,NaN,NaN,NaN
NaN,NaN,NaN,1.578571429,0,-13.5563669204712,NaN,NaN,NaN,NaN,NaN,NaN,NaN,NaN,NaN,NaN,NaN
NaN,NaN,NaN,1.628571429,0,-46.6697654724121,NaN,NaN,NaN,NaN,NaN,NaN,NaN,NaN,NaN,NaN,NaN
NaN,NaN,NaN,1.321428571,0,-55.6204452514648,NaN,NaN,NaN,NaN,NaN,NaN,NaN,NaN,NaN,NaN,NaN
NaN,NaN,NaN,0.742857143,0,-25.9234981536865,NaN,NaN,NaN,NaN,NaN,NaN,NaN,NaN,NaN,NaN,NaN
NaN,NaN,NaN,0.371428571,0,-10.1437673568726,NaN,NaN,NaN,NaN,NaN,NaN,NaN,NaN,NaN,NaN,NaN
NaN,NaN,NaN,0.233333333,0,-4.68989086151123,NaN,NaN,NaN,NaN,NaN,NaN,NaN,NaN,NaN,NaN,NaN
NaN,NaN,NaN,0.021428571,0.5088888889,NaN,NaN,NaN,NaN,NaN,NaN,NaN,NaN,NaN,NaN,NaN,NaN
NaN,NaN,NaN,0.135714286,0.5972222222,7.43537330627441,NaN,NaN,NaN,NaN,NaN,NaN,NaN,NaN,NaN,NaN,NaN
NaN,NaN,NaN,0.185714286,0,49.4245567321777,NaN,NaN,NaN,NaN,NaN,NaN,NaN,NaN,NaN,NaN,NaN
NaN,NaN,NaN,0.258333333,0,42.5150489807129,NaN,NaN,NaN,NaN,NaN,NaN,NaN,NaN,NaN,NaN,NaN
NaN,NaN,NaN,0.62,0,26.4013938903809,NaN,NaN,NaN,NaN,NaN,NaN,NaN,NaN,NaN,NaN,NaN
NaN,NaN,NaN,1.35,0,NaN,NaN,NaN,NaN,NaN,NaN,NaN,NaN,NaN,NaN,NaN,NaN
NaN,NaN,NaN,1.442857143,0,-16.7231521606445,NaN,NaN,NaN,NaN,NaN,NaN,NaN,NaN,NaN,NaN,NaN
NaN,NaN,NaN,1.342857143,0,-19.5243282318115,NaN,NaN,NaN,NaN,NaN,NaN,NaN,NaN,NaN,NaN,NaN
NaN,NaN,NaN,0.95,0,4.29647970199585,NaN,NaN,NaN,NaN,NaN,NaN,NaN,NaN,NaN,NaN,NaN
NaN,NaN,NaN,0.428571429,0,24.2554054260254,NaN,NaN,NaN,NaN,NaN,NaN,NaN,NaN,NaN,NaN,NaN
NaN,NaN,NaN,0.283333333,0,20.7951774597168,NaN,NaN,NaN,NaN,NaN,NaN,NaN,NaN,NaN,NaN,NaN
NaN,NaN,NaN,0.257142857,0,33.6775283813477,NaN,NaN,NaN,NaN,NaN,NaN,NaN,NaN,NaN,NaN,NaN
4.37082220427125,0.00129508380775013,1.82722697691049,0.114285714,0,24.2591514587402,NaN,0.597147319756266,6.51301835750611,-1.05558577793335,3.54238747659574,4.59797059341266,0.0016158867907429,1.82119037485746,4.62401155144373,0.00148205607900346,1.57649995719444
4.12784636773432,0.000847707744130163,2.5562155777111,0.214285714,0,47.1323776245117,NaN,0.78570092582069,6.59862232733793,-0.869651365553379,2.89855376193103,3.76820059332414,0.00125368329602483,2.42083054952198,4.28718935490603,0.00102943994563981,2.24376101942428
2.8426069268049,NaN,3.12641292284625,0.208333333,0,18.7075214385986,NaN,0.349766590061497,2.48112723692903,0.0660774166330065,3.54937820748387,3.48330150539768,-6.34369593135483e-05,2.55185168188608,3.80581813999186,0.000618282307208067,2.35501870864946
3.32500110351052,0.000772526957720018,4.99726774658572,0.341666667,0,21.681324005127,NaN,1.1597573599344,4.8007075968,-0.076708880064,4.4032372632,4.479946433856,0.000337821672672,3.82042044593004,3.7862344091657,0.0007618089632483,3.44914048224747
-2.55722740560745,NaN,4.43341579847102,0.771428571,0,NaN,NaN,3.29844308063226,2.5752236904,8.3320616945729,8.77461887845161,0.442557056926452,5.9282561287742e-05,3.22641413312323,0.94369796387621,0.000589837209278916,2.9723619170741
-6.67142327690472,NaN,6.67201844359403,1.357142857,0,-15.3560438156128,NaN,7.5844630044,7.04660727024,11.28448426392,10.1334874968,-1.151000445816,0.0001511282736,4.87993128464855,-0.97003105137757,0.000819766143874669,4.4780770722257
-8.57551535301647,NaN,7.61669250055421,1.828571429,0,-53.6157417297363,NaN,9.69591124172903,8.66382052180645,8.73712875428129,7.69017154993548,-1.04695372528258,0.000595671664134194,5.29196226724965,-1.61494734627317,0.00077481554160276,5.18282620651974
-7.90762374002358,0.00101486846496539,6.32656697225802,1.89,0,-67.1272888183594,NaN,8.40651974152258,7.81780051927742,7.06490823523355,5.73768614322581,-1.32721300962581,0.00103440380852903,4.12248723756729,-1.34662096069598,0.00105894925319476,4.04152535376573
-2.83992818915898,0.00154376215220821,4.07684041929589,1,0,-67.5917205810547,NaN,4.226817955824,4.93742768832,3.7268251787664,4.692922452,0.96609586392,0.00169155605736,2.86200667769091,1.03294853133981,0.00142379439167054,2.65554433590606
0.584347656705464,0.000939869885816905,2.79323116542667,0.641666667,0,NaN,NaN,1.30436393297806,3.33358834830968,2.55639868254813,6.45056539432258,3.89416254445161,0.00112494859567983,2.63300233585931,3.84058067424275,0.00140288425504692,2.49712098801833
NaN,NaN,NaN,0.32,0,-43.4706840515137,NaN,0.516245127192,2.69524274544,0.583475503752,5.8266757512,5.24319647832,-9999,1.86280011134342,5.16379619822744,0.00182288415249815,1.1630755548562
5.54344200035977,NaN,1.7845942485448,0.2125,0,8.36437320709229,NaN,0.275066527772903,5.31303162247742,0.677409457912258,6.54752546709677,5.870113632,-9999,1.74275319120891,5.45915662988208,0.00224319113319541,1.64410723397633
3.35939562644861,0.00388381160951723,1.31264789937538,0.2,0.02222222222,23.2958679199219,NaN,0.408312848891892,8.42062307899355,-0.340156672601806,3.17428484980645,3.51444394010323,0.00311320610944258,1.23641398846293,4.61842078402748,0.00242164533657324,1.42267131125779
4.0424964863416,0.000136912603338574,1.24691375961104,0.2,0.01666666667,15.4529228210449,NaN,0.759750830858571,5.900244093,-1.35406299463714,3.20313713142857,4.55799912489076,0.000214899910997143,1.32139882418693,4.56913025725276,0.000753132942982418,1.26791097303635
NaN,NaN,NaN,0.233333333,0,NaN,NaN,2.30324547927484,8.37349213052903,-9999,1.52783196387097,-9999,-9999,-9999,3.99371688761596,0.000590804268313681,1.25647718252883
NaN,NaN,NaN,0.366666667,0,10.2392435073853,NaN,1.174574028528,5.66955074664,-9999,2.6693189712,-9999,-9999,-9999,2.89507644027832,0.000700941557332283,1.83968955077612
0.963633968462017,0.00150501330614817,4.14508349855587,0.635714286,0,6.32899808883667,NaN,2.32226986208282,4.03622670077419,2.81329256442194,4.65374997522581,1.84638723711329,0.0011865838827665,3.36964244261394,2.09712695668041,0.00116914406763592,3.26176318370276
-3.47280112570376,0.00156287294989029,5.35565253181335,1.442857143,0,28.6079864501953,NaN,5.0182091796384,4.54335435576,5.240413740456,5.9850405864,0.744631780968,0.00171397595376,4.13798129866804,0.134303267243763,0.0015775141413547,4.00661207292973
-4.67127054152884,0.00205218126911714,4.82975632116895,1.93,0,15.8013172149658,NaN,5.8736199384,4.89099046064516,6.49474529797161,5.81072094116129,-0.684018782205677,0.00234012544420645,3.76466220898528,-0.442870084543934,0.00182520808368412,3.82338925228146
-4.26045663544309,0.000626379538150162,3.88318101145666,1.383333333,0,NaN,NaN,5.19712430632258,4.89947134250323,6.30024142008774,6.29213897496774,-0.00809406348387113,0.000562754727290323,2.48159743094931,0.151102332202717,0.00105544222914811,2.56122286738005
-1.54130003203776,0.0006578378860508,3.1518134492331,1.083333333,0,NaN,NaN,2.655920155608,2.641143168,3.57163995564,4.2369385248,0.665300280132,-0.0001716942132,1.75957913388278,0.788204317550225,0.000909816644441014,2.08574668435358
0.307118986028195,0.00102792811537994,1.95880134773582,0.575,0,-38.6696281433105,NaN,0.982464396410323,1.76358007184516,1.32493310921381,3.08595683380645,1.76101821822101,0.000710161485535742,1.4327122435757,1.29596501392722,0.000974634932530599,1.34232545469851
0.316508983474988,0.000271300508943857,1.21503717521953,0.292857143,0,-22.2798709869385,NaN,0.22880270808,1.3069151244,0.5112203821704,0.7678510416,0.256630554288,0.0001264666439088,0.908771739807171,0.858523058681326,0.000637770475233986,0.903012928085807
0.273736671063046,NaN,0.74315292579276,0.2,0.1644444444,6.61926746368408,NaN,0.477650431300645,1.63325617153548,0.964951685256774,0.820462559225806,-0.144480463316129,-0.000498252484579355,0.662003528195761,0.937930915252558,0.000779663839788341,0.544811037003627
NaN,NaN,NaN,0,0.5222222222,26.7328052520752,NaN,NaN,NaN,NaN,NaN,NaN,NaN,NaN,NaN,NaN,NaN
NaN,NaN,NaN,0.085714286,0.64,NaN,NaN,NaN,NaN,NaN,NaN,NaN,NaN,NaN,NaN,NaN,NaN
NaN,NaN,NaN,0.221428571,0,41.2338104248047,NaN,NaN,NaN,NaN,NaN,NaN,NaN,NaN,NaN,NaN,NaN
NaN,NaN,NaN,0.228571429,0,33.2440605163574,NaN,NaN,NaN,NaN,NaN,NaN,NaN,NaN,NaN,NaN,NaN
NaN,NaN,NaN,0.491666667,0,35.220287322998,NaN,NaN,NaN,NaN,NaN,NaN,NaN,NaN,NaN,NaN,NaN
NaN,NaN,NaN,1.078571429,0,19.9679508209229,NaN,NaN,NaN,NaN,NaN,NaN,NaN,NaN,NaN,NaN,NaN
NaN,NaN,NaN,1.575,0,NaN,NaN,NaN,NaN,NaN,NaN,NaN,NaN,NaN,NaN,NaN,NaN
NaN,NaN,NaN,1.542857143,0,-12.3883447647095,NaN,NaN,NaN,NaN,NaN,NaN,NaN,NaN,NaN,NaN,NaN
NaN,NaN,NaN,1.2,0,-47.2495574951172,NaN,NaN,NaN,NaN,NaN,NaN,NaN,NaN,NaN,NaN,NaN
NaN,NaN,NaN,0.4,0,-58.3503570556641,NaN,NaN,NaN,NaN,NaN,NaN,NaN,NaN,NaN,NaN,NaN
NaN,NaN,NaN,0.333333333,0,-30.2260875701904,NaN,NaN,NaN,NaN,NaN,NaN,NaN,NaN,NaN,NaN,NaN
NaN,NaN,NaN,0.228571429,0,NaN,NaN,NaN,NaN,NaN,NaN,NaN,NaN,NaN,NaN,NaN,NaN
NaN,NaN,NaN,0.078571429,0.1372222222,6.841139793396,NaN,NaN,NaN,NaN,NaN,NaN,NaN,NaN,NaN,NaN,NaN
NaN,NaN,NaN,0,0.5933333333,27.0347309112549,NaN,NaN,NaN,NaN,NaN,NaN,NaN,NaN,NaN,NaN,NaN
NaN,NaN,NaN,0.185714286,0.13,53.1172637939453,NaN,NaN,NaN,NaN,NaN,NaN,NaN,NaN,NaN,NaN,NaN
NaN,NaN,NaN,0.26,0,18.6674098968506,NaN,NaN,NaN,NaN,NaN,NaN,NaN,NaN,NaN,NaN,NaN
NaN,NaN,NaN,0.728571429,0,17.1225967407227,NaN,NaN,NaN,NaN,NaN,NaN,NaN,NaN,NaN,NaN,NaN
NaN,NaN,NaN,1.857142857,0,NaN,NaN,NaN,NaN,NaN,NaN,NaN,NaN,NaN,NaN,NaN,NaN
NaN,NaN,NaN,2.021428571,0,12.7086744308472,NaN,NaN,NaN,NaN,NaN,NaN,NaN,NaN,NaN,NaN,NaN
NaN,NaN,NaN,2.041666667,0,-28.4971027374268,NaN,NaN,NaN,NaN,NaN,NaN,NaN,NaN,NaN,NaN,NaN
NaN,NaN,NaN,1.228571429,0,-41.2275733947754,NaN,NaN,NaN,NaN,NaN,NaN,NaN,NaN,NaN,NaN,NaN
NaN,NaN,NaN,0.79,0,NaN,NaN,NaN,NaN,NaN,NaN,NaN,NaN,NaN,NaN,NaN,NaN
NaN,NaN,NaN,0.357142857,0,NaN,NaN,NaN,NaN,NaN,NaN,NaN,NaN,NaN,NaN,NaN,NaN
NaN,NaN,NaN,0.221428571,0,-15.3048458099365,NaN,NaN,NaN,NaN,NaN,NaN,NaN,NaN,NaN,NaN,NaN
NaN,NaN,NaN,0.166666667,0,25.1832370758057,NaN,NaN,NaN,NaN,NaN,NaN,NaN,NaN,NaN,NaN,NaN
NaN,NaN,NaN,0.183333333,0,25.0789165496826,NaN,NaN,NaN,NaN,NaN,NaN,NaN,NaN,NaN,NaN,NaN
NaN,NaN,NaN,0.235714286,0,16.595308303833,NaN,NaN,NaN,NaN,NaN,NaN,NaN,NaN,NaN,NaN,NaN
NaN,NaN,NaN,0.285714286,0,NaN,NaN,NaN,NaN,NaN,NaN,NaN,NaN,NaN,NaN,NaN,NaN
NaN,NaN,NaN,0.485714286,0,1.79712045192719,NaN,NaN,NaN,NaN,NaN,NaN,NaN,NaN,NaN,NaN,NaN
NaN,NaN,NaN,1.45,0,-30.9803848266602,NaN,NaN,NaN,NaN,NaN,NaN,NaN,NaN,NaN,NaN,NaN
NaN,NaN,NaN,2.05,0,-43.689380645752,NaN,NaN,NaN,NaN,NaN,NaN,NaN,NaN,NaN,NaN,NaN
NaN,NaN,NaN,2.121428571,0,-49.1976585388184,NaN,NaN,NaN,NaN,NaN,NaN,NaN,NaN,NaN,NaN,NaN
NaN,NaN,NaN,1.278571429,0,NaN,NaN,NaN,NaN,NaN,NaN,NaN,NaN,NaN,NaN,NaN,NaN
NaN,NaN,NaN,0.875,0,NaN,NaN,NaN,NaN,NaN,NaN,NaN,NaN,NaN,NaN,NaN,NaN
NaN,NaN,NaN,0.5,0,-34.3873481750488,NaN,NaN,NaN,NaN,NaN,NaN,NaN,NaN,NaN,NaN,NaN
NaN,NaN,NaN,0.2,0,7.30878925323486,NaN,NaN,NaN,NaN,NaN,NaN,NaN,NaN,NaN,NaN,NaN
