NBE,CH4,ET,LAI,SCF,EWT,ABGB,GPP_DT,ER_DT,GPP_NT,ER_NT,NBE_F,CH4_F,ET_F,NBE_ANN,CH4_ANN,ET_ANN
NaN,NaN,NaN,0.51875,0,144.524703979492,NaN,NaN,NaN,NaN,NaN,NaN,NaN,NaN,NaN,NaN,NaN
NaN,NaN,NaN,0.938888889,0,170.383453369141,NaN,NaN,NaN,NaN,NaN,NaN,NaN,NaN,NaN,NaN,NaN
NaN,NaN,NaN,2.188888889,0,246.362243652344,NaN,NaN,NaN,NaN,NaN,NaN,NaN,NaN,NaN,NaN,NaN
NaN,NaN,NaN,2.588888889,0,269.447235107422,NaN,NaN,NaN,NaN,NaN,NaN,NaN,NaN,NaN,NaN,NaN
NaN,NaN,NaN,2.166666667,0,222.815185546875,NaN,NaN,NaN,NaN,NaN,NaN,NaN,NaN,NaN,NaN,NaN
NaN,NaN,NaN,1.755555556,0,164.887313842773,NaN,NaN,NaN,NaN,NaN,NaN,NaN,NaN,NaN,NaN,NaN
NaN,NaN,NaN,1.488888889,0,92.4406356811523,NaN,NaN,NaN,NaN,NaN,NaN,NaN,NaN,NaN,NaN,NaN
NaN,NaN,NaN,1.588888889,0,-15.1835155487061,NaN,NaN,NaN,NaN,NaN,NaN,NaN,NaN,NaN,NaN,NaN
NaN,NaN,NaN,1.433333333,0,-65.1417465209961,NaN,NaN,NaN,NaN,NaN,NaN,NaN,NaN,NaN,NaN,NaN
NaN,NaN,NaN,1.338888889,0,-89.0640258789062,NaN,NaN,NaN,NaN,NaN,NaN,NaN,NaN,NaN,NaN,NaN
NaN,NaN,NaN,0.705555556,0,-73.5824584960938,NaN,NaN,NaN,NaN,NaN,NaN,NaN,NaN,NaN,NaN,NaN
NaN,NaN,NaN,0.377777778,0,35.8361587524414,NaN,NaN,NaN,NaN,NaN,NaN,NaN,NaN,NaN,NaN,NaN
NaN,NaN,NaN,0.3,0,283.579559326172,NaN,NaN,NaN,NaN,NaN,NaN,NaN,NaN,NaN,NaN,NaN
NaN,NaN,NaN,0.766666667,0,244.44287109375,NaN,NaN,NaN,NaN,NaN,NaN,NaN,NaN,NaN,NaN,NaN
NaN,NaN,NaN,1.077777778,0,308.852691650391,NaN,NaN,NaN,NaN,NaN,NaN,NaN,NaN,NaN,NaN,NaN
NaN,NaN,NaN,2.338888889,0,405.991058349609,NaN,NaN,NaN,NaN,NaN,NaN,NaN,NaN,NaN,NaN,NaN
NaN,NaN,NaN,2.3,0,264.251220703125,NaN,NaN,NaN,NaN,NaN,NaN,NaN,NaN,NaN,NaN,NaN
NaN,NaN,NaN,1.733333333,0,274.067626953125,NaN,NaN,NaN,NaN,NaN,NaN,NaN,NaN,NaN,NaN,NaN
NaN,NaN,NaN,1.533333333,0,147.37646484375,NaN,NaN,NaN,NaN,NaN,NaN,NaN,NaN,NaN,NaN,NaN
NaN,NaN,NaN,1.45,0,25.2920188903809,NaN,NaN,NaN,NaN,NaN,NaN,NaN,NaN,NaN,NaN,NaN
NaN,NaN,NaN,1.722222222,0,-26.380069732666,NaN,NaN,NaN,NaN,NaN,NaN,NaN,NaN,NaN,NaN,NaN
NaN,NaN,NaN,1.277777778,0,-81.4187240600586,NaN,NaN,NaN,NaN,NaN,NaN,NaN,NaN,NaN,NaN,NaN
NaN,NaN,NaN,0.572222222,0,-82.2482986450195,NaN,NaN,NaN,NaN,NaN,NaN,NaN,NaN,NaN,NaN,NaN
NaN,NaN,NaN,0.344444444,0,46.7282562255859,NaN,NaN,NaN,NaN,NaN,NaN,NaN,NaN,NaN,NaN,NaN
NaN,NaN,NaN,0.355555556,0,53.3009414672852,NaN,NaN,NaN,NaN,NaN,NaN,NaN,NaN,NaN,NaN,NaN
NaN,NaN,NaN,0.555555556,0,70.7236938476562,NaN,NaN,NaN,NaN,NaN,NaN,NaN,NaN,NaN,NaN,NaN
NaN,NaN,NaN,1.372222222,0,160.293975830078,NaN,NaN,NaN,NaN,NaN,NaN,NaN,NaN,NaN,NaN,NaN
NaN,NaN,NaN,1.961111111,0,145.030090332031,NaN,NaN,NaN,NaN,NaN,NaN,NaN,NaN,NaN,NaN,NaN
NaN,NaN,NaN,1.744444444,0,20.8320426940918,NaN,NaN,NaN,NaN,NaN,NaN,NaN,NaN,NaN,NaN,NaN
NaN,NaN,NaN,1.538888889,0,-40.977855682373,NaN,NaN,NaN,NaN,NaN,NaN,NaN,NaN,NaN,NaN,NaN
NaN,NaN,NaN,1.616666667,0,-88.6305618286133,NaN,NaN,NaN,NaN,NaN,NaN,NaN,NaN,NaN,NaN,NaN
NaN,NaN,NaN,1.872222222,0,-132.107177734375,NaN,NaN,NaN,NaN,NaN,NaN,NaN,NaN,NaN,NaN,NaN
NaN,NaN,NaN,1.866666667,0,-188.076843261719,NaN,NaN,NaN,NaN,NaN,NaN,NaN,NaN,NaN,NaN,NaN
NaN,NaN,NaN,1.655555556,0,-170.207489013672,NaN,NaN,NaN,NaN,NaN,NaN,NaN,NaN,NaN,NaN,NaN
NaN,NaN,NaN,0.78125,0,-132.551788330078,NaN,NaN,NaN,NaN,NaN,NaN,NaN,NaN,NaN,NaN,NaN
NaN,NaN,NaN,0.411111111,0,-98.9179611206055,NaN,NaN,NaN,NaN,NaN,NaN,NaN,NaN,NaN,NaN,NaN
NaN,NaN,NaN,0.244444444,0,-30.7900791168213,NaN,NaN,NaN,NaN,NaN,NaN,NaN,NaN,NaN,NaN,NaN
NaN,NaN,NaN,0.488888889,0,109.240715026855,NaN,NaN,NaN,NaN,NaN,NaN,NaN,NaN,NaN,NaN,NaN
NaN,NaN,NaN,1.311111111,0,151.753753662109,NaN,NaN,NaN,NaN,NaN,NaN,NaN,NaN,NaN,NaN,NaN
NaN,NaN,NaN,1.844444444,0,40.5643157958984,NaN,NaN,NaN,NaN,NaN,NaN,NaN,NaN,NaN,NaN,NaN
NaN,NaN,NaN,1.905555556,0,-44.3486480712891,NaN,NaN,NaN,NaN,NaN,NaN,NaN,NaN,NaN,NaN,NaN
NaN,NaN,NaN,1.877777778,0,-64.771842956543,NaN,NaN,NaN,NaN,NaN,NaN,NaN,NaN,NaN,NaN,NaN
NaN,NaN,NaN,1.705555556,0,-147.722595214844,NaN,NaN,NaN,NaN,NaN,NaN,NaN,NaN,NaN,NaN,NaN
NaN,NaN,NaN,1.833333333,0,-160.811981201172,NaN,NaN,NaN,NaN,NaN,NaN,NaN,NaN,NaN,NaN,NaN
NaN,NaN,NaN,1.622222222,0,-203.728363037109,NaN,NaN,NaN,NaN,NaN,NaN,NaN,NaN,NaN,NaN,NaN
NaN,NaN,NaN,1.3,0,-214.5029296875,NaN,NaN,NaN,NaN,NaN,NaN,NaN,NaN,NaN,NaN,NaN
NaN,NaN,NaN,0.666666667,0,-213.876174926758,NaN,NaN,NaN,NaN,NaN,NaN,NaN,NaN,NaN,NaN,NaN
NaN,NaN,NaN,0.394444444,0,-212.849411010742,NaN,NaN,NaN,NaN,NaN,NaN,NaN,NaN,NaN,NaN,NaN
NaN,NaN,NaN,0.35,0,-124.518516540527,NaN,NaN,NaN,NaN,NaN,NaN,NaN,NaN,NaN,NaN,NaN
NaN,NaN,NaN,0.372222222,0,-59.1246871948242,NaN,NaN,NaN,NaN,NaN,NaN,NaN,NaN,NaN,NaN,NaN
NaN,NaN,NaN,1.422222222,0,29.9695224761963,NaN,NaN,NaN,NaN,NaN,NaN,NaN,NaN,NaN,NaN,NaN
NaN,NaN,NaN,1.794444444,0,-13.4775810241699,NaN,NaN,NaN,NaN,NaN,NaN,NaN,NaN,NaN,NaN,NaN
NaN,NaN,NaN,1.755555556,0,-37.2346076965332,NaN,NaN,NaN,NaN,NaN,NaN,NaN,NaN,NaN,NaN,NaN
NaN,NaN,NaN,1.811111111,0,-100.291526794434,NaN,NaN,NaN,NaN,NaN,NaN,NaN,NaN,NaN,NaN,NaN
NaN,NaN,NaN,1.544444444,0,-123.594528198242,NaN,NaN,NaN,NaN,NaN,NaN,NaN,NaN,NaN,NaN,NaN
NaN,NaN,NaN,1.422222222,0,-192.479370117188,NaN,NaN,NaN,NaN,NaN,NaN,NaN,NaN,NaN,NaN,NaN
NaN,NaN,NaN,1.416666667,0,-226.063858032227,NaN,NaN,NaN,NaN,NaN,NaN,NaN,NaN,NaN,NaN,NaN
NaN,NaN,NaN,1.072222222,0,-243.810195922852,NaN,NaN,NaN,NaN,NaN,NaN,NaN,NaN,NaN,NaN,NaN
NaN,NaN,NaN,0.772222222,0,-262.068206787109,NaN,NaN,NaN,NaN,NaN,NaN,NaN,NaN,NaN,NaN,NaN
NaN,NaN,NaN,0.411111111,0,-181.495483398438,NaN,NaN,NaN,NaN,NaN,NaN,NaN,NaN,NaN,NaN,NaN
NaN,NaN,NaN,0.427777778,0,-79.198112487793,NaN,0.664214851603025,2.80082141715855,-9999,3.26096054835196,-9999,-9999,-9999,2.1186437774225,0.0283407096343164,1.29237217759563
NaN,NaN,NaN,0.711111111,0,51.9855346679688,NaN,0.940590899845714,2.86082611714286,-9999,3.4044275484,-9999,-9999,-9999,2.07230418496426,0.0378063623513291,2.08850199460164
NaN,NaN,NaN,1.511111111,0,55.4007301330566,NaN,1.43159441172387,2.89766452645161,-9999,3.51338936957419,-9999,-9999,-9999,2.13139527822573,0.0581362744830673,3.1557585089834
NaN,NaN,NaN,1.988888889,0,91.7578506469727,NaN,1.6078227287616,2.950053984,-9999,3.6424155276,-9999,-9999,-9999,2.02620945676328,0.0679066668348944,2.90497759284494
NaN,NaN,NaN,1.977777778,0,91.4890747070312,NaN,1.93251025486452,3.14120055483871,-9999,4.14043502492903,-9999,-9999,-9999,1.37515822919481,0.0504396761350985,3.06099162199494
NaN,NaN,NaN,1.733333333,0,21.3575954437256,NaN,2.10344504184,3.494891088,-9999,5.1564143016,-9999,-9999,-9999,0.867078181252061,0.0303584388044484,4.04939655900672
NaN,NaN,NaN,1.483333333,0,-60.6796607971191,NaN,2.07596143344774,3.53731919225806,-9999,5.2906890987871,-9999,-9999,-9999,0.473683388461809,0.0174050281009523,4.17052265790176
NaN,NaN,NaN,1.227777778,0,-165.880920410156,NaN,1.94856514049032,3.45940896774194,-9999,5.05616454232258,-9999,-9999,-9999,0.0442511067997437,-0.00523445589021701,3.86432049391883
NaN,NaN,NaN,1.072222222,0,-213.261901855469,NaN,1.5897873130488,3.498347592,-9999,5.17485781944,-9999,-9999,-9999,1.14632108866516,-0.0257928121338417,3.48045489993688
2.15228743163359,0.00858918174082779,1.98713942404805,0.866666667,0,-227.984008789062,NaN,1.12478664030503,3.21212352774194,1.9793348256,4.93760061708387,3.0073277964,0.00509737533912,1.64336807619535,2.6917191785951,0.0055444800118571,2.05193102212865
1.9382932574115,0.0106312484756082,1.86322880449412,0.422222222,0,-103.311416625977,NaN,0.23049328688136,1.4699501712,0.601538141304,3.17486092104,2.57332489272,0.00887557202856,1.49205833784091,2.40286299777136,0.0112664824540908,1.34437238567937
0.7784943387216,0.0117453331747453,0.822060667365532,0.238888889,0,2.00886821746826,NaN,0.321188656494194,1.42373637987097,0.0688144734738581,1.29389818482581,1.22508499470968,0.0101495217469936,1.04472437576325,1.7420017452179,0.017459515604554,0.617944473421784
0.238310171945883,0.0194627924002302,0.728922022087843,0.494444444,0,NaN,NaN,0.328400551138065,0.849308530064516,0.654994111633548,1.50707797316129,0.852082020929032,0.0310222500389419,1.20606057533236,1.42670873860374,0.0204837018855934,0.710948896763751
1.4666885383057,0.034949858004136,2.84719438699587,0.755555556,0,70.7842025756836,NaN,0.468471401511429,2.12445615085714,0.704588475882857,2.50366489302857,1.79907637371429,0.0396249165617143,2.91978264772422,1.78095898095457,0.0330429636496301,2.48049584352333
1.1466836491851,0.0536175758960209,3.18471289213968,0.975,0,232.273132324219,NaN,0.633576604180645,3.10407921290323,0.736872215590452,2.11049141690323,1.37361778267355,0.0551794137143226,3.40733297443639,1.70939380641036,0.050183999898751,3.21227593788204
NaN,NaN,NaN,1.811111111,0,227.480484008789,NaN,0.7395113881224,2.829120912,0.59242214736,2.32112466864,1.72870242336,0.07847313048,7.06815591699581,1.68953781734706,0.0633338608888485,6.39271321726524
0.507023454070769,0.0928779090118019,6.80860832657111,1.55,0,186.236572265625,NaN,0.341380083892645,0.945369950167742,0.962550709385806,1.68017497734194,0.717623542683871,0.0888289084335484,6.53979971048284,0.744274126781509,0.0866418288235019,6.55945252821573
-0.797490198738713,0.120107139898298,6.24206304963069,1.377777778,0,NaN,NaN,0.4467105643032,0.4159841472,1.6909922953224,0.92644810272,-0.76454380332,0.119364711768,6.22717918766462,-0.758878809760014,0.117729737859821,6.26091888291982
0.121956246205762,0.150593892892631,6.27627568197364,1.361111111,0,67.2799758911133,NaN,0.978018411894968,0.781996959963871,1.29710009031329,1.49366049143226,0.196560296825806,0.15027627800671,6.16479475673361,0.123550771553299,0.147471209978698,6.17594256712291
-2.4091694754648,0.123848692382895,5.20694511815706,1.422222222,0,-60.374683380127,NaN,2.05649262685161,0.626504864516129,2.53950143739097,0.120336852541935,-2.41916401300645,0.124773422794839,5.20143895320412,-2.37992594464639,0.12382011308374,5.21003505341868
-2.63759244867885,0.240036584106659,5.61727567769123,1.3,0,-106.709976196289,NaN,4.130435395872,1.7684792712,4.732742814192,2.49768709848,-2.2350553812,0.249793745184,5.48380757493802,-2.20110372351798,0.235351210314354,5.34049570682609
-1.86160578923862,0.18623536843851,4.00019070225408,1.416666667,0,-109.216506958008,NaN,3.78656243563355,2.76816571896774,4.8326934443551,5.15548336436129,0.322796330941935,0.205883959596387,3.47719924496326,-0.0477740612146123,0.177104418437961,3.3008055535859
-1.85871936938672,0.0421813454640727,2.00182112921392,0.6125,0,-124.929214477539,NaN,1.446718420224,0.69244765488,1.7723968548984,1.61113895208,-0.161256490416,0.04437421376328,1.74069655909269,0.0125315785057582,0.0366225877700873,1.33907656554366
-0.678064952207587,0.0180230093720196,1.61037513940604,0.5,0,-149.096176147461,NaN,0.530213261825032,0.303809174245161,0.962831204916387,1.49984362103226,0.537011309032258,0.0281658394744258,1.65764016579244,0.47186566425419,0.0171748135678039,1.156552779307
0.507935043876104,0.014864131003567,0.751141712499696,0.311111111,0,-162.887268066406,NaN,0.166784804268387,0.466150666064516,0.777802666180645,1.57443013858065,0.79662773996129,0.0159016462311484,0.813931279344152,1.00311157638346,0.0141054376233761,0.790611074780712
0.475910755157986,0.0183630571323813,2.193770787852,0.405555556,0,-104.543273925781,NaN,0.213548766440276,0.612985521103448,0.603706623849931,1.38873178526897,0.78502511582069,0.0229717002612414,1.97523847644311,0.987240494468218,0.0187836109294599,1.70649116821543
-0.112607645110565,0.0297317783757905,2.89969683863941,0.761111111,0,-22.2376403808594,NaN,0.71092598471071,0.933762763045161,1.33367340505471,1.89903839527742,0.565364138632258,0.0296590282894452,2.6713975635223,0.670118263137912,0.0320564833956084,2.41985687262584
-2.20361359913416,0.0630780219583771,4.76561225665959,1.7,0,84.5485382080078,NaN,2.91409737822,1.9461165984,2.994809123376,2.280290724,-0.714517428096,0.0646748867088,4.41639349760786,-0.644229238455005,0.0676948942175888,4.28601769514481
-3.80365750406926,0.168750784735341,9.24360407007434,2.044444444,0,NaN,NaN,9.79875199212387,7.33022296258064,8.81471442548903,5.76378781176774,-3.05092164216774,0.168514119917419,8.93749457477585,-3.10892395171007,0.169268181655786,8.85633504729331
-4.00342056466656,0.29111844435352,12.0410750506978,1.833333333,0,-44.1242370605469,NaN,12.444685915032,9.806517432,10.411408242,6.8888207268,-3.52259204616,0.2912892017904,11.9088334772078,-3.55945359998674,0.290370762542303,11.9222373341168
-4.51673122384644,0.419600944864019,12.5202615702937,1.705555556,0,-94.6252365112305,NaN,14.5138276474142,11.5083661470968,12.1406123348129,7.68193606846452,-4.45868550348387,0.414203240206452,12.4969475437626,-4.43738592960756,0.413298174801046,12.4920566053921
-2.90417909479795,0.362353891654534,10.3987222157647,1.844444444,0,-181.766845703125,NaN,13.5657915070297,11.3582225264516,12.8961936644516,10.3170884167742,-2.579092164,0.378713058503226,10.2913419628605,-2.56652444978396,0.376215747686781,10.3116252259862
-3.29387070746776,0.339345944933031,7.55122516959144,1.533333333,0,-200.122756958008,NaN,11.275957146456,7.993398672,11.8590239497464,9.4778871984,-2.3811302448,0.33840048168,7.27853942124913,-2.40472512992506,0.336920338622145,7.27962149374063
-4.22066759150407,0.240505729565622,5.41664776290515,1.388888889,0,NaN,NaN,6.35541949600258,4.93015570606452,7.29232713845884,7.19104987672258,-0.101263375974193,0.229122497761548,4.28395273153215,-0.151430434248227,0.216456838325944,4.30949639433944
-2.20462227404273,0.138179151101137,3.59335556570527,0.9,0,-230.714721679688,NaN,1.940934965832,1.54071871344,2.821501434672,4.0459700556,1.22446084788,0.1202328261684,2.27967626565049,0.949002519060444,0.113928693910106,2.01662785513852
1.07030773499645,0.0605485360972332,1.93979186496087,0.961111111,0,-57.5812530517578,NaN,0.499887519572903,1.62235298554839,-0.0076509195763355,1.68272846663226,1.69037896157419,0.0551280630929807,1.63166145386877,1.57372651622096,0.0492937764167584,1.04151034309789
1.53340699348123,0.0294080032764531,1.30229557157721,0.7,0,89.1133117675781,NaN,0.150863902780645,1.50801907819355,0.153984389667097,1.85397791202581,1.69999470067355,0.0287969832239226,1.08445051967817,1.67817957631132,0.0281055089639822,0.847209405736998
1.40243774444173,0.0470604531255044,2.02865671328016,0.855555556,0,44.4472427368164,NaN,0.157786305344052,1.06647146177143,0.610182667542857,2.14425651831429,1.53407429496,0.045567236772,1.42815833784091,1.76540896901788,0.0507615172557109,1.44242447692078
1.39469392116313,0.143902344116869,2.90609933684672,1.027777778,0,NaN,NaN,0.971927498561806,2.60869978916129,1.47234860986065,3.84145110325161,2.36910356886194,0.146299214629161,2.61913334285296,2.19150098914942,0.124006707913456,2.49343268951094
0.588079378681844,0.149641629695964,4.97077219796566,1.688888889,0,-36.7517318725586,NaN,3.813078164256,5.098242672,3.8451451817664,5.16622803408,1.32108536232,0.150404171976,4.5758062308336,1.24037521603775,0.147967043345399,4.53374872769079
-1.56991990978531,0.1494681882235,5.78052006648822,1.638888889,0,-132.072692871094,NaN,6.44956755640258,5.43713193290323,6.63734116416821,5.71304276175484,-0.924293486787097,0.149017223496774,5.47797489653819,-0.886935525001251,0.149900485905151,5.4709289027755
-1.6364205937411,0.242816827479549,6.52949052066791,1.661111111,0,-149.823959350586,NaN,7.494388641432,6.361348464,7.494220741032,6.44749112592,-1.046737908,0.24092110584,6.34842499310065,-1.00060394441595,0.241642685720472,6.34986396369228
-1.82720253089227,0.331049032714184,6.83302905756166,1.716666667,0,-191.813232421875,NaN,8.28508530191226,6.32829288774194,8.7291693733471,7.06027337698065,-1.66889414043871,0.314860155793548,6.74245554590853,-1.6657205188185,0.318337268165307,6.74565578900453
-1.96634322821107,0.303955475898329,6.53662323292507,1.822222222,0,NaN,NaN,8.09921421401806,6.10895115870968,8.61329533108645,7.06325347323871,-1.5500404700129,0.2968495992,6.32201321271566,-1.56827812633072,0.297434154669603,6.32882110252582
-3.40059441796283,0.301368917573988,6.1529108839708,1.677777778,0,NaN,NaN,6.668290735488,4.660673688,7.216468193592,5.80229497728,-1.41417369792,0.291496146336,5.1801447275473,-1.43997689400557,0.286030952076528,5.20907294854295
-4.02201710036728,0.211546145990061,5.34885965607576,1.311111111,0,-327.03662109375,NaN,4.09327432734193,2.04338227587097,5.62602872051535,5.3220827952,-0.303943721341935,0.201682529194065,3.78367870471772,-0.577185122767607,0.180950535774271,3.8623269512026
-2.12183286533421,0.112054456628487,3.30173403332483,0.85,0,-339.323181152344,NaN,2.093077303992,1.35168358608,3.02100222384,3.5198449992,0.49884406992,0.106010653608,2.40699128327972,0.469396601103404,0.0952479492826238,2.1627089076509
0.977975533560365,0.0445505697613859,1.70507402507815,0.541666667,0,-285.117858886719,NaN,0.314181712924213,0.937283842263484,0.101907526575484,1.19769041496774,1.09578356551742,0.0434368314915097,1.62387937323746,1.39586841731138,0.0386226851689597,1.14084629354641
1.79106935357848,0.0394225991696293,1.32924352635343,0.41875,0,-306.942047119141,NaN,0.155472376848155,1.30852070477419,-0.285675789388877,1.52114910433548,1.80682501893677,0.0432131700816,0.714358797091781,1.8485643777724,0.0362377727463406,0.89452561635496
2.43080003695956,0.0646599217488883,1.78829063933966,0.333333333,0,NaN,NaN,0.02716194938904,1.66708387285714,0.410400094631143,3.14022713374286,2.72982572974286,0.0779222431542857,1.23200522974768,2.33839267140095,0.0692473158236617,1.22998307328349
1.64893050386916,0.0993850776555982,2.66808644015821,1,0,-151.04035949707,NaN,0.445586290584643,1.51800321135484,1.07353769102013,3.10140100033548,2.02786354265806,0.106088517211355,2.41435724031849,1.85612387122256,0.100410135607643,2.38704455420583
-1.52176640437187,0.130415747092725,3.88266367403767,1.622222222,0,-213.331390380859,NaN,3.06403268148,0.8447499036,4.3735313945808,3.38563298808,-0.987900734304,0.135563984064,3.6630917761916,-1.08187591154753,0.132177062273578,3.70300017185656
-4.13256366856874,0.190723552583178,6.29880451116941,1.527777778,0,-230.280319213867,NaN,7.56950429285419,3.5806705316129,7.91784136440465,4.13643610823226,-3.78140142263226,0.190902843673548,6.15505445578578,-3.81312303536574,0.189199459150142,6.18474743946893
-5.49896475618327,0.272865962577663,7.14624684442649,1.527777778,0,-247.433944702148,NaN,8.473500216576,2.6947529496,8.74132168081536,3.3946938252,-5.34662643096,0.276334628328,7.06477542108133,-5.34511546519518,0.275836424400803,7.07019276827571
-3.70714087903459,0.336174785422367,6.26924016953655,1.461111111,0,NaN,NaN,7.37179525681548,3.74330403870968,7.15608722917161,3.45538728534194,-3.7007022555871,0.335552555454968,6.19655131270747,-3.67770975212422,0.335059684849187,6.20039370237062
-2.51583347162027,0.296789334307063,5.18744110928835,1.366666667,0,-385.696228027344,NaN,5.53382106628645,3.5385771483871,5.13031522043613,2.82242925499355,-2.30788849494194,0.297025281058065,5.13992040977209,-2.31080418788893,0.295425163337207,5.1450873288845
-1.52741159527654,0.22167904667801,4.14915250653669,1.266666667,0,-455.877563476562,NaN,3.309113849112,1.8100652112,3.377904190344,1.90004323536,-1.47786213384,0.22194032526,4.1556570299443,-1.41181544101742,0.220362728592589,4.12841252067639
-0.236023253886322,0.166891496961477,3.10589264954073,0.911111111,0,-422.230987548828,NaN,1.50715765312258,1.76160883354839,1.76640843279252,2.25575064348387,0.489342439741935,0.175787603233548,2.56395342510963,0.588648211214383,0.16227845606492,2.61729940573533
0.252305509281073,0.0710787612240086,1.68375831801313,0.666666667,0,-422.778472900391,NaN,0.8744147973576,1.46017415088,0.6277806840528,1.57218718248,0.944410233096,0.0836586607176,1.25750230444142,1.07427084364356,0.0682623834697645,1.19599233166711
1.73580033395584,0.0529034381478749,1.38857515072656,0.433333333,0,NaN,NaN,0.490070556122864,2.146569552,1.47329871028746,3.63284570647742,2.15954874074323,0.0587010381124645,1.25402539184802,1.63662507396588,0.0467989906010164,0.810776224823852
0.62798229741229,0.0521946503111764,0.727072444315291,0.428571429,0,-242.040252685547,1199.830998,0.286212751409497,0.74546974916129,0.495993984113032,1.9615843008,1.46558804516129,0.0445926176646968,0.808223584468845,1.29884255015671,0.0339040985056818,0.718927897815503
0.753141327734729,0.0711583187323756,1.52222619164165,0.822222222,0,-189.111099243164,1199.830998,0.513831800077714,1.25453333442857,0.541222057300114,1.53956349925714,0.998340192282857,0.0801326821242857,1.12581052638833,1.29313363022379,0.0657573888382182,1.11885628429017
0.788807381726532,0.145594976212523,2.46814555649617,1.255555556,0,-219.440139770508,1199.830998,0.709094645827664,1.26640752619355,0.854439325265032,1.8045141363871,0.950073889470968,0.15484182696,2.28340052808986,1.06654864777582,0.144096876111895,2.25337213151672
-0.538439705037565,0.172144720778229,4.15909095920286,1.533333333,0,-194.107727050781,1199.830998,2.419049075976,1.7964105192,2.73877754652,2.42123107032,-0.3175457292,0.176074352856,4.00496179237472,-0.330343588113898,0.17378054704443,3.98211994182727
-2.91487399380978,0.218281161028195,4.56182525326312,1.527777778,0,-207.362335205078,1199.830998,4.64907928208516,2.03308379303226,4.67340822365342,2.13845359656774,-2.53496241778064,0.212415828387097,4.33742174694689,-2.52509220059528,0.210434209827467,4.32670401086936
-4.46859556734137,0.30935036499445,6.46217741347676,1.605555556,0,NaN,1199.830998,6.652844187192,3.151228464,6.3070887335652,2.90930920776,-3.39777813816,0.298902144852,5.69849068024312,-3.46030051111646,0.294490936825598,5.74068121174074
-3.99609706468261,0.334161041525006,6.19091482706028,1.627777778,0,-386.472320556641,1199.830998,7.51073471756129,3.6874162683871,7.09836481567742,3.24194626660645,-3.85641552193548,0.32816016,6.13318430806092,-3.87264528701772,0.330097351110516,6.13167526369754
-5.12738989045703,0.293486651528645,5.81386515551342,1.644444444,0,-426.294128417969,1199.830998,7.46113249748903,3.39532992,6.59140739914297,1.90912400384516,-4.68228212036129,0.284821085264516,5.58459019151608,-4.65149412031001,0.290476366542209,5.58160614275315
-2.77905021250219,0.232342411584715,4.84438201687526,1.344444444,0,-470.754089355469,1199.830998,4.662837281592,2.4265595448,4.8911694487344,2.8320046416,-2.0591626356,0.2340726266952,4.50316203063975,-2.0845516650232,0.226692335143609,4.52838188011691
-0.967863094300288,0.153971583904011,2.92206892035909,1.122222222,0,NaN,1199.830998,2.79879162192,2.07809678554839,2.78191338393368,2.47439412952258,-0.307520196387097,0.156214845104516,2.56507972245335,-0.27447078960281,0.149528658493107,2.59358199889971
-0.565641216626896,0.0519708667990975,1.92320973226346,0.788888889,0,NaN,1199.830998,0.71586824652,0.47940907104,1.18764493556256,1.40598914472,0.218345243112,0.0509066819568,1.83662209347354,0.476557149518554,0.0468527211810267,1.50219446407406
0.331310965639205,0.0261977084076982,1.1359093954089,0.383333333,0,-317.595794677734,1199.830998,0.259696966389677,0.712492290580645,0.4844240801352,1.2290391792,0.744617698141935,0.0272645881659871,1.25738220628465,0.88586079151045,0.0269777445776021,0.888504589042707
0.789100474577781,0.0155135021958415,0.907833281823604,0.35,0,-175.126098632812,NaN,0.399100272642581,1.69711353987097,0.288454932975484,1.25200701940645,0.963552187707097,0.0143474105694194,0.886259725488708,1.04601924228136,0.021087584914675,0.679403344516394
0.916444744470934,0.0350449568810727,1.47845794996863,0.627777778,0,-46.8145217895508,NaN,0.618169091710345,1.63134577986207,0.383959327382069,1.56634064168276,1.1823823709131,0.0374010664717241,1.18705392801635,1.16234982442552,0.0338243578388491,1.12525454177172
0.908601387433163,0.0822288299207326,2.23380749013925,1.55,0,31.0837554931641,NaN,0.927028857832258,1.66060202167742,1.10144689135432,2.06434730206452,0.962900220309677,0.0880165860858581,2.07659275654431,0.896999370932672,0.0859864084458967,1.96036136605142
-1.04759642659504,0.148141405747547,3.82492148212183,1.655555556,0,NaN,NaN,2.946548046096,1.84993018992,3.313392749208,2.62056321936,-0.69283161072,0.150046388352,3.62070653528826,-0.763720664562318,0.146939923642542,3.54616346271164
-1.61992533970808,0.215277348506851,4.09751639147316,1.333333333,0,-83.4537506103516,NaN,4.70431891361032,3.2800383243871,4.28910467773936,2.61223949891613,-1.67686295444129,0.211773935612903,4.13321282095347,-1.66715215114386,0.20986295496564,4.12406935745937
-2.20579323329281,0.213006450955368,5.41522280640414,1.433333333,0,-175.71760559082,NaN,4.025594840688,1.8361552896,3.9129442009272,1.81465089192,-2.09829300048,0.212433731496,5.30092492892452,-2.05443338020716,0.211431414185465,5.31483833973112
-2.15955950099633,0.266521162114572,5.12672737854559,1.577777778,0,-283.000305175781,NaN,3.64486487722839,1.72700483225806,3.54108324744465,1.41371691816774,-2.127365964,0.266812168180645,5.08626034680441,-2.11624834026434,0.265836887944607,5.09872321217424
-1.36273860834306,0.222849463621045,4.08938066893783,1.361111111,0,-332.014038085938,NaN,3.17727158813419,1.53176134529032,3.43990163977548,2.12416036304516,-1.31574322498065,0.2231812224,4.06915179367875,-1.31459340330049,0.223433375806211,4.07026508408031
0.291213009313746,0.170386274994331,3.53786293368284,1.277777778,0,NaN,NaN,2.726488489032,3.166027272,2.811274585272,3.26046975624,0.4491948312,0.1677618810936,3.46130421883645,0.387038337431403,0.166632430707717,3.53113687478215
1.64963230929999,0.0646600553947914,2.43325688499083,1.066666667,0,NaN,NaN,1.17775738480181,2.87861578606452,1.30408168081006,3.36659027620645,2.06251027432258,0.0681588853687742,1.77342601398131,1.70838527513959,0.0689995650097002,1.76805908267115
1.1122419863538,0.0374687834569681,1.4539362306639,1.005555556,0,-264.14697265625,NaN,0.077728169022696,0.77528166264,0.7362769692528,2.4284168892,1.69214186736,0.0366296950728,1.02183134726156,1.4727196358336,0.0364428717351246,0.820304755341129
0.786067037439352,0.0223891170180429,1.12685470418284,0.694444444,0,-81.6236953735352,NaN,0.153825326005935,0.574947349316129,0.234074614933161,1.3167168651871,1.08264467821935,0.0244812418980387,1.0145285229786,1.01557702788974,0.0245679402700132,0.851840898484769
0.640709721574927,0.0158140509050989,1.6006899493119,0.55625,0,21.9442710876465,NaN,0.162817689265548,0.726707208774193,0.359231267101935,1.15494883525161,0.795713554451613,0.0163860519344516,1.23838635190754,0.905804183044297,0.0200085070530423,0.814915112917896
0.761153572697281,0.0218477440209892,1.92356488939131,0.766666667,0,NaN,NaN,0.182457322346571,1.05487663114286,0.304678248567429,1.28221873251429,0.9775393605,0.0208609909225714,1.55992943196323,0.962486333628074,0.0243879207220833,1.08917472686796
0.203903819718337,0.0379333827505494,2.59484846071107,1.3125,0,131.172546386719,NaN,1.08747147206555,1.40911369548387,1.26937114687449,1.83149345473548,0.562124411767742,0.0382827773754581,2.25019407483891,0.502321696566083,0.0390002074495532,2.18312325168225
-2.28162958722773,0.0547682541669809,3.25813756069604,1.911111111,0,147.21142578125,NaN,4.558611546792,3.08256498,4.435790459112,2.97226963224,-1.46352541032,0.061300334448,3.12501514325265,-1.54201457566022,0.0574391047166911,3.14108962196629
-2.19720079980705,0.0269354814232221,4.12635915700817,1.794444444,0,138.038101196289,NaN,5.81916770324129,4.70697041032258,5.58245960072826,3.72149740962581,-1.86095892019355,0.0329857869394684,4.14215456132541,-2.16952470494228,0.0408402962661391,4.18121565737983
-2.26979013139885,0.0599035730004509,4.74318189590911,1.55,0,45.7129859924316,NaN,4.850538256224,2.810795616,4.55685985363104,2.42361503352,-2.13324961392,0.05974605444024,4.74271265794,-2.14483482444711,0.0559500648445892,4.77511079762485
-1.74770712441896,0.128654269498802,5.28304894691447,1.422222222,0,NaN,NaN,3.68085377436387,2.36505744,3.17862017549419,1.39137013021935,-1.7872502931871,0.12826823607871,5.29661611012358,-1.7246211445258,0.132129291550257,5.27740499425745
-3.62448443574321,0.225683448663723,5.03896856784053,1.438888889,0,NaN,NaN,6.54905594506064,3.33031628903226,6.17018331843871,2.81093455788387,-3.35924436495484,0.224178008748387,4.95344324486896,-3.33352086184311,0.22371721859591,4.92698921755798
-4.7345430430867,0.197217029561649,4.69556533122717,1.322222222,0,NaN,NaN,7.5670730424,3.82200156,7.3554927119352,3.60698543856,-3.74850752184,0.206261695872,4.31184394117556,-3.83155737922188,0.187147687671219,4.2597680357156
-4.53385547117907,0.114866088879146,4.11663724783977,1.233333333,0,NaN,NaN,5.10262654986581,2.62402168645161,5.25894364874323,2.89498766144516,-2.36395715202581,0.124728674869161,3.42711053515408,-2.49183988369643,0.114081937953727,3.32459348461394
-3.81106723316839,0.073924775853117,2.25832649383195,0.888888889,0,NaN,NaN,2.52996844824,1.5482574576,2.8313042572656,2.28297860496,-0.54832506336,0.0785280519648,1.45492686199748,-0.90141871833463,0.0673573551634135,1.1743519863861
-1.23292014348822,0.0335875812299501,1.63096639136311,0.677777778,0,NaN,NaN,0.767860841636129,0.32227047476129,0.913677103788387,0.811848316877419,-0.101830031489032,0.0381205350603871,2.03891417293045,0.0368842013049971,0.0301683645837015,1.32219701354148
0.565134584495966,0.0333491859030608,1.20939689953185,0.3,0,NaN,NaN,0.179433255462968,0.853073716645161,-0.300987126162581,0.92846000763871,1.22944060823226,0.0355077909931355,0.80467882842535,0.804907473789375,0.0294736819249547,0.730865718981289
0.53669906940045,0.0432738278087456,2.26394727599361,0.6,0,NaN,NaN,0.153601329186,0.593599458857143,0.0242442063051428,0.495386451257143,0.471142347274286,0.0427815662502857,2.058405695223,0.740673014659464,0.0385282526524415,1.79660341739448
0.725917221497944,0.0584613238752489,2.48764774313783,1.1375,0,NaN,NaN,0.255106647864929,0.81080549883871,0.490668307873548,1.59051603623226,1.09984863987871,0.0587928340474839,2.26474585782055,1.02297141728928,0.0594245729421282,1.68728350287268
-1.62439913759134,0.124509386653316,3.66750201140765,1.655555556,0,NaN,NaN,2.774814033024,2.0242224504,2.672137258272,1.91612061144,-0.75601309896,0.124837030584,3.10156754049644,-0.670749035384477,0.121313624605868,2.96536660494067
-4.37478365669339,0.1322822643031,5.00462244981737,1.722222222,0,NaN,NaN,7.69606123127226,4.11708249290323,7.28810879952774,3.52637042330323,-3.76174043790968,0.13000688756129,4.73055499117559,-3.81356950486893,0.130197143766496,4.7350518018874
-6.22603188105552,0.113480652569646,6.47239751480865,1.783333333,0,-113.939468383789,NaN,9.100030426488,3.587079996,8.583598546272,2.9566477512,-5.62695578928,0.112002889824,6.16291610686602,-5.63323438302585,0.112762364803794,6.17171612790736
-6.56936089911062,0.161852098077489,6.60447406647417,1.711111111,0,-190.317016601562,NaN,10.9138657781497,4.8934933083871,10.3319086801239,4.0012728651871,-6.3306401688,0.162695204709677,6.50346720426665,-6.33733423821227,0.160046872677571,6.50503309636513
-4.37841084336439,0.101573740797246,5.45661552445079,1.744444444,0,NaN,NaN,10.6088655858271,6.5561965083871,10.2504678706684,6.26010098748387,-3.99037712423226,0.101074500557419,5.27846879010305,-4.03419250875614,0.10124639799681,5.30694295506556
-5.7111249186991,0.0697388382508381,4.81088276222128,1.588888889,0,NaN,NaN,7.4931590646,2.913640704,7.3652351133816,2.87369028576,-4.49155239408,0.067553499312,4.32435052789657,-4.43929603746642,0.068887897487946,4.32373910276199
-3.90431087848081,0.0707268365061762,3.93966141885168,1.644444444,0,-354.602203369141,NaN,4.64634091309935,2.90440289032258,4.250187368352,2.18654511723871,-2.06364115974194,0.0666924770322581,3.20455006719881,-2.01617693163097,0.0687377754455525,3.13723191486085
-1.15017903422234,0.0402013814720922,2.17078984670573,0.838888889,0,-426.183959960938,NaN,1.132392035736,1.21138299072,1.306265578056,1.9367837604,0.6305238031032,0.0377203373064,1.61047332875584,0.490175026783887,0.0404679292435181,1.35412527671173
0.530979330886831,0.0287433640090929,1.40086789161495,0.55,0,-287.434020996094,NaN,0.336164140244903,1.11971256851613,-0.0822801798534193,0.567349446193548,0.649629059555613,0.0272468943908129,1.30500077493537,0.830908786690571,0.029993165868621,0.948167005755655
NaN,NaN,NaN,0.5625,0,-92.6279754638672,NaN,NaN,NaN,NaN,NaN,NaN,NaN,NaN,NaN,NaN,NaN
NaN,NaN,NaN,0.622222222,0,49.0713500976562,NaN,NaN,NaN,NaN,NaN,NaN,NaN,NaN,NaN,NaN,NaN
NaN,NaN,NaN,1.09375,0,201.285720825195,NaN,NaN,NaN,NaN,NaN,NaN,NaN,NaN,NaN,NaN,NaN
NaN,NaN,NaN,2.216666667,0,179.560882568359,NaN,NaN,NaN,NaN,NaN,NaN,NaN,NaN,NaN,NaN,NaN
NaN,NaN,NaN,1.844444444,0,77.4252166748047,NaN,NaN,NaN,NaN,NaN,NaN,NaN,NaN,NaN,NaN,NaN
NaN,NaN,NaN,1.794444444,0,17.354248046875,NaN,NaN,NaN,NaN,NaN,NaN,NaN,NaN,NaN,NaN,NaN
NaN,NaN,NaN,1.716666667,0,-33.3243713378906,NaN,NaN,NaN,NaN,NaN,NaN,NaN,NaN,NaN,NaN,NaN
NaN,NaN,NaN,1.727777778,0,-111.805419921875,NaN,NaN,NaN,NaN,NaN,NaN,NaN,NaN,NaN,NaN,NaN
NaN,NaN,NaN,1.605555556,0,-146.203628540039,NaN,NaN,NaN,NaN,NaN,NaN,NaN,NaN,NaN,NaN,NaN
NaN,NaN,NaN,1.377777778,0,-247.222412109375,NaN,NaN,NaN,NaN,NaN,NaN,NaN,NaN,NaN,NaN,NaN
NaN,NaN,NaN,0.816666667,0,-296.202209472656,NaN,NaN,NaN,NaN,NaN,NaN,NaN,NaN,NaN,NaN,NaN
NaN,NaN,NaN,0.422222222,0,-95.6725616455078,NaN,NaN,NaN,NaN,NaN,NaN,NaN,NaN,NaN,NaN,NaN
NaN,NaN,NaN,0.461111111,0,-42.1211051940918,1249.759455,NaN,NaN,NaN,NaN,NaN,NaN,NaN,NaN,NaN,NaN
NaN,NaN,NaN,0.7,0,-89.9983901977539,1249.759455,NaN,NaN,NaN,NaN,NaN,NaN,NaN,NaN,NaN,NaN
NaN,NaN,NaN,1.066666667,0,-133.564041137695,1249.759455,NaN,NaN,NaN,NaN,NaN,NaN,NaN,NaN,NaN,NaN
NaN,NaN,NaN,1.44375,0,-92.9328536987305,1249.759455,NaN,NaN,NaN,NaN,NaN,NaN,NaN,NaN,NaN,NaN
NaN,NaN,NaN,1.594444444,0,-135.11279296875,1249.759455,NaN,NaN,NaN,NaN,NaN,NaN,NaN,NaN,NaN,NaN
NaN,NaN,NaN,1.705555556,0,-175.862915039062,1249.759455,NaN,NaN,NaN,NaN,NaN,NaN,NaN,NaN,NaN,NaN
NaN,NaN,NaN,1.772222222,0,-202.472595214844,1249.759455,NaN,NaN,NaN,NaN,NaN,NaN,NaN,NaN,NaN,NaN
NaN,NaN,NaN,1.725,0,-287.59912109375,1249.759455,NaN,NaN,NaN,NaN,NaN,NaN,NaN,NaN,NaN,NaN
NaN,NaN,NaN,1.577777778,0,-394.002349853516,1249.759455,NaN,NaN,NaN,NaN,NaN,NaN,NaN,NaN,NaN,NaN
NaN,NaN,NaN,1.461111111,0,-383.342895507812,1249.759455,NaN,NaN,NaN,NaN,NaN,NaN,NaN,NaN,NaN,NaN
NaN,NaN,NaN,0.961111111,0,-360.947631835938,1249.759455,NaN,NaN,NaN,NaN,NaN,NaN,NaN,NaN,NaN,NaN
NaN,NaN,NaN,0.444444444,0,-337.638366699219,1249.759455,NaN,NaN,NaN,NaN,NaN,NaN,NaN,NaN,NaN,NaN
NaN,NaN,NaN,0.327777778,0,-340.398712158203,NaN,NaN,NaN,NaN,NaN,NaN,NaN,NaN,NaN,NaN,NaN
NaN,NaN,NaN,0.366666667,0,-243.4716796875,NaN,NaN,NaN,NaN,NaN,NaN,NaN,NaN,NaN,NaN,NaN
NaN,NaN,NaN,0.672222222,0,-248.604095458984,NaN,NaN,NaN,NaN,NaN,NaN,NaN,NaN,NaN,NaN,NaN
NaN,NaN,NaN,0.977777778,0,NaN,NaN,NaN,NaN,NaN,NaN,NaN,NaN,NaN,NaN,NaN,NaN
NaN,NaN,NaN,1.3,0,NaN,NaN,NaN,NaN,NaN,NaN,NaN,NaN,NaN,NaN,NaN,NaN
NaN,NaN,NaN,1.4875,0,NaN,NaN,NaN,NaN,NaN,NaN,NaN,NaN,NaN,NaN,NaN,NaN
NaN,NaN,NaN,1.644444444,0,NaN,NaN,NaN,NaN,NaN,NaN,NaN,NaN,NaN,NaN,NaN,NaN
NaN,NaN,NaN,1.714285714,0,NaN,NaN,NaN,NaN,NaN,NaN,NaN,NaN,NaN,NaN,NaN,NaN
NaN,NaN,NaN,1.721428571,0,NaN,NaN,NaN,NaN,NaN,NaN,NaN,NaN,NaN,NaN,NaN,NaN
NaN,NaN,NaN,1.18125,0,NaN,NaN,NaN,NaN,NaN,NaN,NaN,NaN,NaN,NaN,NaN,NaN
NaN,NaN,NaN,0.625,0,NaN,NaN,NaN,NaN,NaN,NaN,NaN,NaN,NaN,NaN,NaN,NaN
NaN,NaN,NaN,0.433333333,0,NaN,NaN,NaN,NaN,NaN,NaN,NaN,NaN,NaN,NaN,NaN,NaN
