NBE,CH4,ET,LAI,SCF,EWT,ABGB,GPP_DT,ER_DT,GPP_NT,ER_NT,NBE_F,CH4_F,ET_F,NBE_ANN,CH4_ANN,ET_ANN
NaN,NaN,NaN,0.977777778,0,NaN,NaN,NaN,NaN,NaN,NaN,NaN,NaN,NaN,NaN,NaN,NaN
NaN,NaN,NaN,1.166666667,0,NaN,NaN,NaN,NaN,NaN,NaN,NaN,NaN,NaN,NaN,NaN,NaN
NaN,NaN,NaN,1.194444444,0,NaN,NaN,NaN,NaN,NaN,NaN,NaN,NaN,NaN,NaN,NaN,NaN
NaN,NaN,NaN,2.477777778,0,NaN,NaN,NaN,NaN,NaN,NaN,NaN,NaN,NaN,NaN,NaN,NaN
NaN,NaN,NaN,5.383333333,0,NaN,NaN,NaN,NaN,NaN,NaN,NaN,NaN,NaN,NaN,NaN,NaN
NaN,NaN,NaN,5.133333333,0,NaN,NaN,NaN,NaN,NaN,NaN,NaN,NaN,NaN,NaN,NaN,NaN
NaN,NaN,NaN,5,0,NaN,NaN,NaN,NaN,NaN,NaN,NaN,NaN,NaN,NaN,NaN,NaN
NaN,NaN,NaN,5.321428571,0,NaN,NaN,NaN,NaN,NaN,NaN,NaN,NaN,NaN,NaN,NaN,NaN
NaN,NaN,NaN,3.05,0,NaN,NaN,NaN,NaN,NaN,NaN,NaN,NaN,NaN,NaN,NaN,NaN
NaN,NaN,NaN,2.388888889,0,NaN,NaN,NaN,NaN,NaN,NaN,NaN,NaN,NaN,NaN,NaN,NaN
NaN,NaN,NaN,1.288888889,0,NaN,NaN,NaN,NaN,NaN,NaN,NaN,NaN,NaN,NaN,NaN,NaN
NaN,NaN,NaN,1.038888889,0,NaN,NaN,NaN,NaN,NaN,NaN,NaN,NaN,NaN,NaN,NaN,NaN
NaN,NaN,NaN,1.1,0,NaN,NaN,NaN,NaN,NaN,NaN,NaN,NaN,NaN,NaN,NaN,NaN
NaN,NaN,NaN,1.138888889,0,NaN,NaN,NaN,NaN,NaN,NaN,NaN,NaN,NaN,NaN,NaN,NaN
NaN,NaN,NaN,1.3125,0,NaN,NaN,NaN,NaN,NaN,NaN,NaN,NaN,NaN,NaN,NaN,NaN
NaN,NaN,NaN,2.225,0,NaN,NaN,NaN,NaN,NaN,NaN,NaN,NaN,NaN,NaN,NaN,NaN
NaN,NaN,NaN,5.233333333,0,NaN,NaN,NaN,NaN,NaN,NaN,NaN,NaN,NaN,NaN,NaN,NaN
NaN,NaN,NaN,6.133333333,0,NaN,NaN,NaN,NaN,NaN,NaN,NaN,NaN,NaN,NaN,NaN,NaN
NaN,NaN,NaN,4.671428571,0,NaN,NaN,NaN,NaN,NaN,NaN,NaN,NaN,NaN,NaN,NaN,NaN
NaN,NaN,NaN,5.1375,0,NaN,NaN,NaN,NaN,NaN,NaN,NaN,NaN,NaN,NaN,NaN,NaN
NaN,NaN,NaN,4.1125,0,NaN,NaN,NaN,NaN,NaN,NaN,NaN,NaN,NaN,NaN,NaN,NaN
NaN,NaN,NaN,2.777777778,0,NaN,NaN,NaN,NaN,NaN,NaN,NaN,NaN,NaN,NaN,NaN,NaN
NaN,NaN,NaN,1.3,0,NaN,NaN,NaN,NaN,NaN,NaN,NaN,NaN,NaN,NaN,NaN,NaN
NaN,NaN,NaN,1.083333333,0,NaN,NaN,NaN,NaN,NaN,NaN,NaN,NaN,NaN,NaN,NaN,NaN
NaN,NaN,NaN,1.111111111,0,NaN,NaN,NaN,NaN,NaN,NaN,NaN,NaN,NaN,NaN,NaN,NaN
NaN,NaN,NaN,1.372222222,0,NaN,NaN,NaN,NaN,NaN,NaN,NaN,NaN,NaN,NaN,NaN,NaN
NaN,NaN,NaN,1.438888889,0,NaN,NaN,NaN,NaN,NaN,NaN,NaN,NaN,NaN,NaN,NaN,NaN
NaN,NaN,NaN,3.55625,0,NaN,NaN,NaN,NaN,NaN,NaN,NaN,NaN,NaN,NaN,NaN,NaN
NaN,NaN,NaN,NaN,0,NaN,NaN,NaN,NaN,NaN,NaN,NaN,NaN,NaN,NaN,NaN,NaN
NaN,NaN,NaN,5.377777778,0,NaN,NaN,NaN,NaN,NaN,NaN,NaN,NaN,NaN,NaN,NaN,NaN
NaN,NaN,NaN,5.2,0,NaN,NaN,NaN,NaN,NaN,NaN,NaN,NaN,NaN,NaN,NaN,NaN
NaN,NaN,NaN,5.3,0,NaN,NaN,NaN,NaN,NaN,NaN,NaN,NaN,NaN,NaN,NaN,NaN
NaN,NaN,NaN,4.216666667,0,NaN,NaN,NaN,NaN,NaN,NaN,NaN,NaN,NaN,NaN,NaN,NaN
NaN,NaN,NaN,2.688888889,0,NaN,NaN,NaN,NaN,NaN,NaN,NaN,NaN,NaN,NaN,NaN,NaN
NaN,NaN,NaN,1.216666667,0,NaN,NaN,NaN,NaN,NaN,NaN,NaN,NaN,NaN,NaN,NaN,NaN
NaN,NaN,NaN,1.011111111,0,NaN,NaN,NaN,NaN,NaN,NaN,NaN,NaN,NaN,NaN,NaN,NaN
NaN,NaN,NaN,1.088888889,0,NaN,NaN,NaN,NaN,NaN,NaN,NaN,NaN,NaN,NaN,NaN,NaN
NaN,NaN,NaN,1.427777778,0,NaN,NaN,NaN,NaN,NaN,NaN,NaN,NaN,NaN,NaN,NaN,NaN
NaN,NaN,NaN,1.4,0,NaN,NaN,NaN,NaN,NaN,NaN,NaN,NaN,NaN,NaN,NaN,NaN
NaN,NaN,NaN,3.194444444,0,NaN,NaN,NaN,NaN,NaN,NaN,NaN,NaN,NaN,NaN,NaN,NaN
NaN,NaN,NaN,5.227777778,0,NaN,NaN,NaN,NaN,NaN,NaN,NaN,NaN,NaN,NaN,NaN,NaN
NaN,NaN,NaN,6.2,0,NaN,NaN,NaN,NaN,NaN,NaN,NaN,NaN,NaN,NaN,NaN,NaN
NaN,NaN,NaN,5.56,0,NaN,NaN,NaN,NaN,NaN,NaN,NaN,NaN,NaN,NaN,NaN,NaN
NaN,NaN,NaN,4,0,NaN,NaN,NaN,NaN,NaN,NaN,NaN,NaN,NaN,NaN,NaN,NaN
NaN,NaN,NaN,4.528571429,0,NaN,NaN,NaN,NaN,NaN,NaN,NaN,NaN,NaN,NaN,NaN,NaN
NaN,NaN,NaN,2.705555556,0,NaN,NaN,NaN,NaN,NaN,NaN,NaN,NaN,NaN,NaN,NaN,NaN
NaN,NaN,NaN,1.438888889,0,NaN,NaN,NaN,NaN,NaN,NaN,NaN,NaN,NaN,NaN,NaN,NaN
NaN,NaN,NaN,1.038888889,0,NaN,NaN,NaN,NaN,NaN,NaN,NaN,NaN,NaN,NaN,NaN,NaN
NaN,NaN,NaN,1.116666667,0,NaN,NaN,NaN,NaN,NaN,NaN,NaN,NaN,NaN,NaN,NaN,NaN
NaN,NaN,NaN,1.211111111,0,NaN,NaN,NaN,NaN,NaN,NaN,NaN,NaN,NaN,NaN,NaN,NaN
NaN,NaN,NaN,1.438888889,0,NaN,NaN,NaN,NaN,NaN,NaN,NaN,NaN,NaN,NaN,NaN,NaN
NaN,NaN,NaN,3.183333333,0,NaN,NaN,NaN,NaN,NaN,NaN,NaN,NaN,NaN,NaN,NaN,NaN
NaN,NaN,NaN,5.166666667,0,NaN,NaN,NaN,NaN,NaN,NaN,NaN,NaN,NaN,NaN,NaN,NaN
NaN,NaN,NaN,4.78,0,NaN,NaN,NaN,NaN,NaN,NaN,NaN,NaN,NaN,NaN,NaN,NaN
NaN,NaN,NaN,5.316666667,0,NaN,NaN,NaN,NaN,NaN,NaN,NaN,NaN,NaN,NaN,NaN,NaN
NaN,NaN,NaN,4.333333333,0,NaN,NaN,NaN,NaN,NaN,NaN,NaN,NaN,NaN,NaN,NaN,NaN
NaN,NaN,NaN,3.3,0,NaN,NaN,NaN,NaN,NaN,NaN,NaN,NaN,NaN,NaN,NaN,NaN
NaN,NaN,NaN,1.788888889,0,NaN,NaN,NaN,NaN,NaN,NaN,NaN,NaN,NaN,NaN,NaN,NaN
NaN,NaN,NaN,1.183333333,0,NaN,NaN,NaN,NaN,NaN,NaN,NaN,NaN,NaN,NaN,NaN,NaN
NaN,NaN,NaN,1.038888889,0,NaN,NaN,NaN,NaN,NaN,NaN,NaN,NaN,NaN,NaN,NaN,NaN
NaN,-0.0120487833907599,1.39701471248839,1.044444444,0,NaN,NaN,4.63499222934935,0.260854076735209,-9999,1.72599651564585,-9999,0.000913236148612215,0.976697984441641,1.11361730585681,0.00749391415414953,0.935440915327811
NaN,0.00278531650248906,1.81532514910726,1.172222222,0,NaN,NaN,5.05739762774069,0.256747793710345,-9999,1.70886737544828,-9999,0.00497272751006897,1.09504868931015,0.66350052005743,0.00856051478339438,1.06643771619084
NaN,0.0156551513946421,2.60643387930396,1.905555556,0,NaN,NaN,5.91366348622452,0.390596453883871,-9999,2.17784405264516,-9999,-0.0102165779993806,1.6761997597095,0.631411016720858,0.0129240231604088,1.65116814859407
NaN,0.0221537949496242,3.84353597678876,2.9,0,NaN,NaN,6.87866643216,0.39697629192,-9999,2.2103155872,-9999,0.0064830751488,2.70093938613638,-1.32418107313326,0.0205392178319341,2.7066944484798
-8.39519817651557,0.065580312590231,6.87705040652279,NaN,0,NaN,NaN,7.3250702799329,1.28206674371613,10.7908879892068,6.80392576567742,-3.21437644421538,0.0414124376167742,4.06264590063322,-2.41875008291164,0.0564625327837279,3.90051321052283
-5.87783696823841,0.144402003630901,7.38785433243524,5.15,0,NaN,NaN,7.2609867362232,1.58073248448,11.232191888064,8.3061559224,-2.9260383084,0.129790752264,5.26751671506885,-2.44728299225205,0.136246581798778,5.31713085122513
-3.55007323015012,0.256513492745622,7.52213661983973,NaN,0,NaN,NaN,5.52703354475226,1.19069817236129,10.835937808049,10.6294904570323,-0.206451453832258,0.240990402193548,5.3480291542721,-0.00453646518174676,0.250430889660207,5.34260588039532
-4.13135010632217,0.316073859250683,6.86161042642064,5.455555556,0,NaN,NaN,4.70410488779458,1.90143289811613,8.36016651727897,9.09443240129032,0.734272417509677,0.287752670709677,4.21943456410039,1.11754273842224,0.330221294792793,3.99199485314348
-3.04959544256766,0.313137638597989,4.94580560905214,4.616666667,0,NaN,NaN,4.75068649572,4.27774920912,6.246905961312,6.7818075408,0.53491017168,0.27545082984,3.04378324488373,0.853785976533309,0.281031233732631,3.08135002811319
0.44822598717922,0.107871809133475,3.18109667955309,2.544444444,0,NaN,NaN,1.72313119363401,1.73099644467097,3.54751215540387,5.49724218967742,1.94973286519742,0.0771672465290323,1.72004713202339,2.27219364043283,0.104150756853597,1.96302663832201
-0.109056777474965,NaN,1.8817301909592,1.1375,0,NaN,NaN,1.3142944816992,1.30287516336,1.8144343641816,3.0576999384,1.243260606816,0.064232448264,0.958037254830099,1.53970688353921,0.0327086900569969,1.20493434304619
NaN,NaN,NaN,0.875,0,NaN,NaN,0.843327550056774,0.923130095458064,1.25126974277419,2.87176221058065,1.62048916196129,0.0238643639256774,0.501043789587065,1.72146130517187,0.00981495425636215,0.821329215580598
0.169376059182743,0.0201337967155608,1.0367127082144,1.005555556,0,NaN,NaN,0.850774864347871,1.39514370247742,1.03881789785938,2.1258818523871,1.08706505969032,0.0151959845468903,0.634507823232122,1.16134441431844,0.0116183890337855,0.832787770178777
0.141674006324133,0.0100183377800786,1.45513099301435,1.157142857,0,NaN,NaN,0.856741922605286,1.90533533502857,0.982003598141143,1.76266206771429,0.780659004497143,0.0162533148094286,1.07641133591351,0.792877268953178,0.0101312267837593,1.07032942846938
-0.834545400137106,0.011946556282823,1.98930250456585,1.355555556,0,NaN,NaN,1.38318917643639,1.50120785752258,1.37434359973935,1.90636848696774,0.532023463788387,0.0121980225483871,1.53429507177144,0.346995839789035,0.0096640201954096,1.46223171703391
-2.03786245857317,NaN,3.38888409341098,2.421428571,0,NaN,NaN,2.802797991576,2.11128084,4.12321928976,4.258273032,0.1350564984,0.0199781231472,2.21993773048587,0.0573778524287745,0.0158027815619788,2.18164613733555
-4.18150531069764,0.0363259884376556,4.76897868754253,4.644444444,0,NaN,NaN,6.81977822355871,4.00884399127742,8.92576723947097,7.9602826436129,-0.965495058270968,0.0377989933006452,3.85119740942689,-1.68265821009976,0.038897790649831,3.8172597024657
-4.61145101146876,0.0420816790357065,4.9252179155712,5.116666667,0,NaN,NaN,8.091360915912,7.1393458356,10.82122934688,11.4357129768,0.61447947552,0.0447077182536,3.97506079230717,-0.291010845210846,0.0551361236853873,4.15059254470031
NaN,NaN,NaN,5.3,0,NaN,NaN,8.50470840445935,6.44955813963871,9.57037160415484,10.9149135259355,1.34453818567742,0.0931383454064516,5.61680035904128,-0.150074662706442,0.0906991365549409,4.69781249680079
NaN,NaN,5.08706127786686,4.99375,0,NaN,NaN,6.07215165168077,2.98134878005161,7.98906605876129,7.81810627354839,-0.170962336103226,0.0811296253625807,3.31961649962101,0.472844769378919,0.123501814922383,3.07828967972245
-4.12175004299691,0.0520178185067421,4.75708593192763,4.75,0,NaN,NaN,4.920064812432,4.15755927936,4.982340475152,5.152716396,0.170373726,0.05556371418,3.31149700333598,0.111593633714592,0.106065735643588,3.11675831963382
-0.983179101349334,0.0758959012872048,2.67134601505381,2.177777778,0,NaN,NaN,1.97077025334194,1.80330434895484,3.47156021594044,4.60646767277419,1.13490441569032,0.0720157002635613,2.5893625304898,1.47142999071563,0.0917629398496959,1.89448700222906
0.551995549005011,0.0395860449114172,1.46367777750861,1.138888889,0,NaN,NaN,1.03980256992,1.75729410216,2.118380511312,4.0952897352,1.976910224904,0.0391661946,1.00247018004552,1.85071925643062,0.0420008600425407,1.06550825213085
NaN,0.0094166331757894,1.90451378768908,0.892857143,0,NaN,NaN,1.48870866599303,2.99582401517419,0.640343081998452,3.5969386203871,2.95659403385806,0.00465387080492903,1.4833909840967,1.60580008518199,0.0127075786179459,0.90706890330731
0.490686481638838,0.00501886382574088,0.884570481634095,0.95,0,NaN,NaN,0.759338240346581,0.990843014322581,1.23760229821548,2.8091960756129,1.57159413564387,0.00829027376175484,0.652502428374386,1.11467095230566,0.00798540526041212,0.740841525538047
NaN,NaN,NaN,0.961111111,0,NaN,NaN,0.374633549982,0.920798132657143,0.690725796847714,1.36083328714286,0.670106945057143,0.00887466352242857,0.629443618272263,0.808515290941452,0.00790909351318468,0.849584354368269
0.0479292923285528,0.00261954471215216,1.59889209668907,1.333333333,0,NaN,NaN,0.952089548273652,1.10741573032258,1.45784881460439,2.28196902658064,0.82411852923871,0.0055638909476129,1.26779474201119,0.741633016088467,0.00670420627094302,1.27748627004108
-1.36111715563319,0.0105208208949544,2.64152207715459,2.2,0,NaN,NaN,2.3990739957576,1.69762616928,4.115173255632,4.5004552704,0.38527722216,0.009067267188,2.08974297890454,0.271620460397277,0.0127729380734385,2.12499101741262
-6.03895167914755,NaN,4.89600746657543,5.388888889,0,NaN,NaN,6.58383632275355,3.30408516750968,8.90894081528593,7.04696285496774,-1.86198151470968,0.0570894926144516,3.70115719823368,-1.95250420012635,0.0417522342564219,3.75035983493657
-7.24474669330347,0.0872119012200264,4.32778525827666,4.721428571,0,NaN,NaN,6.9634156036392,3.60214301016,7.781077071288,5.8916254608,-1.88944047936,0.09004025088,3.24786220677748,-1.98544026605382,0.085006615728137,3.22409882684428
-4.87193985328142,0.122593772428031,4.2502254309646,4.45,0,NaN,NaN,5.40303814508748,3.33074805630968,9.37240765690064,8.33296363664516,-1.03944093584516,0.122825423903226,3.18909276810032,-0.626626297889917,0.127160923473762,3.22724145662586
-5.36793563020472,0.17211019418531,4.35416695251164,4.533333333,0,NaN,NaN,5.66220024253626,3.95376244931613,7.35655120306839,7.87671982451613,0.520177259357419,0.158899956572903,2.81324543248138,-0.182629251381728,0.172012939045088,2.74167632489341
-4.13018788045774,0.180763565668932,3.89002731291914,4.05,0,NaN,NaN,4.1818622437656,2.8253025072,6.52464270108,6.2569212408,-0.267725655864,0.16900288272,2.56390449360954,0.119038157409404,0.181883696086439,2.51854543507363
-1.6179255085682,0.163673297826597,3.06276671378696,2.65,0,NaN,NaN,2.80670625211355,2.73308883096774,4.3479197900129,5.78603012051613,1.4381085195871,0.174578757909677,2.18764679061882,1.04195658893045,0.170131927789737,2.20156029743779
0.33027151427576,0.0449465538518319,1.30044646278547,1.266666667,0,NaN,NaN,1.279426290192,2.12854610952,0.925588895328,2.541840696,1.616251496616,0.0425348919648,0.949503185734124,1.58074943244698,0.0545278186341942,1.02914087319032
0.0937726846647569,0.0124645159404819,0.941249609047143,0.905555556,0,NaN,NaN,0.932347794663406,2.18227126459355,1.29405326815742,2.07163446967742,0.777580156776774,0.0179098385576516,0.525776691099054,1.33694676723757,0.0141050020579522,0.700674445036599
-0.100358799721774,-0.00868072370960476,0.787332666160992,0.955555556,0,NaN,NaN,0.552577923960852,0.705018463432258,1.04610750466065,1.55861567767742,0.512507469135484,0.000694311258147097,0.655753157633363,0.82573607849741,0.00513474288937676,0.682870273065992
0.0561828023665674,-0.00114893243922939,0.886125902054294,0.994444444,0,NaN,NaN,0.8250374395296,0.566400988028571,0.678229623390857,1.12578359914286,0.447552995991429,0.00234123261724286,0.762457949483802,0.654676213267298,0.00646794055564122,0.767075293171351
0.108523536529888,0.00589637283353094,1.19262451298593,1.3,0,NaN,NaN,1.0694445939288,1.08082703264516,1.32701500852258,2.09197328748387,0.764957416180645,-0.000635826736103226,1.01105405063723,0.8590516583163,0.00628038766543024,1.03127454104471
-1.57078632525818,0.018738062419594,2.13665099053041,2.483333333,0,NaN,NaN,3.3611260403592,3.57457864824,3.78183496788,4.0017169296,0.21987927792,0.0174013153128,1.54315045712355,0.380195980328867,0.0156506430897408,1.51290793487427
-6.51308283680451,0.0315504291659588,3.66274568348575,4.166666667,0,NaN,NaN,8.6744240631871,7.43531152923871,8.81261402041858,7.56987961006452,-1.24273024583226,0.0366953049150968,2.46665392125486,-1.63988109144226,0.0365039511072765,2.39057965364279
-3.81901159850984,0.0436251745150849,4.15321087914955,6.316666667,0,NaN,NaN,10.98752115564,13.12651011672,8.729622408384,9.3589682544,0.62934877296,0.058457467224,3.16979079381288,-0.115716254546543,0.0891754359957216,3.15534471269695
-6.25149310158628,0.108697043754612,4.88300160371934,5.066666667,0,NaN,NaN,9.92201982977032,10.0408796974452,10.2351931846374,9.54899190812903,-0.686201537241291,0.098455254503249,3.19161558314246,-0.573060705265629,0.122961146218472,3.0881321299392
-5.04323816382214,0.0805650310601461,4.43518754755427,4.883333333,0,NaN,NaN,8.98180911805935,10.9261235963613,9.48041885650064,10.8216064939355,1.34118137218065,0.0836790979099355,2.65657729078009,0.153309379787512,0.0955067377861917,2.60621727070549
-2.77713503955283,0.0793086539482531,3.33792059652187,4.8375,0,NaN,NaN,6.740119835496,9.37120342032,5.5590764934672,7.2642713472,1.7051914368,0.068453574768,2.02317675914523,1.01534086485342,0.0965563021632285,1.93357820078717
-1.85820449237716,0.165867128232158,1.83186867340255,2.388888889,0,NaN,NaN,3.15088472576903,3.5525032299871,3.40356019578039,4.10157762270968,0.698021594941935,0.155254589163871,1.15596599801256,0.866031335144829,0.181302757730113,1.12733161597957
0.0188104336693166,NaN,1.05853555154483,1.116666667,0,NaN,NaN,1.7454362326416,3.0424943124,1.867317804864,3.3318030312,1.46448676296,0.07769605284,0.685733944906732,1.71020480593729,0.08101211355366,0.725901739931041
0.760501180202111,0.0304729610159699,0.78600416133324,0.9,0,NaN,NaN,1.33083623942477,3.06249377179355,1.27558606847226,3.23523829393548,1.95965014830968,0.0340935049644387,0.504564178088565,2.00752691160607,0.0269603384074002,0.558932062500374
-0.373381227544461,0.0160320813490999,0.715680935457269,0.877777778,0,NaN,NaN,0.541055661729677,0.820711985574194,1.8351624563071,2.49075342116129,0.655588733504516,0.0214957533114581,0.618666577900091,1.02305261783118,0.0137433731227114,0.60853061453056
-0.110517068283711,0.00443696294190628,0.860606906765996,1.021428571,0,NaN,NaN,0.880378557986483,1.41895676731034,2.17336235288276,2.91461650510345,0.741251148331034,0.0035274651038069,0.723848094586118,1.08804884791607,0.00585951232489225,0.711536659083952
-0.89469448253991,0.0130138845234707,1.94510810691806,1.388888889,0,NaN,NaN,1.75450900530658,2.61255543375484,3.20535740466581,4.04675179896774,0.841391644064516,0.0113130643749677,1.48624013213143,1.27138896370802,0.0111077839737092,1.46500637129614
-1.14123884581041,0.0148469619165963,3.19597952526698,2.3875,0,NaN,NaN,2.723768251092,2.53280350728,3.678596715672,4.3215162048,0.64291491288,0.015858803844,2.4708377641238,0.544598834249159,0.0144423515921104,2.44182745755032
-6.52423864105997,0.041802617527011,4.96788151856159,4.905555556,0,NaN,NaN,8.38897378992,7.1041966515871,8.28259208645342,6.60408398709677,-1.67849797354839,0.0407122991500645,3.52515272183495,-1.85843356222072,0.0492152391771843,3.55640362472704
-7.64410826352226,0.187998774998569,6.91651676453587,5.075,0,NaN,NaN,9.869504369184,7.98952196088,9.156074492952,6.5532995352,-2.6027754806376,0.181386303912,5.23195038792249,-2.09304963704067,0.189015916855731,5.24875408301314
-4.82784453797462,0.289283055440384,8.09383086466881,5.2875,0,NaN,NaN,8.69737321298322,9.62123281130322,8.61532283703484,9.0963912843871,0.481055370642581,0.293225670348387,5.68938708456723,0.33153309748325,0.307501946335907,5.771166246931
-5.24918527377791,0.311121432931087,7.08973619666394,4.372222222,0,NaN,NaN,7.96788704666323,8.85186455597419,7.50892303100903,7.54699199922581,0.0380660792516128,0.310639255896774,4.59397321066484,0.0881306895984502,0.336610709112377,4.75267236704913
-4.26735756830265,0.325139110359465,4.96786238730527,2.45,0,NaN,NaN,5.874976105992,6.644849454,5.077728242424,5.2716916656,0.19395881136,0.3327018264,2.95526567110507,0.228955533932449,0.357920794439315,3.15019993239257
NaN,NaN,NaN,2.188888889,0,NaN,NaN,3.58610826695226,4.61153461331613,2.38446152407742,4.05094063819355,1.66647807034839,0.330631356356129,1.97584485619896,1.09381891980891,0.43690669302144,2.10438996290865
0.776572437539204,0.242232602709402,2.17638690077389,1.05,0,NaN,NaN,1.6181173472328,3.82057465104,1.8853594469424,4.240856628,2.35549482552,0.25182315504,1.59894344148134,2.05546888744611,0.26224869555838,1.55652080281502
1.1371906336889,0.040124305057974,1.39708764473108,0.9,0,NaN,NaN,0.864318894517394,2.47273252722581,1.20272399516671,3.3285762,2.12585095741935,0.0453355697729032,1.07364566190384,1.82671455519746,0.0487825532606435,1.09213185890604
NaN,NaN,NaN,0.955555556,0,NaN,NaN,NaN,NaN,NaN,NaN,NaN,NaN,NaN,NaN,NaN,NaN
NaN,NaN,NaN,1.083333333,0,NaN,NaN,NaN,NaN,NaN,NaN,NaN,NaN,NaN,NaN,NaN,NaN
NaN,NaN,NaN,1.211111111,0,NaN,NaN,NaN,NaN,NaN,NaN,NaN,NaN,NaN,NaN,NaN,NaN
NaN,NaN,NaN,2.9,0,NaN,NaN,NaN,NaN,NaN,NaN,NaN,NaN,NaN,NaN,NaN,NaN
NaN,NaN,NaN,5.15,0,NaN,NaN,NaN,NaN,NaN,NaN,NaN,NaN,NaN,NaN,NaN,NaN
NaN,NaN,NaN,5.1875,0,NaN,NaN,NaN,NaN,NaN,NaN,NaN,NaN,NaN,NaN,NaN,NaN
NaN,NaN,NaN,5.01875,0,NaN,NaN,NaN,NaN,NaN,NaN,NaN,NaN,NaN,NaN,NaN,NaN
NaN,NaN,NaN,NaN,0,NaN,NaN,NaN,NaN,NaN,NaN,NaN,NaN,NaN,NaN,NaN,NaN
NaN,NaN,NaN,3.233333333,0,NaN,NaN,NaN,NaN,NaN,NaN,NaN,NaN,NaN,NaN,NaN,NaN
NaN,NaN,NaN,2.00625,0,NaN,NaN,NaN,NaN,NaN,NaN,NaN,NaN,NaN,NaN,NaN,NaN
NaN,NaN,NaN,0.988888889,0,NaN,NaN,NaN,NaN,NaN,NaN,NaN,NaN,NaN,NaN,NaN,NaN
NaN,NaN,NaN,0.8,0,NaN,NaN,NaN,NaN,NaN,NaN,NaN,NaN,NaN,NaN,NaN,NaN
NaN,NaN,NaN,0.85,0,NaN,NaN,NaN,NaN,NaN,NaN,NaN,NaN,NaN,NaN,NaN,NaN
NaN,NaN,NaN,0.872222222,0,NaN,NaN,NaN,NaN,NaN,NaN,NaN,NaN,NaN,NaN,NaN,NaN
NaN,NaN,NaN,0.955555556,0,NaN,NaN,NaN,NaN,NaN,NaN,NaN,NaN,NaN,NaN,NaN,NaN
NaN,NaN,NaN,2.161111111,0,NaN,NaN,NaN,NaN,NaN,NaN,NaN,NaN,NaN,NaN,NaN,NaN
NaN,NaN,NaN,3.811111111,0,NaN,NaN,NaN,NaN,NaN,NaN,NaN,NaN,NaN,NaN,NaN,NaN
NaN,NaN,NaN,4.366666667,0,NaN,NaN,NaN,NaN,NaN,NaN,NaN,NaN,NaN,NaN,NaN,NaN
NaN,NaN,NaN,3.488888889,0,NaN,NaN,NaN,NaN,NaN,NaN,NaN,NaN,NaN,NaN,NaN,NaN
NaN,NaN,NaN,4.427777778,0,NaN,NaN,NaN,NaN,NaN,NaN,NaN,NaN,NaN,NaN,NaN,NaN
NaN,NaN,NaN,NaN,0,NaN,NaN,NaN,NaN,NaN,NaN,NaN,NaN,NaN,NaN,NaN,NaN
NaN,NaN,NaN,2.316666667,0,NaN,NaN,NaN,NaN,NaN,NaN,NaN,NaN,NaN,NaN,NaN,NaN
NaN,NaN,NaN,1.072222222,0,NaN,NaN,NaN,NaN,NaN,NaN,NaN,NaN,NaN,NaN,NaN,NaN
NaN,NaN,NaN,0.844444444,0,NaN,NaN,NaN,NaN,NaN,NaN,NaN,NaN,NaN,NaN,NaN,NaN
NaN,NaN,NaN,0.7375,0,NaN,NaN,NaN,NaN,NaN,NaN,NaN,NaN,NaN,NaN,NaN,NaN
NaN,NaN,NaN,0.7,0,NaN,NaN,NaN,NaN,NaN,NaN,NaN,NaN,NaN,NaN,NaN,NaN
NaN,NaN,NaN,0.877777778,0,NaN,NaN,NaN,NaN,NaN,NaN,NaN,NaN,NaN,NaN,NaN,NaN
NaN,NaN,NaN,3.47,0,NaN,NaN,NaN,NaN,NaN,NaN,NaN,NaN,NaN,NaN,NaN,NaN
NaN,NaN,NaN,4.50625,0,NaN,NaN,NaN,NaN,NaN,NaN,NaN,NaN,NaN,NaN,NaN,NaN
NaN,NaN,NaN,5.05,0,NaN,NaN,NaN,NaN,NaN,NaN,NaN,NaN,NaN,NaN,NaN,NaN
NaN,NaN,NaN,4.45,0,NaN,NaN,NaN,NaN,NaN,NaN,NaN,NaN,NaN,NaN,NaN,NaN
NaN,NaN,NaN,3.805555556,0,NaN,NaN,NaN,NaN,NaN,NaN,NaN,NaN,NaN,NaN,NaN,NaN
NaN,NaN,NaN,2.59375,0,NaN,NaN,NaN,NaN,NaN,NaN,NaN,NaN,NaN,NaN,NaN,NaN
NaN,NaN,NaN,1.472222222,0,NaN,NaN,NaN,NaN,NaN,NaN,NaN,NaN,NaN,NaN,NaN,NaN
NaN,NaN,NaN,1.116666667,0,NaN,NaN,NaN,NaN,NaN,NaN,NaN,NaN,NaN,NaN,NaN,NaN
NaN,NaN,NaN,0.858333333,0,NaN,NaN,NaN,NaN,NaN,NaN,NaN,NaN,NaN,NaN,NaN,NaN
