NBE,CH4,ET,LAI,SCF,EWT,ABGB,GPP_DT,ER_DT,GPP_NT,ER_NT,NBE_F,CH4_F,ET_F,NBE_ANN,CH4_ANN,ET_ANN
NaN,NaN,NaN,NaN,NaN,-1.42075777053833,NaN,NaN,NaN,NaN,NaN,NaN,NaN,NaN,NaN,NaN,NaN
NaN,NaN,NaN,0,NaN,-3.48965644836426,NaN,NaN,NaN,NaN,NaN,NaN,NaN,NaN,NaN,NaN,NaN
NaN,NaN,NaN,NaN,0.7038888889,-2.89777016639709,NaN,NaN,NaN,NaN,NaN,NaN,NaN,NaN,NaN,NaN,NaN
NaN,NaN,NaN,NaN,0.7594444444,-1.2594301700592,NaN,NaN,NaN,NaN,NaN,NaN,NaN,NaN,NaN,NaN,NaN
NaN,NaN,NaN,0,0.8055555556,-3.85031819343567,NaN,NaN,NaN,NaN,NaN,NaN,NaN,NaN,NaN,NaN,NaN
NaN,NaN,NaN,0.425,0,0.843446373939514,NaN,NaN,NaN,NaN,NaN,NaN,NaN,NaN,NaN,NaN,NaN
NaN,NaN,NaN,0.911111111,0,4.23011350631714,NaN,NaN,NaN,NaN,NaN,NaN,NaN,NaN,NaN,NaN,NaN
NaN,NaN,NaN,0.916666667,0,5.11006164550781,NaN,NaN,NaN,NaN,NaN,NaN,NaN,NaN,NaN,NaN,NaN
NaN,NaN,NaN,NaN,0,6.87666130065918,NaN,NaN,NaN,NaN,NaN,NaN,NaN,NaN,NaN,NaN,NaN
NaN,NaN,NaN,0.04,NaN,8.61806297302246,NaN,NaN,NaN,NaN,NaN,NaN,NaN,NaN,NaN,NaN,NaN
NaN,NaN,NaN,NaN,NaN,9.86822414398193,NaN,NaN,NaN,NaN,NaN,NaN,NaN,NaN,NaN,NaN,NaN
NaN,NaN,NaN,NaN,NaN,8.97884941101074,NaN,NaN,NaN,NaN,NaN,NaN,NaN,NaN,NaN,NaN,NaN
NaN,NaN,NaN,NaN,NaN,5.94622802734375,NaN,NaN,NaN,NaN,NaN,NaN,NaN,NaN,NaN,NaN,NaN
NaN,NaN,NaN,0.2,NaN,5.73482608795166,NaN,NaN,NaN,NaN,NaN,NaN,NaN,NaN,NaN,NaN,NaN
NaN,NaN,NaN,0,0.7855555556,2.57124328613281,NaN,NaN,NaN,NaN,NaN,NaN,NaN,NaN,NaN,NaN,NaN
NaN,NaN,NaN,0,0.7494444444,0.487054169178009,NaN,NaN,NaN,NaN,NaN,NaN,NaN,NaN,NaN,NaN,NaN
NaN,NaN,NaN,0,0.8111111111,-0.171638891100883,NaN,NaN,NaN,NaN,NaN,NaN,NaN,NaN,NaN,NaN,NaN
NaN,NaN,NaN,NaN,0,3.27534961700439,NaN,NaN,NaN,NaN,NaN,NaN,NaN,NaN,NaN,NaN,NaN
NaN,NaN,NaN,0.733333333,0,7.09911155700684,NaN,NaN,NaN,NaN,NaN,NaN,NaN,NaN,NaN,NaN,NaN
NaN,NaN,NaN,0.56,0,5.25779342651367,NaN,NaN,NaN,NaN,NaN,NaN,NaN,NaN,NaN,NaN,NaN
NaN,NaN,NaN,0.3,0,7.62731838226318,NaN,NaN,NaN,NaN,NaN,NaN,NaN,NaN,NaN,NaN,NaN
NaN,NaN,NaN,NaN,NaN,4.81450223922729,NaN,NaN,NaN,NaN,NaN,NaN,NaN,NaN,NaN,NaN,NaN
NaN,NaN,NaN,NaN,NaN,4.08149528503418,NaN,NaN,NaN,NaN,NaN,NaN,NaN,NaN,NaN,NaN,NaN
NaN,NaN,NaN,NaN,NaN,3.85631799697876,NaN,NaN,NaN,NaN,NaN,NaN,NaN,NaN,NaN,NaN,NaN
NaN,NaN,NaN,NaN,NaN,2.40903759002686,NaN,NaN,NaN,NaN,NaN,NaN,NaN,NaN,NaN,NaN,NaN
NaN,NaN,NaN,0.3,NaN,-0.0345425345003605,NaN,NaN,NaN,NaN,NaN,NaN,NaN,NaN,NaN,NaN,NaN
NaN,NaN,NaN,NaN,0.7105555556,-2.78019428253174,NaN,NaN,NaN,NaN,NaN,NaN,NaN,NaN,NaN,NaN,NaN
NaN,NaN,NaN,0,0.7255555556,-3.97735810279846,NaN,NaN,NaN,NaN,NaN,NaN,NaN,NaN,NaN,NaN,NaN
NaN,NaN,NaN,0.1,0.8316666667,-6.93787002563477,NaN,NaN,NaN,NaN,NaN,NaN,NaN,NaN,NaN,NaN,NaN
NaN,NaN,NaN,0.7,0,0.206209421157837,NaN,NaN,NaN,NaN,NaN,NaN,NaN,NaN,NaN,NaN,NaN
NaN,NaN,NaN,0.766666667,0,2.53661489486694,NaN,NaN,NaN,NaN,NaN,NaN,NaN,NaN,NaN,NaN,NaN
NaN,NaN,NaN,NaN,0,4.38355493545532,NaN,NaN,NaN,NaN,NaN,NaN,NaN,NaN,NaN,NaN,NaN
NaN,NaN,NaN,NaN,0.01333333333,3.991295337677,NaN,NaN,NaN,NaN,NaN,NaN,NaN,NaN,NaN,NaN,NaN
NaN,NaN,NaN,0.057142857,NaN,2.56676006317139,NaN,NaN,NaN,NaN,NaN,NaN,NaN,NaN,NaN,NaN,NaN
NaN,NaN,NaN,NaN,NaN,4.21071720123291,NaN,NaN,NaN,NaN,NaN,NaN,NaN,NaN,NaN,NaN,NaN
NaN,NaN,NaN,NaN,NaN,1.50737595558167,NaN,NaN,NaN,NaN,NaN,NaN,NaN,NaN,NaN,NaN,NaN
NaN,NaN,NaN,NaN,NaN,0.300572574138641,NaN,NaN,NaN,NaN,NaN,NaN,NaN,NaN,NaN,NaN,NaN
NaN,NaN,NaN,0,NaN,0.571671485900879,NaN,NaN,NaN,NaN,NaN,NaN,NaN,NaN,NaN,NaN,NaN
NaN,NaN,NaN,0,0.7133333333,1.1651930809021,NaN,NaN,NaN,NaN,NaN,NaN,NaN,NaN,NaN,NaN,NaN
NaN,NaN,NaN,0,0.7383333333,0.0155399721115828,NaN,NaN,NaN,NaN,NaN,NaN,NaN,NaN,NaN,NaN,NaN
NaN,NaN,NaN,0,0.7694444444,-2.10212969779968,NaN,NaN,NaN,NaN,NaN,NaN,NaN,NaN,NaN,NaN,NaN
NaN,NaN,NaN,0.43,0.00666666667,1.61599099636078,NaN,NaN,NaN,NaN,NaN,NaN,NaN,NaN,NaN,NaN,NaN
NaN,NaN,NaN,0.755555556,0,3.91720509529114,NaN,NaN,NaN,NaN,NaN,NaN,NaN,NaN,NaN,NaN,NaN
NaN,NaN,NaN,0.8,0,4.25243806838989,NaN,NaN,NaN,NaN,NaN,NaN,NaN,NaN,NaN,NaN,NaN
NaN,NaN,NaN,0.666666667,0,5.72768115997314,NaN,NaN,NaN,NaN,NaN,NaN,NaN,NaN,NaN,NaN,NaN
NaN,NaN,NaN,NaN,NaN,5.53978204727173,NaN,NaN,NaN,NaN,NaN,NaN,NaN,NaN,NaN,NaN,NaN
NaN,NaN,NaN,NaN,NaN,2.71434783935547,NaN,NaN,NaN,NaN,NaN,NaN,NaN,NaN,NaN,NaN,NaN
NaN,NaN,NaN,NaN,NaN,1.38117361068726,NaN,NaN,NaN,NaN,NaN,NaN,NaN,NaN,NaN,NaN,NaN
NaN,NaN,NaN,NaN,NaN,NaN,NaN,NaN,NaN,NaN,NaN,NaN,NaN,NaN,NaN,NaN,NaN
NaN,NaN,NaN,0,NaN,-1.7481654882431,NaN,NaN,NaN,NaN,NaN,NaN,NaN,NaN,NaN,NaN,NaN
NaN,NaN,NaN,NaN,0.6672222222,-4.60353088378906,NaN,NaN,NaN,NaN,NaN,NaN,NaN,NaN,NaN,NaN,NaN
NaN,NaN,NaN,0,0.7811111111,-6.24598979949951,NaN,NaN,NaN,NaN,NaN,NaN,NaN,NaN,NaN,NaN,NaN
NaN,NaN,NaN,0,0.8044444444,-7.73935556411743,NaN,NaN,NaN,NaN,NaN,NaN,NaN,NaN,NaN,NaN,NaN
NaN,NaN,NaN,0.622222222,0,NaN,NaN,NaN,NaN,NaN,NaN,NaN,NaN,NaN,NaN,NaN,NaN
NaN,NaN,NaN,0.916666667,0,2.83077239990234,NaN,NaN,NaN,NaN,NaN,NaN,NaN,NaN,NaN,NaN,NaN
NaN,NaN,NaN,NaN,0,0.60772567987442,NaN,NaN,NaN,NaN,NaN,NaN,NaN,NaN,NaN,NaN,NaN
NaN,NaN,NaN,0.4,0,2.58956956863403,NaN,NaN,NaN,NaN,NaN,NaN,NaN,NaN,NaN,NaN,NaN
NaN,NaN,NaN,NaN,NaN,3.38818073272705,NaN,NaN,NaN,NaN,NaN,NaN,NaN,NaN,NaN,NaN,NaN
NaN,NaN,NaN,NaN,NaN,3.17788481712341,NaN,NaN,NaN,NaN,NaN,NaN,NaN,NaN,NaN,NaN,NaN
NaN,NaN,NaN,NaN,NaN,-1.13094937801361,NaN,NaN,NaN,NaN,NaN,NaN,NaN,NaN,NaN,NaN,NaN
NaN,NaN,NaN,NaN,NaN,-0.170164704322815,NaN,0.00148742003612903,Inf,-9999,1.19935741935484e+241,-9999,-9999,-9999,0.789873572256866,0.0176563925001149,0.0797929204616984
NaN,NaN,NaN,0,NaN,-1.6785306930542,NaN,0.0712701469737931,Inf,-9999,Inf,-9999,-9999,-9999,0.451913148950483,0.011736049373036,0.0976552645371556
NaN,NaN,NaN,0,0.6811111111,-2.20340037345886,NaN,0.453824748905806,0.000173638908991052,-9999,0.000482852826803475,-9999,-9999,-9999,0.370161120638859,0.0027544646148948,0.060398664566351
NaN,NaN,NaN,0,0.7283333333,-4.21127319335938,NaN,0.8632197874008,0.042813203179176,-9999,0.03034912489992,-9999,-9999,-9999,-0.128386348628857,-0.000677933572056023,0.0789383661118255
NaN,NaN,NaN,0,0.8411111111,NaN,NaN,1.26478482385239,0.2223403992,-9999,0.0971395395096774,-9999,-9999,-9999,-0.192881658437689,0.000391191399346139,0.31683474104371
NaN,NaN,NaN,0.341666667,0,0.994335532188416,NaN,1.5126764328,0.6829163856,-9999,0.2194348752,-9999,-9999,-9999,-0.527291336362016,0.0106948181465139,1.47831854215255
NaN,NaN,NaN,0.961111111,0,3.01036500930786,NaN,1.17494154288,0.928296615483871,-9999,0.272386674580645,-9999,-9999,-9999,-1.30387405860025,0.0226032863200753,1.54344284559172
NaN,NaN,NaN,1,0,2.44491624832153,NaN,0.588739928771613,0.782092451612903,-9999,0.242227786064516,-9999,-9999,-9999,-1.08015331693418,0.0209249458592991,0.904577908360498
-0.107881363938255,0.0060659802456756,0.421008940999865,1.1,0,0.794398128986359,NaN,0.249894374688,0.5393585592,0.345197602264887,0.1796609088,-0.163775972720851,0.00477763387228286,0.314046442254238,-0.233458634530602,0.00977865277315229,0.43169567398264
-0.385406243844038,0.00423954628022692,0.178203778347924,NaN,NaN,NaN,NaN,0.178478946176516,0.287826539434839,0.485604940336723,0.182103892722581,-0.303501649889032,0.002507600778624,0.168109791410417,-0.165656386273813,0.00519808469738799,0.181158395857249
NaN,NaN,NaN,NaN,NaN,-4.81896305084229,NaN,0.0142017026616,0.0658990745424,-9999,0.114701180616,-9999,-9999,-9999,0.566188543435862,0.0129739884728849,0.0814179100058634
NaN,NaN,NaN,NaN,NaN,-1.73275852203369,NaN,0,0.00335004496649409,-9999,0.0180843790663726,-9999,-9999,-9999,0.837075429773972,0.0190929041701371,0.0364060005039492
NaN,NaN,NaN,NaN,NaN,-6.34307098388672,NaN,0.00460240745806452,0.00291666962587208,-9999,0.0186188307466483,-9999,-9999,-9999,0.838934979044328,0.0260745524855955,0.0989012123530665
NaN,NaN,NaN,0.2,NaN,-3.81362318992615,NaN,0.164346642020571,0.000349476260729628,-9999,0.00461947555295891,-9999,-9999,-9999,0.703822086859547,0.0233240333374343,0.137773975063462
NaN,NaN,NaN,0,0.6705555556,NaN,NaN,0.565832029261935,0.00473003259802397,-9999,0.0298313927747768,-9999,-9999,-9999,0.27454241694776,0.0113472478032789,0.053353582537959
NaN,NaN,NaN,0,0.7555555556,-8.86128807067871,NaN,1.054885706712,0.02642398816896,-9999,0.0914481539568,-9999,-9999,-9999,-0.0144763049835774,0.00207148791656782,0.07075095314045
NaN,NaN,NaN,0.1,0.7566666667,-12.1691341400146,NaN,1.26769079625445,0.143839439837419,-9999,0.359452450683871,-9999,-9999,-9999,-0.21386568030352,0.00151585666313794,0.263713914927964
NaN,NaN,NaN,0.65,0,-6.04231119155884,NaN,1.34741635056,0.29542338432,1.06305145344,0.7151186376,-0.3479329492992,0.00811608147648,1.53076552433981,-0.382959926063371,0.00872040895746507,1.42921698324677
-1.8400413071918,0.0274666816864136,1.50200994562902,1.038888889,0,-1.97274792194366,NaN,2.09209473104516,0.672191512258065,2.34574622368026,0.851906564129032,-1.49383863666581,0.028613175048,1.470583123946,-1.28866550442723,0.0236995766873722,1.50194796851841
-1.42281688254696,0.0260649014501567,1.01154283621087,0.566666667,0,NaN,NaN,1.61297745984,0.536350654219355,2.04387839273264,0.849968925677419,-1.19390966043097,0.0257134993664516,0.970462307096752,-1.18452743581554,0.0255041004697025,0.926288181581245
-0.858177987861376,0.0150259414980595,0.835135887287463,0.522222222,0,NaN,NaN,1.073488914936,1.8187789536,0.794466891684,0.35372760984,-0.4407394190472,0.0152777029824,0.656160792553556,-0.305984435792091,0.0138882085121957,0.697500423393055
0.267103683321093,NaN,0.234695524855381,NaN,NaN,-3.37385535240173,NaN,0.142688258129265,0.895320682141935,0.0547783143468387,0.518667109780645,0.463888555025806,0.0110864544117677,0.158647011813473,0.209993403857375,0.0112873488987953,0.15275124802834
0.78214809202953,NaN,0.0883214528453743,NaN,NaN,-8.22601509094238,NaN,0.049989965616,0.5651166294,-0.270880554738462,0.37663132644,0.872078129019692,-9999,0.137999338628074,0.708514294011665,0.0224101221997166,0.0889416216707773
NaN,NaN,NaN,NaN,NaN,-11.7610645294189,NaN,0,0.315753375903069,-9999,0.205560278393063,-9999,-9999,-9999,0.860231899484741,0.0212431654311191,0.0490452508555696
NaN,NaN,NaN,NaN,NaN,-11.5785350799561,NaN,0.00740521997419355,0.0921693797733446,-9999,0.0669653530051158,-9999,-9999,-9999,0.914092763105541,0.0307303610559999,0.0482068067605832
NaN,NaN,NaN,0.133333333,NaN,NaN,NaN,0.337449731091429,0.135008734025501,-9999,0.114237661805647,-9999,-9999,-9999,0.727908264959743,0.0162945839842457,0.115523465967061
NaN,NaN,NaN,NaN,0.77,-16.205436706543,NaN,0.86328440036129,0.0822058728005032,-9999,0.0875522131542395,-9999,-9999,-9999,0.419110995592915,0.00455181603915279,0.0708787176789752
NaN,NaN,NaN,NaN,0.7361111111,-16.4451179504395,NaN,1.0519065936,0.238803127722864,-9999,0.356261658469776,-9999,-9999,-9999,0.0100903560715027,0.00161678774919646,0.0909956488321781
0.340708948588008,0.0027682754183462,0.446207552924137,NaN,0.7844444444,-17.9933757781982,NaN,0.915704011416774,0.486507000774194,0.562447869531429,0.947844740903226,0.230196712793966,0.00256402355498743,0.435886018542308,-0.025590116456274,0.00292159581842475,0.294073007531013
-0.34180049175682,0.00457408679287416,1.00729235868557,NaN,0,-11.547269821167,NaN,0.67041740808,0.3816097488,1.55863762632,1.2841892208,-0.27444828932352,0.00461849771232,1.00119268364754,-0.27089479642427,0.00535458539024382,1.02118625759743
-0.808535529995636,0.0188587374207145,1.65962989606366,0.866666667,0,NaN,NaN,1.32749793572748,0.287922628149677,2.16952977228387,1.49763095535484,-0.671899465911484,0.0188447692048258,1.40126604058878,-0.807423704825739,0.019686343884634,1.41076509129853
-0.756901271511418,0.0172442115781341,0.975492354255622,0.76,0,-5.48227977752686,NaN,1.56324352819355,1.23209354322581,1.39876573330916,0.920388214451613,-0.478377612301935,0.0170078463894194,0.77545157548327,-0.800209668819249,0.0198575770684364,0.880134461237365
-0.259459917344101,0.0144931226979038,0.81171039095783,0.5,0.01666666667,-3.31625962257385,NaN,0.2250925852032,0.412041278448,0.4416136935912,0.5373759888,0.095762078496,0.0143442787896,0.618620110566277,0.0307491898645089,0.0150969691074182,0.572975803604152
-0.109609464104453,0.011046141460248,0.23666434131522,NaN,NaN,-6.65274810791016,NaN,0.0992693796387097,0.619242054735484,0.169222031245161,0.153485974683871,-0.0157358114437936,0.0108076187526968,0.257106140868165,0.080082831519594,0.0189366709243596,0.216268601892596
NaN,NaN,NaN,NaN,NaN,-6.71937656402588,NaN,0.013486227696,0.977632349328,-9999,0.58726069056,-9999,-9999,-9999,0.573883682466676,0.0153918308666262,0.0684623207655166
NaN,NaN,NaN,NaN,NaN,NaN,NaN,0,0.0787420303697729,-9999,0.0801543620736,-9999,-9999,-9999,0.76686331506285,0.0206235195636957,0.0104516431863453
NaN,NaN,NaN,NaN,NaN,-6.45263290405273,NaN,0.00333614961290323,0.0471320650146667,-9999,0.0525803449951106,-9999,-9999,-9999,0.855819316906323,0.0262153589373002,0.0505668144790641
NaN,NaN,NaN,0,NaN,-7.76007413864136,NaN,0.0559167333171429,0.1547053925979,-9999,0.133644823537768,-9999,-9999,-9999,0.666540938088501,0.0221448326179358,0.0996857580896095
NaN,NaN,NaN,0,0.6555555556,-12.179573059082,NaN,0.112244720530065,0.020956254702403,-9999,0.0334666174405755,-9999,-9999,-9999,0.439900629777606,0.00884891519108235,0.0839693613991619
NaN,NaN,NaN,0.05,0.75,-14.2063388824463,NaN,0.16534902744,0.156363418224,-9999,0.204602601024,-9999,-9999,-9999,0.0379018567067626,0.00741533883597411,0.0820706697048359
NaN,NaN,NaN,0.1,0.7605555556,-13.694450378418,NaN,0.300458737974194,0.285760734735484,1.29121754048682,0.954518458064516,-0.0309029831584094,0.00189170590161177,0.272534381388694,-0.0932292032390239,0.00131771088189819,0.323765690647792
-1.01022934578185,0.0208482146460078,2.16820638129112,NaN,0,NaN,NaN,1.61269290288,1.0222650144,2.29455729432,1.551757392,-0.7427999751624,0.01865911976784,1.85824382928461,-0.658832121257127,0.0164222087849726,1.67822717223582
-2.2509127903859,0.027968736754131,1.45140850186737,1.35,0,-0.35821270942688,NaN,3.37719593821935,1.67955876696774,3.08807552749239,1.14265082787097,-1.94542525753548,0.0317141899854545,1.31850984462763,-1.92832664975612,0.0286280436580972,1.31033256106045
NaN,NaN,NaN,0.633333333,0,-0.536494076251984,NaN,1.69315847373832,0.755422743483871,1.73220857317394,0.881725113290323,-0.850485414551226,-9999,0.967278748286735,-0.946165826000165,0.0247438925533953,0.924241420807888
-0.0585426634940657,NaN,0.654628085004891,0.1,0,-1.4499192237854,NaN,0.5483978285616,0.6657258312,0.460514102904,0.5198045112,0.0592897993272,-9999,0.5819153751769,0.0288683698688353,0.014399049139237,0.552692672142043
0.0962289554424702,NaN,0.155122906784747,0.05,NaN,NaN,NaN,0.178188250714839,0.603928354993548,0.0505648926975484,0.217973958085161,0.167408759092645,0.00737287980499548,0.165359698952587,0.190645911165965,0.0102923923749759,0.172240060646429
NaN,NaN,NaN,0,NaN,NaN,NaN,0.00390299436,0.119431642448376,0.0545005079871428,0.1916751928536,0.193001276082857,0.00873969828923077,0.0627391492710971,0.480873936203088,0.0166944743476877,0.047433589659012
NaN,NaN,NaN,NaN,NaN,-4.6277232170105,NaN,0,0.00930879187711086,-9999,0.0610367117540709,-9999,-9999,-9999,0.747305245333685,0.0173855480960542,-0.0149016357341667
NaN,NaN,NaN,NaN,NaN,-8.9964542388916,NaN,0.000566894909032258,0.0443645234683664,-9999,0.189540079007923,-9999,-9999,-9999,0.805996503946756,0.0245528736583387,0.0274897934383218
NaN,NaN,NaN,0.15,NaN,-9.20334911346436,NaN,0.0646586230096552,0.0262361360358621,-9999,0.0886598722924138,-9999,-9999,-9999,0.620368882844537,0.0333748828600944,0.0582520237472487
NaN,NaN,NaN,0,0.6783333333,-7.05981779098511,NaN,0.351353442723097,0.0126436382233548,-9999,0.0333478973553677,-9999,-9999,-9999,0.3833906857686,0.0140480020542701,0.0499127107400335
NaN,NaN,NaN,0,0.81,NaN,NaN,0.6107797138248,0.15272626808592,-9999,0.1446649805268,-9999,-9999,-9999,-0.0268542163811615,0.00871205329069048,0.0660044692037351
-0.267023888449238,0.000878831926839013,0.428360600750055,0.1,0.7055555556,-8.50455856323242,NaN,0.735503195585032,0.401645164645161,0.60578051910271,0.371566705470968,-0.234214107607742,0.00108746225756129,0.453978388025329,-0.204708809840539,0.00105555938814605,0.416871661944925
-0.473879049550733,0.0136610947357168,1.75907250075567,0.716666667,0,-5.06064510345459,NaN,1.493287326864,0.774582732,1.3915795161528,0.9808685496,-0.4107095642376,0.0135975094309872,1.64354392629504,-0.423087338490101,0.0133428492585617,1.60032183461255
-1.68221443458842,0.025560680296906,1.48820919692811,0.905555556,0,-2.31023025512695,NaN,2.47026695341935,1.16293929677419,3.09035961169548,1.69786118554839,-1.39249877850581,0.0259766885868387,1.32483085588802,-1.48219656571711,0.0261981728084458,1.33910145796447
-0.717457323830735,NaN,0.824934361735921,0.866666667,0,-2.55119848251343,NaN,1.77196994410297,1.26886164154839,1.84655928296348,1.11792006812903,-0.740495516838261,0.0202678028809463,0.898918456430116,-0.920514668405788,0.0235534673763543,0.887685008992836
NaN,NaN,NaN,NaN,0,NaN,NaN,0.55957803003288,0.4966531488,-9999,1.0460098728,-9999,-9999,-9999,0.0604928028613251,0.0138352739312116,0.473122169201968
NaN,NaN,NaN,NaN,NaN,NaN,NaN,0.258279948,0.274008171251613,-9999,0.99689360283871,-9999,-9999,-9999,0.261307457848418,0.00848210980731492,0.180718620373849
NaN,NaN,NaN,NaN,NaN,-6.39936017990112,NaN,0.01678093632,0.081612120744,-9999,0.46173402072,-9999,-9999,-9999,0.477369841842954,0.0121496421472289,0.0729944968929824
NaN,NaN,NaN,NaN,NaN,-3.5816912651062,NaN,0,0.0181306677143218,-9999,0.181108103483845,-9999,-9999,-9999,0.694795347047504,0.017073792102951,0.0232069602672036
NaN,NaN,NaN,NaN,NaN,-4.94052314758301,NaN,0.00201488771612903,0.0545511573976963,-9999,0.61395697998065,-9999,-9999,-9999,0.783465396654816,0.0250030317438674,0.0502331815913902
NaN,NaN,NaN,0,NaN,NaN,NaN,0.0569524221282857,0.0117141556059874,-9999,0.201100643861914,-9999,-9999,-9999,0.615176907099918,0.0203650109674418,0.0353541649565144
NaN,NaN,NaN,0,0.7055555556,-10.2171277999878,NaN,0.118018945623484,0.0111668469806872,-9999,0.309513618775466,-9999,-9999,-9999,0.388808127381275,0.0118499482628056,0.0463979465265282
-0.031463662701721,8.94903212307595e-05,0.0349289551201943,0.016666667,0.78,-9.84005069732666,NaN,0.1004637528,0.0204599670192,0.312547997518729,0.752233469976,-0.00955388811282353,-2.41954848677647e-05,0.0214079149589279,0.000674946304811622,0.00395898183259468,0.0468133541516977
-0.351533543703324,0.000145696548691014,0.195545939105077,0,0.9188888889,-11.525276184082,NaN,0.305695252855045,0.130777555354839,0.459843631216723,0.138956435070968,-0.320887375318452,0.000233230197472258,0.178201982514136,-0.225737636563057,0.000560844314363164,0.183168115059527
-0.412352864575425,0.00457204719272503,0.928513465001085,0.5,0.5522222222,-7.4473123550415,NaN,1.30464839232,0.696211884,0.5111522191584,0.2431879344,-0.2679646723704,0.0045243061816068,0.885380521348255,-0.253060224498337,0.00511220724068951,0.899529164197047
-1.6557948218443,0.0287355268879851,1.35698889813465,0.98,0,NaN,NaN,2.47090195168258,1.0144952756129,1.89832833739045,0.429458272258064,-1.46886921747871,0.028475098964129,1.26676672444485,-1.39225669074511,0.0268641761928066,1.26390478064964
-1.27777943653213,0.0348806842615113,0.902893113294367,NaN,0,NaN,NaN,2.07626800323716,1.06617008090323,1.87516972484129,0.807584855225806,-1.06758454560155,0.0333932897264516,0.838576193486996,-1.09817359897623,0.0313360315942999,0.798985334695991
0.0387668442126045,NaN,0.530828400666358,1.1,0,NaN,NaN,0.68239727403984,0.75442953744,0.60625489658472,0.6437941848,0.0375387010416,0.0143622496388571,0.509483819658631,-0.0360635015138695,0.0152630276142881,0.48448444066497
0.198100572429122,NaN,0.26213072164169,NaN,NaN,NaN,NaN,0.072347172390929,0.595937185548387,0.120968400295045,0.56242165563871,0.441454021613419,-9999,0.232871396361457,0.362487538811075,0.0102976357653262,0.189061463040435
NaN,NaN,NaN,NaN,NaN,NaN,NaN,0.00087591491712,0.49309726536,-9999,0.1692501094728,-9999,-9999,-9999,0.382096546575768,0.0134928059344837,0.138212485050411
NaN,NaN,NaN,NaN,NaN,NaN,NaN,0,0.270512486477419,-9999,0.136664598565161,-9999,-9999,-9999,0.696425083635473,0.0192051507860692,0.0567967961456844
NaN,NaN,NaN,NaN,NaN,NaN,NaN,0.000723724722580645,0.0887930788293894,-9999,0.0437607063884288,-9999,-9999,-9999,0.808050655358308,0.0178257100438147,0.0102962650769217
NaN,NaN,NaN,0.1,NaN,NaN,NaN,0.030236364612,0.211618610485714,-9999,0.210242899542857,-9999,-9999,-9999,0.527733303099289,0.0184329631341603,0.0168432107233312
NaN,NaN,NaN,0,0.7966666667,NaN,NaN,0.150492707512258,0.149514817331613,-9999,0.183561140868387,-9999,-9999,-9999,0.274338976539937,0.0148942527782175,0.0447174831002085
0.124406060776043,0.00350470769089238,0.0640662110380101,0,0.7861111111,NaN,NaN,0.353410971875352,0.1602430236,0.349879114855385,0.30788903664,0.0627543453655384,0.00422627625199385,0.0452562265250033,0.0449171461285923,0.00430170172482744,0.0448808325892366
-0.21978838844701,0.000489042568286813,0.156570959936396,0,0.8133333333,NaN,NaN,0.545798310932903,0.356036341006452,1.28635365286452,1.09012710356129,-0.196225524548541,0.000876961566069677,0.156539007922915,-0.136301949865513,0.000760841476359595,0.138511776454693
-0.293630341869928,0.00259397528906871,0.524299832127676,0.041666667,0.6772222222,-9.8973970413208,NaN,0.64758248136,0.4655341728,1.70498183904,1.461789936,-0.24319109223864,0.002698124114484,0.496792526629296,-0.233032730578081,0.00321542342948559,0.49717089016309
-1.20604514211387,0.0290898361878303,1.5793827787275,0.725,0,-5.75688600540161,NaN,2.01765660312774,0.947654542451613,2.35636191090813,1.44635784387097,-0.910002936820645,0.0275383678273548,1.41032725558317,-0.899623553261268,0.0268991274130709,1.38564855299833
-1.50764199493132,0.0529018719955378,0.883081960889792,NaN,0,NaN,NaN,1.87614218734606,0.575180074683871,2.04342682893677,0.817778139096774,-1.22564903098065,0.0376216938812903,0.788516522573794,-1.29767925451268,0.0320512559812662,0.791289188005576
-0.439927470535725,0.0142990821913578,0.434828333078201,0.555555556,0,NaN,NaN,0.8170103250072,0.7031511936,0.696559189176,0.5048154,-0.191744067528,0.01390492294704,0.33654091598685,-0.260260019504023,0.0147619964618834,0.379854627768505
-0.13957100967574,NaN,0.11893144712248,NaN,NaN,-2.59633874893188,NaN,0.165914146917685,0.290688143123613,0.247350625701517,0.133228816443871,-0.10629962013068,-9999,0.113178548220751,0.00338088388744807,0.0079589154083676,0.127460652772016
NaN,NaN,NaN,NaN,NaN,-2.54734897613525,NaN,0.0176252088312,0.01790556056064,-9999,0.0947515622184,-9999,-9999,-9999,0.324993784534314,0.00925275038376504,0.076380065010251
NaN,NaN,NaN,NaN,NaN,-7.83117055892944,NaN,0,0.0037566149226271,-9999,0.0235236463854968,-9999,-9999,-9999,0.691807555246673,0.0132700071719207,0.0761874089201729
NaN,NaN,NaN,NaN,NaN,-7.82549095153809,NaN,NaN,NaN,NaN,NaN,NaN,NaN,NaN,NaN,NaN,NaN
NaN,NaN,NaN,NaN,NaN,-8.54989624023438,NaN,NaN,NaN,NaN,NaN,NaN,NaN,NaN,NaN,NaN,NaN
NaN,NaN,NaN,0,0.8044444444,-9.82014465332031,NaN,NaN,NaN,NaN,NaN,NaN,NaN,NaN,NaN,NaN,NaN
NaN,NaN,NaN,0,0.7983333333,-14.9299449920654,NaN,NaN,NaN,NaN,NaN,NaN,NaN,NaN,NaN,NaN,NaN
NaN,NaN,NaN,0.055555556,0.8716666667,-12.0866851806641,NaN,NaN,NaN,NaN,NaN,NaN,NaN,NaN,NaN,NaN,NaN
NaN,NaN,NaN,0.566666667,0,-5.94829034805298,NaN,NaN,NaN,NaN,NaN,NaN,NaN,NaN,NaN,NaN,NaN
NaN,NaN,NaN,0.883333333,0,-0.514234960079193,NaN,NaN,NaN,NaN,NaN,NaN,NaN,NaN,NaN,NaN,NaN
NaN,NaN,NaN,0.6,0,-4.54896259307861,NaN,NaN,NaN,NaN,NaN,NaN,NaN,NaN,NaN,NaN,NaN
NaN,NaN,NaN,0.666666667,0,-2.73057460784912,NaN,NaN,NaN,NaN,NaN,NaN,NaN,NaN,NaN,NaN,NaN
NaN,NaN,NaN,0.0125,NaN,-1.02129805088043,NaN,NaN,NaN,NaN,NaN,NaN,NaN,NaN,NaN,NaN,NaN
NaN,NaN,NaN,NaN,NaN,-4.339599609375,NaN,NaN,NaN,NaN,NaN,NaN,NaN,NaN,NaN,NaN,NaN
NaN,NaN,NaN,NaN,NaN,-3.88588643074036,NaN,NaN,NaN,NaN,NaN,NaN,NaN,NaN,NaN,NaN,NaN
NaN,NaN,NaN,NaN,NaN,-7.63407135009766,NaN,NaN,NaN,NaN,NaN,NaN,NaN,NaN,NaN,NaN,NaN
NaN,NaN,NaN,NaN,NaN,-6.55010604858398,NaN,NaN,NaN,NaN,NaN,NaN,NaN,NaN,NaN,NaN,NaN
NaN,NaN,NaN,0,0.755,-9.87223052978516,NaN,NaN,NaN,NaN,NaN,NaN,NaN,NaN,NaN,NaN,NaN
NaN,NaN,NaN,NaN,0.7288888889,-11.3567676544189,NaN,NaN,NaN,NaN,NaN,NaN,NaN,NaN,NaN,NaN,NaN
NaN,NaN,NaN,NaN,0.8205555556,-12.0880641937256,NaN,NaN,NaN,NaN,NaN,NaN,NaN,NaN,NaN,NaN,NaN
NaN,NaN,NaN,0.16875,0,-5.99412059783936,NaN,NaN,NaN,NaN,NaN,NaN,NaN,NaN,NaN,NaN,NaN
NaN,NaN,NaN,0.828571429,0,-3.21320724487305,NaN,NaN,NaN,NaN,NaN,NaN,NaN,NaN,NaN,NaN,NaN
NaN,NaN,NaN,0.8,0,-2.03473210334778,NaN,NaN,NaN,NaN,NaN,NaN,NaN,NaN,NaN,NaN,NaN
NaN,NaN,NaN,NaN,0,-2.64518404006958,NaN,NaN,NaN,NaN,NaN,NaN,NaN,NaN,NaN,NaN,NaN
NaN,NaN,NaN,0.2,NaN,-3.96326804161072,NaN,NaN,NaN,NaN,NaN,NaN,NaN,NaN,NaN,NaN,NaN
NaN,NaN,NaN,NaN,NaN,-4.62262964248657,NaN,NaN,NaN,NaN,NaN,NaN,NaN,NaN,NaN,NaN,NaN
NaN,NaN,NaN,NaN,NaN,-5.82970809936523,NaN,NaN,NaN,NaN,NaN,NaN,NaN,NaN,NaN,NaN,NaN
NaN,NaN,NaN,NaN,NaN,-5.53242254257202,NaN,NaN,NaN,NaN,NaN,NaN,NaN,NaN,NaN,NaN,NaN
NaN,NaN,NaN,0,NaN,-5.6682710647583,NaN,NaN,NaN,NaN,NaN,NaN,NaN,NaN,NaN,NaN,NaN
NaN,NaN,NaN,0,0.72,-7.09071588516235,NaN,NaN,NaN,NaN,NaN,NaN,NaN,NaN,NaN,NaN,NaN
NaN,NaN,NaN,NaN,0.8005555556,NaN,NaN,NaN,NaN,NaN,NaN,NaN,NaN,NaN,NaN,NaN,NaN
NaN,NaN,NaN,0,0.7977777778,NaN,NaN,NaN,NaN,NaN,NaN,NaN,NaN,NaN,NaN,NaN,NaN
NaN,NaN,NaN,0.525,0,NaN,NaN,NaN,NaN,NaN,NaN,NaN,NaN,NaN,NaN,NaN,NaN
NaN,NaN,NaN,0.8,0,NaN,NaN,NaN,NaN,NaN,NaN,NaN,NaN,NaN,NaN,NaN,NaN
NaN,NaN,NaN,0.9,0,NaN,NaN,NaN,NaN,NaN,NaN,NaN,NaN,NaN,NaN,NaN,NaN
NaN,NaN,NaN,NaN,0.1416666667,NaN,NaN,NaN,NaN,NaN,NaN,NaN,NaN,NaN,NaN,NaN,NaN
NaN,NaN,NaN,NaN,NaN,NaN,NaN,NaN,NaN,NaN,NaN,NaN,NaN,NaN,NaN,NaN,NaN
NaN,NaN,NaN,NaN,NaN,NaN,NaN,NaN,NaN,NaN,NaN,NaN,NaN,NaN,NaN,NaN,NaN
NaN,NaN,NaN,NaN,NaN,NaN,NaN,NaN,NaN,NaN,NaN,NaN,NaN,NaN,NaN,NaN,NaN
