NBE,CH4,ET,LAI,SCF,EWT,ABGB,GPP_DT,ER_DT,GPP_NT,ER_NT,NBE_F,CH4_F,ET_F,NBE_ANN,CH4_ANN,ET_ANN
NaN,NaN,NaN,NaN,0,-5.74713659286499,NaN,NaN,NaN,NaN,NaN,NaN,NaN,NaN,NaN,NaN,NaN
NaN,NaN,NaN,NaN,0,26.4171333312988,NaN,NaN,NaN,NaN,NaN,NaN,NaN,NaN,NaN,NaN,NaN
NaN,NaN,NaN,NaN,0,20.6436061859131,NaN,NaN,NaN,NaN,NaN,NaN,NaN,NaN,NaN,NaN,NaN
NaN,NaN,NaN,NaN,0,39.6301612854004,NaN,NaN,NaN,NaN,NaN,NaN,NaN,NaN,NaN,NaN,NaN
NaN,NaN,NaN,NaN,0,23.743522644043,NaN,NaN,NaN,NaN,NaN,NaN,NaN,NaN,NaN,NaN,NaN
NaN,NaN,NaN,NaN,0,24.7148876190186,NaN,NaN,NaN,NaN,NaN,NaN,NaN,NaN,NaN,NaN,NaN
NaN,NaN,NaN,NaN,0,3.87428259849548,NaN,NaN,NaN,NaN,NaN,NaN,NaN,NaN,NaN,NaN,NaN
NaN,NaN,NaN,NaN,0,-57.6123352050781,NaN,NaN,NaN,NaN,NaN,NaN,NaN,NaN,NaN,NaN,NaN
NaN,NaN,NaN,NaN,0,-38.2018966674805,NaN,NaN,NaN,NaN,NaN,NaN,NaN,NaN,NaN,NaN,NaN
NaN,NaN,NaN,NaN,0,3.19291591644287,NaN,NaN,NaN,NaN,NaN,NaN,NaN,NaN,NaN,NaN,NaN
NaN,NaN,NaN,NaN,0,39.1254959106445,NaN,NaN,NaN,NaN,NaN,NaN,NaN,NaN,NaN,NaN,NaN
NaN,NaN,NaN,NaN,0,66.3089828491211,NaN,NaN,NaN,NaN,NaN,NaN,NaN,NaN,NaN,NaN,NaN
NaN,NaN,NaN,NaN,0,101.422439575195,NaN,NaN,NaN,NaN,NaN,NaN,NaN,NaN,NaN,NaN,NaN
NaN,NaN,NaN,NaN,0.1944444444,70.0613479614258,NaN,NaN,NaN,NaN,NaN,NaN,NaN,NaN,NaN,NaN,NaN
NaN,NaN,NaN,NaN,0,112.359840393066,NaN,NaN,NaN,NaN,NaN,NaN,NaN,NaN,NaN,NaN,NaN
NaN,NaN,NaN,NaN,0,87.8983306884766,NaN,NaN,NaN,NaN,NaN,NaN,NaN,NaN,NaN,NaN,NaN
NaN,NaN,NaN,NaN,0,61.1119155883789,NaN,NaN,NaN,NaN,NaN,NaN,NaN,NaN,NaN,NaN,NaN
NaN,NaN,NaN,NaN,0,-14.0189456939697,NaN,NaN,NaN,NaN,NaN,NaN,NaN,NaN,NaN,NaN,NaN
NaN,NaN,NaN,NaN,0,-61.8523101806641,NaN,NaN,NaN,NaN,NaN,NaN,NaN,NaN,NaN,NaN,NaN
NaN,NaN,NaN,NaN,0,-75.1849365234375,NaN,NaN,NaN,NaN,NaN,NaN,NaN,NaN,NaN,NaN,NaN
NaN,NaN,NaN,NaN,0,-128.507675170898,NaN,NaN,NaN,NaN,NaN,NaN,NaN,NaN,NaN,NaN,NaN
NaN,NaN,NaN,NaN,0,-158.85107421875,NaN,NaN,NaN,NaN,NaN,NaN,NaN,NaN,NaN,NaN,NaN
NaN,NaN,NaN,NaN,0,-100.265647888184,NaN,NaN,NaN,NaN,NaN,NaN,NaN,NaN,NaN,NaN,NaN
NaN,NaN,NaN,NaN,0,-10.1307401657104,NaN,NaN,NaN,NaN,NaN,NaN,NaN,NaN,NaN,NaN,NaN
NaN,NaN,NaN,NaN,0.01888888889,8.60476016998291,NaN,NaN,NaN,NaN,NaN,NaN,NaN,NaN,NaN,NaN,NaN
NaN,NaN,NaN,NaN,0.4022222222,34.2275733947754,NaN,NaN,NaN,NaN,NaN,NaN,NaN,NaN,NaN,NaN,NaN
NaN,NaN,NaN,NaN,0,69.3306503295898,NaN,NaN,NaN,NaN,NaN,NaN,NaN,NaN,NaN,NaN,NaN
NaN,NaN,NaN,NaN,0,56.3608016967773,NaN,NaN,NaN,NaN,NaN,NaN,NaN,NaN,NaN,NaN,NaN
NaN,NaN,NaN,NaN,0,67.040771484375,NaN,NaN,NaN,NaN,NaN,NaN,NaN,NaN,NaN,NaN,NaN
NaN,NaN,NaN,NaN,0,15.4373912811279,NaN,NaN,NaN,NaN,NaN,NaN,NaN,NaN,NaN,NaN,NaN
NaN,NaN,NaN,NaN,0,-30.0098190307617,NaN,NaN,NaN,NaN,NaN,NaN,NaN,NaN,NaN,NaN,NaN
NaN,NaN,NaN,NaN,0,-92.4289016723633,NaN,NaN,NaN,NaN,NaN,NaN,NaN,NaN,NaN,NaN,NaN
NaN,NaN,NaN,NaN,0,-129.485412597656,NaN,NaN,NaN,NaN,NaN,NaN,NaN,NaN,NaN,NaN,NaN
NaN,NaN,NaN,NaN,0,-149.737564086914,NaN,NaN,NaN,NaN,NaN,NaN,NaN,NaN,NaN,NaN,NaN
NaN,NaN,NaN,NaN,0,-123.16283416748,NaN,NaN,NaN,NaN,NaN,NaN,NaN,NaN,NaN,NaN,NaN
NaN,NaN,NaN,NaN,0,-40.075382232666,NaN,NaN,NaN,NaN,NaN,NaN,NaN,NaN,NaN,NaN,NaN
NaN,NaN,NaN,NaN,0.4911111111,28.6841678619385,NaN,NaN,NaN,NaN,NaN,NaN,NaN,NaN,NaN,NaN,NaN
NaN,NaN,NaN,NaN,0.1444444444,24.0141410827637,NaN,NaN,NaN,NaN,NaN,NaN,NaN,NaN,NaN,NaN,NaN
NaN,NaN,NaN,NaN,0,29.7014598846436,NaN,NaN,NaN,NaN,NaN,NaN,NaN,NaN,NaN,NaN,NaN
NaN,NaN,NaN,NaN,0,7.18294715881348,NaN,NaN,NaN,NaN,NaN,NaN,NaN,NaN,NaN,NaN,NaN
NaN,NaN,NaN,NaN,0,63.9502487182617,NaN,NaN,NaN,NaN,NaN,NaN,NaN,NaN,NaN,NaN,NaN
NaN,NaN,NaN,NaN,0,27.6111755371094,NaN,NaN,NaN,NaN,NaN,NaN,NaN,NaN,NaN,NaN,NaN
NaN,NaN,NaN,NaN,0,-18.5104675292969,NaN,NaN,NaN,NaN,NaN,NaN,NaN,NaN,NaN,NaN,NaN
NaN,NaN,NaN,NaN,0,-35.1206817626953,NaN,NaN,NaN,NaN,NaN,NaN,NaN,NaN,NaN,NaN,NaN
NaN,NaN,NaN,NaN,0,-94.7226638793945,NaN,NaN,NaN,NaN,NaN,NaN,NaN,NaN,NaN,NaN,NaN
NaN,NaN,NaN,NaN,0,-47.0252227783203,NaN,NaN,NaN,NaN,NaN,NaN,NaN,NaN,NaN,NaN,NaN
NaN,NaN,NaN,NaN,0,3.76071548461914,NaN,NaN,NaN,NaN,NaN,NaN,NaN,NaN,NaN,NaN,NaN
NaN,NaN,NaN,NaN,0,31.8147125244141,NaN,NaN,NaN,NaN,NaN,NaN,NaN,NaN,NaN,NaN,NaN
NaN,NaN,NaN,NaN,0.4411111111,39.4762268066406,NaN,NaN,NaN,NaN,NaN,NaN,NaN,NaN,NaN,NaN,NaN
NaN,NaN,NaN,NaN,0.6805555556,77.0797576904297,NaN,NaN,NaN,NaN,NaN,NaN,NaN,NaN,NaN,NaN,NaN
NaN,NaN,NaN,NaN,0,60.8538208007812,NaN,NaN,NaN,NaN,NaN,NaN,NaN,NaN,NaN,NaN,NaN
NaN,NaN,NaN,NaN,0,54.8166580200195,NaN,NaN,NaN,NaN,NaN,NaN,NaN,NaN,NaN,NaN,NaN
NaN,NaN,NaN,NaN,0,68.645263671875,NaN,NaN,NaN,NaN,NaN,NaN,NaN,NaN,NaN,NaN,NaN
NaN,NaN,NaN,NaN,0,21.4327697753906,NaN,NaN,NaN,NaN,NaN,NaN,NaN,NaN,NaN,NaN,NaN
NaN,NaN,NaN,NaN,0,-34.4242553710938,NaN,NaN,NaN,NaN,NaN,NaN,NaN,NaN,NaN,NaN,NaN
NaN,NaN,NaN,NaN,0,-71.1946563720703,NaN,NaN,NaN,NaN,NaN,NaN,NaN,NaN,NaN,NaN,NaN
NaN,NaN,NaN,NaN,0,-149.911560058594,NaN,NaN,NaN,NaN,NaN,NaN,NaN,NaN,NaN,NaN,NaN
NaN,NaN,NaN,NaN,0,-114.485870361328,NaN,NaN,NaN,NaN,NaN,NaN,NaN,NaN,NaN,NaN,NaN
NaN,NaN,NaN,NaN,0,-82.8152084350586,NaN,NaN,NaN,NaN,NaN,NaN,NaN,NaN,NaN,NaN,NaN
NaN,NaN,NaN,NaN,0.2083333333,5.52269554138184,NaN,NaN,NaN,NaN,NaN,NaN,NaN,NaN,NaN,NaN,NaN
0.473692531998432,NaN,0.322886059994974,NaN,0.3388888889,NaN,NaN,0.176332407066877,0.787730078342347,0.155953087520269,0.635594090612491,0.479640519917419,-9999,0.245406177152919,0.696979586709784,0.00661466310451333,0.345513272746227
0.733733129854913,NaN,0.494861953584942,NaN,0,12.0021133422852,NaN,0.0721585966242857,1.98720836807143,0.606845176128,1.62566301471429,1.01881865741143,-9999,0.498833628820152,0.980130719113554,0.00738637921652361,0.555737997607268
0.895386373574603,NaN,1.04698339854368,NaN,0,62.9625778198242,NaN,0.17709999012929,1.27047540980903,0.729771573725419,1.9591045155871,1.22933245122813,-9999,0.945669293536842,1.25757095802417,0.00911848366138132,0.893121046560655
0.974771836011308,NaN,1.68246623376783,NaN,0,93.9316101074219,NaN,0.99942911212896,1.816212687696,1.092045484152,2.08079062056,0.988744911264,-9999,1.54215708774432,1.15975386794759,0.0115097239380998,1.48087366997895
-5.39483424656793,NaN,4.70132929323619,NaN,0,109.36011505127,NaN,5.86459948505806,3.76721262706064,7.26024669133935,5.74837571845161,-1.51187173432258,0.0167089124090323,3.10551239380248,-2.11489228502104,0.0154140777369301,2.93021772742368
-7.39202739570519,NaN,7.29018410139182,NaN,0,NaN,NaN,7.95008658168,4.543539439248,8.644784552352,5.45481986616,-3.189960864,0.02052412673472,4.33793576567368,-3.48634852558061,0.0244892955862884,4.33520112375332
-7.37926235559498,0.029106228125201,8.92311428028277,NaN,0,-21.6757659912109,NaN,6.62026101034064,3.95286918723871,7.72788538696413,5.29815111282581,-2.4297291116129,0.0236843276002839,4.79163477307413,-2.60304142945922,0.01964739731669,4.50362306142484
-5.74097989806817,0.0268803721396262,7.37361186879644,NaN,0,-75.3666381835938,NaN,5.4806711427871,3.55503146393032,7.32627913131871,6.02491069741935,-1.30137142947097,0.0210261546011613,4.5168724235322,-1.81987695465949,0.0184218823225212,4.31291002732309
-3.84762886206798,0.0148753131722389,4.60476296025264,NaN,0,-31.1710147857666,NaN,4.27741889688,3.372079098744,5.25213951768,5.30854553592,0.056400649056,0.0130335082128,2.9683342079432,-0.651709190684011,0.0119363397723567,2.43960662185766
-0.556205092187674,0.0151528532245841,2.53878650363815,NaN,0,-35.4398193359375,NaN,1.3973607432,1.3112261748,1.8704751135329,2.45708731068387,0.586607238487742,0.01365031720584,1.63944159386706,0.506816350345447,0.0106558724699895,1.5205842650535
0.949249808339258,0.00895925604542386,1.08517514736003,NaN,0,-10.4407329559326,NaN,0.3775079330856,1.285301529576,0.6644635211952,1.63569038616,0.971227498608,0.0067021685388,0.845957516877474,1.28890934592677,0.0073823480285467,0.810043734108825
0.346520031122442,0.00769754863852383,0.622761655150952,NaN,0,63.5512924194336,NaN,0.256663864393548,0.62222892308129,0.338292288905806,0.750114588077419,0.4118219388,0.00681317234050065,0.483925912424256,0.574149820859195,0.00670106486066026,0.521786750522837
1.04873148332328,0.00725179968211157,0.594953704893069,NaN,0,68.6512680053711,NaN,0.212577842684903,0.938126205104516,0.123258168469161,1.21241393790968,1.08915488756129,0.00714391866411097,0.5204230932648,1.11925517409587,0.00701350355052847,0.523712204154211
0.580028940204613,0.00776234707782371,0.832160263307042,NaN,0,62.5001945495605,NaN,0.461460645767172,0.99944269334069,0.495805094958538,1.0953611721931,0.599554660208276,0.00634806586593931,0.681622436573721,0.714039156672371,0.00700220242975658,0.70146453764706
1.31812740451382,0.0138239106757373,1.62084615727717,NaN,0,79.6621856689453,NaN,0.692261073160258,1.2145802910271,1.84315150973961,3.1462848332129,1.30313390272258,0.0114444259472206,1.34165059886017,1.35918417042568,0.0114578778358592,1.35788565140998
-1.19887508080203,0.0146417368134984,2.87411710042476,NaN,0,50.930305480957,NaN,2.66153095512,1.062537796152,3.1653801138672,2.51679688776,-0.64857805632,0.01440666652968,2.16436438564846,-0.509538712177661,0.0152680129330555,2.05013398386021
-6.32664752055169,NaN,5.08563823817203,NaN,0,NaN,NaN,9.09067323184258,4.10485326535742,8.99213987074064,3.52967490487742,-5.46247850864516,0.0341449971584516,3.93003672804782,-5.21883952225407,0.0281149110898032,3.97734275614913
-6.59006074086642,0.0583309479932267,6.96437095881234,NaN,0,-3.45976066589355,NaN,9.8460718056,3.374026138296,9.7758571522896,3.16988658216,-6.60598475832,0.0534739152456,5.06413361210401,-6.64266140144434,0.0540193999915487,5.11262539097388
-5.92372182923219,0.0802683366248716,6.91783077302192,NaN,0,-80.1860198974609,NaN,9.17388589675355,4.11896060635355,8.86325834095874,2.94929046,-5.91397054861935,0.0736191973340129,4.95973645767864,-6.0093140999986,0.0734923777570841,4.9121188879668
-5.13573928606189,0.0460490353458399,6.62643099765294,NaN,0,-101.321189880371,NaN,8.29093950664258,3.8633434299871,7.57141214149161,2.63538956647742,-4.93602578129032,0.0370003647871742,4.30977944295387,-5.00565015559599,0.0376785147959469,4.40808429507847
-3.4866915378162,0.0369678921879257,4.42493991985249,NaN,0,-120.765548706055,NaN,5.01019625592,2.507198784624,5.1347058366312,2.34650789136,-2.788202137824,0.0305611257888,2.7417899331701,-2.67665984078257,0.026541012492506,2.78124132590211
0.162522104406198,0.0271625425542693,1.76237043324446,NaN,0,NaN,NaN,1.78601514108387,2.21072606723613,1.76594387016194,2.17989705181935,0.413952221729032,0.0193272554067097,1.39953581717935,0.51975957363875,0.0157006776703328,1.37576613544634
1.54038255282391,0.0217960517044253,0.748905614711436,NaN,0,-61.3758316040039,NaN,0.74105349552,1.733981945904,1.2771942688296,2.86468073496,1.5874926048,0.0167352177312,0.601400721347814,1.54535268782374,0.0128245638238807,0.663401155084584
0.605266466710869,0.0149235370485195,0.592299576784974,NaN,0,-33.2124176025391,NaN,0.434445651450581,2.32337585338839,0.588822135800516,2.23468529713548,1.64586187091613,0.0116957325042581,0.495047450575739,1.52167891284262,0.00857424941292835,0.489299471729721
2.00781541471996,0.0123400523071169,0.438314123164445,NaN,0.4927777778,28.5925769805908,NaN,0.381101905200774,2.50433077549935,0.36852751325729,2.57689163194839,2.20836606294194,0.0110385048309677,0.325775533758545,1.76129865128162,0.00801262817892641,0.426407919459974
1.79303447154225,0.0128106260342319,0.727274394258448,NaN,0,53.3780708312988,NaN,0.638770977187714,3.18723278698286,0.112260503756571,2.13871606122857,2.0264564394,0.0104848363825714,0.648787455739269,1.58283899111773,0.00792929307482538,0.602148053764072
1.31465138826133,NaN,1.21761222041224,NaN,0,NaN,NaN,0.740756607045677,2.29184923998194,0.896406228743226,2.59894842247742,1.70253918387871,0.0119635432822452,1.00553129231173,1.595480432434,0.0107806502402676,0.974075644824517
1.31318345117426,0.0271964634553319,2.00687229039165,NaN,0,54.5192718505859,NaN,1.802172273768,3.364162636536,1.391479996392,3.31211621088,1.920636992808,0.0199194880896,1.51063063455064,1.71157371702127,0.0180840399861263,1.59603010988181
-6.31416745392161,0.0396874671522318,5.39785398240184,NaN,0,45.952033996582,NaN,7.40296403047742,3.8644590320129,7.50934422174194,4.19078795969032,-3.31855005832258,0.0359398251894194,3.97101889123065,-3.42510227367077,0.0351764552083267,3.95873705813687
-12.628271431639,0.0348572698401051,8.94364769777778,NaN,0,44.5475425720215,NaN,11.19158424,4.917226722696,11.488700255112,5.24999990592,-6.2387113392,0.033219178704,5.63380503063313,-6.60739136779782,0.0330010471170644,5.5045855705487
-12.2662472300767,0.0568315461049027,8.71117802966501,NaN,0,35.6855087280273,NaN,10.4032088584258,6.16065991829419,10.7993530686426,5.47082320947097,-5.32852838430968,0.0455072602296774,4.74048384767909,-5.77100691119487,0.0409363678672105,4.8704463018063
-11.0937262960697,0.0431801603962166,8.93906867484849,NaN,0,NaN,NaN,9.28592678928077,5.58348655909935,9.72741226324645,5.18499666232258,-4.54242181587097,0.0315133665584516,5.01803344236745,-5.04617103340913,0.0348714914448762,4.8917238250471
-7.97237010231444,0.0336724244304081,5.46656815051467,NaN,0,NaN,NaN,6.81888321432,4.140347047848,6.054854319936,3.31883664408,-2.73600443808,0.0260261580024,3.39391911176069,-3.48055482277681,0.0268860828088346,3.38204942840746
-2.35399564328947,0.0217641310470339,2.38131083673269,NaN,0,-59.2259941101074,NaN,2.65161919777548,2.89862676840774,2.96876038296774,2.92323985734194,-0.0455199180387096,0.0185914516498839,1.60105655894369,-0.154660808301933,0.0164020036210101,1.57267785098161
0.86564082717543,0.0139477621632998,1.00283301578815,NaN,0,-52.2063636779785,NaN,0.4279530030552,1.426552293528,0.47389843803384,1.79819514792,1.3242957804,0.011452334478984,0.785694948507642,1.40303485725044,0.0113257726015866,0.789778871861631
1.51535579036686,0.00936235198212081,0.446342725242196,NaN,0,9.03988456726074,NaN,0.252871837367226,1.69958079785032,0.133461821845161,1.62833312949677,1.49487372984774,0.00922668385271226,0.445023836914172,1.48141561722017,0.00854020051696828,0.453489824162377
1.0341423549931,0.00471884955697253,0.327308873715818,NaN,0.4927777778,41.9846954345703,NaN,0.426941584378839,1.16035328547871,0.299797486583226,1.01082232869677,0.711025708970323,0.00842905953125419,0.329521006471611,1.01115675710384,0.00934265136172659,0.401492304534705
0.787572425841744,0.0123551482051757,0.509445672647168,NaN,0.4,NaN,NaN,0.500328502066286,1.12578444786857,0.834476258391429,1.58219345134286,0.7477203798,0.00890730517852286,0.396403806443413,0.816817080405616,0.0102653567728428,0.489640140869015
0.744394708576274,0.0160402002375412,0.961940047365812,NaN,0,57.7595825195312,NaN,0.462295977473032,1.10059807765935,0.673828812262452,1.54214177434839,0.868310391483871,0.0127379161279742,0.850845058269285,1.02439289804886,0.0131771537497635,0.857367061596864
1.78570968126856,0.0213619124737178,1.76533112402677,NaN,0,62.0434265136719,NaN,1.0378590760512,2.046000784752,1.373842982448,3.32128800648,1.94744301624,0.01846828875168,1.56758000596987,1.85854010601398,0.0186488499817825,1.57076603348544
-3.01412483251035,0.0357844750638621,3.94090934441829,NaN,0,53.4933013916016,NaN,7.15620875969032,3.88870570823226,6.64848547479871,3.59190079246452,-3.05658195909677,0.0324745169982968,3.06732583540219,-3.4019011937331,0.033545111095526,3.23813010270891
-9.13232820738495,0.0496942934385985,6.91348535567076,NaN,0,12.481183052063,NaN,10.111016009376,4.092474200832,9.562815005904,2.9403269136,-6.62248424376,0.0434531869992,4.44149363109103,-6.70135926555376,0.0409422171478225,4.74968009486974
-9.62196424454877,0.044186754271356,7.56546403073823,NaN,0,NaN,NaN,11.019255718529,5.09395766195613,9.85429646430967,3.08029330126452,-6.77401872459097,0.0363901518696774,4.85756650091364,-6.48575088418685,0.0405206863912412,4.90160477703925
-6.43890111162102,0.0496876500612834,6.71654571959172,NaN,0,-29.9318790435791,NaN,8.72429240821936,3.65968683778065,8.23071745035871,2.83010756585806,-5.40060515883871,0.0412491298552258,4.28342677165601,-5.25079341280409,0.0432749628350065,4.4395202620059
-4.25016166003882,0.0430972256292668,5.31070762467766,NaN,0,-58.635326385498,NaN,5.99939116704,3.314459637576,5.3030484752976,1.95702633864,-3.34600798896,0.03446653808016,3.42876751708501,-3.14541160409265,0.0353058074479615,3.42325485384605
0.00950269310746269,0.0207081914217442,1.77422431489695,NaN,0,-88.222770690918,NaN,1.63034520329032,1.69150407651871,1.769742194616,2.1044633976,0.334715328696774,0.0168757947487277,1.38022534265839,0.375652112709917,0.0164302804590569,1.4777572082135
0.975532305331058,0.00660955830639669,0.678166571990736,NaN,0,-38.3953132629395,NaN,0.418737045888,1.434915345672,0.20601062388,1.23681313008,1.030801554432,0.0062958834144,0.652868412512888,1.05114032876703,0.00761898076355443,0.674249372436038
1.43087173218347,0.00939964586285956,0.543330851095203,NaN,0,NaN,NaN,0.289424985143226,1.68121038846194,0.349416952722581,1.80362273713548,1.45420374181935,0.00884390970309677,0.557191178279931,1.4507681077687,0.00823459605839349,0.559882794612719
1.14980286413856,0.0104130701558153,0.51799189565597,NaN,0.1877777778,26.543041229248,1920.417962,0.300410983206581,1.67704956861677,-0.236540198578064,0.974950580206452,1.21148840996129,0.00775569925254194,0.481299074053012,1.22267911863862,0.00851650528759188,0.483442527488295
0.950214760773343,0.0122599751415043,0.477039163444721,NaN,0,39.0931053161621,1920.417962,0.548356164420857,1.51254279295714,0.404177761902857,1.29886291954286,0.894682877142857,0.00973668233417143,0.441903021465899,0.981297480969984,0.0103229026959625,0.48506131655317
1.13430112085561,0.013373047539544,0.86390066792741,NaN,0,40.6107711791992,1920.417962,0.304212586721806,1.44998865197419,0.443154372756387,1.63818695055484,1.19503531008,0.0106233914348361,0.766825703779265,1.34414383078769,0.0117388563891601,0.820754896174749
2.01532038436738,0.0269913402448771,2.07396953547604,NaN,0,52.7699813842773,1920.417962,1.0166416532856,1.76678728452,1.968526947168,3.24687806064,1.2783526416,0.0228680188344,1.86934045443446,1.39583279281288,0.0231070156001304,1.90957430480825
-6.09368882382255,0.0567911692145254,6.72592559572535,NaN,0,29.3851871490479,1920.417962,8.374158432,4.49675893049807,8.16255984003097,4.23121212766452,-3.93134883932903,0.0458702305455484,4.25756123331879,-3.71440779594355,0.0448637503578504,4.20995573624489
-8.35025868509598,0.0537476261521861,7.88507891832806,NaN,0,NaN,1920.417962,10.399346478,4.748278137336,12.27498525936,5.52842798832,-6.7465608264,0.0516438573566897,5.86683814748499,-5.895670264385,0.048116139640289,4.93598804883682
NaN,NaN,NaN,NaN,0,58.8370132446289,1920.417962,9.34990716983226,4.35694488094452,9.87169571031484,3.42746245068387,-6.44423088634839,-9999,6.51041314943034,-6.06113425387787,0.0505622256665139,5.65575146377874
-8.6099899556852,NaN,10.7232746308534,NaN,0,-29.4700527191162,1920.417962,9.62842682376,5.04390058706323,8.83289366428645,3.46622290165161,-5.36667453399484,-9999,6.35626390220588,-5.22420680588146,0.0527882404050214,5.75900424562227
-5.05337121051591,NaN,7.83436390908652,NaN,0,-110.127098083496,1920.417962,6.66130835376,4.175926619256,5.718984865704,2.88717299208,-2.831810314176,-9999,4.32980029363648,-2.874438631524,0.0432975570859708,4.19112211373257
-0.234768293398098,NaN,3.21193493050802,NaN,0,NaN,1920.417962,2.41363069481729,2.38696619653161,2.62925197434581,3.32677205233548,0.697521003793548,-9999,2.33124690697094,0.537162514303742,0.0223869224398427,1.94422039336362
1.15474316123812,NaN,1.26435814753474,NaN,0,NaN,1920.417962,0.9485594065368,2.443215714768,0.94082269968,2.53868091408,1.59786547992,-9999,1.30305346621304,1.42978171219537,0.0148562228984205,1.05971115458763
2.41675028521201,NaN,1.01636598994863,NaN,0,27.5655975341797,1920.417962,0.588703603278194,2.76237648348387,0.381713724294968,2.91256865465806,2.53084568562581,-9999,1.14313825713539,2.50028858351347,0.0105097947991502,0.774000248265636
NaN,NaN,NaN,NaN,0,59.1072692871094,NaN,NaN,NaN,NaN,NaN,NaN,NaN,NaN,NaN,NaN,NaN
NaN,NaN,NaN,NaN,0,31.1340370178223,NaN,NaN,NaN,NaN,NaN,NaN,NaN,NaN,NaN,NaN,NaN
NaN,NaN,NaN,NaN,0,57.7117691040039,NaN,NaN,NaN,NaN,NaN,NaN,NaN,NaN,NaN,NaN,NaN
NaN,NaN,NaN,NaN,0,NaN,NaN,NaN,NaN,NaN,NaN,NaN,NaN,NaN,NaN,NaN,NaN
NaN,NaN,NaN,NaN,0,71.7165908813477,NaN,NaN,NaN,NaN,NaN,NaN,NaN,NaN,NaN,NaN,NaN
NaN,NaN,NaN,NaN,0,22.1910972595215,NaN,NaN,NaN,NaN,NaN,NaN,NaN,NaN,NaN,NaN,NaN
NaN,NaN,NaN,NaN,0,-33.1162261962891,NaN,NaN,NaN,NaN,NaN,NaN,NaN,NaN,NaN,NaN,NaN
NaN,NaN,NaN,NaN,0,-45.5230369567871,NaN,NaN,NaN,NaN,NaN,NaN,NaN,NaN,NaN,NaN,NaN
NaN,NaN,NaN,NaN,0,NaN,NaN,NaN,NaN,NaN,NaN,NaN,NaN,NaN,NaN,NaN,NaN
NaN,NaN,NaN,NaN,0,NaN,NaN,NaN,NaN,NaN,NaN,NaN,NaN,NaN,NaN,NaN,NaN
NaN,NaN,NaN,NaN,0,-83.0096893310547,NaN,NaN,NaN,NaN,NaN,NaN,NaN,NaN,NaN,NaN,NaN
NaN,NaN,NaN,NaN,0,-8.80735206604004,NaN,NaN,NaN,NaN,NaN,NaN,NaN,NaN,NaN,NaN,NaN
NaN,NaN,NaN,NaN,0,-29.0311622619629,NaN,NaN,NaN,NaN,NaN,NaN,NaN,NaN,NaN,NaN,NaN
NaN,NaN,NaN,NaN,0,NaN,NaN,NaN,NaN,NaN,NaN,NaN,NaN,NaN,NaN,NaN,NaN
NaN,NaN,NaN,NaN,0,77.2816543579102,NaN,NaN,NaN,NaN,NaN,NaN,NaN,NaN,NaN,NaN,NaN
NaN,NaN,NaN,NaN,0,66.5120315551758,NaN,NaN,NaN,NaN,NaN,NaN,NaN,NaN,NaN,NaN,NaN
NaN,NaN,NaN,NaN,0,94.815788269043,NaN,NaN,NaN,NaN,NaN,NaN,NaN,NaN,NaN,NaN,NaN
NaN,NaN,NaN,NaN,0,27.5514640808105,NaN,NaN,NaN,NaN,NaN,NaN,NaN,NaN,NaN,NaN,NaN
NaN,NaN,NaN,NaN,0,NaN,NaN,NaN,NaN,NaN,NaN,NaN,NaN,NaN,NaN,NaN,NaN
NaN,NaN,NaN,NaN,0,NaN,NaN,NaN,NaN,NaN,NaN,NaN,NaN,NaN,NaN,NaN,NaN
NaN,NaN,NaN,NaN,0,NaN,NaN,NaN,NaN,NaN,NaN,NaN,NaN,NaN,NaN,NaN,NaN
NaN,NaN,NaN,NaN,0,NaN,NaN,NaN,NaN,NaN,NaN,NaN,NaN,NaN,NaN,NaN,NaN
NaN,NaN,NaN,NaN,0,NaN,NaN,NaN,NaN,NaN,NaN,NaN,NaN,NaN,NaN,NaN,NaN
NaN,NaN,NaN,NaN,0,NaN,NaN,NaN,NaN,NaN,NaN,NaN,NaN,NaN,NaN,NaN,NaN
NaN,NaN,NaN,NaN,0.4961111111,NaN,NaN,NaN,NaN,NaN,NaN,NaN,NaN,NaN,NaN,NaN,NaN
NaN,NaN,NaN,NaN,0,NaN,NaN,NaN,NaN,NaN,NaN,NaN,NaN,NaN,NaN,NaN,NaN
NaN,NaN,NaN,NaN,0,NaN,NaN,NaN,NaN,NaN,NaN,NaN,NaN,NaN,NaN,NaN,NaN
NaN,NaN,NaN,NaN,0,NaN,NaN,NaN,NaN,NaN,NaN,NaN,NaN,NaN,NaN,NaN,NaN
NaN,NaN,NaN,NaN,0,NaN,NaN,NaN,NaN,NaN,NaN,NaN,NaN,NaN,NaN,NaN,NaN
NaN,NaN,NaN,NaN,0,36.5927619934082,NaN,NaN,NaN,NaN,NaN,NaN,NaN,NaN,NaN,NaN,NaN
NaN,NaN,NaN,NaN,0,3.52146625518799,NaN,NaN,NaN,NaN,NaN,NaN,NaN,NaN,NaN,NaN,NaN
NaN,NaN,NaN,NaN,0,NaN,NaN,NaN,NaN,NaN,NaN,NaN,NaN,NaN,NaN,NaN,NaN
NaN,NaN,NaN,NaN,0,NaN,NaN,NaN,NaN,NaN,NaN,NaN,NaN,NaN,NaN,NaN,NaN
NaN,NaN,NaN,NaN,0,1.63912785053253,NaN,NaN,NaN,NaN,NaN,NaN,NaN,NaN,NaN,NaN,NaN
NaN,NaN,NaN,NaN,0,31.3472442626953,NaN,NaN,NaN,NaN,NaN,NaN,NaN,NaN,NaN,NaN,NaN
NaN,NaN,NaN,NaN,0,59.6350784301758,NaN,NaN,NaN,NaN,NaN,NaN,NaN,NaN,NaN,NaN,NaN
