NBE,CH4,ET,LAI,SCF,EWT,ABGB,GPP_DT,ER_DT,GPP_NT,ER_NT,NBE_F,CH4_F,ET_F,NBE_ANN,CH4_ANN,ET_ANN
NaN,NaN,NaN,0.022222222,0.3655555556,20.6164531707764,NaN,NaN,NaN,NaN,NaN,NaN,NaN,NaN,NaN,NaN,NaN
NaN,NaN,NaN,0,0.6333333333,26.2675514221191,NaN,NaN,NaN,NaN,NaN,NaN,NaN,NaN,NaN,NaN,NaN
NaN,NaN,NaN,0.441666667,0.1061111111,20.3244304656982,NaN,NaN,NaN,NaN,NaN,NaN,NaN,NaN,NaN,NaN,NaN
NaN,NaN,NaN,1.055555556,0,22.1333389282227,NaN,NaN,NaN,NaN,NaN,NaN,NaN,NaN,NaN,NaN,NaN
NaN,NaN,NaN,1.922222222,0,31.8471908569336,NaN,NaN,NaN,NaN,NaN,NaN,NaN,NaN,NaN,NaN,NaN
NaN,NaN,NaN,3.666666667,0,15.9595108032227,NaN,NaN,NaN,NaN,NaN,NaN,NaN,NaN,NaN,NaN,NaN
NaN,NaN,NaN,4.825,0,6.90621662139893,NaN,NaN,NaN,NaN,NaN,NaN,NaN,NaN,NaN,NaN,NaN
NaN,NaN,NaN,4.4,0,-8.77255821228027,NaN,NaN,NaN,NaN,NaN,NaN,NaN,NaN,NaN,NaN,NaN
NaN,NaN,NaN,3.66875,0,-53.8580627441406,NaN,NaN,NaN,NaN,NaN,NaN,NaN,NaN,NaN,NaN,NaN
NaN,NaN,NaN,1.092857143,0,-46.2296257019043,NaN,NaN,NaN,NaN,NaN,NaN,NaN,NaN,NaN,NaN,NaN
NaN,NaN,NaN,0.533333333,0,-43.7525482177734,NaN,NaN,NaN,NaN,NaN,NaN,NaN,NaN,NaN,NaN,NaN
NaN,NaN,NaN,0.244444444,0.4722222222,-10.7300415039062,NaN,NaN,NaN,NaN,NaN,NaN,NaN,NaN,NaN,NaN,NaN
NaN,NaN,NaN,0.15,0.105,NaN,NaN,NaN,NaN,NaN,NaN,NaN,NaN,NaN,NaN,NaN,NaN
NaN,NaN,NaN,0.133333333,0.5355555556,-10.1320972442627,NaN,NaN,NaN,NaN,NaN,NaN,NaN,NaN,NaN,NaN,NaN
NaN,NaN,NaN,0.538888889,0,7.75805902481079,NaN,NaN,NaN,NaN,NaN,NaN,NaN,NaN,NaN,NaN,NaN
NaN,NaN,NaN,0.644444444,0,28.051929473877,NaN,NaN,NaN,NaN,NaN,NaN,NaN,NaN,NaN,NaN,NaN
NaN,NaN,NaN,0.972222222,0,57.9296646118164,NaN,NaN,NaN,NaN,NaN,NaN,NaN,NaN,NaN,NaN,NaN
NaN,NaN,NaN,3.738888889,0,NaN,NaN,NaN,NaN,NaN,NaN,NaN,NaN,NaN,NaN,NaN,NaN
NaN,NaN,NaN,3.816666667,0,17.2950859069824,NaN,NaN,NaN,NaN,NaN,NaN,NaN,NaN,NaN,NaN,NaN
NaN,NaN,NaN,4.5375,0,-3.73368525505066,NaN,NaN,NaN,NaN,NaN,NaN,NaN,NaN,NaN,NaN,NaN
NaN,NaN,NaN,3.45,0,1.91531598567963,NaN,NaN,NaN,NaN,NaN,NaN,NaN,NaN,NaN,NaN,NaN
NaN,NaN,NaN,1.211111111,0,-7.93289184570312,NaN,NaN,NaN,NaN,NaN,NaN,NaN,NaN,NaN,NaN,NaN
NaN,NaN,NaN,0.55,0,7.58054780960083,NaN,NaN,NaN,NaN,NaN,NaN,NaN,NaN,NaN,NaN,NaN
NaN,NaN,NaN,0.4375,0,25.9451065063477,NaN,NaN,NaN,NaN,NaN,NaN,NaN,NaN,NaN,NaN,NaN
NaN,NaN,NaN,0.344444444,0.04611111111,32.6258506774902,NaN,NaN,NaN,NaN,NaN,NaN,NaN,NaN,NaN,NaN,NaN
NaN,NaN,NaN,0.405555556,0.02,32.7474021911621,NaN,NaN,NaN,NaN,NaN,NaN,NaN,NaN,NaN,NaN,NaN
NaN,NaN,NaN,0.677777778,0,52.661548614502,NaN,NaN,NaN,NaN,NaN,NaN,NaN,NaN,NaN,NaN,NaN
NaN,NaN,NaN,1,0,24.8460788726807,NaN,NaN,NaN,NaN,NaN,NaN,NaN,NaN,NaN,NaN,NaN
NaN,NaN,NaN,2.08125,0,NaN,NaN,NaN,NaN,NaN,NaN,NaN,NaN,NaN,NaN,NaN,NaN
NaN,NaN,NaN,3.366666667,0,6.38646650314331,NaN,NaN,NaN,NaN,NaN,NaN,NaN,NaN,NaN,NaN,NaN
NaN,NaN,NaN,4.505555556,0,-38.1696548461914,NaN,NaN,NaN,NaN,NaN,NaN,NaN,NaN,NaN,NaN,NaN
NaN,NaN,NaN,5.3375,0,-59.2440948486328,NaN,NaN,NaN,NaN,NaN,NaN,NaN,NaN,NaN,NaN,NaN
NaN,NaN,NaN,2.305555556,0,-75.0045166015625,NaN,NaN,NaN,NaN,NaN,NaN,NaN,NaN,NaN,NaN,NaN
NaN,NaN,NaN,1.005555556,0,NaN,NaN,NaN,NaN,NaN,NaN,NaN,NaN,NaN,NaN,NaN,NaN
NaN,NaN,NaN,0.522222222,0,-56.0469207763672,NaN,NaN,NaN,NaN,NaN,NaN,NaN,NaN,NaN,NaN,NaN
NaN,NaN,NaN,0.4375,0.01888888889,-53.898796081543,NaN,NaN,NaN,NaN,NaN,NaN,NaN,NaN,NaN,NaN,NaN
NaN,NaN,NaN,0.177777778,0.3744444444,-34.1969757080078,NaN,NaN,NaN,NaN,NaN,NaN,NaN,NaN,NaN,NaN,NaN
NaN,NaN,NaN,0.111111111,0.2505555556,-9.96983337402344,NaN,NaN,NaN,NaN,NaN,NaN,NaN,NaN,NaN,NaN,NaN
NaN,NaN,NaN,0.411111111,0,NaN,NaN,NaN,NaN,NaN,NaN,NaN,NaN,NaN,NaN,NaN,NaN
NaN,NaN,NaN,0.666666667,0,5.87779426574707,NaN,NaN,NaN,NaN,NaN,NaN,NaN,NaN,NaN,NaN,NaN
NaN,NaN,NaN,1.416666667,0,11.4123163223267,NaN,NaN,NaN,NaN,NaN,NaN,NaN,NaN,NaN,NaN,NaN
NaN,NaN,NaN,3.49375,0,27.2665309906006,NaN,NaN,NaN,NaN,NaN,NaN,NaN,NaN,NaN,NaN,NaN
NaN,NaN,NaN,3.683333333,0,11.0475625991821,NaN,NaN,NaN,NaN,NaN,NaN,NaN,NaN,NaN,NaN,NaN
NaN,NaN,NaN,4.6625,0,NaN,NaN,NaN,NaN,NaN,NaN,NaN,NaN,NaN,NaN,NaN,NaN
NaN,NaN,NaN,2.811111111,0,NaN,NaN,NaN,NaN,NaN,NaN,NaN,NaN,NaN,NaN,NaN,NaN
NaN,NaN,NaN,1.594444444,0,-27.7408180236816,NaN,NaN,NaN,NaN,NaN,NaN,NaN,NaN,NaN,NaN,NaN
NaN,NaN,NaN,0.6,0,-18.9168815612793,NaN,NaN,NaN,NaN,NaN,NaN,NaN,NaN,NaN,NaN,NaN
NaN,NaN,NaN,0.20625,0,-11.4532613754272,NaN,NaN,NaN,NaN,NaN,NaN,NaN,NaN,NaN,NaN,NaN
NaN,NaN,NaN,0.025,0.4788888889,4.86139535903931,NaN,NaN,NaN,NaN,NaN,NaN,NaN,NaN,NaN,NaN,NaN
NaN,NaN,NaN,0.022222222,0.5127777778,NaN,NaN,NaN,NaN,NaN,NaN,NaN,NaN,NaN,NaN,NaN,NaN
NaN,NaN,NaN,0.107142857,0.2488888889,25.8783702850342,NaN,NaN,NaN,NaN,NaN,NaN,NaN,NaN,NaN,NaN,NaN
NaN,NaN,NaN,0.677777778,0,38.5135116577148,NaN,NaN,NaN,NaN,NaN,NaN,NaN,NaN,NaN,NaN,NaN
NaN,NaN,NaN,1.527777778,0,52.647087097168,NaN,NaN,NaN,NaN,NaN,NaN,NaN,NaN,NaN,NaN,NaN
NaN,NaN,NaN,3.2125,0,41.0132217407227,NaN,NaN,NaN,NaN,NaN,NaN,NaN,NaN,NaN,NaN,NaN
NaN,NaN,NaN,3.355555556,0,NaN,NaN,NaN,NaN,NaN,NaN,NaN,NaN,NaN,NaN,NaN,NaN
NaN,NaN,NaN,3.966666667,0,24.523380279541,NaN,NaN,NaN,NaN,NaN,NaN,NaN,NaN,NaN,NaN,NaN
NaN,NaN,NaN,3.866666667,0,19.645414352417,NaN,NaN,NaN,NaN,NaN,NaN,NaN,NaN,NaN,NaN,NaN
NaN,NaN,NaN,1.216666667,0,2.75448274612427,NaN,NaN,NaN,NaN,NaN,NaN,NaN,NaN,NaN,NaN,NaN
NaN,NaN,NaN,0.3625,0.01333333333,23.3132133483887,NaN,NaN,NaN,NaN,NaN,NaN,NaN,NaN,NaN,NaN,NaN
NaN,NaN,NaN,0.405555556,0,NaN,NaN,NaN,NaN,NaN,NaN,NaN,NaN,NaN,NaN,NaN,NaN
NaN,NaN,NaN,0.057142857,0.415,47.8736915588379,NaN,3.58916942249543,0.483589306461002,-9999,0.93884575807989,-9999,-9999,-9999,0.359162282730853,0.100721593560757,1.54919359938881
NaN,NaN,NaN,0.011111111,0.5072222222,52.0916061401367,NaN,4.78784972057143,0.315109969585714,-9999,0.673332291771429,-9999,-9999,-9999,0.734792460668962,0.0298118517409805,2.20249440272132
NaN,NaN,NaN,0.416666667,0.03222222222,32.7532386779785,NaN,5.73650273496774,0.996744661153548,-9999,1.59212496379355,-9999,-9999,-9999,0.206656907410444,-0.0352041255963588,2.13652634744284
NaN,NaN,NaN,0.657142857,0,50.1120300292969,NaN,6.5556874476,2.206082079,-9999,2.84222132928,-9999,-9999,-9999,0.0640580623925837,0.153454038298262,2.12266978411718
NaN,NaN,NaN,2.03125,0,49.497989654541,NaN,7.53129471623226,3.85504143054968,-9999,4.2106979952,-9999,-9999,-9999,-0.0895552447850806,0.345862830041992,3.04716502948405
NaN,NaN,NaN,3.122222222,0,NaN,NaN,6.906113158824,4.296830128632,-9999,4.56170248872,-9999,-9999,-9999,0.0283247506822884,0.577730816422537,3.53339512392401
-5.10935493016522,0.862740803334765,6.60599062577397,3.488888889,0,94.7179718017578,NaN,7.29150916991226,4.66743497602064,7.69031634246894,5.25263460061935,-1.6082624299076,0.931510708701265,5.70246386796125,-1.13978594563814,0.823652239559115,4.65061556815212
-5.77292671004457,0.790162963034489,5.91379511996036,4.755555556,0,50.861988067627,NaN,6.00267726425032,3.52095818258323,8.14467183755923,5.57379086934194,-2.57088613656774,0.811665502643613,4.73412388659037,-2.49802091331233,0.912197268848335,4.56211317732692
-4.38972361365284,0.702683617149755,4.7095884038007,2.816666667,0,12.4317226409912,NaN,3.8825826312744,1.233615334464,5.9161515293232,4.23263650536,-1.683512419392,0.5994376400736,3.6827593536465,-1.60656245269795,0.588340868280606,3.45663109807042
-0.61952083164413,NaN,2.43601805669657,0.855555556,0,NaN,NaN,1.29030554085677,1.10067558528774,1.9052063248469,1.17616843347097,-0.740193213773793,0.265263460877793,2.67374440346155,-0.613417322975265,0.216331829820137,2.25992199462374
NaN,NaN,NaN,0.561111111,0,NaN,NaN,0.601322355936,0.845131888872,-9999,1.36570598856,-9999,-9999,-9999,0.0846337898320167,0.147239822371234,1.06487560995326
NaN,NaN,NaN,0.375,0,44.9426193237305,NaN,0.41324512203871,0.564756554043871,-9999,0.942645796490322,-9999,-9999,-9999,0.276368117843567,0.0930593354102848,-0.387172027031708
NaN,NaN,NaN,0.457142857,0.05777777778,62.779125213623,NaN,0.422450939682581,0.206837485339355,-9999,0.390542135458064,-9999,-9999,-9999,0.340937987116653,0.0653467935554864,0.169896039266875
NaN,NaN,NaN,0.58,0,47.405143737793,NaN,0.39964738742069,0.187355581348966,-9999,0.327765607696552,-9999,-9999,-9999,0.0370680876140024,-0.0141358520055281,0.562508028867276
NaN,NaN,NaN,0.533333333,0,81.0561981201172,NaN,0.344677015974194,0.183924913052903,-9999,0.27911445236129,-9999,-9999,-9999,-0.252474679266287,-0.0626127575373867,0.869569504969579
-0.418780194265231,0.0817710882397871,2.3679351492317,0.7875,0,NaN,NaN,0.720529744392,0.178037636832,0.49442329344463,0.10764827712,-0.365576621957217,0.0953759067975,2.25402747067643,-0.408956233660401,0.077919162503609,2.26345092228219
-1.10708133185,0.428134380176886,3.4740179077081,1.272222222,0,89.1204528808594,NaN,2.38683922302194,0.26775973656,2.78704040564903,1.70840560738065,-1.07863347948387,0.386620285164387,2.90387138440234,-0.451800264793602,0.376698411876953,2.77055781400593
-4.17536666281403,0.573936774366046,6.12541108982813,3.177777778,0,70.4082183837891,NaN,5.2335291083256,1.34611352064,6.715091094336,4.12892125488,-2.586161547504,0.5931239607936,5.57764979880382,-2.55279060908026,0.580490951452403,5.46773094605493
-6.71829097633554,NaN,6.13477828375291,3.878571429,0,26.6172828674316,NaN,6.9797669516129,2.40910722483097,9.84589918030452,6.83949368647742,-3.00641299320774,0.923380752602323,5.05682350274062,-3.34007652075484,0.828232228070632,5.17762759741522
-5.39874257366124,0.929402511363051,5.59735829769655,4.722222222,0,24.3529357910156,NaN,5.84285091900387,2.23191505059097,7.34333004130065,4.84858642412903,-2.49474097625806,0.889196030479742,4.48511288319187,-2.61731007782515,0.911547465452374,4.4640872850073
-3.0866148087901,0.650566610569617,3.98517127661759,4.011111111,0,NaN,NaN,3.836992378536,1.5173770806,5.144774237928,4.18185841896,-0.96291889416,0.5852103580008,3.2382794688933,-1.18931620578964,0.640616345821573,3.197394416409
-1.44856114591247,NaN,2.53940101415631,1.483333333,0,NaN,NaN,1.724245193664,0.581938455096,2.5188523254,2.68750759824,0.168656005296,0.3874485883608,2.08705503957469,-0.0234597048957743,0.327126728957073,1.72350391329758
NaN,NaN,NaN,0.664285714,0,9.02275848388672,NaN,NaN,NaN,NaN,NaN,NaN,NaN,NaN,NaN,NaN,NaN
NaN,NaN,NaN,0.457142857,0.02833333333,40.3730735778809,NaN,NaN,NaN,NaN,NaN,NaN,NaN,NaN,NaN,NaN,NaN
NaN,NaN,NaN,0.31875,0.08166666667,31.4734287261963,NaN,NaN,NaN,NaN,NaN,NaN,NaN,NaN,NaN,NaN,NaN
NaN,NaN,NaN,0.3875,0.01444444444,NaN,NaN,NaN,NaN,NaN,NaN,NaN,NaN,NaN,NaN,NaN,NaN
NaN,NaN,NaN,0.392857143,0,78.9290542602539,NaN,NaN,NaN,NaN,NaN,NaN,NaN,NaN,NaN,NaN,NaN
NaN,NaN,NaN,0.6,0,88.1498336791992,NaN,NaN,NaN,NaN,NaN,NaN,NaN,NaN,NaN,NaN,NaN
NaN,NaN,NaN,1.605555556,0,113.977157592773,NaN,NaN,NaN,NaN,NaN,NaN,NaN,NaN,NaN,NaN,NaN
NaN,NaN,NaN,2.394444444,0,90.9244232177734,NaN,NaN,NaN,NaN,NaN,NaN,NaN,NaN,NaN,NaN,NaN
NaN,NaN,NaN,4,0,NaN,NaN,NaN,NaN,NaN,NaN,NaN,NaN,NaN,NaN,NaN,NaN
NaN,NaN,NaN,4.41875,0,NaN,NaN,NaN,NaN,NaN,NaN,NaN,NaN,NaN,NaN,NaN,NaN
NaN,NaN,NaN,3.235714286,0,NaN,NaN,NaN,NaN,NaN,NaN,NaN,NaN,NaN,NaN,NaN,NaN
NaN,NaN,NaN,1.066666667,0,NaN,NaN,NaN,NaN,NaN,NaN,NaN,NaN,NaN,NaN,NaN,NaN
NaN,NaN,NaN,0.572222222,0,NaN,NaN,NaN,NaN,NaN,NaN,NaN,NaN,NaN,NaN,NaN,NaN
NaN,NaN,NaN,0.24375,0.1188888889,NaN,NaN,NaN,NaN,NaN,NaN,NaN,NaN,NaN,NaN,NaN,NaN
NaN,NaN,NaN,0.044444444,0.4505555556,NaN,NaN,NaN,NaN,NaN,NaN,NaN,NaN,NaN,NaN,NaN,NaN
NaN,NaN,NaN,0.155555556,0.4855555556,NaN,NaN,NaN,NaN,NaN,NaN,NaN,NaN,NaN,NaN,NaN,NaN
NaN,NaN,NaN,0.45,0,NaN,NaN,NaN,NaN,NaN,NaN,NaN,NaN,NaN,NaN,NaN,NaN
NaN,NaN,NaN,0.561111111,0,NaN,NaN,NaN,NaN,NaN,NaN,NaN,NaN,NaN,NaN,NaN,NaN
NaN,NaN,NaN,2.066666667,0,NaN,NaN,NaN,NaN,NaN,NaN,NaN,NaN,NaN,NaN,NaN,NaN
NaN,NaN,NaN,2.061111111,0,97.4944152832031,NaN,NaN,NaN,NaN,NaN,NaN,NaN,NaN,NaN,NaN,NaN
NaN,NaN,NaN,4.0875,0,82.1836471557617,NaN,NaN,NaN,NaN,NaN,NaN,NaN,NaN,NaN,NaN,NaN
NaN,NaN,NaN,4.735714286,0,NaN,NaN,NaN,NaN,NaN,NaN,NaN,NaN,NaN,NaN,NaN,NaN
NaN,NaN,NaN,2.142857143,0,NaN,NaN,NaN,NaN,NaN,NaN,NaN,NaN,NaN,NaN,NaN,NaN
NaN,NaN,NaN,1.755555556,0,67.218132019043,NaN,NaN,NaN,NaN,NaN,NaN,NaN,NaN,NaN,NaN,NaN
NaN,NaN,NaN,0.527777778,0.04722222222,74.6759872436523,NaN,NaN,NaN,NaN,NaN,NaN,NaN,NaN,NaN,NaN,NaN
NaN,NaN,NaN,0.377777778,0.01777777778,81.0246963500977,NaN,NaN,NaN,NaN,NaN,NaN,NaN,NaN,NaN,NaN,NaN
NaN,NaN,NaN,0.22,0.05333333333,88.0298614501953,NaN,NaN,NaN,NaN,NaN,NaN,NaN,NaN,NaN,NaN,NaN
NaN,NaN,NaN,0.5,0.08944444444,107.662551879883,NaN,NaN,NaN,NaN,NaN,NaN,NaN,NaN,NaN,NaN,NaN
NaN,NaN,NaN,0.457142857,0,91.9846801757812,NaN,NaN,NaN,NaN,NaN,NaN,NaN,NaN,NaN,NaN,NaN
NaN,NaN,NaN,0.538888889,0,111.413345336914,NaN,NaN,NaN,NaN,NaN,NaN,NaN,NaN,NaN,NaN,NaN
NaN,NaN,NaN,1.038888889,0,158.606094360352,NaN,NaN,NaN,NaN,NaN,NaN,NaN,NaN,NaN,NaN,NaN
NaN,NaN,NaN,2.157142857,0,152.651458740234,NaN,NaN,NaN,NaN,NaN,NaN,NaN,NaN,NaN,NaN,NaN
NaN,NaN,NaN,3.425,0,130.94953918457,NaN,NaN,NaN,NaN,NaN,NaN,NaN,NaN,NaN,NaN,NaN
NaN,NaN,NaN,5.4,0,97.7430725097656,NaN,NaN,NaN,NaN,NaN,NaN,NaN,NaN,NaN,NaN,NaN
NaN,NaN,NaN,2.88125,0,67.1747894287109,NaN,NaN,NaN,NaN,NaN,NaN,NaN,NaN,NaN,NaN,NaN
NaN,NaN,NaN,1,0,65.4450912475586,NaN,NaN,NaN,NaN,NaN,NaN,NaN,NaN,NaN,NaN,NaN
NaN,NaN,NaN,0.4625,0,94.5839767456055,NaN,NaN,NaN,NaN,NaN,NaN,NaN,NaN,NaN,NaN,NaN
NaN,NaN,NaN,0.321428571,0.03166666667,129.721466064453,NaN,NaN,NaN,NaN,NaN,NaN,NaN,NaN,NaN,NaN,NaN
