NBE,CH4,ET,LAI,SCF,EWT,ABGB,GPP_DT,ER_DT,GPP_NT,ER_NT,NBE_F,CH4_F,ET_F,NBE_ANN,CH4_ANN,ET_ANN
NaN,NaN,NaN,0.35,0.3111111111,27.0096740722656,NaN,NaN,NaN,NaN,NaN,NaN,NaN,NaN,NaN,NaN,NaN
NaN,NaN,NaN,0.266666667,0.3344444444,35.7628288269043,NaN,NaN,NaN,NaN,NaN,NaN,NaN,NaN,NaN,NaN,NaN
NaN,NaN,NaN,0.211111111,0.4316666667,37.0451431274414,NaN,NaN,NaN,NaN,NaN,NaN,NaN,NaN,NaN,NaN,NaN
NaN,NaN,NaN,1.105555556,0,23.4028282165527,NaN,NaN,NaN,NaN,NaN,NaN,NaN,NaN,NaN,NaN,NaN
NaN,NaN,NaN,1.177777778,0,30.736328125,NaN,NaN,NaN,NaN,NaN,NaN,NaN,NaN,NaN,NaN,NaN
NaN,NaN,NaN,5.427777778,0,42.9928016662598,NaN,NaN,NaN,NaN,NaN,NaN,NaN,NaN,NaN,NaN,NaN
NaN,NaN,NaN,5.2,0,14.5418586730957,NaN,NaN,NaN,NaN,NaN,NaN,NaN,NaN,NaN,NaN,NaN
NaN,NaN,NaN,4.888888889,0,-14.5083961486816,NaN,NaN,NaN,NaN,NaN,NaN,NaN,NaN,NaN,NaN,NaN
NaN,NaN,NaN,2.766666667,0,-25.1681594848633,NaN,NaN,NaN,NaN,NaN,NaN,NaN,NaN,NaN,NaN,NaN
NaN,NaN,NaN,0.877777778,0,-8.1375207901001,NaN,NaN,NaN,NaN,NaN,NaN,NaN,NaN,NaN,NaN,NaN
NaN,NaN,NaN,NaN,0,-2.80267381668091,NaN,NaN,NaN,NaN,NaN,NaN,NaN,NaN,NaN,NaN,NaN
NaN,NaN,NaN,0.55,0.3377777778,16.9119243621826,NaN,NaN,NaN,NaN,NaN,NaN,NaN,NaN,NaN,NaN,NaN
NaN,NaN,NaN,0.433333333,0.2694444444,32.6336059570312,NaN,NaN,NaN,NaN,NaN,NaN,NaN,NaN,NaN,NaN,NaN
NaN,NaN,NaN,0.27,0.4127777778,32.1936264038086,NaN,NaN,NaN,NaN,NaN,NaN,NaN,NaN,NaN,NaN,NaN
NaN,NaN,NaN,0.194444444,0.4633333333,35.9776916503906,NaN,NaN,NaN,NaN,NaN,NaN,NaN,NaN,NaN,NaN,NaN
NaN,NaN,NaN,1,0,46.2583694458008,NaN,NaN,NaN,NaN,NaN,NaN,NaN,NaN,NaN,NaN,NaN
NaN,NaN,NaN,1.383333333,0,43.617546081543,NaN,NaN,NaN,NaN,NaN,NaN,NaN,NaN,NaN,NaN,NaN
NaN,NaN,NaN,4.138888889,0,17.3252182006836,NaN,NaN,NaN,NaN,NaN,NaN,NaN,NaN,NaN,NaN,NaN
NaN,NaN,NaN,4.116666667,0,-16.6719951629639,NaN,NaN,NaN,NaN,NaN,NaN,NaN,NaN,NaN,NaN,NaN
NaN,NaN,NaN,4.633333333,0,-17.6100997924805,NaN,NaN,NaN,NaN,NaN,NaN,NaN,NaN,NaN,NaN,NaN
NaN,NaN,NaN,2.966666667,0,-40.4479751586914,NaN,NaN,NaN,NaN,NaN,NaN,NaN,NaN,NaN,NaN,NaN
NaN,NaN,NaN,0.705555556,0,-42.5603561401367,NaN,NaN,NaN,NaN,NaN,NaN,NaN,NaN,NaN,NaN,NaN
NaN,NaN,NaN,0.705555556,0,-36.6047897338867,NaN,NaN,NaN,NaN,NaN,NaN,NaN,NaN,NaN,NaN,NaN
NaN,NaN,NaN,0.444444444,0.1988888889,-36.9999046325684,NaN,NaN,NaN,NaN,NaN,NaN,NaN,NaN,NaN,NaN,NaN
NaN,NaN,NaN,0.4,0.3111111111,-20.611743927002,NaN,NaN,NaN,NaN,NaN,NaN,NaN,NaN,NaN,NaN,NaN
NaN,NaN,NaN,0.5,0.2827777778,-29.6401824951172,NaN,NaN,NaN,NaN,NaN,NaN,NaN,NaN,NaN,NaN,NaN
NaN,NaN,NaN,0.588888889,0.00833333333,-21.3685207366943,NaN,NaN,NaN,NaN,NaN,NaN,NaN,NaN,NaN,NaN,NaN
NaN,NaN,NaN,0.8,0,3.87180924415588,NaN,NaN,NaN,NaN,NaN,NaN,NaN,NaN,NaN,NaN,NaN
NaN,NaN,NaN,1.71875,0,-6.68671894073486,NaN,NaN,NaN,NaN,NaN,NaN,NaN,NaN,NaN,NaN,NaN
NaN,NaN,NaN,5.094444444,0,0.199560075998306,NaN,NaN,NaN,NaN,NaN,NaN,NaN,NaN,NaN,NaN,NaN
NaN,NaN,NaN,5.23125,0,-42.5310897827148,NaN,NaN,NaN,NaN,NaN,NaN,NaN,NaN,NaN,NaN,NaN
NaN,NaN,NaN,4.99375,0,-49.7144508361816,NaN,NaN,NaN,NaN,NaN,NaN,NaN,NaN,NaN,NaN,NaN
NaN,NaN,NaN,1.56875,0,-43.2828559875488,NaN,NaN,NaN,NaN,NaN,NaN,NaN,NaN,NaN,NaN,NaN
NaN,NaN,NaN,0.7,0,-20.1038208007812,NaN,NaN,NaN,NaN,NaN,NaN,NaN,NaN,NaN,NaN,NaN
NaN,NaN,NaN,0.7,0,-16.2967948913574,NaN,NaN,NaN,NaN,NaN,NaN,NaN,NaN,NaN,NaN,NaN
NaN,NaN,NaN,NaN,0.3888888889,-5.47856855392456,NaN,NaN,NaN,NaN,NaN,NaN,NaN,NaN,NaN,NaN,NaN
NaN,NaN,NaN,0.183333333,0.37,0.705554485321045,NaN,NaN,NaN,NaN,NaN,NaN,NaN,NaN,NaN,NaN,NaN
NaN,NaN,NaN,0.292857143,0.4022222222,2.59892702102661,NaN,NaN,NaN,NaN,NaN,NaN,NaN,NaN,NaN,NaN,NaN
NaN,NaN,NaN,0.2,0.4455555556,13.3429756164551,NaN,NaN,NaN,NaN,NaN,NaN,NaN,NaN,NaN,NaN,NaN
NaN,NaN,NaN,NaN,0.2622222222,16.765251159668,NaN,NaN,NaN,NaN,NaN,NaN,NaN,NaN,NaN,NaN,NaN
NaN,NaN,NaN,1.333333333,0,25.1804065704346,NaN,NaN,NaN,NaN,NaN,NaN,NaN,NaN,NaN,NaN,NaN
NaN,NaN,NaN,4.227777778,0,38.6486320495605,NaN,NaN,NaN,NaN,NaN,NaN,NaN,NaN,NaN,NaN,NaN
NaN,NaN,NaN,4.577777778,0,10.6166248321533,NaN,NaN,NaN,NaN,NaN,NaN,NaN,NaN,NaN,NaN,NaN
NaN,NaN,NaN,4.877777778,0,-19.3858261108398,NaN,NaN,NaN,NaN,NaN,NaN,NaN,NaN,NaN,NaN,NaN
NaN,NaN,NaN,3.605555556,0,-41.831787109375,NaN,NaN,NaN,NaN,NaN,NaN,NaN,NaN,NaN,NaN,NaN
NaN,NaN,NaN,0.861111111,0,-30.6491680145264,NaN,NaN,NaN,NaN,NaN,NaN,NaN,NaN,NaN,NaN,NaN
NaN,NaN,NaN,NaN,0.09888888889,-29.9460697174072,NaN,NaN,NaN,NaN,NaN,NaN,NaN,NaN,NaN,NaN,NaN
NaN,NaN,NaN,0.3,0.2722222222,-3.82072710990906,NaN,NaN,NaN,NaN,NaN,NaN,NaN,NaN,NaN,NaN,NaN
NaN,NaN,NaN,NaN,0.3283333333,5.56430339813232,NaN,NaN,NaN,NaN,NaN,NaN,NaN,NaN,NaN,NaN,NaN
NaN,NaN,NaN,0.216666667,0.2822222222,7.2652416229248,NaN,NaN,NaN,NaN,NaN,NaN,NaN,NaN,NaN,NaN,NaN
NaN,NaN,NaN,0.32,0.275,19.8997669219971,NaN,NaN,NaN,NaN,NaN,NaN,NaN,NaN,NaN,NaN,NaN
NaN,NaN,NaN,1.038888889,0,28.2647724151611,NaN,NaN,NaN,NaN,NaN,NaN,NaN,NaN,NaN,NaN,NaN
NaN,NaN,NaN,1.694444444,0,26.0267868041992,NaN,NaN,NaN,NaN,NaN,NaN,NaN,NaN,NaN,NaN,NaN
NaN,NaN,NaN,4.966666667,0,21.1377639770508,NaN,NaN,NaN,NaN,NaN,NaN,NaN,NaN,NaN,NaN,NaN
NaN,NaN,NaN,5.65,0,0.833048224449158,NaN,NaN,NaN,NaN,NaN,NaN,NaN,NaN,NaN,NaN,NaN
NaN,NaN,NaN,4.911111111,0,-9.90155124664307,NaN,NaN,NaN,NaN,NaN,NaN,NaN,NaN,NaN,NaN,NaN
NaN,NaN,NaN,3.022222222,0,-19.3478755950928,NaN,NaN,NaN,NaN,NaN,NaN,NaN,NaN,NaN,NaN,NaN
NaN,NaN,NaN,0.5,0,-9.40390777587891,NaN,NaN,NaN,NaN,NaN,NaN,NaN,NaN,NaN,NaN,NaN
NaN,NaN,NaN,0.683333333,0,3.69171404838562,NaN,NaN,NaN,NaN,NaN,NaN,NaN,NaN,NaN,NaN,NaN
NaN,NaN,NaN,0.333333333,0.3088888889,22.7838897705078,NaN,NaN,NaN,NaN,NaN,NaN,NaN,NaN,NaN,NaN,NaN
0.485749658203349,NaN,0.0342131917620747,0.314285714,0.3583333333,36.3716735839844,NaN,0.12073453083871,0.537265344402581,-0.148141805555613,0.33022485188129,0.478366719324387,-9999,0.0500524532792885,0.444403429694991,0.000935924663578155,0.0659476343405725
0.292712781970972,NaN,0.125705455600377,0.314285714,0.3127777778,33.1329078674316,NaN,0.129006518245714,0.562757343428571,0.0435949087885714,0.310459632685714,0.266866284342857,-9999,0.115177708430647,0.298629723519027,0.000936803568825464,0.13711154905005
0.373577209415647,NaN,0.369674613291496,0.7,0,36.7294692993164,NaN,0.682578620872258,0.920342945032258,0.362510577652645,0.765090603870968,0.402582161636129,-9999,0.320542156912696,0.382998090855586,0.000572419409133455,0.332663365572713
-0.0552654835310838,NaN,0.881435993900698,1.177777778,0,16.7525672912598,NaN,1.584726648624,1.371837312,1.701013785264,1.6730134416,-0.028001916,-9999,0.907992057808854,-0.0370489822984873,0.000538151558223691,0.893207489285341
-0.373093735540104,NaN,1.39233584760103,1.877777778,0,24.4374122619629,NaN,4.20736347875613,4.069890144,3.86437253829677,3.53071802322581,-0.333664698565161,-9999,1.54794199611984,-0.283552242198423,0.000920348773156677,1.73936558681479
NaN,NaN,NaN,5.477777778,0,35.0548553466797,NaN,8.720180352,5.999436144,7.67229592896,5.955448896,-1.7168556096,-9999,2.15897094544323,-1.92613055229756,0.00173610611563764,2.01553934769119
-1.46077508039603,NaN,3.06901273413175,4.905555556,0,26.4352798461914,NaN,7.63541029625806,5.83680662709677,9.96324604189714,7.58769607741935,-1.0548058248,-9999,3.61785146583898,-1.36291244002728,0.00310119736749421,2.80430836433599
NaN,NaN,NaN,4.677777778,0,14.184009552002,NaN,5.34174520412903,3.91233860129032,-9999,5.45695292903226,-9999,-9999,-9999,-1.21140774258325,0.00334486983588303,2.0450906567725
NaN,NaN,NaN,2.444444444,0,18.2452774047852,NaN,3.05871768432,1.9303544016,-9999,2.750517072,-9999,-9999,-9999,-0.500156762777051,0.00207728335958043,0.925402771512253
-9.39030042622672e-05,0.00335771223773643,0.504025017777867,0.783333333,0,17.3692111968994,NaN,1.68293711845161,1.76594570105806,1.21998501543138,1.8629482436129,0.412380401206154,0.00213111938972903,0.397061225158719,0.530526225741283,0.00143611186459706,0.533605205776111
-0.298588363023821,0.00104352848835304,0.265951914155058,0.7,0,24.0566825866699,NaN,0.389773906992,0.58540793904,0.4775651419392,0.5521151592,0.07455039264,0.002317429210464,0.130184779819005,0.324017924744586,0.000656951135616983,0.150447882727146
0.31196261573202,0.000769643618362349,0.180992389781451,0.425,0.2627777778,32.5958862304688,NaN,0.0736913508387097,0.345965986219355,0.459533525741419,0.742031041703226,0.282499166090323,0.000665310579607742,0.0535123931301741,0.362749850774777,0.000696933895598859,0.0823288760969787
-0.0355665964809023,0.000982545865614857,0.175844992118319,NaN,0.26,NaN,NaN,0.162201488423226,0.56123601380129,0.0622933594792258,0.136548566514581,0.0742554642425806,0.000741311761703226,0.0350054631540347,0.193217763472863,0.0009974627324947,0.0618101154712704
0.549219673684453,0.00153727872584193,0.314117650068004,NaN,0.3394444444,41.0051193237305,NaN,0.19762229556,0.523688090708571,-0.219339247078286,0.0878548256177143,0.307194254228571,0.000591917535514286,0.116111413066413,0.405765472349483,0.00109250660719091,0.143706718457147
0.520502178928328,0.000911399548941012,0.344525854037341,0.291666667,0.3888888889,53.2913780212402,NaN,0.0391524518090323,0.450606316645161,0.0973040435767742,0.395923362270968,0.298620361068387,0.000588189916335484,0.173737441966913,0.458123785291033,0.000536892361785573,0.208318366181816
-0.624521595418191,0.00085740373238961,0.727832774462683,1.038888889,0,68.3073348999023,NaN,0.699523278624,0.5428571904,1.4454149633424,1.1788064784,-0.266609068848,0.001012255652088,0.422564665367013,0.122071693591367,0.000494955840970424,0.460312689730715
-1.94517969524273,0.00252113147498901,1.86655635599064,1.161111111,0,58.6305236816406,NaN,3.31143572136774,3.23402222090323,2.06380730741574,2.98258990141935,0.918782006818065,0.00084078409563871,1.26858622233146,0.0411727808780568,0.00129085349464597,1.14014600363552
-6.90878754041995,NaN,2.97062234399315,5.538888889,0,NaN,NaN,7.139723112,4.3034234112,7.379537840352,4.681949328,-2.69760357936,0.00576070682688,1.70055866734078,-2.33055567920701,0.00332423605822459,1.81158993732045
-4.23692509301421,0.00768921541417585,3.22422838744455,5.372222222,0,63.865348815918,NaN,7.94629109729032,5.69085570580645,9.00840029067871,7.36565044645161,-1.64273962575484,0.00705811981935484,2.42007109401346,-1.80988519374249,0.00538880931151607,2.46499095039722
-2.2725210316497,0.00382212146408927,1.56400959169661,4.888888889,0,36.1082458496094,NaN,8.01059663705806,6.55798045935484,7.27906850602839,5.2688725316129,-2.01021468154839,0.00388618377152516,1.90184476147752,-1.99152209779144,0.00400233630040094,1.95283245724229
-1.19600422808463,0.00241461048014013,0.93217635044231,4.316666667,0,-6.67036056518555,NaN,4.24375345584,2.90937420864,4.646490315264,3.666636864,-0.97984219104,0.002405916351792,1.06078195632544,-0.97928003794688,0.00242678207579573,1.11281574537068
0.276941591754959,0.00102389567896699,0.46584094165549,0.738888889,0,-4.45429086685181,NaN,1.47365984057806,1.83966552,1.62953558282323,1.93147082941935,0.301933332696774,0.00099619434980129,0.535242040476539,0.330483748307981,0.00104264996226489,0.586162079276074
0.39085903125521,0.00074924338353571,0.144455293156741,0.9,0,-14.90989112854,NaN,0.339541361136,0.53686008576,0.4113109027008,0.8474621616,0.436152141504,0.000184644826992,0.144432187150203,0.436338794194994,0.000490961807280796,0.156307647048742
0.376428943859401,0.00125801794217437,0.156921358933308,0.5,0.2211111111,-26.7048721313477,NaN,0.00969455101935484,0.225130081703226,-0.0688306574926452,0.317429342709677,0.386260139612903,0.00110293955814194,0.105939783605798,0.38401556453609,0.000978152507429041,0.122496088558277
0.247706736163026,0.0012167323193286,0.14029990545427,0.575,0.2572222222,-33.7185440063477,NaN,0.156309707148387,0.562087512,-0.0393694263174194,0.206091987607742,0.245461010910968,0.00113051737277419,0.0924623825747867,0.288920928188782,0.00121806069020222,0.108947810350906
0.33627473590927,0.000766385247650142,0.181194605680636,0.455555556,0.2461111111,-24.9697456359863,NaN,0.275802910013793,0.614005370317241,-0.0809256140689655,0.225094663613793,0.306021177285517,0.000796092145671724,0.131518987810622,0.327695781741896,0.000832799321828947,0.147381401425191
0.19306281881243,0.000723972198312318,0.384876230822763,1.122222222,0.01611111111,-27.3880863189697,NaN,1.03321815143226,1.08599891365161,0.763806148820129,1.03214884830968,0.268341299976774,0.000750492801290323,0.346026774866569,0.256951281484069,0.000697232216945099,0.347844996182471
-0.457195490915927,NaN,0.90089953837399,1.166666667,0,-17.7294044494629,NaN,1.47025560384,0.96436640304,1.6838304007248,1.5112959696,-0.172533884688,0.00021741097104,0.774931305772717,-0.217631948983256,0.000252469641313036,0.761879634166126
-1.25156929729936,NaN,1.89026083412085,2.344444444,0,NaN,NaN,4.77594161293935,3.24065254296774,5.49864713171613,4.14692282322581,-1.3517172836129,0.00128740905819871,1.73035286017099,-0.852260637169377,0.00134642139593323,1.76624293774051
-5.7685823620106,0.00313717863035268,3.09167404780652,5.838888889,0,-3.3312451839447,NaN,7.94228710464,4.064170752,9.38577461472,5.856733008,-3.52904092272,0.002839578566976,2.76914686225358,-3.58185224867359,0.00283980854097823,2.7576598152672
-4.97581079846357,0.00564626383963685,3.57105395152742,4.95625,0,-30.7665538787842,NaN,7.85116221677419,4.39134219406452,9.36621658177548,7.17490251870968,-2.19131129032258,0.00588964861514323,2.93732643130406,-2.4589128606986,0.00492263127698432,2.97577113611561
-5.16922590907839,0.0043229273687181,2.47681335239217,5.227777778,0,-67.9158325195312,NaN,7.15562957310968,5.01326718967742,7.11260296426684,4.68747787354839,-2.42513515741935,0.00403338035826581,1.9130155932664,-2.26299233735987,0.00395849063073918,2.01219454469986
-2.23798608634903,0.00203388301988906,1.66164752475623,2.644444444,0,-105.120803833008,NaN,3.564485244,2.4950335248,3.858971803344,2.9438925264,-0.91507966344,0.001672212484224,1.37556447284746,-0.803191588013393,0.00180537510181966,1.38779529116321
0.221620028407139,0.000487567705535096,0.502358443108778,0.711111111,0,NaN,NaN,0.782878749863226,0.862725987406452,1.16574840478452,1.70012827974194,0.534378794957419,0.000529022168314839,0.422484589218378,0.568513370295449,0.000580289929370998,0.391562170946745
0.557001056877312,8.80062571469794e-05,0.196792065641414,0.7,0,-98.9601593017578,NaN,0.154000262736,0.37173335184,0.00880128676800001,0.59941476,0.590612467824,0.000601363286208,0.156336732651714,0.618867143181648,0.000574040173485116,0.167660499627357
0.500133582151137,0.000459974928525327,0.105558383455421,0.666666667,0,-90.2188186645508,NaN,0.105410560645161,0.436561265032258,-0.0889478045187097,0.361216039122581,0.450163786018065,0.000330530583994839,0.0787235349188469,0.432622429855318,0.000619710774161035,0.0957278243502821
0.31907541714884,0.000703953462254291,0.119731774550743,0.75,0.2244444444,-90.0927581787109,NaN,0.183375784056774,0.208585183718555,-0.0412845221729032,0.308193941761548,0.349478914900645,0.000881140954110968,0.089903461128705,0.324155275126646,0.00106857254394608,0.0946828134095104
0.264287599653493,8.53871258907408e-05,0.188665996446734,0.294444444,0.3394444444,-72.7322692871094,NaN,0.215140909371429,0.793072888457143,-0.00308984493085716,0.253545433508571,0.256635500842286,0.000513560951074286,0.126824198377146,0.255558262824313,0.000438687121073436,0.129225248474219
0.491224814486954,0.000537617808260992,0.319342082395801,0.266666667,0.3383333333,NaN,NaN,0.310914866322581,0.5102289792,-0.0796531903618065,0.310679572645161,0.390332825605161,0.000413910336054194,0.257714337059779,0.415725979991389,0.000396544240226486,0.234696611040399
0.274755844522171,NaN,0.629364803546987,0.1,0.3244444444,-43.3916130065918,NaN,0.686925612576,0.5989287312,0.3657138050016,0.6789316968,0.313216610688,0.000602231849352,0.549284518963839,0.360503387252303,0.000268301299348642,0.499195538771222
-0.864437903106929,NaN,1.40299438258714,1.6,0,-2.05630683898926,NaN,2.99208918077419,2.82874937806452,2.7845342898271,2.46268162219355,-0.321855286389677,0.00078162353972129,1.18571998739421,-0.246271120975123,0.000791514365578147,1.19942565036568
-4.94535309866381,0.00311442970108811,2.94804293430392,4.716666667,0,13.5914669036865,NaN,7.56900651312,5.057970336,7.912281144096,5.55614208,-2.35614579264,0.00325976248368,2.19545636405625,-2.47589469727176,0.00289092114920515,2.16829596514
-6.4227395173691,0.00516685327810233,3.38079626034008,4.7,0,-3.39841175079346,NaN,9.33055952516129,6.00544730322581,9.31903115365161,5.61172321393548,-3.70729461739355,0.00447666188609032,2.79135206394965,-3.57834893451838,0.00488291250348514,2.72698086785975
-6.13868776948461,0.00325669578065017,2.68180574687638,4.811111111,0,NaN,NaN,7.32143271298064,4.06006893058064,8.82070187922581,6.8725368,-1.94815239654194,0.00280915638094452,1.93790106273045,-2.33110809009535,0.00328675882745979,1.9488025443509
-3.12795226311023,0.00314146691892952,1.48288357325322,3.255555556,0,NaN,NaN,4.73425829424,3.751115544,5.805588461328,4.855290192,-0.95030069616,0.00313103351376,1.14320260556673,-0.985595616084347,0.00302005668506842,1.26093490563601
0.00397324483951022,NaN,0.585704691328553,0.788888889,0,-48.2856712341309,NaN,1.28171105930323,1.6924343876129,1.29739195291355,1.89177822348387,0.59438739195871,0.00196021039726452,0.442785841451657,0.562094032354913,0.00159880796521786,0.461741958931102
0.503945666876338,0.00113689771341292,0.12334313363213,0.694444444,0.07333333333,-38.3383445739746,NaN,0.39964740048,0.5506187328,0.8462743411248,1.5381958032,0.69192247248,0.0007671692433456,0.128693945330628,0.466194525455994,0.000827313353010331,0.144893429777687
0.0965614871610629,-0.000252089225495401,0.0722655315198118,0.133333333,0.5238888889,-15.8829641342163,NaN,0.122613080887742,0.168708639483871,0.170287847842065,0.211315563991742,0.0410266396474839,0.000597929608428387,0.0520712785051902,0.285968979133723,0.000551910475550323,0.0555511803329668
0.195547986707886,0.000963867330092556,0.0617340697748905,0.4,0.3416666667,-13.2868156433105,NaN,0.097465143483871,0.170935445594323,0.0707491413694452,0.280095374176212,0.209347333083871,0.00101709218118194,0.0359250514100284,0.238100218907054,0.000968900628043807,0.057052829209657
0.445102864591241,0.00117471504437068,0.211023791250737,0.2,0.3155555556,NaN,NaN,0.149125563771429,0.284103971485714,-0.104480977062857,0.215251858851429,0.319733246653714,0.000898972373777143,0.108976041212432,0.342230912766097,0.000974138889407124,0.131598735944475
0.630109689063091,0.000678065243454249,0.374349487197716,0.155555556,0.4483333333,-4.95235776901245,NaN,0.164503872,0.793926142606452,-0.318290381266065,0.209557120477935,0.527847087651097,0.000703146749173333,0.231453857293241,0.536439923236222,0.000554161925109284,0.25198352282119
0.173120438845454,NaN,0.465613525370456,0.338888889,0.3572222222,6.79708576202393,NaN,0.4281547392,0.803131776,0.3962963233152,0.58800121776,0.191705193792,-9999,0.381807695713128,0.241339007286536,0.00031014204300271,0.376817628270901
-0.516206831950632,NaN,1.66852826481665,1.3,0,31.1047649383545,NaN,2.55891208013419,2.49507341419355,3.08989925772387,3.208693824,0.118793779060645,-9999,1.35099848010682,0.133296948833572,0.00153110749536706,1.34638500593037
-4.56526054683632,0.0034534788216245,2.7708188584895,4.883333333,0,41.9776954650879,NaN,7.5455653176,5.248783872,7.933861134144,5.372248896,-2.56160999232,0.00402649151888571,2.26029559406634,-2.60039538168939,0.00377752960291286,2.24630411071744
-6.63745781854508,0.0069400924910475,3.13341717279985,4.775,0,NaN,NaN,9.28249060645161,4.89039524129032,10.6602886977445,6.17409229935484,-4.48619195659355,0.00673122618859355,2.61225086954927,-3.95682766776588,0.0067326467586478,2.65101373628206
-5.30326241622735,0.00508707082198234,2.23493402290265,5.083333333,0,-7.84687614440918,NaN,7.62441751138064,5.44771421883871,9.0013928298271,6.93259399741935,-2.06880291731613,0.00517147903602581,1.73020930183672,-2.06618047634027,0.00510229770627054,1.75528023951548
-2.99538607177806,0.00342570319391953,1.65892856687548,3.844444444,0,-4.80304098129272,NaN,3.68823299616,2.4848158752,4.226531755824,3.1652343792,-1.061297725536,0.00337538971337143,1.18707449000201,-0.840972071739545,0.00406372271255316,1.24760495385932
0.030286398447765,NaN,0.5871915130382,0.711111111,0,-7.39321613311768,NaN,1.02322206413419,1.15535077780645,1.04425640570323,1.39204782812903,0.347789104258064,-9999,0.429223570628404,0.40636324170634,0.00209065870937497,0.428622563825797
0.543573386815923,NaN,0.191674969009609,0.5,0.02388888889,-9.05560111999512,NaN,0.315253728144,0.46368296496,0.0929371463856001,0.63184682736,0.538909776432,-9999,0.163534487935515,0.512257984453954,0.000825608262370744,0.154100685752535
0.0561799240626008,NaN,NaN,NaN,0.1475,NaN,NaN,0.182656160686452,0.77564393655329,0.149400073240258,0.456560991685161,0.307162281418839,0.000679397888419776,0.0329982710399297,0.35317913912664,0.000680226814930627,0.0599774623509914
0.310863518501471,0.00125768162973645,0.181455533174085,0.211111111,0.3705555556,7.97349262237549,5024.08346,0.265400601909677,2.45958528956284,-0.0575043507778065,0.248003183668645,0.305507616373161,0.00119378692107871,0.188474522109303,0.307918157484687,0.00117854751563307,0.170171559397119
0.245643809052791,0.000884711072877804,0.248096250770833,0.3,0.3227777778,15.6378765106201,5024.08346,0.245584771714286,0.716762420532,-0.0837411131314286,0.151573439221714,0.235314579445714,0.000810477982851429,0.235163285965659,0.239841072606094,0.000940094743704646,0.232091508914379
0.366352317487163,0.00150420212776267,0.458862193099199,0.561111111,0.03055555556,-6.06859493255615,5024.08346,0.195814593754839,2.59210134469161,0.100953499740387,0.464946206585806,0.363992777233548,0.00143934261203613,0.42191062421788,0.365622364934335,0.00117966252179724,0.407824578758553
0.0504268651145403,NaN,1.04848268004264,1.133333333,0,7.31681537628174,5024.08346,0.75724657776,0.798663146688,0.81036406296,0.9178179696,0.107454865824,0.001191761996688,0.977070429075752,0.123307402119799,0.000617076287840277,0.969752543327699
-0.390683213990623,0.00239494965555459,1.70342774361852,2.105555556,0,7.03299522399902,5024.08346,2.5112901096,1.91515136051613,3.15577881276387,3.03810117677419,-0.117676494812903,0.00225953144979097,1.55123733476075,-0.14087412041306,0.00208354374196471,1.54119566782788
-3.44266083178191,0.00609116382745962,2.78891901727946,5.561111111,0,NaN,5024.08346,7.4651299488,4.736087136,7.73927111592,5.19217056,-2.54709339984,0.006300658253088,2.49331125855244,-2.5757642898899,0.00567827051724289,2.47219616714533
-4.66706129788547,0.0111659111617182,3.8191072280839,5.744444444,0,0.1172109618783,5024.08346,7.78651448005161,3.72754760516129,9.07298018849032,5.56934832,-3.50363386683871,0.0101362184294865,3.32396767312356,-3.40843225497609,0.0104431143333049,3.31556606402549
-2.18412301171136,0.00900848270816475,2.61205138990761,4.722222222,0,-28.2793064117432,5024.08346,7.21879946988387,5.69459417806452,6.61077576507716,4.86705525677419,-1.74373287282581,0.00849481109103484,2.38444897326583,-1.72078173994436,0.00829404261877932,2.37821406052788
-0.606690598251721,0.00700492948752484,1.93812734992982,3.355555556,0,-21.8542747497559,5024.08346,4.39257168144,3.492077832,5.074212483648,4.96965888,-0.10455655248,0.006948974216304,1.73302898856319,-0.126014869841529,0.00670491143428976,1.73132071207848
-0.00275493119838736,0.00185520541464898,0.935264699786623,0.805555556,0,NaN,5024.08346,1.23106615998968,1.28036957109677,1.52328951381832,1.78254728825806,0.259260513027097,0.0015573627,0.85883688549908,0.275705452358982,0.00186215763695466,0.782267840851244
0.41626927866542,NaN,0.406881367108393,0.638888889,0,NaN,5024.08346,0.387238409712,0.5736149136,0.483508678895424,0.9590028768,0.475494777216,0.00154647772416,0.366704666294286,0.472521097184328,0.00130491212855272,0.331399051520972
0.0237055689986164,0.000640333759610817,0.113270976564372,NaN,0.183,15.3049573898315,5024.08346,0.217337086683871,0.528755778580645,0.115593691275871,0.266958696309677,0.151366461027097,0.000792344632552258,0.124580374146857,0.223745260077168,0.00082817584687078,0.101776453986217
0.175995901067159,0.00152345834023887,0.151301612699628,0.3,0.3188888889,25.3866958618164,NaN,0.0880774901419355,1.45782268894452,0.0130925130735484,0.314431433976774,0.301340773347097,0.00146044810289032,0.155756136951256,0.276183732120426,0.00136201369556362,0.12866456752482
0.3429910318005,0.0011798923607743,0.297924598506155,0.357142857,0.2711111111,41.6919746398926,NaN,0.0604156207531034,0.290029317417931,-0.0256523413953104,0.31157795664,0.337231177572414,0.00108940672298483,0.287075404565518,0.336099524309237,0.00113107617046866,0.271425335136514
0.145359649395106,0.000721326255897884,0.462696634045964,0.788888889,0,40.1553726196289,NaN,0.202850404536774,0.441612025083871,0.273569842590968,0.468310250926452,0.194740537656774,0.000526066788309677,0.408974760840673,0.219962965223321,0.000549410088168937,0.335645031003224
-0.158982063764203,0.000566562476083341,0.878316416424227,1.094444444,0,NaN,NaN,1.14454967328,0.99292592736,1.043399202192,0.9535703616,-0.089829750528,0.0005378329953792,0.817384867214052,-0.0800686173081797,0.000546651917355461,0.809671358956855
-1.17893780883068,0.00112476344763851,1.86573895253582,2.238888889,0,25.881706237793,NaN,3.50028115803871,2.97364172237419,3.80346047767742,3.29952668748387,-0.503940520614193,0.00104598719154581,1.52286794592274,-0.537227341715944,0.00119296960175506,1.51093423645711
-4.34004156985409,0.00609799962653766,3.24883079839263,5.65625,0,39.6817283630371,NaN,8.0441486496,4.99366728,8.490369256272,5.506410816,-2.9839380264,0.005766599476512,2.73655536239819,-3.04990242527578,0.00589960464003288,2.70231487564001
-4.52496661915325,0.0125247315493974,4.06536411385824,5.511111111,0,22.4796772003174,NaN,7.72607911819355,3.64511362993548,9.90001828131097,6.99652512,-2.90349125187097,0.0116346468384465,3.38792321734476,-2.89463588905737,0.0115628045612932,3.35551129678022
-3.63242186601051,0.0151927713294994,3.04599889386246,3.833333333,0,11.7552547454834,NaN,7.60871375396129,5.25175404387097,7.64098486620387,5.93322470709677,-1.70776397171613,0.013344641159551,2.37094975587492,-1.72233843362115,0.01270411745522,2.37746812208638
-1.65792389688654,0.0129020827963465,1.99872003345824,2.194444444,0,NaN,NaN,4.32749053728,3.139781256,4.891699320912,4.065251328,-0.82644631344,0.011704844139408,1.64254882846817,-0.789896332699078,0.0115558602792623,1.64215659400442
0.31286357796368,0.00532179549108067,0.943834996550977,0.744444444,0,NaN,NaN,1.40058205083871,1.83985042993548,1.6182880257312,2.25469867819355,0.636409911298065,0.00497538451978839,0.76957972010739,0.615974502643091,0.00478192388811796,0.7446322177331
0.281661411782503,0.00273552167436731,0.634179108487772,0.7,0,26.2685222625732,NaN,0.434958522624,0.7585901424,0.5074437393792,0.95288562432,0.445442496768,0.00213861709008,0.537597063405609,0.429461781412671,0.00207764406427649,0.438513220991939
0.30826582690992,0.00210774849524425,0.0670635684732726,NaN,0.2938888889,42.5476531982422,NaN,0.167327118673548,0.286359187108645,-0.0628234139334194,0.236960111845161,0.299783462483613,0.00217493450435613,0.110131170522459,0.314868371576582,0.0018908640222248,0.0921249599008237
0.254594447237659,0.00127925903360461,0.162486653684984,0.5,0.2966666667,43.9013366699219,NaN,0.11598369810271,0.33898847355871,0.104477583065806,0.367072579384258,0.262594366002581,0.00150279408836129,0.153947211536702,0.26536155472232,0.0015022947341717,0.110853124945301
0.295880354434089,0.00138806298617052,0.181352370287616,0.3625,0.2538888889,NaN,NaN,0.05605825644,0.143177210897143,-0.0554978589428571,0.221358119914286,0.276854638422857,0.00129750609804223,0.150172646497321,0.277757726492242,0.0014144273983573,0.147491171221614
0.184938753161417,0.00149370681045703,0.283286504738607,NaN,0,40.6319122314453,NaN,0.262693613682581,0.257752906606452,0.158489458745806,0.355079176722581,0.196589609461161,0.00145818090487742,0.246785741354478,0.221934451315864,0.0012509268211839,0.208435661944296
-0.336781096396905,0.000482728381267823,0.955701397597712,1.016666667,0,51.8982124328613,NaN,1.051006963536,0.7802368992,1.163166408576,0.9942697728,-0.16889888197872,0.0004109710683168,0.720177885790865,-0.139031103292305,0.000666745563612329,0.743987527603737
-0.918119125138054,0.00146784053066256,1.51157936801326,1.361111111,0,59.3751564025879,NaN,2.35933725135484,1.96604446110968,2.79931045224774,2.5522334523871,-0.247075988283871,0.00134210015945187,1.15217004586868,-0.198429261351682,0.00207742836842078,1.10912637264331
-4.44528834437857,0.00930792841614941,3.29999928762038,5.672222222,0,71.2565155029297,NaN,7.42414353264,5.251397616,7.581161365344,5.116151232,-2.4650185104,0.00853367428944,2.54829214068941,-2.44605132765833,0.00828905795384042,2.44953659466961
-5.61210277075803,0.0138282016911724,3.8214662736204,5.25625,0,NaN,NaN,8.10169132180645,5.00492749935484,9.3874516515871,7.10056632774194,-2.28689827618064,0.0144243691850323,2.61217530344157,-2.56882183121119,0.0122545431705778,2.63276893548775
-5.59994860280212,0.00943673467664178,3.02183178225042,4.657142857,0,NaN,NaN,6.77402111194839,3.82826150709677,7.18084174640516,4.73534904774194,-2.44549513625806,0.00908291145836903,1.90238453066343,-2.33840071961064,0.00940042802574166,1.87841228697799
-2.45940503539104,0.00968034030181577,2.28973902532104,2.788888889,0,NaN,NaN,4.29464029104,3.108235248,4.97726039736,4.352502672,-0.62476052544,0.009848803090176,1.5653822429323,-0.710467652355201,0.00873728627795019,1.63753880288107
0.0454335827030556,0.00417422257167679,0.646329810887796,0.888888889,0,NaN,NaN,1.19760090317419,1.27504423741935,1.64153862840774,2.18021818529032,0.538678436609032,0.00449659656761806,0.451747825146492,0.522099702264477,0.00412223522879538,0.474394220763914
0.48889219375537,0.00229788955417423,0.163789350477109,0.657142857,0,NaN,NaN,0.399899688912,1.06204113504,0.1655299773936,0.629748648,0.4642198957872,0.001996628781312,0.134539515188071,0.464518217315863,0.00167945594239045,0.121623455396048
0.259469670753102,0.00106678807772661,0.0111859710835606,NaN,0.1244444444,NaN,NaN,0.291820473290323,0.641573748227613,0.0114496068894968,0.311780136932129,0.300331031876129,0.00108895134755613,-0.000422083155315183,0.32817273407579,0.00101540799864185,0.0220455163400133
0.331651510997456,0.00152992663323678,0.177869532257013,0.55,0.2138888889,NaN,NaN,0.159746862750968,0.238605318850065,-0.0510999589300645,0.270401508743226,0.321501177017419,0.00143933119831742,0.166086036282871,0.311088697667135,0.00154195903924094,0.137801700439476
0.324439676288475,0.00259688704908067,0.219173211621363,0.433333333,0.3005555556,NaN,NaN,0.0780526884857143,0.0898192677034286,-0.08178267276,0.176047661982857,0.257829847554857,0.00239611116291429,0.147555997001186,0.291906274397063,0.00230900570728288,0.15573199664103
0.331144711525353,0.00126870709142029,0.392163858410834,0.411111111,0.3222222222,NaN,NaN,0.0851837870554839,0.561729941419355,-0.0258940770874839,0.284521270296774,0.310417751659355,0.00104916239263059,0.328282055385267,0.320264885625254,0.00105248760393678,0.317242943026652
0.268712446691678,NaN,0.442981558667947,0.533333333,0.1438888889,NaN,NaN,0.292293980352,0.5568423408,0.19529091432,0.47440467936,0.279113613408,-9999,0.311472479267719,0.330186313824734,0.00142090508510011,0.342938238143054
-1.26650382161076,NaN,2.05688784012773,1.472222222,0,NaN,NaN,3.13291970988387,2.24641889790968,3.51543001842581,2.90786900748387,-0.607562996609032,-9999,1.73887826511336,-0.601318255708962,0.0042539798970682,1.76019888221232
-5.64314892085161,NaN,3.27693030252274,3.894444444,0,64.8110733032227,NaN,9.0344336544,4.784880096,9.19504071,5.141716128,-4.05332559792,-9999,2.6708977524225,-4.07931351838962,0.00865525253512164,2.69855335084981
-5.7878189468029,0.00977922730662418,3.52206136639738,5.8,0,56.1420021057129,NaN,9.23557955783226,5.44163685677419,9.76845467617548,6.23880896516129,-3.52964439174194,0.00745007847185455,2.72760075536093,-3.49765880405553,0.0104318320568919,2.73732999138781
-4.62333098811616,0.0105372914889529,2.63801516334467,4.385714286,0,NaN,NaN,6.88143293419355,3.72386828903226,8.16879692893935,5.96937154064516,-2.19943396335484,0.00827294943576774,1.96687946713276,-2.32161074029259,0.00968318373261925,2.04864486115735
-1.60930643538903,0.00889485416482203,1.61225760788131,4.466666667,0,NaN,NaN,4.32509931504,2.92596620976,4.828876262208,4.131686016,-0.69718427136,0.00745340417712,1.26375292471205,-0.731229334034154,0.00763308528569883,1.30861815857407
0.35558211039345,0.00215230965853354,0.297879060518479,0.788888889,0,60.1550254821777,NaN,1.03415264686452,1.44301814245161,1.12417644179613,1.59152276903226,0.467344157578839,0.00230457589090374,0.185622051556811,0.460245497923065,0.00260300210527426,0.199567613428691
0.270254678609735,0.000611635516110383,0.147045082316841,NaN,0.2238888889,54.7997627258301,NaN,0.467259479856,0.3064484304,0.0356783982912,0.39358663776,0.35790806448,0.0006907388585184,0.149158230339051,0.367682083133023,0.000955492445947526,0.119905105398096
0.375768001179144,0.000447364823217556,0.141095695948006,NaN,0.1766666667,53.4260902404785,NaN,0.326538653156129,0.666049566332903,0.0222667242735484,0.415218488980645,0.392952359473548,0.000269883643587097,0.11881198026233,0.355255780099771,0.000701711684522921,0.0851890703999077
NaN,NaN,NaN,NaN,0.2205555556,81.1642532348633,NaN,NaN,NaN,NaN,NaN,NaN,NaN,NaN,NaN,NaN,NaN
NaN,NaN,NaN,0.171428571,0.4377777778,84.2698745727539,NaN,NaN,NaN,NaN,NaN,NaN,NaN,NaN,NaN,NaN,NaN
NaN,NaN,NaN,0.311111111,0.2805555556,114.361114501953,NaN,NaN,NaN,NaN,NaN,NaN,NaN,NaN,NaN,NaN,NaN
NaN,NaN,NaN,NaN,0,102.442100524902,NaN,NaN,NaN,NaN,NaN,NaN,NaN,NaN,NaN,NaN,NaN
NaN,NaN,NaN,1.1,0,105.57763671875,NaN,NaN,NaN,NaN,NaN,NaN,NaN,NaN,NaN,NaN,NaN
NaN,NaN,NaN,5.794444444,0,109.189575195312,NaN,NaN,NaN,NaN,NaN,NaN,NaN,NaN,NaN,NaN,NaN
NaN,NaN,NaN,5.583333333,0,97.8321762084961,NaN,NaN,NaN,NaN,NaN,NaN,NaN,NaN,NaN,NaN,NaN
NaN,NaN,NaN,4.916666667,0,68.9096527099609,NaN,NaN,NaN,NaN,NaN,NaN,NaN,NaN,NaN,NaN,NaN
NaN,NaN,NaN,1.9,0,80.5479049682617,NaN,NaN,NaN,NaN,NaN,NaN,NaN,NaN,NaN,NaN,NaN
NaN,NaN,NaN,0.7,0,113.379737854004,NaN,NaN,NaN,NaN,NaN,NaN,NaN,NaN,NaN,NaN,NaN
NaN,NaN,NaN,NaN,0,108.408538818359,NaN,NaN,NaN,NaN,NaN,NaN,NaN,NaN,NaN,NaN,NaN
NaN,NaN,NaN,0.2,0.3022222222,115.471885681152,NaN,NaN,NaN,NaN,NaN,NaN,NaN,NaN,NaN,NaN,NaN
NaN,NaN,NaN,0.4,0.3188888889,123.920280456543,5096.44047,NaN,NaN,NaN,NaN,NaN,NaN,NaN,NaN,NaN,NaN
NaN,NaN,NaN,0.372222222,0.26,129.099395751953,5096.44047,NaN,NaN,NaN,NaN,NaN,NaN,NaN,NaN,NaN,NaN
NaN,NaN,NaN,0.35,0.2616666667,116.699905395508,5096.44047,NaN,NaN,NaN,NaN,NaN,NaN,NaN,NaN,NaN,NaN
NaN,NaN,NaN,0.5,0,120.053176879883,5096.44047,NaN,NaN,NaN,NaN,NaN,NaN,NaN,NaN,NaN,NaN
NaN,NaN,NaN,1.377777778,0,102.9013671875,5096.44047,NaN,NaN,NaN,NaN,NaN,NaN,NaN,NaN,NaN,NaN
NaN,NaN,NaN,4.216666667,0,96.8217468261719,5096.44047,NaN,NaN,NaN,NaN,NaN,NaN,NaN,NaN,NaN,NaN
NaN,NaN,NaN,5.933333333,0,76.5338363647461,5096.44047,NaN,NaN,NaN,NaN,NaN,NaN,NaN,NaN,NaN,NaN
NaN,NaN,NaN,4.533333333,0,56.5883293151855,5096.44047,NaN,NaN,NaN,NaN,NaN,NaN,NaN,NaN,NaN,NaN
NaN,NaN,NaN,1.788888889,0,36.2845268249512,5096.44047,NaN,NaN,NaN,NaN,NaN,NaN,NaN,NaN,NaN,NaN
NaN,NaN,NaN,0.9,0,50.6498489379883,5096.44047,NaN,NaN,NaN,NaN,NaN,NaN,NaN,NaN,NaN,NaN
NaN,NaN,NaN,NaN,0,49.1762847900391,5096.44047,NaN,NaN,NaN,NaN,NaN,NaN,NaN,NaN,NaN,NaN
NaN,NaN,NaN,NaN,0,37.0193023681641,5096.44047,NaN,NaN,NaN,NaN,NaN,NaN,NaN,NaN,NaN,NaN
NaN,NaN,NaN,NaN,0.2238888889,41.6450653076172,NaN,NaN,NaN,NaN,NaN,NaN,NaN,NaN,NaN,NaN,NaN
NaN,NaN,NaN,0.475,0.2677777778,32.5131149291992,NaN,NaN,NaN,NaN,NaN,NaN,NaN,NaN,NaN,NaN,NaN
NaN,NaN,NaN,0.68,0.05333333333,40.2326240539551,NaN,NaN,NaN,NaN,NaN,NaN,NaN,NaN,NaN,NaN,NaN
NaN,NaN,NaN,1.088888889,0,NaN,NaN,NaN,NaN,NaN,NaN,NaN,NaN,NaN,NaN,NaN,NaN
NaN,NaN,NaN,3.144444444,0,NaN,NaN,NaN,NaN,NaN,NaN,NaN,NaN,NaN,NaN,NaN,NaN
NaN,NaN,NaN,5.977777778,0,NaN,NaN,NaN,NaN,NaN,NaN,NaN,NaN,NaN,NaN,NaN,NaN
NaN,NaN,NaN,5.971428571,0,NaN,NaN,NaN,NaN,NaN,NaN,NaN,NaN,NaN,NaN,NaN,NaN
NaN,NaN,NaN,4.833333333,0,NaN,NaN,NaN,NaN,NaN,NaN,NaN,NaN,NaN,NaN,NaN,NaN
NaN,NaN,NaN,3.322222222,0,NaN,NaN,NaN,NaN,NaN,NaN,NaN,NaN,NaN,NaN,NaN,NaN
NaN,NaN,NaN,0.683333333,0,NaN,NaN,NaN,NaN,NaN,NaN,NaN,NaN,NaN,NaN,NaN,NaN
NaN,NaN,NaN,NaN,0,NaN,NaN,NaN,NaN,NaN,NaN,NaN,NaN,NaN,NaN,NaN,NaN
NaN,NaN,NaN,NaN,0.2744444444,NaN,NaN,NaN,NaN,NaN,NaN,NaN,NaN,NaN,NaN,NaN,NaN
