NBE,CH4,ET,LAI,SCF,EWT,ABGB,GPP_DT,ER_DT,GPP_NT,ER_NT,NBE_F,CH4_F,ET_F,NBE_ANN,CH4_ANN,ET_ANN
NaN,NaN,NaN,0,NaN,20.6679763793945,NaN,NaN,NaN,NaN,NaN,NaN,NaN,NaN,NaN,NaN,NaN
NaN,NaN,NaN,0,NaN,21.3102684020996,NaN,NaN,NaN,NaN,NaN,NaN,NaN,NaN,NaN,NaN,NaN
NaN,NaN,NaN,0,0.6411111111,33.233699798584,NaN,NaN,NaN,NaN,NaN,NaN,NaN,NaN,NaN,NaN,NaN
NaN,NaN,NaN,0,0.7755555556,27.0144004821777,NaN,NaN,NaN,NaN,NaN,NaN,NaN,NaN,NaN,NaN,NaN
NaN,NaN,NaN,1.085714286,0.1344444444,15.737322807312,NaN,NaN,NaN,NaN,NaN,NaN,NaN,NaN,NaN,NaN,NaN
NaN,NaN,NaN,1.225,0,2.46236205101013,NaN,NaN,NaN,NaN,NaN,NaN,NaN,NaN,NaN,NaN,NaN
NaN,NaN,NaN,2.025,0,-9.43611717224121,NaN,NaN,NaN,NaN,NaN,NaN,NaN,NaN,NaN,NaN,NaN
NaN,NaN,NaN,1.666666667,0,-24.1918773651123,NaN,NaN,NaN,NaN,NaN,NaN,NaN,NaN,NaN,NaN,NaN
NaN,NaN,NaN,0.958333333,0.00722222222,-34.8011627197266,NaN,NaN,NaN,NaN,NaN,NaN,NaN,NaN,NaN,NaN,NaN
NaN,NaN,NaN,0.614285714,0.0375,-31.6250591278076,NaN,NaN,NaN,NaN,NaN,NaN,NaN,NaN,NaN,NaN,NaN
NaN,NaN,NaN,0,NaN,-23.829647064209,NaN,NaN,NaN,NaN,NaN,NaN,NaN,NaN,NaN,NaN,NaN
NaN,NaN,NaN,NaN,NaN,-9.81766700744629,NaN,NaN,NaN,NaN,NaN,NaN,NaN,NaN,NaN,NaN,NaN
NaN,NaN,NaN,0,NaN,-2.15636515617371,NaN,NaN,NaN,NaN,NaN,NaN,NaN,NaN,NaN,NaN,NaN
NaN,NaN,NaN,0,0.5014285714,2.8455696105957,NaN,NaN,NaN,NaN,NaN,NaN,NaN,NaN,NaN,NaN,NaN
NaN,NaN,NaN,0,0.6094444444,12.2042198181152,NaN,NaN,NaN,NaN,NaN,NaN,NaN,NaN,NaN,NaN,NaN
NaN,NaN,NaN,0,0.8022222222,20.0588340759277,NaN,NaN,NaN,NaN,NaN,NaN,NaN,NaN,NaN,NaN,NaN
NaN,NaN,NaN,0.9625,0.1788888889,16.8055648803711,NaN,NaN,NaN,NaN,NaN,NaN,NaN,NaN,NaN,NaN,NaN
NaN,NaN,NaN,1.7,0,-9.90707874298096,NaN,NaN,NaN,NaN,NaN,NaN,NaN,NaN,NaN,NaN,NaN
NaN,NaN,NaN,2.04,0,-12.3034620285034,NaN,NaN,NaN,NaN,NaN,NaN,NaN,NaN,NaN,NaN,NaN
NaN,NaN,NaN,1.607142857,0,-21.7553596496582,NaN,NaN,NaN,NaN,NaN,NaN,NaN,NaN,NaN,NaN,NaN
NaN,NaN,NaN,0.95,0,-16.7806129455566,NaN,NaN,NaN,NaN,NaN,NaN,NaN,NaN,NaN,NaN,NaN
NaN,NaN,NaN,0.225,0.02888888889,-19.9541168212891,NaN,NaN,NaN,NaN,NaN,NaN,NaN,NaN,NaN,NaN,NaN
NaN,NaN,NaN,0,NaN,-16.7728729248047,NaN,NaN,NaN,NaN,NaN,NaN,NaN,NaN,NaN,NaN,NaN
NaN,NaN,NaN,0.1,NaN,-13.732234954834,NaN,NaN,NaN,NaN,NaN,NaN,NaN,NaN,NaN,NaN,NaN
NaN,NaN,NaN,0,NaN,1.42928504943848,NaN,NaN,NaN,NaN,NaN,NaN,NaN,NaN,NaN,NaN,NaN
NaN,NaN,NaN,0,NaN,-2.54990100860596,NaN,NaN,NaN,NaN,NaN,NaN,NaN,NaN,NaN,NaN,NaN
NaN,NaN,NaN,0,0.6772222222,-3.29218578338623,NaN,NaN,NaN,NaN,NaN,NaN,NaN,NaN,NaN,NaN,NaN
NaN,NaN,NaN,0.7125,0.7577777778,-0.131328165531158,NaN,NaN,NaN,NaN,NaN,NaN,NaN,NaN,NaN,NaN,NaN
NaN,NaN,NaN,1.125,0,-5.31272315979004,NaN,NaN,NaN,NaN,NaN,NaN,NaN,NaN,NaN,NaN,NaN
NaN,NaN,NaN,1.575,0.05,-22.8754253387451,NaN,NaN,NaN,NaN,NaN,NaN,NaN,NaN,NaN,NaN,NaN
NaN,NaN,NaN,1.758333333,0,-26.2227230072021,NaN,NaN,NaN,NaN,NaN,NaN,NaN,NaN,NaN,NaN,NaN
NaN,NaN,NaN,1.764285714,0.01111111111,-29.2335472106934,NaN,NaN,NaN,NaN,NaN,NaN,NaN,NaN,NaN,NaN,NaN
NaN,NaN,NaN,0.941666667,0,-35.194408416748,NaN,NaN,NaN,NaN,NaN,NaN,NaN,NaN,NaN,NaN,NaN
NaN,NaN,NaN,0.175,0,-36.3300552368164,NaN,NaN,NaN,NaN,NaN,NaN,NaN,NaN,NaN,NaN,NaN
NaN,NaN,NaN,0,NaN,-34.6545829772949,NaN,NaN,NaN,NaN,NaN,NaN,NaN,NaN,NaN,NaN,NaN
NaN,NaN,NaN,0,NaN,-24.7596397399902,NaN,NaN,NaN,NaN,NaN,NaN,NaN,NaN,NaN,NaN,NaN
NaN,NaN,NaN,0.06,NaN,NaN,NaN,NaN,NaN,NaN,NaN,NaN,NaN,NaN,NaN,NaN,NaN
NaN,NaN,NaN,0.0125,NaN,-13.8376569747925,NaN,NaN,NaN,NaN,NaN,NaN,NaN,NaN,NaN,NaN,NaN
NaN,NaN,NaN,0.008333333,0.6316666667,-0.303790301084518,NaN,NaN,NaN,NaN,NaN,NaN,NaN,NaN,NaN,NaN,NaN
NaN,NaN,NaN,0,0.7822222222,-5.15058517456055,NaN,NaN,NaN,NaN,NaN,NaN,NaN,NaN,NaN,NaN,NaN
NaN,NaN,NaN,0.99375,0.03833333333,-6.30819272994995,NaN,NaN,NaN,NaN,NaN,NaN,NaN,NaN,NaN,NaN,NaN
NaN,NaN,NaN,1.521428571,0,NaN,NaN,NaN,NaN,NaN,NaN,NaN,NaN,NaN,NaN,NaN,NaN
NaN,NaN,NaN,2.05,0,-28.5852394104004,NaN,NaN,NaN,NaN,NaN,NaN,NaN,NaN,NaN,NaN,NaN
NaN,NaN,NaN,1.414285714,0,-28.5700511932373,NaN,NaN,NaN,NaN,NaN,NaN,NaN,NaN,NaN,NaN,NaN
NaN,NaN,NaN,1,0,-38.5143394470215,NaN,NaN,NaN,NaN,NaN,NaN,NaN,NaN,NaN,NaN,NaN
NaN,NaN,NaN,1.07,0,-45.6809310913086,NaN,NaN,NaN,NaN,NaN,NaN,NaN,NaN,NaN,NaN,NaN
NaN,NaN,NaN,0,NaN,-47.2188186645508,NaN,NaN,NaN,NaN,NaN,NaN,NaN,NaN,NaN,NaN,NaN
NaN,NaN,NaN,NaN,NaN,-32.6443710327148,NaN,NaN,NaN,NaN,NaN,NaN,NaN,NaN,NaN,NaN,NaN
NaN,NaN,NaN,0,NaN,-36.0539703369141,NaN,NaN,NaN,NaN,NaN,NaN,NaN,NaN,NaN,NaN,NaN
NaN,NaN,NaN,0,NaN,-38.2664642333984,NaN,NaN,NaN,NaN,NaN,NaN,NaN,NaN,NaN,NaN,NaN
NaN,NaN,NaN,0,0.61,-26.7357711791992,NaN,NaN,NaN,NaN,NaN,NaN,NaN,NaN,NaN,NaN,NaN
NaN,NaN,NaN,0,0.8211111111,-24.7522926330566,NaN,NaN,NaN,NaN,NaN,NaN,NaN,NaN,NaN,NaN,NaN
NaN,NaN,NaN,0.966666667,0.1194444444,NaN,NaN,NaN,NaN,NaN,NaN,NaN,NaN,NaN,NaN,NaN,NaN
NaN,NaN,NaN,1.964285714,0,-35.5795135498047,NaN,NaN,NaN,NaN,NaN,NaN,NaN,NaN,NaN,NaN,NaN
NaN,NaN,NaN,2.042857143,0,-48.2143630981445,NaN,NaN,NaN,NaN,NaN,NaN,NaN,NaN,NaN,NaN,NaN
NaN,NaN,NaN,1.7,0,-68.0039367675781,NaN,NaN,NaN,NaN,NaN,NaN,NaN,NaN,NaN,NaN,NaN
NaN,NaN,NaN,1.121428571,0,-67.6189880371094,NaN,NaN,NaN,NaN,NaN,NaN,NaN,NaN,NaN,NaN,NaN
NaN,NaN,NaN,0.021428571,0.039,NaN,NaN,NaN,NaN,NaN,NaN,NaN,NaN,NaN,NaN,NaN,NaN
NaN,NaN,NaN,0,NaN,-53.9919204711914,NaN,NaN,NaN,NaN,NaN,NaN,NaN,NaN,NaN,NaN,NaN
NaN,NaN,NaN,0.033333333,NaN,-44.2414321899414,NaN,NaN,NaN,NaN,NaN,NaN,NaN,NaN,NaN,NaN,NaN
NaN,NaN,NaN,NaN,NaN,-40.4547500610352,NaN,0.0335751604449801,0.00469968798962135,-9999,0.0843030980187344,-9999,-9999,-9999,0.175382283177092,0.00870236087387306,0.0849106333720504
NaN,NaN,NaN,0.00625,NaN,-30.7063770294189,NaN,0.116528379477429,0.0221666327845714,-9999,0.173695489444286,-9999,-9999,-9999,0.0612591872964955,0.0109253945180614,0.0965535451690351
NaN,NaN,NaN,0,0.65,NaN,NaN,0.325309200380129,0.0276599624823871,-9999,0.18892619057729,-9999,-9999,-9999,0.0434711862946146,0.0113144128145122,0.115593605068388
NaN,NaN,NaN,0,0.7955555556,-20.0960712432861,NaN,0.5067454643496,0.0823768722504,-9999,0.3145839262056,-9999,-9999,-9999,0.30167793471101,0.0166135214053177,0.333518057184867
-0.422284551935169,0.0301705074104805,2.20406062201875,0.421428571,0.1488888889,-20.9605369567871,NaN,0.783488288972903,0.404259170167742,1.25387625355516,0.787937400304258,-0.296694272413187,0.0281891058250549,1.98871734796209,-0.113204931121201,0.0255735716484126,1.70563547448956
-0.753677635147578,0.0384660466801155,3.03791792390641,1.65625,0,-29.8851127624512,NaN,2.193563858256,1.4616782064,2.840235522228,2.4037503827904,-0.436486842,0.0356743483848,2.65429305958171,-0.420033593220926,0.0353333394142961,2.67506355045524
-0.824890777567471,0.0468932903529906,2.54985074098807,1.864285714,0,-45.9383239746094,NaN,3.44959613930323,2.28452161703226,3.99986122129548,3.28529289401884,-0.71456890796129,0.0478583874812903,2.35731267245446,-0.725384631885682,0.0458234066498057,2.32739216923087
-0.551559405338916,0.0417686835417781,2.12249502581579,1.66,0,NaN,NaN,2.22659934229161,1.75492352206452,2.457378570672,2.62579537838787,0.168413732941935,0.037664569786529,1.45607516972936,-0.124124731588229,0.0393277029839043,1.51723238242272
-0.252441444268575,NaN,1.09332525807901,1.164285714,0,NaN,NaN,1.002514048992,0.946520316,1.342745585748,1.4678644074264,0.12511835064,-9999,0.911887843691783,0.0885061104495163,0.0232924288874933,0.913653427316814
0.374158849369595,NaN,0.437107025510226,1.171428571,0,-60.6221237182617,NaN,0.309739496950452,0.517505718193548,0.518459937235897,1.01821698341419,0.499756007380645,-9999,0.336750090002322,0.421671589453537,0.0082885547690567,0.344239095987336
0.277695550003337,NaN,0.12942035606345,0.142857143,NaN,-59.5407524108887,NaN,0.1500795032688,0.5494237452,0.052294452804,0.3259804929336,0.27368677368,-9999,0.107678137655898,0.370558565592752,0.00491537040246161,0.106053878119342
0.0270016361954431,NaN,NaN,0.13125,NaN,-43.3142471313477,NaN,0.329612571731613,0.416072467486452,0.107956055587355,0.404829371733677,0.296873983614194,-9999,0.0880940392222273,0.31376822687531,0.00171554697989912,0.0616075264762334
0.178812778766301,NaN,0.0718918989218533,0,NaN,-34.5634155273438,NaN,0.206729339225806,0.265069749414194,0.367509655024026,0.490968408929806,0.123458052402581,-9999,0.0273098789034049,0.214833536774072,0.00144169620920513,0.0850081313034242
-0.953100887307673,NaN,0.114314308733061,0,0.6622222222,NaN,NaN,0.302536138512857,0.200865165239109,0.476987860650857,0.333387021705429,-0.143600865459429,-9999,0.0561361710724229,-0.0561160934644684,0.00214408506970124,0.0800407890612001
-0.242736409175892,NaN,0.211261600918432,0,0.6938888889,-18.1656475067139,NaN,0.0785670585189677,0.133845743171613,0.125113365329806,0.151095909641806,0.0259833457834839,-9999,0.0987316950958008,-0.00636372272356165,0.00486417561413864,0.132198155807246
0.296285858013852,0.00703832417802267,0.394185858329117,0.057142857,0.7794444444,-28.3441619873047,NaN,0.100370398536,0.21822533208,0.00749508306264,0.3395971146528,0.33210146448,0.00725512078956522,0.328211383734305,0.317865656497512,0.006755991926881,0.334785706384986
-0.776751628502008,0.0144642606611247,1.77601159767281,1.107142857,0.08833333333,-19.9361839294434,NaN,0.9548497134,0.341407711741936,1.35655438250555,0.950854574640774,-0.405699994474839,0.0139310950645161,1.41385039407326,-0.364610522611032,0.013044440860866,1.41374479502716
-0.91329889035585,0.0222114969365308,2.41590577318317,1.514285714,0,-31.4880790710449,NaN,2.10738676788,1.28808217296,2.544343187328,2.2189417206264,-0.32540027256,0.022918702644,2.08401944606472,-0.353323895278483,0.0228687114377862,2.06383956415389
-0.972355895550596,0.0422449422997045,2.6433382240713,1.95,0,NaN,NaN,3.68563399824774,3.14060613677419,3.91804985509548,3.76040049496026,-0.157645933316129,0.0406965291329032,2.21546986458608,-0.285131552790281,0.0415238313984268,2.17984686820186
-2.5058176623218,0.0446175975638502,2.35042474006905,1.875,0,-76.9263229370117,NaN,2.39099209309161,1.26099539535484,4.01165462501419,2.66089101221265,-1.35076284740903,0.0438063784025806,1.67129608132991,-0.547184670099759,0.0417110390343566,1.71143409524615
-0.555191197546568,0.0246996591654783,1.36670828228333,1.00625,0,-86.2429351806641,NaN,0.938688802704,0.7888216968,1.5432318827136,1.5147412973064,-0.0284893104959999,0.023988460464,0.926985690056762,0.177869868225117,0.0233365615178603,0.932082883756283
0.388634536122277,0.0131317313957883,0.547695389168108,0.06,0,-82.138916015625,NaN,0.215532075667355,0.528383840516129,0.858759033065806,1.38197305769574,0.523213201858065,0.0128254395251613,0.286570553568502,0.49500843574706,0.012597773194886,0.303364129280184
0.645873379950716,NaN,0.0917996414026186,0.025,NaN,-80.8037109375,NaN,0.3006140992272,0.61929825768,0.01659727091016,0.8059245675624,0.789326457552,-9999,0.059863059285779,0.485705533884731,0.00657995482463505,0.0868848703122784
NaN,NaN,NaN,0.15,NaN,NaN,NaN,0.107372161649032,0.468566706193548,-0.174192172467097,0.872755509776516,1.04695010965161,-9999,0.128105317304376,0.472818792282777,0.00206746240765433,0.102691717843783
NaN,NaN,NaN,0,NaN,-57.0996246337891,NaN,0.0605312465086452,0.632657257037419,0.211529280432774,0.413006715857032,0.201477671122064,-9999,0.0908730938722988,0.247410065883441,0.000997990486901668,0.0961019740748311
-0.482073075871864,NaN,0.206616226053139,0,NaN,-52.1048774719238,NaN,0.283325449219714,0.507940174697143,0.4798926351,0.393989837029714,-0.0859041200828571,-9999,0.137317194844362,0.00843794393843742,0.00182298673990198,0.104858113923861
NaN,NaN,NaN,0,0.685,-40.3903274536133,NaN,2.18122911190452,2.29322356722581,0.309343669153548,0.222070596303484,-0.0872720046116129,-9999,0.239889010975794,0.0520470843145282,0.00352456032685772,0.198542706929759
0.159236924668924,0.00504317303326821,0.585532627494841,0.01,0.7261111111,-30.7935104370117,NaN,0.4722082416432,0.527732352,0.3682247403528,0.56187072126,0.193645857096,0.00510530433693061,0.50729929577583,0.155540976558652,0.00522002971093684,0.503549796732903
-0.902379400006808,0.025043435085468,2.75104937737811,1.25625,0,-33.5952033996582,NaN,1.71561255935226,1.09677747251613,2.00188887361548,1.52091735256335,-0.480972717963871,0.0242150374242581,2.31441408193092,-0.513815431783838,0.0227931401732211,2.30535398201298
-1.81383136920714,0.0390222852009258,3.43068752268663,1.571428571,0,NaN,NaN,3.925067939424,2.844658008,4.172660374896,3.167523127836,-1.00513764432,0.03946863168,2.99311548718266,-1.01872508479751,0.0368292618530567,2.9860144019146
-1.77311288003617,0.0539267495727817,3.0103502876835,2.116666667,0,-76.9652404785156,NaN,4.82929775790968,4.02010427612903,4.96548789880065,4.38685146611768,-0.578639861651613,0.0535648208283871,2.37928342512174,-0.651301486279846,0.0533844044243363,2.42048783961725
-1.09681396143277,0.0555072855645668,2.64664132834153,1.835714286,0,-71.3623046875,NaN,3.18700723949419,2.84101908387097,3.74580893579272,3.75365195082116,0.00784080459870973,0.0585671389780645,2.14394593936645,-0.0468089729096923,0.0547138323099678,2.13749204650384
-0.29669813787814,0.032016340641911,1.55878124213876,1.033333333,0,-82.853630065918,NaN,1.3570100082,1.4513178168,1.553449424508,2.0026932457608,0.44924476896,0.0327390732,1.20918306702197,0.484597083793687,0.0322705326533248,1.20022171570768
0.382086923493157,0.01748756961455,0.380331809446839,0.228571429,0.055,NaN,NaN,0.410627528965161,1.03192239809032,0.271948801380387,1.06073087530761,0.788781633363871,0.0169204978219355,0.297969137502848,0.712362208187738,0.0156405251074425,0.317690301460337
0.416053434199215,NaN,0.264777192577283,0.114285714,NaN,NaN,NaN,0.114437247624,0.60764235552,0.0260385772104,0.6534632594376,0.62742546432,-9999,0.184429956069334,0.589409493036499,0.00727954601317718,0.198689477619943
0.403179404125098,NaN,0.183136838567084,0.2,NaN,-57.3285675048828,NaN,0.0815606341316129,0.921198585816929,-0.636272913346839,0.394674827936516,1.03094573290839,-9999,0.253176429265052,0.484787886556962,0.00300169583500228,0.125048919559639
NaN,NaN,NaN,NaN,NaN,-44.9701881408691,NaN,0.131743560170323,1.19377970563355,-0.207844234750452,0.224633663214968,0.432476923700903,-9999,0.213197615065011,0.354818345516193,0.0022253733590481,0.148190920544474
0.198872556298031,NaN,0.136042714002048,0,NaN,-49.5093154907227,NaN,0.154711140077793,0.0940792614951724,0.167507748782317,0.363845202792828,0.196337382266483,-9999,0.0938522942671456,0.179495614259435,0.00371415745023998,0.116154295879639
-0.246425095569855,NaN,0.256535465331624,0,0.6905555556,-30.8098392486572,NaN,0.175721274775742,0.284785842634839,0.116942085476129,0.210788999568,0.0938477758064516,-9999,0.203499016277489,0.0861847844024919,0.00493578404076254,0.206807391835505
-0.0934356862230808,0.00688351320009466,0.45033211757525,0.033333333,0.7238888889,NaN,NaN,0.2891141394192,0.23253177528,0.49394095308,0.4704752455056,-0.02346592608,0.0068645268,0.408447363696376,0.0116568572201978,0.00672929502481529,0.418890827598964
-1.62494929294558,0.0238842803013448,2.51954824409567,1.208333333,0,-48.8676643371582,NaN,1.79197799297806,0.817997858477419,2.54872020886142,1.71018945781781,-0.838527506709677,0.0226971592769032,2.04493352301742,-0.802722912309329,0.0233400496107038,2.04669884510175
-1.96155372179562,0.0412161432899812,3.7720390984459,1.9,0,-46.350902557373,NaN,3.499300057968,2.1800806056,4.21480375812,3.306536443656,-0.90826746552,0.039536461656,3.12546195058518,-1.06397935399428,0.0402845707568472,3.10747465890233
-2.3197337003772,0.0569971700587983,3.36867619307861,2.071428571,0.03222222222,-67.1336669921875,NaN,3.76112765085677,2.09183183535484,5.10415728333677,3.94451292580723,-1.15964565108387,0.0544689825445161,2.68725839590786,-1.05751486409921,0.0563747160742242,2.6928326091753
-0.932723263582277,0.0559254929591456,2.68946844583731,1.31875,0,-72.3057632446289,NaN,2.764068355872,2.0438203824,4.10220855324,4.1993429666616,0.0971401968000001,0.057078770688,2.20334725255607,-0.0171311589348909,0.0543751241178468,2.11675793293624
NaN,NaN,NaN,1.092857143,0.01111111111,NaN,NaN,NaN,NaN,NaN,NaN,NaN,NaN,NaN,NaN,NaN,NaN
NaN,NaN,NaN,0.8,0,NaN,NaN,NaN,NaN,NaN,NaN,NaN,NaN,NaN,NaN,NaN,NaN
NaN,NaN,NaN,0.26,NaN,-67.4834518432617,NaN,NaN,NaN,NaN,NaN,NaN,NaN,NaN,NaN,NaN,NaN
NaN,NaN,NaN,0.01,NaN,-58.0483627319336,NaN,NaN,NaN,NaN,NaN,NaN,NaN,NaN,NaN,NaN,NaN
NaN,NaN,NaN,0.058333333,NaN,-58.0936470031738,NaN,NaN,NaN,NaN,NaN,NaN,NaN,NaN,NaN,NaN,NaN
NaN,NaN,NaN,0.01875,NaN,NaN,NaN,NaN,NaN,NaN,NaN,NaN,NaN,NaN,NaN,NaN,NaN
NaN,NaN,NaN,0.021428571,0.5622222222,-43.6416168212891,NaN,NaN,NaN,NaN,NaN,NaN,NaN,NaN,NaN,NaN,NaN
NaN,NaN,NaN,0.042857143,0.7722222222,-41.5297546386719,NaN,NaN,NaN,NaN,NaN,NaN,NaN,NaN,NaN,NaN,NaN
NaN,NaN,NaN,1.092857143,0,-35.5679588317871,NaN,NaN,NaN,NaN,NaN,NaN,NaN,NaN,NaN,NaN,NaN
NaN,NaN,NaN,1.571428571,0,-42.092227935791,NaN,NaN,NaN,NaN,NaN,NaN,NaN,NaN,NaN,NaN,NaN
NaN,NaN,NaN,2.307142857,0,NaN,NaN,NaN,NaN,NaN,NaN,NaN,NaN,NaN,NaN,NaN,NaN
NaN,NaN,NaN,1.76875,0,NaN,NaN,NaN,NaN,NaN,NaN,NaN,NaN,NaN,NaN,NaN,NaN
NaN,NaN,NaN,1,0,NaN,NaN,NaN,NaN,NaN,NaN,NaN,NaN,NaN,NaN,NaN,NaN
NaN,NaN,NaN,0.291666667,0.03,NaN,NaN,NaN,NaN,NaN,NaN,NaN,NaN,NaN,NaN,NaN,NaN
NaN,NaN,NaN,0.025,NaN,NaN,NaN,NaN,NaN,NaN,NaN,NaN,NaN,NaN,NaN,NaN,NaN
NaN,NaN,NaN,NaN,NaN,NaN,NaN,NaN,NaN,NaN,NaN,NaN,NaN,NaN,NaN,NaN,NaN
NaN,NaN,NaN,NaN,NaN,NaN,NaN,NaN,NaN,NaN,NaN,NaN,NaN,NaN,NaN,NaN,NaN
NaN,NaN,NaN,0,0.6555555556,NaN,NaN,NaN,NaN,NaN,NaN,NaN,NaN,NaN,NaN,NaN,NaN
NaN,NaN,NaN,0,0.6483333333,NaN,NaN,NaN,NaN,NaN,NaN,NaN,NaN,NaN,NaN,NaN,NaN
NaN,NaN,NaN,0.092857143,0.735,NaN,NaN,NaN,NaN,NaN,NaN,NaN,NaN,NaN,NaN,NaN,NaN
NaN,NaN,NaN,1.108333333,0.015,NaN,NaN,NaN,NaN,NaN,NaN,NaN,NaN,NaN,NaN,NaN,NaN
NaN,NaN,NaN,1.3875,0,-63.4546051025391,NaN,NaN,NaN,NaN,NaN,NaN,NaN,NaN,NaN,NaN,NaN
NaN,NaN,NaN,2.025,0,-62.7535209655762,NaN,NaN,NaN,NaN,NaN,NaN,NaN,NaN,NaN,NaN,NaN
NaN,NaN,NaN,1.435714286,0,NaN,NaN,NaN,NaN,NaN,NaN,NaN,NaN,NaN,NaN,NaN,NaN
NaN,NaN,NaN,1.035714286,0,NaN,NaN,NaN,NaN,NaN,NaN,NaN,NaN,NaN,NaN,NaN,NaN
NaN,NaN,NaN,1.116666667,0.1566666667,-90.3771667480469,NaN,NaN,NaN,NaN,NaN,NaN,NaN,NaN,NaN,NaN,NaN
NaN,NaN,NaN,0.1,NaN,-86.8433532714844,NaN,NaN,NaN,NaN,NaN,NaN,NaN,NaN,NaN,NaN,NaN
NaN,NaN,NaN,0.1,NaN,-76.1583404541016,NaN,NaN,NaN,NaN,NaN,NaN,NaN,NaN,NaN,NaN,NaN
NaN,NaN,NaN,0,NaN,-62.7170791625977,NaN,NaN,NaN,NaN,NaN,NaN,NaN,NaN,NaN,NaN,NaN
NaN,NaN,NaN,0,NaN,-66.3773422241211,NaN,NaN,NaN,NaN,NaN,NaN,NaN,NaN,NaN,NaN,NaN
NaN,NaN,NaN,0.1,0.6466666667,-61.5176734924316,NaN,NaN,NaN,NaN,NaN,NaN,NaN,NaN,NaN,NaN,NaN
NaN,NaN,NaN,1.09,0.1005555556,-58.9152679443359,NaN,NaN,NaN,NaN,NaN,NaN,NaN,NaN,NaN,NaN,NaN
NaN,NaN,NaN,1.208333333,0,-63.2287178039551,NaN,NaN,NaN,NaN,NaN,NaN,NaN,NaN,NaN,NaN,NaN
NaN,NaN,NaN,1.425,0,-75.7332000732422,NaN,NaN,NaN,NaN,NaN,NaN,NaN,NaN,NaN,NaN,NaN
NaN,NaN,NaN,1.833333333,0,-81.6270599365234,NaN,NaN,NaN,NaN,NaN,NaN,NaN,NaN,NaN,NaN,NaN
NaN,NaN,NaN,1.442857143,0,-70.6599349975586,NaN,NaN,NaN,NaN,NaN,NaN,NaN,NaN,NaN,NaN,NaN
NaN,NaN,NaN,0.907142857,0,-72.9284744262695,NaN,NaN,NaN,NaN,NaN,NaN,NaN,NaN,NaN,NaN,NaN
NaN,NaN,NaN,0.157142857,0.3994444444,-74.5764617919922,NaN,NaN,NaN,NaN,NaN,NaN,NaN,NaN,NaN,NaN,NaN
NaN,NaN,NaN,0.10625,NaN,-67.4440231323242,NaN,NaN,NaN,NaN,NaN,NaN,NaN,NaN,NaN,NaN,NaN
NaN,NaN,NaN,NaN,NaN,-55.5168495178223,NaN,NaN,NaN,NaN,NaN,NaN,NaN,NaN,NaN,NaN,NaN
