NBE,CH4,ET,LAI,SCF,EWT,ABGB,GPP_DT,ER_DT,GPP_NT,ER_NT,NBE_F,CH4_F,ET_F,NBE_ANN,CH4_ANN,ET_ANN
NaN,NaN,NaN,0.683333333,0,144.524703979492,NaN,NaN,NaN,NaN,NaN,NaN,NaN,NaN,NaN,NaN,NaN
NaN,NaN,NaN,1.544444444,0,170.383453369141,NaN,NaN,NaN,NaN,NaN,NaN,NaN,NaN,NaN,NaN,NaN
NaN,NaN,NaN,2.711111111,0,246.362243652344,NaN,NaN,NaN,NaN,NaN,NaN,NaN,NaN,NaN,NaN,NaN
NaN,NaN,NaN,2.811111111,0,269.447235107422,NaN,NaN,NaN,NaN,NaN,NaN,NaN,NaN,NaN,NaN,NaN
NaN,NaN,NaN,1.983333333,0,222.815185546875,NaN,NaN,NaN,NaN,NaN,NaN,NaN,NaN,NaN,NaN,NaN
NaN,NaN,NaN,1.277777778,0,164.887313842773,NaN,NaN,NaN,NaN,NaN,NaN,NaN,NaN,NaN,NaN,NaN
NaN,NaN,NaN,0.988888889,0,92.4406356811523,NaN,NaN,NaN,NaN,NaN,NaN,NaN,NaN,NaN,NaN,NaN
NaN,NaN,NaN,1.094444444,0,-15.1835155487061,NaN,NaN,NaN,NaN,NaN,NaN,NaN,NaN,NaN,NaN,NaN
NaN,NaN,NaN,1.1,0,-65.1417465209961,NaN,NaN,NaN,NaN,NaN,NaN,NaN,NaN,NaN,NaN,NaN
NaN,NaN,NaN,0.972222222,0,-89.0640258789062,NaN,NaN,NaN,NaN,NaN,NaN,NaN,NaN,NaN,NaN,NaN
NaN,NaN,NaN,0.605555556,0,-73.5824584960938,NaN,NaN,NaN,NaN,NaN,NaN,NaN,NaN,NaN,NaN,NaN
NaN,NaN,NaN,0.411111111,0,35.8361587524414,NaN,NaN,NaN,NaN,NaN,NaN,NaN,NaN,NaN,NaN,NaN
NaN,NaN,NaN,0.461111111,0,283.579559326172,NaN,NaN,NaN,NaN,NaN,NaN,NaN,NaN,NaN,NaN,NaN
NaN,NaN,NaN,1.122222222,0,244.44287109375,NaN,NaN,NaN,NaN,NaN,NaN,NaN,NaN,NaN,NaN,NaN
NaN,NaN,NaN,1.592857143,0,308.852691650391,NaN,NaN,NaN,NaN,NaN,NaN,NaN,NaN,NaN,NaN,NaN
NaN,NaN,NaN,3.783333333,0,405.991058349609,NaN,NaN,NaN,NaN,NaN,NaN,NaN,NaN,NaN,NaN,NaN
NaN,NaN,NaN,2.261111111,0,264.251220703125,NaN,NaN,NaN,NaN,NaN,NaN,NaN,NaN,NaN,NaN,NaN
NaN,NaN,NaN,1.372222222,0,274.067626953125,NaN,NaN,NaN,NaN,NaN,NaN,NaN,NaN,NaN,NaN,NaN
NaN,NaN,NaN,1.122222222,0,147.37646484375,NaN,NaN,NaN,NaN,NaN,NaN,NaN,NaN,NaN,NaN,NaN
NaN,NaN,NaN,1.15,0,25.2920188903809,NaN,NaN,NaN,NaN,NaN,NaN,NaN,NaN,NaN,NaN,NaN
NaN,NaN,NaN,1.027777778,0,-26.380069732666,NaN,NaN,NaN,NaN,NaN,NaN,NaN,NaN,NaN,NaN,NaN
NaN,NaN,NaN,0.877777778,0,-81.4187240600586,NaN,NaN,NaN,NaN,NaN,NaN,NaN,NaN,NaN,NaN,NaN
NaN,NaN,NaN,0.466666667,0,-82.2482986450195,NaN,NaN,NaN,NaN,NaN,NaN,NaN,NaN,NaN,NaN,NaN
NaN,NaN,NaN,0.361111111,0,46.7282562255859,NaN,NaN,NaN,NaN,NaN,NaN,NaN,NaN,NaN,NaN,NaN
NaN,NaN,NaN,0.405555556,0,53.3009414672852,NaN,NaN,NaN,NaN,NaN,NaN,NaN,NaN,NaN,NaN,NaN
NaN,NaN,NaN,0.622222222,0,70.7236938476562,NaN,NaN,NaN,NaN,NaN,NaN,NaN,NaN,NaN,NaN,NaN
NaN,NaN,NaN,1.944444444,0,160.293975830078,NaN,NaN,NaN,NaN,NaN,NaN,NaN,NaN,NaN,NaN,NaN
NaN,NaN,NaN,2.15,0,145.030090332031,NaN,NaN,NaN,NaN,NaN,NaN,NaN,NaN,NaN,NaN,NaN
NaN,NaN,NaN,1.466666667,0,20.8320426940918,NaN,NaN,NaN,NaN,NaN,NaN,NaN,NaN,NaN,NaN,NaN
NaN,NaN,NaN,1.261111111,0,-40.977855682373,NaN,NaN,NaN,NaN,NaN,NaN,NaN,NaN,NaN,NaN,NaN
NaN,NaN,NaN,1.222222222,0,-88.6305618286133,NaN,NaN,NaN,NaN,NaN,NaN,NaN,NaN,NaN,NaN,NaN
NaN,NaN,NaN,1.422222222,0,-132.107177734375,NaN,NaN,NaN,NaN,NaN,NaN,NaN,NaN,NaN,NaN,NaN
NaN,NaN,NaN,1.211111111,0,-188.076843261719,NaN,NaN,NaN,NaN,NaN,NaN,NaN,NaN,NaN,NaN,NaN
NaN,NaN,NaN,1.083333333,0,-170.207489013672,NaN,NaN,NaN,NaN,NaN,NaN,NaN,NaN,NaN,NaN,NaN
NaN,NaN,NaN,0.627777778,0,-132.551788330078,NaN,NaN,NaN,NaN,NaN,NaN,NaN,NaN,NaN,NaN,NaN
NaN,NaN,NaN,0.388888889,0,-98.9179611206055,NaN,NaN,NaN,NaN,NaN,NaN,NaN,NaN,NaN,NaN,NaN
NaN,NaN,NaN,0.316666667,0.00888888889,-30.7900791168213,NaN,NaN,NaN,NaN,NaN,NaN,NaN,NaN,NaN,NaN,NaN
NaN,NaN,NaN,0.777777778,0,109.240715026855,NaN,NaN,NaN,NaN,NaN,NaN,NaN,NaN,NaN,NaN,NaN
NaN,NaN,NaN,1.766666667,0,151.753753662109,NaN,NaN,NaN,NaN,NaN,NaN,NaN,NaN,NaN,NaN,NaN
NaN,NaN,NaN,2.244444444,0,40.5643157958984,NaN,NaN,NaN,NaN,NaN,NaN,NaN,NaN,NaN,NaN,NaN
NaN,NaN,NaN,1.633333333,0,-44.3486480712891,NaN,NaN,NaN,NaN,NaN,NaN,NaN,NaN,NaN,NaN,NaN
NaN,NaN,NaN,1.366666667,0,-64.771842956543,NaN,NaN,NaN,NaN,NaN,NaN,NaN,NaN,NaN,NaN,NaN
NaN,NaN,NaN,1.183333333,0,-147.722595214844,NaN,NaN,NaN,NaN,NaN,NaN,NaN,NaN,NaN,NaN,NaN
NaN,NaN,NaN,1.294444444,0,-160.811981201172,NaN,NaN,NaN,NaN,NaN,NaN,NaN,NaN,NaN,NaN,NaN
NaN,NaN,NaN,1.138888889,0,-203.728363037109,NaN,NaN,NaN,NaN,NaN,NaN,NaN,NaN,NaN,NaN,NaN
NaN,NaN,NaN,0.972222222,0,-214.5029296875,NaN,NaN,NaN,NaN,NaN,NaN,NaN,NaN,NaN,NaN,NaN
NaN,NaN,NaN,0.605555556,0,-213.876174926758,NaN,NaN,NaN,NaN,NaN,NaN,NaN,NaN,NaN,NaN,NaN
NaN,NaN,NaN,0.405555556,0,-212.849411010742,NaN,NaN,NaN,NaN,NaN,NaN,NaN,NaN,NaN,NaN,NaN
NaN,NaN,NaN,0.416666667,0,-124.518516540527,NaN,NaN,NaN,NaN,NaN,NaN,NaN,NaN,NaN,NaN,NaN
NaN,NaN,NaN,0.661111111,0,-59.1246871948242,NaN,NaN,NaN,NaN,NaN,NaN,NaN,NaN,NaN,NaN,NaN
NaN,NaN,NaN,1.616666667,0,29.9695224761963,NaN,NaN,NaN,NaN,NaN,NaN,NaN,NaN,NaN,NaN,NaN
NaN,NaN,NaN,2.111111111,0,-13.4775810241699,NaN,NaN,NaN,NaN,NaN,NaN,NaN,NaN,NaN,NaN,NaN
NaN,NaN,NaN,1.466666667,0,-37.2346076965332,NaN,NaN,NaN,NaN,NaN,NaN,NaN,NaN,NaN,NaN,NaN
NaN,NaN,NaN,1.266666667,0,-100.291526794434,NaN,NaN,NaN,NaN,NaN,NaN,NaN,NaN,NaN,NaN,NaN
NaN,NaN,NaN,1.122222222,0,-123.594528198242,NaN,NaN,NaN,NaN,NaN,NaN,NaN,NaN,NaN,NaN,NaN
NaN,NaN,NaN,1.094444444,0,-192.479370117188,NaN,NaN,NaN,NaN,NaN,NaN,NaN,NaN,NaN,NaN,NaN
NaN,NaN,NaN,1.211111111,0,-226.063858032227,NaN,NaN,NaN,NaN,NaN,NaN,NaN,NaN,NaN,NaN,NaN
NaN,NaN,NaN,0.988888889,0,-243.810195922852,NaN,NaN,NaN,NaN,NaN,NaN,NaN,NaN,NaN,NaN,NaN
NaN,NaN,NaN,0.644444444,0,-262.068206787109,NaN,NaN,NaN,NaN,NaN,NaN,NaN,NaN,NaN,NaN,NaN
NaN,NaN,NaN,0.3375,0,-181.495483398438,NaN,NaN,NaN,NaN,NaN,NaN,NaN,NaN,NaN,NaN,NaN
2.17149825537215,0.0450884471570442,1.16757691071691,0.4,0,-79.198112487793,NaN,0.900613588376829,3.72116941371476,1.97156551475465,4.43230871759506,2.46074267153971,0.0397358055012305,0.536662514968667,2.88013780444325,0.0357686460153402,0.580726579739434
2.02198167031412,0.0647305013724226,2.47937326815176,0.905555556,0,51.9855346679688,NaN,1.77324324330523,5.44793026731429,1.15017588066857,4.49528210228571,3.34510565230286,0.0892658462394857,1.30341697775838,3.08329944515936,0.0750919234782881,1.22476048862995
-1.23366678088746,0.039237095492489,3.44029606310391,1.911111111,0,55.4007301330566,NaN,3.36034480517419,4.26608211065806,3.60938964475277,5.0430110516129,1.43362129392,0.0475354744413677,2.06795752319803,1.5752512049663,0.0431906102163486,2.0188236768912
-2.89754380104747,0.0289374775409709,3.66087991479879,2.2,0,91.7578506469727,NaN,5.3645661546624,4.82299519824,5.62045798043712,5.3722831032,-0.248177731896,0.03497331550752,2.54143240569522,-0.106526039275484,0.0312415557239259,2.4914200534692
-2.09123885956825,0.0273705564748635,3.30816722642955,1.811111111,0,91.4890747070312,NaN,6.83526156015484,5.84499325006452,6.79287785669419,5.87969327380645,-0.91318233816,0.0320113479941419,2.75533838191131,-0.924601581428925,0.0269551190585693,2.74726809098531
-1.67117127102704,0.0102297766675214,4.03383311628703,1.333333333,0,21.3575954437256,NaN,7.0110077256,6.7648171536,6.508160714484,6.028293744,-0.47986548624,0.010130667347736,3.44185330477921,-0.472396425038631,0.0118228424052335,3.43774879200215
-2.65895732465239,0.00562432197590429,3.73141254230281,1.144444444,0,-60.6796607971191,NaN,7.98303013107097,5.54503598082581,8.11716546575613,5.82101984206452,-2.29615128961548,0.00556595367557143,3.54545512606036,-2.29156777469526,0.00584526742275385,3.55111998225727
-4.46461175228369,NaN,4.66183390135074,1.211111111,0,-165.880920410156,NaN,8.78339645568,5.89767885243871,9.03567832866581,6.47844355974193,-2.55723640613419,-9999,3.77343839388325,-2.63642090188871,0.00645046000976381,3.75660583372721
-3.83182813638203,NaN,5.06005853387831,1.111111111,0,-213.261901855469,NaN,6.5275917800112,6.25879046448,6.5800942269912,6.2608868928,-0.319203668088,-9999,3.35078886291151,-0.410265231660274,0.00651036539031889,3.37961425686368
-0.144994085704118,NaN,3.20911514547419,0.872222222,0,-227.984008789062,NaN,3.27809038860232,4.81098334923871,3.73763698326836,6.08713499845161,2.34949613890065,-9999,2.0333415941961,1.88512963954312,0.0111998964818126,2.01843209124076
2.80979872639472,NaN,1.66438124014908,0.455555556,0,-103.311416625977,NaN,1.2664680796044,4.1105052072,0.8855108946072,4.174402932,3.288891254328,-9999,1.02233007425691,3.32895563719621,0.0266735663388626,1.00188206735393
3.05248584322092,NaN,1.3526110283516,0.327777778,0,2.00886821746826,NaN,0.368117570047819,3.59560686750968,0.268013034896516,3.50341149832258,3.23539896442065,-9999,0.766472618100015,2.97952847164017,0.0511519965096618,0.769807755033657
1.22385585550403,NaN,1.14557822137235,0.794444444,0,NaN,NaN,0.691748812039819,2.49039300286452,0.756963556908387,2.99922789367742,2.24226427203871,-9999,0.847487921541587,2.20803155627275,0.0509830583364198,0.811162530288413
0.271914643517747,NaN,2.37645430232588,0.977777778,0,70.7842025756836,NaN,2.54628039677246,4.96034273211429,3.81647642641971,6.09841921371429,2.28194809439143,-9999,1.47498420455897,2.33102373561335,0.0520413768139069,1.4776880543258
-1.23708172420222,NaN,3.45694914676602,1.65625,0,232.273132324219,NaN,4.77337187755742,7.15035636092903,6.14464486926968,8.43254986529032,2.28789616043613,-9999,2.21959911762345,1.90064998276649,0.0367266265692033,2.10142383678991
-3.57253673476647,NaN,3.99132975827337,2.6625,0,227.480484008789,NaN,7.058491630848,6.05870322264,7.618708648548,7.0503533928,-0.56835034092,-9999,2.97602471233119,-0.792636949471778,0.0281979653291283,2.96808573968348
-4.11366111036738,NaN,4.38826309180071,1.761111111,0,186.236572265625,NaN,8.75776943292387,7.35229881963871,8.40943380881032,6.73443867716129,-1.67499274624258,-9999,3.44242040695894,-1.69723595098757,0.0154162079323834,3.42136059809777
-1.40031652902634,NaN,4.71181940609535,1.2,0,NaN,NaN,8.33192761464,9.03712275864,7.040461757112,6.9691324464,-0.0713277125279999,-9999,3.89586233243623,-0.259259119666961,0.0117914828430539,3.87526732002518
0.659772365117286,NaN,3.57248858926809,1.15,0,67.2799758911133,NaN,5.45423084686452,6.72208081548387,5.13104955050787,6.11379045754839,0.982734966232258,-9999,3.13802154990349,1.04388984469377,0.0128665362105067,3.127088556403
0.404450152321425,NaN,2.45970411729662,1.172222222,0,-60.374683380127,NaN,4.78478133855174,5.62932529710968,4.69892365249006,5.54658272129032,0.847655554180645,-9999,2.23722238101936,0.8577975590032,0.0141304574386277,2.23942785243863
-1.3550280652373,NaN,2.82874737761817,0.933333333,0,-106.709976196289,NaN,4.5067417561944,5.0703218784,4.6432814422824,4.8091305384,0.165852562248,-9999,2.13114687843229,0.29166931710522,0.0167457031090788,2.13276444333281
2.15667914951736,NaN,2.29480289981427,1.03125,0,-109.216506958008,NaN,1.68620527723866,4.25782346283871,2.37668779597239,5.53600035870968,3.15931272124645,-9999,1.35314864074798,2.70511745895432,0.022508517591775,1.36848680327123
0.698682340689523,NaN,1.49664584639999,0.683333333,0,-124.929214477539,NaN,0.96201198248256,2.22143023584,0.780556548168,2.466693684,1.686137714064,-9999,0.906763162945108,1.49649796511525,0.0370257850499295,0.860290868958788
0.523182529463331,NaN,0.978976249524431,0.4875,0,-149.096176147461,NaN,0.428983140705677,1.35726180363871,0.582414823556129,1.32294377729032,0.740529055602581,-9999,0.587905026440629,1.32036869631062,0.042399496734771,0.625217470348707
1.35481652233824,NaN,1.05890391907991,0.416666667,0,-162.887268066406,NaN,0.106643824948312,1.18850868696774,0.822251444044645,2.40741940180645,1.58516855753806,-9999,0.643680453885221,1.76514222061833,0.0394555834764143,0.697970120148093
0.894397230970428,NaN,1.8279780412943,0.716666667,0.02166666667,-104.543273925781,NaN,0.845175176686254,2.03574142526897,3.64442734273655,5.81809436689655,2.17366690603034,-9999,1.18412938273075,1.87959290559224,0.0319038074655288,1.13636509019109
-0.669395937504208,0.0188938051702715,2.832337825923,1.05,0,-22.2376403808594,NaN,1.82553480513592,2.27007801545806,2.75849076973935,4.07256571509677,1.31407562143742,0.030165223315746,1.79340534310137,1.41970240889423,0.0225750903631503,1.84484061628249
-3.50038210914887,0.0238820034194413,4.56099865410874,2.277777778,0,84.5485382080078,NaN,7.207545933648,6.39853944264,6.6146090877432,5.3233808112,-1.291230972576,0.02996067148056,3.50862618401072,-1.39887293562,0.023323756767727,3.49134357692469
-4.08985595364359,0.00623323900228804,4.66883736944919,1.461111111,0,NaN,NaN,10.8275767958787,8.71670178812903,8.31528795838994,5.00170138606452,-3.31358729109677,0.00630581650745806,4.27155966809321,-3.23872160390757,0.00744100208768424,4.27250151364124
-1.38096132269361,0.0135637347748902,3.84402470034076,1.188888889,0,-44.1242370605469,NaN,6.956298846,6.3263356092,6.538753464696,5.6808018936,-0.857953406016,0.01274474689776,3.5581575410219,-0.862308763234123,0.013513608975077,3.55630956977728
-0.585300908791891,0.0163430474029874,3.23640685613156,1.177777778,0,-94.6252365112305,NaN,6.4195217705729,6.72533346472258,5.64374984071053,5.48661014012903,-0.157142449927742,0.0159210908598194,2.98749415818951,-0.160988548433053,0.0161165901789919,2.98924054562368
0.465245883881725,0.0212056830702753,2.65404164408641,1.177777778,0,-181.766845703125,NaN,4.96493847529548,5.99145285623226,4.72479746634581,5.59522098812903,0.87041815056,0.0219210625992774,2.46063196810295,0.837380477883683,0.0211638875722953,2.46807000501264
0.959382435168576,0.0174982832189631,1.90676090972979,1.005555556,0,-200.122756958008,NaN,3.217409516952,4.63953142944,2.8679001176016,4.2987334248,1.430833474728,0.01872683161704,1.63575465476519,1.41267952313761,0.0185887568292665,1.6456112742987
3.12937465894774,0.0233314916760093,1.89415643865894,0.961111111,0,NaN,NaN,1.71949669827004,5.35244964572903,1.91115050435535,5.36493878941936,3.45378714152516,0.0347977012837936,1.1425837859039,3.19535675307994,0.0270790404468768,1.17378494559594
4.24774861216722,0.0540870336395583,1.83662366009337,0.722222222,0,-230.714721679688,NaN,0.26370384333336,3.47722480944,1.1515894689816,5.8660313328,4.714440990336,0.04885845065712,1.13199224271594,3.79426655622949,0.0400395044315656,1.00806946913176
2.39513756005391,0.0402017948447702,1.77195932792588,0.8,0,-57.5812530517578,NaN,0.532090603187326,3.20582280495484,1.95649255881058,4.74080083896774,2.78430845611355,0.0474848738131355,0.960570505553988,2.85896355422085,0.0319376228087545,0.967716172792683
1.11824606429003,0.0276187683860512,1.61970646482888,0.738888889,0,89.1133117675781,NaN,0.876188885574193,2.30147196967742,2.27581057146194,4.90944195406452,2.63363129170839,0.0451287771624,1.0333476803674,2.10214467413271,0.0228453855160917,0.93237525711588
-1.0331347580862,0.0207944191960779,2.03221324678928,0.988888889,0,44.4472427368164,NaN,1.86903036413229,2.50883770422857,1.72276764971914,2.59749560314286,0.874728820054286,0.0187124390637429,1.11876106695069,0.907600455619212,0.0173115462552245,1.21712583776043
-2.71784183294777,0.0215431863423711,2.69977543015233,1.516666667,0,NaN,NaN,4.27948883305084,4.52182009192258,3.85633966949419,3.79132308929032,-0.0650235600696774,0.0209695916134452,1.65906766209172,0.0601608018584465,0.018144653126122,1.69462553458557
-2.05694529307995,0.0107887218905172,3.55081674271421,2.116666667,0,-36.7517318725586,NaN,5.230316954808,4.3084620828,5.442788673288,4.718603088,-0.72417617928,0.01102489526232,2.90747256904542,-0.778724222646431,0.01155310980892,2.89755021818896
-1.7107689638291,0.0109399163649733,3.40415727130964,1.488888889,0,-132.072692871094,NaN,5.76454349178116,4.57453319736774,6.24420550479948,5.41636896077419,-0.827836973698065,0.0114505316189419,2.98141705838067,-0.852783879928652,0.0110800794920924,2.98237528092206
0.115989998454864,0.0206308215624975,3.18167113556565,1.161111111,0,-149.823959350586,NaN,5.66515214424,6.16866403608,5.273737484976,5.6142143496,0.340478951832,0.02235365216136,2.98668434276429,0.325727862482878,0.0183448441368878,2.97570211532114
1.22729980511097,0.020587048475597,2.54100319408549,1.333333333,0,-191.813232421875,NaN,4.25594709031355,5.59449054232258,3.96680326223226,5.14985966709677,1.18305676251871,0.0195528466296,2.47193083046991,1.25427269493889,0.0188448177793551,2.47588321107991
1.36013896179409,0.0180566227639644,2.14515629321046,1.316666667,0,NaN,NaN,3.54381259561966,5.37138032260645,3.168112291992,4.86358686116129,1.69547484702194,0.0189660907163613,1.90913189267191,1.74305753677013,0.0171965365324552,1.94586382691993
2.21563353636358,0.019770122127994,2.44371749812077,1.305555556,0,NaN,NaN,2.7459899734536,5.48390403864,2.6654558778,5.6215919592,2.956134579696,0.0210889293588,1.84624327957063,2.78279374423653,0.0198744944125855,1.822182791008
-0.00935772682579102,0.0153269162316782,2.02596959451872,0.883333333,0,-327.03662109375,NaN,1.57483214536692,2.76302076619355,1.82061905622503,2.85661415148387,1.03599412671484,0.0154382746294452,1.19064557421885,1.51707759967214,0.0148992094889751,1.22941358701103
1.67648993557868,0.0138365493560361,1.29609386829679,0.583333333,0,-339.323181152344,NaN,0.44780348962872,2.45036395512,1.1798166978936,3.3206561568,2.140839898272,0.01117764124488,0.980096449550825,2.32355635812976,0.0149094016029698,0.78691269566474
1.28992423311377,0.0135401813420079,0.893994014405804,0.383333333,0,-285.117858886719,NaN,0.112566515429683,1.26820909858065,0.356919340171355,1.38793643535484,1.03101688491097,0.00503994763370323,0.505423620468692,1.78352646894735,0.0134593807659316,0.514673291253185
1.08200424382939,0.0103318593377216,0.830880480428377,0.377777778,0,-306.942047119141,NaN,0.0562929723890059,0.849512388077419,-0.075106470212129,0.880773131612903,0.955879488766451,0.00173136150766452,0.399478691117714,1.40254004307534,0.0118458009498196,0.426054984559319
1.81487042998857,0.00790728175896876,1.8430458679342,0.466666667,0,NaN,NaN,1.87745544660394,5.34564254854286,1.28488522312286,3.20251894714286,1.91763303883714,0.0109619346090857,1.22562958035846,1.61919182560145,0.00961305088190331,1.00982458962258
-4.0095788442404,0.0119412248831489,3.48519159576921,1.411111111,0,-151.04035949707,NaN,5.51688233492207,6.28568278374194,4.49262598611484,4.40525459380645,-0.0873764956567742,0.0132908331258581,1.93589392023785,-0.0392971967852086,0.0108480767952171,1.97309086328521
-5.72899572397567,0.0150728553983527,4.66752913537201,2.094444444,0,-213.331390380859,NaN,8.475451515648,7.22972787696,7.6396175357904,5.7401859384,-1.899433834632,0.01814407980552,3.06956293106608,-1.93343019704808,0.0127912071520336,3.0713377712307
-3.42206967572332,0.0039934069404946,4.74029967656726,1.505555556,0,-230.280319213867,NaN,7.32019947630968,6.70564771385806,6.7494365736991,5.72125640283871,-1.02818178074323,0.00424882488611613,3.59289955887582,-1.05058019909324,0.00511504080382892,3.57164131342236
-2.07159412854557,0.00596290994984696,4.41806780996116,1.277777778,0,-247.433944702148,NaN,7.073537724,6.85655871768,6.351921305892,5.9485108032,-0.403404141312,0.00627141655944,3.53229168158325,-0.378316314276926,0.00654887421054506,3.52867083526642
-2.23305570387432,0.00421459816280939,4.17087975565918,1.3,0,NaN,NaN,8.73306352990452,8.06243439205161,8.40500002954219,7.38714809032258,-1.01785363121032,0.00418148594825806,3.58535984400446,-1.03852882148398,0.00500154030233924,3.59525681141572
-3.06171336632018,0.00620892005736493,4.53840463176364,1.461111111,0,-385.696228027344,NaN,9.07271335045161,8.63119952314839,8.96134191438193,8.19447771716129,-0.766860776756129,0.00567602455842581,3.60985779489189,-0.88416326329801,0.00702918758728494,3.61336977181735
-1.46399255134709,0.0082298978975369,4.19069865056399,1.4,0,-455.877563476562,NaN,6.462823548384,7.94000943072,5.9684983730136,6.9952853448,1.026789015672,0.0071547485472,2.94161732349246,0.974650912153112,0.00905123280832509,2.94447678485399
-1.23993278819736,0.0101118074163356,3.8872619146622,1.244444444,0,-422.230987548828,NaN,3.51251410591974,5.45707055775484,3.73820544585523,5.70151525006452,1.96331077388903,0.0090078012474271,2.04807643655077,2.05690821795774,0.00970862365536994,2.12182247868337
3.57144695529797,0.00652199288259895,1.97101995465719,0.692857143,0,-422.778472900391,NaN,0.452321363794824,3.60594651168,0.39428135591832,4.8243194136,4.430038017528,0.00749902603536,0.891754141930185,3.61565815030491,0.00826286685453179,1.02842382118092
2.69857934278374,0.0109247843209162,1.44775471052965,0.538888889,0,NaN,NaN,0.499835307285755,3.62236584983226,0.336019603113987,3.35317754787097,3.01715766264774,0.0103916636835097,0.949768564074891,2.73125608828012,0.0106480099841602,0.810971280071164
0.807082343644993,0.0148007844123079,1.23512722703226,0.55,0,-242.040252685547,NaN,0.706386697952981,1.65460487852903,0.301292570327226,1.5538823163871,1.25258985743226,0.00683544835695484,0.666065069675457,1.43142371186299,0.0106650518666885,0.67805549239095
-3.65471825961112,0.00465252829057133,2.44235149723085,1.077777778,0,-189.111099243164,NaN,3.629236332744,2.9984204376,4.17103887762257,4.29776847,0.126726553774286,0.0046698391188,1.31895167212885,-0.218113224244248,0.00618504619992208,1.29935130900171
-5.26372869602409,0.00326819129018429,3.43296034848712,1.855555556,0,-219.440139770508,NaN,5.50666467583432,4.22234259352258,6.08016074601693,5.33354534941935,-0.746616539357419,0.00409564695984619,2.09226989802489,-1.00183958689803,0.00451673306232307,2.08298989794947
-3.49955070116847,0.00295394988636128,4.06346342873069,2.177777778,0,-194.107727050781,NaN,6.88292426232,5.18876102808,7.1855996239656,5.7616361568,-1.423968980688,0.00223254080424,3.16795073572938,-1.48442032768593,0.00357351631691032,3.13638355523167
-4.01134469288791,0.00410628601260289,4.40899458572711,1.444444444,0,-207.362335205078,NaN,7.681168965456,5.492327526,8.12492667,6.297398784,-1.82753499456,0.0035200372176,3.5622627101543,-1.89730383387649,0.00422162071905867,3.55096730550122
NaN,NaN,NaN,1.083333333,0,NaN,NaN,NaN,NaN,NaN,NaN,NaN,NaN,NaN,NaN,NaN,NaN
NaN,NaN,NaN,1.072222222,0,-386.472320556641,NaN,NaN,NaN,NaN,NaN,NaN,NaN,NaN,NaN,NaN,NaN
NaN,NaN,NaN,1.027777778,0,-426.294128417969,NaN,NaN,NaN,NaN,NaN,NaN,NaN,NaN,NaN,NaN,NaN
NaN,NaN,NaN,1.016666667,0,-470.754089355469,NaN,NaN,NaN,NaN,NaN,NaN,NaN,NaN,NaN,NaN,NaN
NaN,NaN,NaN,0.966666667,0,NaN,NaN,NaN,NaN,NaN,NaN,NaN,NaN,NaN,NaN,NaN,NaN
NaN,NaN,NaN,0.616666667,0,NaN,NaN,NaN,NaN,NaN,NaN,NaN,NaN,NaN,NaN,NaN,NaN
NaN,NaN,NaN,0.322222222,0,-317.595794677734,NaN,NaN,NaN,NaN,NaN,NaN,NaN,NaN,NaN,NaN,NaN
NaN,NaN,NaN,0.475,0,-175.126098632812,NaN,NaN,NaN,NaN,NaN,NaN,NaN,NaN,NaN,NaN,NaN
NaN,NaN,NaN,0.75,0,-46.8145217895508,NaN,NaN,NaN,NaN,NaN,NaN,NaN,NaN,NaN,NaN,NaN
NaN,NaN,NaN,2.705555556,0,31.0837554931641,NaN,NaN,NaN,NaN,NaN,NaN,NaN,NaN,NaN,NaN,NaN
NaN,NaN,NaN,2.177777778,0,NaN,NaN,NaN,NaN,NaN,NaN,NaN,NaN,NaN,NaN,NaN,NaN
NaN,NaN,NaN,1.444444444,0,-83.4537506103516,NaN,NaN,NaN,NaN,NaN,NaN,NaN,NaN,NaN,NaN,NaN
NaN,NaN,NaN,1.138888889,0,-175.71760559082,NaN,NaN,NaN,NaN,NaN,NaN,NaN,NaN,NaN,NaN,NaN
NaN,NaN,NaN,0.988888889,0,-283.000305175781,NaN,NaN,NaN,NaN,NaN,NaN,NaN,NaN,NaN,NaN,NaN
NaN,NaN,NaN,1.105555556,0,-332.014038085938,NaN,NaN,NaN,NaN,NaN,NaN,NaN,NaN,NaN,NaN,NaN
NaN,NaN,NaN,1.027777778,0,NaN,NaN,NaN,NaN,NaN,NaN,NaN,NaN,NaN,NaN,NaN,NaN
NaN,NaN,NaN,0.9,0,NaN,NaN,NaN,NaN,NaN,NaN,NaN,NaN,NaN,NaN,NaN,NaN
NaN,NaN,NaN,1,0,-264.14697265625,NaN,NaN,NaN,NaN,NaN,NaN,NaN,NaN,NaN,NaN,NaN
NaN,NaN,NaN,0.75,0,-81.6236953735352,NaN,NaN,NaN,NaN,NaN,NaN,NaN,NaN,NaN,NaN,NaN
NaN,NaN,NaN,0.85,0,21.9442710876465,NaN,NaN,NaN,NaN,NaN,NaN,NaN,NaN,NaN,NaN,NaN
NaN,NaN,NaN,1.672222222,0,NaN,NaN,NaN,NaN,NaN,NaN,NaN,NaN,NaN,NaN,NaN,NaN
NaN,NaN,NaN,2.1,0,131.172546386719,NaN,NaN,NaN,NaN,NaN,NaN,NaN,NaN,NaN,NaN,NaN
NaN,NaN,NaN,1.766666667,0,147.21142578125,NaN,NaN,NaN,NaN,NaN,NaN,NaN,NaN,NaN,NaN,NaN
NaN,NaN,NaN,1.733333333,0,138.038101196289,NaN,NaN,NaN,NaN,NaN,NaN,NaN,NaN,NaN,NaN,NaN
NaN,NaN,NaN,1.038888889,0,45.7129859924316,NaN,NaN,NaN,NaN,NaN,NaN,NaN,NaN,NaN,NaN,NaN
NaN,NaN,NaN,0.938888889,0,NaN,NaN,NaN,NaN,NaN,NaN,NaN,NaN,NaN,NaN,NaN,NaN
NaN,NaN,NaN,1.072222222,0,NaN,NaN,NaN,NaN,NaN,NaN,NaN,NaN,NaN,NaN,NaN,NaN
NaN,NaN,NaN,1.011111111,0,NaN,NaN,NaN,NaN,NaN,NaN,NaN,NaN,NaN,NaN,NaN,NaN
NaN,NaN,NaN,1.00625,0,NaN,NaN,NaN,NaN,NaN,NaN,NaN,NaN,NaN,NaN,NaN,NaN
NaN,NaN,NaN,0.561111111,0,NaN,NaN,NaN,NaN,NaN,NaN,NaN,NaN,NaN,NaN,NaN,NaN
NaN,NaN,NaN,0.405555556,0,NaN,NaN,NaN,NaN,NaN,NaN,NaN,NaN,NaN,NaN,NaN,NaN
NaN,NaN,NaN,0.492857143,0,NaN,NaN,NaN,NaN,NaN,NaN,NaN,NaN,NaN,NaN,NaN,NaN
NaN,NaN,NaN,0.744444444,0,NaN,NaN,NaN,NaN,NaN,NaN,NaN,NaN,NaN,NaN,NaN,NaN
NaN,NaN,NaN,1.3875,0,NaN,NaN,NaN,NaN,NaN,NaN,NaN,NaN,NaN,NaN,NaN,NaN
NaN,NaN,NaN,2.877777778,0,NaN,NaN,NaN,NaN,NaN,NaN,NaN,NaN,NaN,NaN,NaN,NaN
NaN,NaN,NaN,1.661111111,0,NaN,NaN,NaN,NaN,NaN,NaN,NaN,NaN,NaN,NaN,NaN,NaN
NaN,NaN,NaN,1.172222222,0,-113.939468383789,NaN,NaN,NaN,NaN,NaN,NaN,NaN,NaN,NaN,NaN,NaN
NaN,NaN,NaN,1.1375,0,-190.317016601562,NaN,NaN,NaN,NaN,NaN,NaN,NaN,NaN,NaN,NaN,NaN
NaN,NaN,NaN,1.227777778,0,NaN,NaN,NaN,NaN,NaN,NaN,NaN,NaN,NaN,NaN,NaN,NaN
NaN,NaN,NaN,1.205555556,0,NaN,NaN,NaN,NaN,NaN,NaN,NaN,NaN,NaN,NaN,NaN,NaN
NaN,NaN,NaN,1.105555556,0,-354.602203369141,NaN,NaN,NaN,NaN,NaN,NaN,NaN,NaN,NaN,NaN,NaN
NaN,NaN,NaN,0.575,0,-426.183959960938,NaN,NaN,NaN,NaN,NaN,NaN,NaN,NaN,NaN,NaN,NaN
NaN,NaN,NaN,0.727777778,0,-287.434020996094,NaN,NaN,NaN,NaN,NaN,NaN,NaN,NaN,NaN,NaN,NaN
