NBE,CH4,ET,LAI,SCF,EWT,ABGB,GPP_DT,ER_DT,GPP_NT,ER_NT,NBE_F,CH4_F,ET_F,NBE_ANN,CH4_ANN,ET_ANN
NaN,NaN,NaN,0.794444444,0,NaN,NaN,NaN,NaN,NaN,NaN,NaN,NaN,NaN,NaN,NaN,NaN
NaN,NaN,NaN,0.977777778,0,70.7842025756836,NaN,NaN,NaN,NaN,NaN,NaN,NaN,NaN,NaN,NaN,NaN
NaN,NaN,NaN,1.65625,0,232.273132324219,NaN,NaN,NaN,NaN,NaN,NaN,NaN,NaN,NaN,NaN,NaN
NaN,NaN,NaN,2.6625,0,227.480484008789,NaN,NaN,NaN,NaN,NaN,NaN,NaN,NaN,NaN,NaN,NaN
NaN,NaN,NaN,1.761111111,0,186.236572265625,NaN,NaN,NaN,NaN,NaN,NaN,NaN,NaN,NaN,NaN,NaN
NaN,NaN,NaN,1.2,0,NaN,NaN,NaN,NaN,NaN,NaN,NaN,NaN,NaN,NaN,NaN,NaN
NaN,NaN,NaN,1.15,0,67.2799758911133,NaN,NaN,NaN,NaN,NaN,NaN,NaN,NaN,NaN,NaN,NaN
NaN,NaN,NaN,1.172222222,0,-60.374683380127,NaN,NaN,NaN,NaN,NaN,NaN,NaN,NaN,NaN,NaN,NaN
NaN,NaN,NaN,0.933333333,0,-106.709976196289,NaN,NaN,NaN,NaN,NaN,NaN,NaN,NaN,NaN,NaN,NaN
NaN,NaN,NaN,1.03125,0,-109.216506958008,NaN,NaN,NaN,NaN,NaN,NaN,NaN,NaN,NaN,NaN,NaN
NaN,NaN,NaN,0.683333333,0,-124.929214477539,NaN,NaN,NaN,NaN,NaN,NaN,NaN,NaN,NaN,NaN,NaN
NaN,NaN,NaN,0.4875,0,-149.096176147461,NaN,NaN,NaN,NaN,NaN,NaN,NaN,NaN,NaN,NaN,NaN
NaN,NaN,NaN,0.416666667,0,-162.887268066406,NaN,NaN,NaN,NaN,NaN,NaN,NaN,NaN,NaN,NaN,NaN
NaN,NaN,NaN,0.716666667,0.02166666667,-104.543273925781,NaN,NaN,NaN,NaN,NaN,NaN,NaN,NaN,NaN,NaN,NaN
NaN,NaN,NaN,1.05,0,-22.2376403808594,NaN,NaN,NaN,NaN,NaN,NaN,NaN,NaN,NaN,NaN,NaN
NaN,NaN,NaN,2.277777778,0,84.5485382080078,NaN,NaN,NaN,NaN,NaN,NaN,NaN,NaN,NaN,NaN,NaN
NaN,NaN,NaN,1.461111111,0,NaN,NaN,NaN,NaN,NaN,NaN,NaN,NaN,NaN,NaN,NaN,NaN
NaN,NaN,NaN,1.188888889,0,-44.1242370605469,NaN,NaN,NaN,NaN,NaN,NaN,NaN,NaN,NaN,NaN,NaN
NaN,NaN,NaN,1.177777778,0,-94.6252365112305,NaN,NaN,NaN,NaN,NaN,NaN,NaN,NaN,NaN,NaN,NaN
NaN,NaN,NaN,1.177777778,0,-181.766845703125,NaN,NaN,NaN,NaN,NaN,NaN,NaN,NaN,NaN,NaN,NaN
NaN,NaN,NaN,1.005555556,0,-200.122756958008,NaN,NaN,NaN,NaN,NaN,NaN,NaN,NaN,NaN,NaN,NaN
NaN,NaN,NaN,0.961111111,0,NaN,NaN,NaN,NaN,NaN,NaN,NaN,NaN,NaN,NaN,NaN,NaN
NaN,NaN,NaN,0.722222222,0,-230.714721679688,NaN,NaN,NaN,NaN,NaN,NaN,NaN,NaN,NaN,NaN,NaN
NaN,NaN,NaN,0.8,0,-57.5812530517578,NaN,NaN,NaN,NaN,NaN,NaN,NaN,NaN,NaN,NaN,NaN
NaN,NaN,NaN,0.738888889,0,89.1133117675781,NaN,NaN,NaN,NaN,NaN,NaN,NaN,NaN,NaN,NaN,NaN
NaN,NaN,NaN,0.988888889,0,44.4472427368164,NaN,NaN,NaN,NaN,NaN,NaN,NaN,NaN,NaN,NaN,NaN
NaN,NaN,NaN,1.516666667,0,NaN,NaN,NaN,NaN,NaN,NaN,NaN,NaN,NaN,NaN,NaN,NaN
NaN,NaN,NaN,2.116666667,0,-36.7517318725586,NaN,NaN,NaN,NaN,NaN,NaN,NaN,NaN,NaN,NaN,NaN
NaN,NaN,NaN,1.488888889,0,-132.072692871094,NaN,NaN,NaN,NaN,NaN,NaN,NaN,NaN,NaN,NaN,NaN
NaN,NaN,NaN,1.161111111,0,-149.823959350586,NaN,NaN,NaN,NaN,NaN,NaN,NaN,NaN,NaN,NaN,NaN
NaN,NaN,NaN,1.333333333,0,-191.813232421875,NaN,NaN,NaN,NaN,NaN,NaN,NaN,NaN,NaN,NaN,NaN
NaN,NaN,NaN,1.316666667,0,NaN,NaN,NaN,NaN,NaN,NaN,NaN,NaN,NaN,NaN,NaN,NaN
NaN,NaN,NaN,1.305555556,0,NaN,NaN,NaN,NaN,NaN,NaN,NaN,NaN,NaN,NaN,NaN,NaN
NaN,NaN,NaN,0.883333333,0,-327.03662109375,NaN,NaN,NaN,NaN,NaN,NaN,NaN,NaN,NaN,NaN,NaN
NaN,NaN,NaN,0.583333333,0,-339.323181152344,NaN,NaN,NaN,NaN,NaN,NaN,NaN,NaN,NaN,NaN,NaN
NaN,NaN,NaN,0.383333333,0,-285.117858886719,NaN,NaN,NaN,NaN,NaN,NaN,NaN,NaN,NaN,NaN,NaN
NaN,NaN,NaN,0.377777778,0,-306.942047119141,NaN,NaN,NaN,NaN,NaN,NaN,NaN,NaN,NaN,NaN,NaN
NaN,NaN,NaN,0.466666667,0,NaN,NaN,NaN,NaN,NaN,NaN,NaN,NaN,NaN,NaN,NaN,NaN
NaN,NaN,NaN,1.411111111,0,-151.04035949707,NaN,NaN,NaN,NaN,NaN,NaN,NaN,NaN,NaN,NaN,NaN
NaN,NaN,NaN,2.094444444,0,-213.331390380859,NaN,NaN,NaN,NaN,NaN,NaN,NaN,NaN,NaN,NaN,NaN
NaN,NaN,NaN,1.505555556,0,-230.280319213867,NaN,NaN,NaN,NaN,NaN,NaN,NaN,NaN,NaN,NaN,NaN
NaN,NaN,NaN,1.277777778,0,-247.433944702148,NaN,NaN,NaN,NaN,NaN,NaN,NaN,NaN,NaN,NaN,NaN
NaN,NaN,NaN,1.3,0,NaN,NaN,NaN,NaN,NaN,NaN,NaN,NaN,NaN,NaN,NaN,NaN
NaN,NaN,NaN,1.461111111,0,-385.696228027344,NaN,NaN,NaN,NaN,NaN,NaN,NaN,NaN,NaN,NaN,NaN
NaN,NaN,NaN,1.4,0,-455.877563476562,NaN,NaN,NaN,NaN,NaN,NaN,NaN,NaN,NaN,NaN,NaN
NaN,NaN,NaN,1.244444444,0,-422.230987548828,NaN,NaN,NaN,NaN,NaN,NaN,NaN,NaN,NaN,NaN,NaN
NaN,NaN,NaN,0.692857143,0,-422.778472900391,NaN,NaN,NaN,NaN,NaN,NaN,NaN,NaN,NaN,NaN,NaN
NaN,NaN,NaN,0.538888889,0,NaN,NaN,NaN,NaN,NaN,NaN,NaN,NaN,NaN,NaN,NaN,NaN
NaN,NaN,NaN,0.55,0,-242.040252685547,NaN,NaN,NaN,NaN,NaN,NaN,NaN,NaN,NaN,NaN,NaN
NaN,NaN,NaN,1.077777778,0,-189.111099243164,NaN,NaN,NaN,NaN,NaN,NaN,NaN,NaN,NaN,NaN,NaN
NaN,NaN,NaN,1.855555556,0,-219.440139770508,NaN,NaN,NaN,NaN,NaN,NaN,NaN,NaN,NaN,NaN,NaN
NaN,NaN,NaN,2.177777778,0,-194.107727050781,NaN,NaN,NaN,NaN,NaN,NaN,NaN,NaN,NaN,NaN,NaN
NaN,NaN,NaN,1.444444444,0,-207.362335205078,NaN,NaN,NaN,NaN,NaN,NaN,NaN,NaN,NaN,NaN,NaN
NaN,NaN,NaN,1.083333333,0,NaN,NaN,NaN,NaN,NaN,NaN,NaN,NaN,NaN,NaN,NaN,NaN
NaN,NaN,NaN,1.072222222,0,-386.472320556641,NaN,NaN,NaN,NaN,NaN,NaN,NaN,NaN,NaN,NaN,NaN
NaN,NaN,NaN,1.027777778,0,-426.294128417969,NaN,NaN,NaN,NaN,NaN,NaN,NaN,NaN,NaN,NaN,NaN
NaN,NaN,NaN,1.016666667,0,-470.754089355469,NaN,NaN,NaN,NaN,NaN,NaN,NaN,NaN,NaN,NaN,NaN
NaN,NaN,NaN,0.966666667,0,NaN,NaN,NaN,NaN,NaN,NaN,NaN,NaN,NaN,NaN,NaN,NaN
NaN,NaN,NaN,0.616666667,0,NaN,NaN,NaN,NaN,NaN,NaN,NaN,NaN,NaN,NaN,NaN,NaN
NaN,NaN,NaN,0.322222222,0,-317.595794677734,NaN,NaN,NaN,NaN,NaN,NaN,NaN,NaN,NaN,NaN,NaN
NaN,NaN,NaN,0.475,0,-175.126098632812,NaN,2.47226165625274,7.22624383440988,-9999,7.55101371262485,-9999,-9999,-9999,6.46580383659998,0.0019172731251344,2.66280941454441
NaN,NaN,NaN,0.75,0,-46.8145217895508,NaN,4.37165158267862,7.39771274457931,-9999,7.89002959456552,-9999,-9999,-9999,5.36530560308765,-0.00527831353653436,3.04504534986735
NaN,NaN,NaN,2.705555556,0,31.0837554931641,NaN,4.62760108908387,7.47019636467097,-9999,8.02137117483871,-9999,-9999,-9999,4.88653303246512,-0.00693549437772237,2.96692425914822
NaN,NaN,NaN,2.177777778,0,NaN,NaN,6.159504821616,7.71990221232,-9999,8.51930820792,-9999,-9999,-9999,3.10568866514232,0.00830287783124682,3.48691415484791
NaN,NaN,NaN,1.444444444,0,-83.4537506103516,NaN,6.88190654178581,7.90671649563871,-9999,8.8900853616,-9999,-9999,-9999,1.69038992438455,0.0113377286563484,3.77626826355914
-1.15686674281285,0.00582924779841112,6.14134664972035,1.138888889,0,-175.71760559082,NaN,7.718275293696,9.06600559104,8.2210510864296,9.84858237144,1.6275427596,0.003669346770048,4.76706926915426,1.57822470661256,0.00471925259058651,4.83456418451228
-3.1862797775862,0.00337424899579426,6.15332945277115,0.988888889,0,-283.000305175781,NaN,9.02982463278968,8.97646841047742,9.89751565284387,10.2795515444903,0.382038345754839,0.00172289007754839,4.54011248415136,0.252778659196904,0.00315228691126713,4.61073523500234
-2.51873427388252,0.00331568782550472,4.67632965450038,1.105555556,0,-332.014038085938,NaN,8.60505443226581,7.76515065723871,9.63679008874064,9.30107036624516,-0.335702620103226,0.00234141736661419,3.72465632057155,-0.326374943010189,0.00280099958156781,3.74971341706819
-2.93382252564619,0.00684160495214391,4.91884754506906,1.027777778,0,NaN,NaN,5.9670517509144,6.28832662704,8.263869631128,9.76652926272,1.5026654844,0.00336043903392,3.19605420779307,1.6176564383498,0.00523990285709441,3.2377929439808
1.89223234037556,0.0144744885361631,3.86048416088953,0.9,0,NaN,NaN,2.53981337978323,6.79941788260645,4.27804479683071,9.94773514343226,5.66972576291613,0.00156971175863226,1.86815206814019,5.19282655722645,0.0104646249209369,1.84898641761429
2.88557423097113,0.0140582796364861,1.74719979145495,1,0,-264.14697265625,NaN,0.304904284272,2.71713661704,3.09184604532,6.64158456144,3.5497416235176,0.00674757311328,1.2244971122155,4.03692693843936,0.00930917965092445,1.08459976521569
1.00337412050982,0.00473160376639728,1.21337909955079,0.75,0,-81.6236953735352,NaN,0.317469977960516,1.42390495811613,0.262003709598968,1.63113821140645,1.36913459627613,0.0048652224236129,1.28355431520633,1.47312422857695,0.00674574006746461,1.05254222112004
0.344563230561787,0.0097437338511467,1.60288859225362,0.85,0,21.9442710876465,NaN,0.753243004637419,1.89172529163871,0.337246611647226,1.33508573372903,0.99783954864,0.0056623699397729,1.15343772111315,1.08268262336003,0.00841620156172463,0.917191664567302
0.931292124204335,0.024620284481712,1.90264716513293,1.672222222,0,NaN,NaN,0.401169615917143,1.24757788217143,0.571564700051143,1.98375422605714,1.41218842245429,0.0187064660936571,2.09196604852666,1.43047335243215,0.0177086617111267,1.68102346655675
1.59333415332261,0.0377640794138008,3.18170850065914,2.1,0,131.172546386719,NaN,0.46695882384929,1.18719624030968,0.67660889723071,2.34333547455484,1.66672674209032,0.0390263303489806,3.20153662340556,1.60803941521884,0.0364423553254343,3.05643395880968
0.812082209627884,0.111937881671018,4.33329235775507,1.766666667,0,147.21142578125,NaN,0.5867784220752,1.20578977872,0.839211529536,1.758480912,0.91926775512,0.1106097850656,4.31172370352872,0.932708376825708,0.10681049255187,4.17980998377437
-0.753112669538906,0.200724309220663,5.7620118001692,1.733333333,0,138.038101196289,NaN,0.830196510763355,0.905472383225806,1.995975539136,1.15781099829677,-0.838166225597419,0.199282138606452,5.74782622047691,-0.781299491866244,0.198377525250212,5.76978770876861
1.58460243945257,0.292044147536602,6.66642860107845,1.038888889,0,45.7129859924316,NaN,0.630163204940655,1.42521146352,0.8625289349808,2.13722179776,1.274692106736,0.29826777384,6.39770753365229,1.04900753742845,0.298117379808215,6.36875611656126
-0.175115899148335,0.23969253494398,6.15044747529359,0.938888889,0,NaN,NaN,0.141422642024527,0.453608419122581,1.13431904565677,0.945729602709677,-0.188584444498065,0.237398949987097,6.09733171115144,-0.174653175607722,0.236372200336814,6.09467533123912
0.279364359063311,0.213449576742082,5.4435372095226,1.072222222,0,NaN,NaN,0.218682625890016,0.461400787741935,0.490145669326452,0.737268329496774,0.247121191509677,0.209121476516129,5.35631049005813,0.239186675388129,0.209544289880251,5.35887931519044
0.708560933190758,0.218705738156976,4.55988560540901,1.011111111,0,NaN,NaN,0.5079562145568,0.8570886876,0.8967774924864,1.79969297472,0.90291481128,0.205399903464,4.42456124113295,0.857768586706116,0.2064886966294,4.47184279303888
0.248965546120129,0.116396379538563,3.53786424480958,1.00625,0,NaN,NaN,0.429534503580774,0.583758046451613,1.36131216725729,2.19869768554839,0.837384057963871,0.109882587228387,3.30614014027747,0.837660879719501,0.10747105701838,3.21443156948341
0.467910962003062,0.0627623656135937,1.55176169287741,0.561111111,0,NaN,NaN,0.39210565244256,1.04691402,0.3699139191912,1.33211461752,0.9622031727096,0.06002627364,1.52792753934839,1.14053728596369,0.0584925077298055,1.28690922188223
0.888789455450318,0.0207436040173791,1.35906338147896,0.405555556,0,NaN,NaN,0.379986199446194,0.997302256025806,0.725940709132645,2.23512602701935,1.50918456001935,0.0221961913757419,1.78326862393457,1.37038067261612,0.0218148683156624,1.30180414174251
0.963984302627622,0.022151602014053,1.01281524962502,0.492857143,0,NaN,NaN,0.394211680395097,1.4581549611871,0.469741045886013,1.79610776756129,1.32636828170323,0.0240957678737032,1.32682237463243,1.47249717597899,0.0217314975113142,0.803309235468484
0.587792103036642,0.0350224709443471,2.5929866271337,0.744444444,0,NaN,NaN,0.235857187387286,0.617819721685714,0.699997338565714,2.046241305,1.34624460491254,0.0334818504018,2.62081407580678,1.28509765645875,0.0300785730512934,2.4284318570903
1.14607415671427,0.0495730510496655,2.98055991647678,1.3875,0,NaN,NaN,0.605918342208774,0.965410809212903,0.502746279816774,1.87864965220645,1.37590291021935,0.0462758794652903,3.09859312474722,1.27843075898231,0.0434754706777202,2.62256148928025
-0.725350016178325,0.0890303891817845,4.57745997213678,2.877777778,0,NaN,NaN,0.9280022384664,1.01589749208,1.6742603056536,1.12888633032,-0.545374763064,0.0864287058528,4.43670317855968,-0.599401183443468,0.0847996502066856,4.34078615982776
-0.63903552128416,0.134032526545043,5.76562718470281,1.661111111,0,NaN,NaN,1.62643825446039,1.36733793189677,1.66539697306839,1.07462120980645,-0.590776282916129,0.131427850654452,5.58474022772032,-0.604289395226262,0.130722025726933,5.5887589474657
-0.639204066632981,0.157012840626434,7.1544463206214,1.172222222,0,-113.939468383789,NaN,2.469619340352,2.0356576056,1.8943809794784,1.28236274856,-0.612018772272,0.154325806056,6.84646443929783,-0.573589394774045,0.153848137679848,6.82807084650133
-0.771740687189164,0.204784966612783,7.4396880688407,1.1375,0,-190.317016601562,NaN,3.04393742897806,2.3451710976,2.80420941652258,2.11764694157419,-0.686563799690322,0.202549635476129,7.22530827378999,-0.659176118311473,0.202358524009871,7.18420645083223
-0.183297928184419,0.183330858973115,5.67615170457176,1.227777778,0,NaN,NaN,2.37267502070865,2.03635446642581,2.46463617874064,2.31822964544516,-0.146404870234839,0.193949044042761,5.6415436977443,-0.140797044224189,0.196205178475032,5.6462862265765
-0.541104875792849,0.179746111747911,4.70776953608272,1.205555556,0,NaN,NaN,2.189109983544,1.77887800296,2.226733512264,1.87202281968,-0.35470724184,0.177456376512,4.61799658277789,-0.411519137419249,0.176645768495399,4.64185117666
-0.373561760332498,NaN,2.80075256744559,1.105555556,0,-354.602203369141,NaN,1.3939235244,0.619967110993548,1.95696128637058,2.03120866428387,0.0742459087509677,0.150575059741935,2.82649779822495,0.0441515504982304,0.153014337656968,3.17371811374759
-0.633940984012157,0.0648562796920763,2.2555922481894,0.575,0,-426.183959960938,NaN,1.1937879133488,1.3335144372,1.457350494048,2.19637652256,0.739027798056,0.0599802112872,1.95555037031313,0.693194774852766,0.0671214562659409,1.78144505061175
0.551095010990924,0.0387609058072171,1.46396273745468,0.727777778,0,-287.434020996094,NaN,0.741604865132903,1.44188541197419,0.412167639943742,1.5920007219871,1.17983601641032,0.0441915089736774,1.46194262739767,1.28235978775162,0.0369535489231745,1.22427348136178
NaN,NaN,NaN,1.2,0,-92.6279754638672,NaN,NaN,NaN,NaN,NaN,NaN,NaN,NaN,NaN,NaN,NaN
NaN,NaN,NaN,1.277777778,0,49.0713500976562,NaN,NaN,NaN,NaN,NaN,NaN,NaN,NaN,NaN,NaN,NaN
NaN,NaN,NaN,2.016666667,0,201.285720825195,NaN,NaN,NaN,NaN,NaN,NaN,NaN,NaN,NaN,NaN,NaN
NaN,NaN,NaN,2.322222222,0,179.560882568359,NaN,NaN,NaN,NaN,NaN,NaN,NaN,NaN,NaN,NaN,NaN
NaN,NaN,NaN,1.611111111,0,77.4252166748047,NaN,NaN,NaN,NaN,NaN,NaN,NaN,NaN,NaN,NaN,NaN
NaN,NaN,NaN,1.211111111,0,17.354248046875,NaN,NaN,NaN,NaN,NaN,NaN,NaN,NaN,NaN,NaN,NaN
NaN,NaN,NaN,1.244444444,0,-33.3243713378906,NaN,NaN,NaN,NaN,NaN,NaN,NaN,NaN,NaN,NaN,NaN
NaN,NaN,NaN,1.238888889,0,-111.805419921875,NaN,NaN,NaN,NaN,NaN,NaN,NaN,NaN,NaN,NaN,NaN
NaN,NaN,NaN,1.116666667,0,-146.203628540039,NaN,NaN,NaN,NaN,NaN,NaN,NaN,NaN,NaN,NaN,NaN
NaN,NaN,NaN,0.971428571,0,-247.222412109375,NaN,NaN,NaN,NaN,NaN,NaN,NaN,NaN,NaN,NaN,NaN
NaN,NaN,NaN,0.666666667,0,-296.202209472656,NaN,NaN,NaN,NaN,NaN,NaN,NaN,NaN,NaN,NaN,NaN
NaN,NaN,NaN,0.5625,0,-95.6725616455078,NaN,NaN,NaN,NaN,NaN,NaN,NaN,NaN,NaN,NaN,NaN
NaN,NaN,NaN,0.777777778,0,-42.1211051940918,NaN,NaN,NaN,NaN,NaN,NaN,NaN,NaN,NaN,NaN,NaN
NaN,NaN,NaN,1.116666667,0,-89.9983901977539,NaN,NaN,NaN,NaN,NaN,NaN,NaN,NaN,NaN,NaN,NaN
NaN,NaN,NaN,2.083333333,0,-133.564041137695,NaN,NaN,NaN,NaN,NaN,NaN,NaN,NaN,NaN,NaN,NaN
NaN,NaN,NaN,2.0375,0,-92.9328536987305,NaN,NaN,NaN,NaN,NaN,NaN,NaN,NaN,NaN,NaN,NaN
NaN,NaN,NaN,1.5,0,-135.11279296875,NaN,NaN,NaN,NaN,NaN,NaN,NaN,NaN,NaN,NaN,NaN
NaN,NaN,NaN,1.294444444,0,-175.862915039062,NaN,NaN,NaN,NaN,NaN,NaN,NaN,NaN,NaN,NaN,NaN
NaN,NaN,NaN,1.24375,0,-202.472595214844,NaN,NaN,NaN,NaN,NaN,NaN,NaN,NaN,NaN,NaN,NaN
NaN,NaN,NaN,1.138888889,0,-287.59912109375,NaN,NaN,NaN,NaN,NaN,NaN,NaN,NaN,NaN,NaN,NaN
NaN,NaN,NaN,1.083333333,0,-394.002349853516,NaN,NaN,NaN,NaN,NaN,NaN,NaN,NaN,NaN,NaN,NaN
NaN,NaN,NaN,1.058333333,0,-383.342895507812,NaN,NaN,NaN,NaN,NaN,NaN,NaN,NaN,NaN,NaN,NaN
NaN,NaN,NaN,0.605555556,0,-360.947631835938,NaN,NaN,NaN,NaN,NaN,NaN,NaN,NaN,NaN,NaN,NaN
NaN,NaN,NaN,0.38125,0,-337.638366699219,NaN,NaN,NaN,NaN,NaN,NaN,NaN,NaN,NaN,NaN,NaN
NaN,NaN,NaN,0.375,0,-340.398712158203,NaN,NaN,NaN,NaN,NaN,NaN,NaN,NaN,NaN,NaN,NaN
NaN,NaN,NaN,0.466666667,0,-243.4716796875,NaN,NaN,NaN,NaN,NaN,NaN,NaN,NaN,NaN,NaN,NaN
NaN,NaN,NaN,0.85,0,-248.604095458984,NaN,NaN,NaN,NaN,NaN,NaN,NaN,NaN,NaN,NaN,NaN
NaN,NaN,NaN,1.494444444,0,NaN,NaN,NaN,NaN,NaN,NaN,NaN,NaN,NaN,NaN,NaN,NaN
NaN,NaN,NaN,1.2,0,NaN,NaN,NaN,NaN,NaN,NaN,NaN,NaN,NaN,NaN,NaN,NaN
NaN,NaN,NaN,1.211111111,0,NaN,NaN,NaN,NaN,NaN,NaN,NaN,NaN,NaN,NaN,NaN,NaN
NaN,NaN,NaN,1.127777778,0,NaN,NaN,NaN,NaN,NaN,NaN,NaN,NaN,NaN,NaN,NaN,NaN
NaN,NaN,NaN,1.4,0,NaN,NaN,NaN,NaN,NaN,NaN,NaN,NaN,NaN,NaN,NaN,NaN
NaN,NaN,NaN,1.20625,0,NaN,NaN,NaN,NaN,NaN,NaN,NaN,NaN,NaN,NaN,NaN,NaN
NaN,NaN,NaN,1.114285714,0,NaN,NaN,NaN,NaN,NaN,NaN,NaN,NaN,NaN,NaN,NaN,NaN
NaN,NaN,NaN,0.955555556,0,NaN,NaN,NaN,NaN,NaN,NaN,NaN,NaN,NaN,NaN,NaN,NaN
NaN,NaN,NaN,0.666666667,0,NaN,NaN,NaN,NaN,NaN,NaN,NaN,NaN,NaN,NaN,NaN,NaN
