NBE,CH4,ET,LAI,SCF,EWT,ABGB,GPP_DT,ER_DT,GPP_NT,ER_NT,NBE_F,CH4_F,ET_F,NBE_ANN,CH4_ANN,ET_ANN
NaN,NaN,NaN,0.8,0,-147.971740722656,NaN,NaN,NaN,NaN,NaN,NaN,NaN,NaN,NaN,NaN,NaN
NaN,NaN,NaN,0.8875,0,-70.2608947753906,NaN,NaN,NaN,NaN,NaN,NaN,NaN,NaN,NaN,NaN,NaN
NaN,NaN,NaN,1.538888889,0,35.6143226623535,NaN,NaN,NaN,NaN,NaN,NaN,NaN,NaN,NaN,NaN,NaN
NaN,NaN,NaN,1.833333333,0,-16.0160999298096,NaN,NaN,NaN,NaN,NaN,NaN,NaN,NaN,NaN,NaN,NaN
NaN,NaN,NaN,1.188888889,0,-44.2477951049805,NaN,NaN,NaN,NaN,NaN,NaN,NaN,NaN,NaN,NaN,NaN
NaN,NaN,NaN,1.111111111,0,-119.181564331055,NaN,NaN,NaN,NaN,NaN,NaN,NaN,NaN,NaN,NaN,NaN
NaN,NaN,NaN,1.138888889,0,-146.873718261719,NaN,NaN,NaN,NaN,NaN,NaN,NaN,NaN,NaN,NaN,NaN
NaN,NaN,NaN,1.144444444,0,-228.733093261719,NaN,NaN,NaN,NaN,NaN,NaN,NaN,NaN,NaN,NaN,NaN
NaN,NaN,NaN,1.016666667,0,-268.643249511719,NaN,NaN,NaN,NaN,NaN,NaN,NaN,NaN,NaN,NaN,NaN
NaN,NaN,NaN,0.916666667,0,-289.732177734375,NaN,NaN,NaN,NaN,NaN,NaN,NaN,NaN,NaN,NaN,NaN
NaN,NaN,NaN,1.116666667,0,-311.429077148438,NaN,NaN,NaN,NaN,NaN,NaN,NaN,NaN,NaN,NaN,NaN
NaN,NaN,NaN,0.938888889,0,-215.680374145508,NaN,NaN,NaN,NaN,NaN,NaN,NaN,NaN,NaN,NaN,NaN
NaN,NaN,NaN,0.75,0,-94.1151809692383,NaN,NaN,NaN,NaN,NaN,NaN,NaN,NaN,NaN,NaN,NaN
NaN,NaN,NaN,1.333333333,0,61.7770767211914,NaN,NaN,NaN,NaN,NaN,NaN,NaN,NaN,NaN,NaN,NaN
NaN,NaN,NaN,1.661111111,0,65.8355255126953,NaN,NaN,NaN,NaN,NaN,NaN,NaN,NaN,NaN,NaN,NaN
NaN,NaN,NaN,2.466666667,0,109.040557861328,NaN,NaN,NaN,NaN,NaN,NaN,NaN,NaN,NaN,NaN,NaN
NaN,NaN,NaN,1.638888889,0,108.721160888672,NaN,NaN,NaN,NaN,NaN,NaN,NaN,NaN,NaN,NaN,NaN
NaN,NaN,NaN,1.455555556,0,25.3803253173828,NaN,NaN,NaN,NaN,NaN,NaN,NaN,NaN,NaN,NaN,NaN
NaN,NaN,NaN,1.383333333,0,-72.1087493896484,NaN,NaN,NaN,NaN,NaN,NaN,NaN,NaN,NaN,NaN,NaN
NaN,NaN,NaN,1.294444444,0,-197.124801635742,NaN,NaN,NaN,NaN,NaN,NaN,NaN,NaN,NaN,NaN,NaN
NaN,NaN,NaN,1.127777778,0,-253.430053710938,NaN,NaN,NaN,NaN,NaN,NaN,NaN,NaN,NaN,NaN,NaN
NaN,NaN,NaN,0.955555556,0,-270.925079345703,NaN,NaN,NaN,NaN,NaN,NaN,NaN,NaN,NaN,NaN,NaN
NaN,NaN,NaN,0.511111111,0,-122.770240783691,NaN,NaN,NaN,NaN,NaN,NaN,NaN,NaN,NaN,NaN,NaN
NaN,NaN,NaN,0.422222222,0,2.38724088668823,NaN,NaN,NaN,NaN,NaN,NaN,NaN,NaN,NaN,NaN,NaN
NaN,NaN,NaN,0.438888889,0,NaN,NaN,NaN,NaN,NaN,NaN,NaN,NaN,NaN,NaN,NaN,NaN
NaN,NaN,NaN,0.933333333,0,84.1165008544922,NaN,NaN,NaN,NaN,NaN,NaN,NaN,NaN,NaN,NaN,NaN
NaN,NaN,NaN,1.283333333,0,276.022094726562,NaN,NaN,NaN,NaN,NaN,NaN,NaN,NaN,NaN,NaN,NaN
NaN,NaN,NaN,1.855555556,0,270.326721191406,NaN,NaN,NaN,NaN,NaN,NaN,NaN,NaN,NaN,NaN,NaN
NaN,NaN,NaN,1.705555556,0,221.314453125,NaN,NaN,NaN,NaN,NaN,NaN,NaN,NaN,NaN,NaN,NaN
NaN,NaN,NaN,1.461111111,0,NaN,NaN,NaN,NaN,NaN,NaN,NaN,NaN,NaN,NaN,NaN,NaN
NaN,NaN,NaN,1.522222222,0,79.9522476196289,NaN,NaN,NaN,NaN,NaN,NaN,NaN,NaN,NaN,NaN,NaN
NaN,NaN,NaN,1.533333333,0,-71.7463302612305,NaN,NaN,NaN,NaN,NaN,NaN,NaN,NaN,NaN,NaN,NaN
NaN,NaN,NaN,1.233333333,0,-126.808937072754,NaN,NaN,NaN,NaN,NaN,NaN,NaN,NaN,NaN,NaN,NaN
NaN,NaN,NaN,1.17,0,-129.787582397461,NaN,NaN,NaN,NaN,NaN,NaN,NaN,NaN,NaN,NaN,NaN
NaN,NaN,NaN,0.477777778,0,-148.45979309082,NaN,NaN,NaN,NaN,NaN,NaN,NaN,NaN,NaN,NaN,NaN
NaN,NaN,NaN,0.433333333,0,-177.178634643555,NaN,NaN,NaN,NaN,NaN,NaN,NaN,NaN,NaN,NaN,NaN
NaN,NaN,NaN,0.411111111,0,-193.567291259766,NaN,NaN,NaN,NaN,NaN,NaN,NaN,NaN,NaN,NaN,NaN
NaN,NaN,NaN,0.577777778,0,-124.234130859375,NaN,NaN,NaN,NaN,NaN,NaN,NaN,NaN,NaN,NaN,NaN
NaN,NaN,NaN,0.75,0,-26.4261264801025,NaN,NaN,NaN,NaN,NaN,NaN,NaN,NaN,NaN,NaN,NaN
NaN,NaN,NaN,1.566666667,0,100.473365783691,NaN,NaN,NaN,NaN,NaN,NaN,NaN,NaN,NaN,NaN,NaN
NaN,NaN,NaN,1.711111111,0,NaN,NaN,NaN,NaN,NaN,NaN,NaN,NaN,NaN,NaN,NaN,NaN
NaN,NaN,NaN,1.538888889,0,-52.4350891113281,NaN,NaN,NaN,NaN,NaN,NaN,NaN,NaN,NaN,NaN,NaN
NaN,NaN,NaN,1.316666667,0,-112.448013305664,NaN,NaN,NaN,NaN,NaN,NaN,NaN,NaN,NaN,NaN,NaN
NaN,NaN,NaN,1.266666667,0,-216.002883911133,NaN,NaN,NaN,NaN,NaN,NaN,NaN,NaN,NaN,NaN,NaN
NaN,NaN,NaN,1.061111111,0,-237.816131591797,NaN,NaN,NaN,NaN,NaN,NaN,NaN,NaN,NaN,NaN,NaN
NaN,NaN,NaN,0.8,0,NaN,NaN,NaN,NaN,NaN,NaN,NaN,NaN,NaN,NaN,NaN,NaN
NaN,NaN,NaN,0.55,0,-274.170135498047,NaN,NaN,NaN,NaN,NaN,NaN,NaN,NaN,NaN,NaN,NaN
NaN,NaN,NaN,0.957142857,0,-68.4267501831055,NaN,NaN,NaN,NaN,NaN,NaN,NaN,NaN,NaN,NaN,NaN
NaN,NaN,NaN,0.75,0,105.897918701172,NaN,NaN,NaN,NaN,NaN,NaN,NaN,NaN,NaN,NaN,NaN
NaN,NaN,NaN,0.927777778,0,52.8189392089844,NaN,NaN,NaN,NaN,NaN,NaN,NaN,NaN,NaN,NaN,NaN
NaN,NaN,NaN,1.216666667,0,NaN,NaN,NaN,NaN,NaN,NaN,NaN,NaN,NaN,NaN,NaN,NaN
NaN,NaN,NaN,1.666666667,0,-43.6739654541016,NaN,NaN,NaN,NaN,NaN,NaN,NaN,NaN,NaN,NaN,NaN
NaN,NaN,NaN,1.172222222,0,-156.948760986328,NaN,NaN,NaN,NaN,NaN,NaN,NaN,NaN,NaN,NaN,NaN
NaN,NaN,NaN,1.294444444,0,-178.043502807617,NaN,NaN,NaN,NaN,NaN,NaN,NaN,NaN,NaN,NaN,NaN
NaN,NaN,NaN,1.15,0,-227.941497802734,NaN,NaN,NaN,NaN,NaN,NaN,NaN,NaN,NaN,NaN,NaN
NaN,NaN,NaN,1.105555556,0,NaN,NaN,NaN,NaN,NaN,NaN,NaN,NaN,NaN,NaN,NaN,NaN
NaN,NaN,NaN,0.955555556,0,NaN,NaN,NaN,NaN,NaN,NaN,NaN,NaN,NaN,NaN,NaN,NaN
NaN,NaN,NaN,1.03125,0,-388.634368896484,NaN,NaN,NaN,NaN,NaN,NaN,NaN,NaN,NaN,NaN,NaN
NaN,NaN,NaN,0.544444444,0,-403.235137939453,NaN,NaN,NaN,NaN,NaN,NaN,NaN,NaN,NaN,NaN,NaN
NaN,NaN,NaN,0.5,0,-338.820159912109,NaN,NaN,NaN,NaN,NaN,NaN,NaN,NaN,NaN,NaN,NaN
NaN,NaN,NaN,0.35,0,-364.754943847656,NaN,1.57533532101167,2.51167426290185,-9999,3.86677453732876,-9999,-9999,-9999,1.68635988384307,-0.000451504902487334,1.31733646996848
NaN,NaN,NaN,0.35,0,NaN,NaN,1.63336235049386,2.50690070571429,-9999,3.85179185057143,-9999,-9999,-9999,1.42824047882022,-2.92442534763961e-05,1.0726082112781
-1.09806150157714,0.00214786075089384,3.07899293226549,1.377777778,0,-179.488983154297,NaN,2.79757386889548,3.44562292103226,4.05923087574881,4.66165293445161,0.75771603621968,0.000249901837284028,2.07457228360934,0.910900814790489,0.000651059879638296,1.82256376977537
-3.1432849177681,0.00470456783048595,3.81289652450885,2.072222222,0,-253.512634277344,NaN,5.3318094290856,4.1861148192,6.40624289161176,5.6983841352,-0.70786917792,0.003762063474912,2.78588320916852,-0.748722339049616,0.00238150712570027,2.68357308770283
-2.74550464595079,0.0043887924023627,4.35847734930316,1.511111111,0,-273.653900146484,NaN,6.60519789895742,5.34074513109677,7.36682485866503,5.98359773264516,-1.3832141499871,0.00264809652108387,3.55632346820646,-1.29510739387521,0.00256280706656844,3.56016066106795
-2.62375340456524,0.00502369111027065,4.98496339219263,1.122222222,0,-294.038452148438,NaN,6.7961001859632,5.1776334504,7.41936181644,6.1316028792,-1.28775180384,0.0044237693088,4.12490379594693,-1.29066631748399,0.00400994348675896,4.1443185024845
-1.62226852881559,0.0062061324491852,4.38004852834883,1.038888889,0,NaN,NaN,6.92326794407226,5.48887014812903,7.50429908235871,6.27079593135484,-1.2335025140129,0.00591329664603871,4.05861742883126,-1.2071262286403,0.00521992420537262,4.0774588726799
-1.13082389757871,0.00490235515911338,3.78739871191851,1.033333333,0,-458.342590332031,NaN,5.83603017892026,5.63367911922581,6.27698660067871,6.246722592,-0.0302605548387096,0.00415264213682013,3.15120330040336,-0.104615326200062,0.00389215098411402,3.15667666502314
-0.86448865621818,0.00454806554503003,3.7175755939093,0.766666667,0,-541.74267578125,NaN,3.7474431237432,3.966073128,4.370401518768,5.1423293376,0.771935392512,0.003320771447376,2.64795529294632,0.557829109569921,0.00293280347247186,2.64751025965138
-0.554945566293599,0.00192687357227081,2.92711404687333,0.661111111,0,-501.758728027344,NaN,2.02225742739639,2.25380916232258,3.3591425969729,4.32244843664516,0.963303244258065,0.00114069273143226,1.83697028588912,1.04002305516819,0.00118379114719959,1.97179808277403
0.357873648563975,0.00611910780332752,2.25807288581346,0.444444444,0,-502.409332275391,NaN,0.429824520031752,1.1572268112,1.14314275639008,2.6960159376,1.552878709272,0.00561571122312,0.937101994083115,1.36594539237119,0.000566369681257291,1.36694548093135
0.423812047285326,NaN,1.94877215263536,0.71875,0,NaN,NaN,0.354806745093523,1.56761868309677,0.769191964978064,2.06386583458064,1.29468137783226,0.00347316490307613,1.82478094007971,1.492865473319,0.000217246036748211,1.12513513393892
-0.906470208,0.00123754317784615,0.911806948555583,0.69,0,-287.628845214844,NaN,0.518497083881884,1.210422312,0.765915613780645,1.47260677006452,0.706688103298065,0.00156499291964903,1.04479953664833,1.14267260020951,-0.000745110740787417,1.19079314957976
-0.052009710940062,0.00433811462632569,1.8177426829229,1.477777778,0,-224.730407714844,NaN,1.28028086895857,1.54583789657143,1.87212349736229,2.46633534257143,0.594211913125714,-0.000254212452848572,1.22419002541832,0.747973533010753,0.000594615646090267,1.33120669481729
-2.61813329938021,0.00351741272471223,3.19979602520002,1.922222222,0,-260.77197265625,NaN,4.17601582472903,3.41318411767742,5.05437142082957,4.96882647174194,-0.0855458328774193,0.00291478721371432,2.1442347380742,-0.312850519965377,0.00148917703676296,2.1867133250287
-4.09222292965482,0.00352922067773867,3.66272336106614,1.716666667,0,-230.668167114258,NaN,6.449349737592,3.8298060936,7.625340117,5.3149562208,-2.31037466688,0.0020793998952,3.07003165471,-2.08689634332984,0.0024688900616816,3.1179618955382
-4.98708848566007,0.00475183365526689,3.6315390850109,1.188888889,0,-246.419281005859,NaN,8.40674209840258,5.08250431741935,8.73204267300387,5.50195708645161,-3.23008670299355,0.00434774967893419,3.10845179436103,-3.22892847089348,0.0039314924834772,3.09513786025715
-3.72476389772108,0.00489198359465335,5.2245151617519,1.188888889,0,NaN,NaN,8.34858621216,5.6174913432,8.90991785916,6.447207528,-2.46269569536,0.004329502424136,4.53956208348549,-2.41164752636751,0.00414900843048202,4.55838883358135
-3.28364907055699,0.00631635399914844,5.15491168390355,1.188888889,0,-459.264862060547,NaN,7.6796049456,5.33727664490323,8.36942594164258,6.09929283019355,-2.27012203347097,0.00568695317890065,4.54180965729425,-2.26713664055188,0.00529108194484451,4.5452469386381
-1.55172717138,0.00582788131690772,4.47092717311614,1.116666667,0,-506.587158203125,NaN,5.80328491450064,5.08204233522581,6.6026265290129,6.15638688387097,-0.446247605264516,0.00498809664313548,3.65099909659672,-0.436354302548126,0.00461961008776169,3.68136051208435
-1.86308518762,0.00418880583418075,3.97750325655445,0.877777778,0,-559.421264648438,NaN,3.874571060076,3.392415468,4.3045971372216,3.8307688128,-0.47383096752,0.0029561868378,2.95161997564363,0.0225827315053626,0.00263582897421149,2.93745831772751
-0.899160349823595,0.0049044298909393,2.94989962847801,0.722222222,0,NaN,NaN,2.64614322998323,2.80617949625806,3.50000595515822,4.08381656980645,0.583811665385806,0.00384096330627097,2.07283817943674,0.812670159859474,0.0027955324321189,2.01739195647955
0.306950726844566,0.00639764487521859,2.07018698274312,0.51875,0,NaN,NaN,0.8050129265952,1.687787568,1.061704553364,2.0383584192,0.976653411696,0.00356783898528,1.84340279197511,1.04334540443574,0.00137736030903293,1.49359559369995
0.437714694843083,0.00171734469084389,1.93579023756989,0.392857143,0,-377.415344238281,NaN,0.407651419664361,1.28213928696774,0.682968550080542,1.94635644154839,1.26339023780129,0.000603788623409032,1.68604123452666,1.2590558942446,0.000271577760356758,1.41099848811475
0.828919556837443,0.00147445544261615,2.08353062274487,0.4,0,-208.111328125,NaN,0.575274187960258,1.67829540387097,0.660107801236645,1.91761677754839,1.25750491708645,8.05518394374194e-05,1.33720046138602,1.1702666528533,-3.78770720419734e-05,1.3227094725416
-1.20534019540129,0.00396359442274758,2.41791449054663,0.694444444,0,-55.6320953369141,NaN,1.71511016726483,2.23834276055172,2.52015194298538,2.14930820110345,-0.370846439006897,0.000377264088744828,1.6581077315619,0.518970519392138,0.00122624120345113,1.62836741210824
-2.74708913643014,0.00359922876424181,3.19698552183518,1.955555556,0,36.938419342041,NaN,2.90413164276232,1.96498847612903,3.85079611467484,3.59523105677419,-0.255562995832258,0.000678900030503226,1.80982550596955,-0.0849583997906422,0.00143079813512753,1.87857144955266
-3.55298753167882,0.00323755340586132,3.76929038021454,1.933333333,0,NaN,NaN,6.3486065369664,4.3234378056,7.71288663816,6.0214444128,-1.69143178032,0.00227309982192,3.22217289730009,-1.6461076864224,0.00257017370324958,3.22263196572819
-3.61275416357692,0.00391223214919931,4.28522822618165,1.366666667,0,-99.17236328125,NaN,8.88215516156903,6.7954072203871,9.20550609346297,6.90432067045161,-2.30120045349677,0.00300209082171097,3.6836379280617,-2.31004272356197,0.0030871823055223,3.72256769855115
-3.71937238765701,0.00479128094751972,5.47336930534718,1.361111111,0,-208.814239501953,NaN,9.0549524682792,6.4124252496,9.7623150406632,7.3706916672,-2.39162038344,0.00343858450104,4.78974075122367,-2.47142889568411,0.0034566317482068,4.82604388161761
-4.02328489986888,0.00448299574845605,5.41303053760545,1.305555556,0,-336.303771972656,NaN,9.03080389505806,5.82669299148387,9.50473482371535,6.42167266296774,-3.08306730843871,0.00398564213179355,4.81878304306671,-3.12787438426345,0.00405243371725808,4.83894414108384
-2.60976924491461,0.00463105557799813,4.05015764113597,1.194444444,0,-394.549285888672,NaN,7.06033701209961,4.81438270916129,7.70303383017677,5.61902210477419,-2.08401270294194,0.00434216803749677,3.71601948119,-2.08617229722014,0.00434856336524282,3.71762055987442
-1.30044934098868,0.0043094817597626,3.75259530381375,0.983333333,0,NaN,NaN,4.4243615325456,4.31251902,5.528074300884,5.795240616,0.26716345272,0.00356085881568,2.7516772274358,0.293816436633897,0.00353623265251595,2.807532961761
-1.042467747267,0.00579603535443242,3.23799973538785,0.866666667,0,NaN,NaN,2.28512371699045,2.8389617883871,3.42617351888671,4.970364768,1.5441913656,0.00586991817116129,1.52871532437011,1.20520332183844,0.00251846532761663,1.55573821643537
-0.66788471074013,0.00208417899948499,2.41872376730581,0.9375,0,-313.8994140625,NaN,1.29599648473752,1.793555676,1.764928088712,3.0094258464,1.244495852064,0.00132537260736,1.2948918003007,1.17784886005977,0.00153791540792797,1.24247581122659
-0.0267800117010989,0.00279793054531765,1.61342770885013,0.783333333,0,-96.9976196289062,NaN,0.465753400230194,1.08274188309677,1.05864557545858,1.63455948696774,0.575912229747097,-0.000349499651109677,1.31171136657477,1.05573414164609,0.0005691017778715,1.24878883209157
0.845642366297326,NaN,2.25031444546787,0.738888889,0,26.0775012969971,NaN,0.49473955515809,1.48426105703226,2.18936011983329,1.66867029754839,-0.52069315563871,-4.62386796387096e-05,1.34069227833129,1.02992851072718,0.000326375356616511,1.4012091995779
0.844143599335397,0.00179466873247497,2.58678431726876,0.9,0,NaN,NaN,0.6461695351458,1.77862960542857,0.971495294423143,2.11447934228571,1.14298854192,-0.00204991106785714,1.86228964116108,1.12329552359403,0.00109258466891513,1.61770716607791
-1.36161386695179,0.00558525803075088,2.67667418109701,1.414285714,0,155.87907409668,NaN,2.61454969265701,2.16683135535484,3.04213582210064,2.84741372903226,-0.194722998596129,0.00466770259904516,2.22720530630957,-0.0559117151823722,0.00345880947531422,2.37342666202828
-6.09093688547072,0.00523329251838449,4.48926505812314,2.5,0,174.938873291016,NaN,6.286166067672,3.3982492968,6.597924633648,3.7485570168,-2.849376938616,0.00034915664952,3.22618705632742,-2.30837908777175,0.00282038564029404,3.20720710271183
-4.83413378800281,0.00492486444532577,5.09768611380828,2.055555556,0,164.03776550293,NaN,9.22415190036387,5.14344393754839,10.5878625051019,6.8240111876129,-3.76386636704516,0.00483491514574452,4.45077172796486,-3.60002882068289,0.0045546910030968,4.48426343318744
-5.8374955915493,0.00358416784147648,6.50564482047656,1.688888889,0,54.3230857849121,NaN,11.015795636784,6.4555948944,11.491834497264,7.1559502056,-4.33588195224,0.004175783641584,5.72335998387428,-4.27567059971356,0.0044167184640161,5.7453763121963
-5.15197762404655,0.0142311555812095,7.38731801369021,1.605555556,0,NaN,NaN,11.1201526296,6.82004702322581,11.4261332430979,7.39348009548387,-4.03264943419355,0.00950798238990968,6.64384147297686,-3.99973216399175,0.0070611603583178,6.66663240470896
-4.51298761209817,0.0069948984112151,5.92793435986554,1.577777778,0,NaN,NaN,9.56451424164387,5.76878246477419,10.41558524928,7.11558719070968,-3.29999705396129,0.00643210534312258,5.24399567603585,-3.35601452930567,0.00620397924076477,5.32145272963029
-4.24706613918173,0.00509144276845588,5.41928594339648,1.355555556,0,NaN,NaN,6.8876992651608,5.096085588,7.9527853584216,6.3956024136,-1.55718598464,0.00499620745368,4.02411046923992,-1.35672723713725,0.00465566425793759,4.17231762976653
-4.021358832,0.006542204544,6.37178087212242,0.872222222,0,NaN,NaN,4.87916979372,4.80042288,6.9272455824,7.351052832,0.423811655999999,0.003889784808,3.3196531186181,0.051018913785357,0.00413727096722988,3.66908612282002
NaN,NaN,NaN,0.616666667,0,NaN,NaN,NaN,NaN,NaN,NaN,NaN,NaN,NaN,NaN,NaN,NaN
NaN,NaN,NaN,0.466666667,0,NaN,NaN,NaN,NaN,NaN,NaN,NaN,NaN,NaN,NaN,NaN,NaN
NaN,NaN,NaN,0.516666667,0,NaN,NaN,NaN,NaN,NaN,NaN,NaN,NaN,NaN,NaN,NaN,NaN
NaN,NaN,NaN,0.833333333,0,NaN,NaN,NaN,NaN,NaN,NaN,NaN,NaN,NaN,NaN,NaN,NaN
NaN,NaN,NaN,1.321428571,0,NaN,NaN,NaN,NaN,NaN,NaN,NaN,NaN,NaN,NaN,NaN,NaN
NaN,NaN,NaN,1.738888889,0,NaN,NaN,NaN,NaN,NaN,NaN,NaN,NaN,NaN,NaN,NaN,NaN
NaN,NaN,NaN,1.333333333,0,NaN,NaN,NaN,NaN,NaN,NaN,NaN,NaN,NaN,NaN,NaN,NaN
NaN,NaN,NaN,1.383333333,0,-135.400115966797,NaN,NaN,NaN,NaN,NaN,NaN,NaN,NaN,NaN,NaN,NaN
NaN,NaN,NaN,1.427777778,0,-226.163467407227,NaN,NaN,NaN,NaN,NaN,NaN,NaN,NaN,NaN,NaN,NaN
NaN,NaN,NaN,1.24375,0,NaN,NaN,NaN,NaN,NaN,NaN,NaN,NaN,NaN,NaN,NaN,NaN
NaN,NaN,NaN,1.022222222,0,NaN,NaN,NaN,NaN,NaN,NaN,NaN,NaN,NaN,NaN,NaN,NaN
NaN,NaN,NaN,0.933333333,0,-421.391967773438,NaN,NaN,NaN,NaN,NaN,NaN,NaN,NaN,NaN,NaN,NaN
NaN,NaN,NaN,0.511111111,0,-506.456268310547,NaN,NaN,NaN,NaN,NaN,NaN,NaN,NaN,NaN,NaN,NaN
NaN,NaN,NaN,0.583333333,0,-341.572570800781,NaN,NaN,NaN,NaN,NaN,NaN,NaN,NaN,NaN,NaN,NaN
NaN,NaN,NaN,0.6625,0,-110.074569702148,NaN,NaN,NaN,NaN,NaN,NaN,NaN,NaN,NaN,NaN,NaN
NaN,NaN,NaN,0.705555556,0,58.3140029907227,NaN,NaN,NaN,NaN,NaN,NaN,NaN,NaN,NaN,NaN,NaN
NaN,NaN,NaN,1.455555556,0,239.198150634766,NaN,NaN,NaN,NaN,NaN,NaN,NaN,NaN,NaN,NaN,NaN
NaN,NaN,NaN,2.483333333,0,213.381423950195,NaN,NaN,NaN,NaN,NaN,NaN,NaN,NaN,NaN,NaN,NaN
NaN,NaN,NaN,1.65,0,92.0083541870117,NaN,NaN,NaN,NaN,NaN,NaN,NaN,NaN,NaN,NaN,NaN
NaN,NaN,NaN,1.511111111,0,20.6229419708252,NaN,NaN,NaN,NaN,NaN,NaN,NaN,NaN,NaN,NaN,NaN
NaN,NaN,NaN,1.45,0,-39.6010589599609,NaN,NaN,NaN,NaN,NaN,NaN,NaN,NaN,NaN,NaN,NaN
NaN,NaN,NaN,1.455555556,0,-132.864105224609,NaN,NaN,NaN,NaN,NaN,NaN,NaN,NaN,NaN,NaN,NaN
NaN,NaN,NaN,1.155555556,0,-173.741271972656,NaN,NaN,NaN,NaN,NaN,NaN,NaN,NaN,NaN,NaN,NaN
NaN,NaN,NaN,0.95,0,-293.787048339844,NaN,NaN,NaN,NaN,NaN,NaN,NaN,NaN,NaN,NaN,NaN
NaN,NaN,NaN,0.688888889,0,-351.992248535156,NaN,NaN,NaN,NaN,NaN,NaN,NaN,NaN,NaN,NaN,NaN
NaN,NaN,NaN,0.616666667,0,-113.692611694336,NaN,NaN,NaN,NaN,NaN,NaN,NaN,NaN,NaN,NaN,NaN
NaN,NaN,NaN,0.466666667,0,-50.0546684265137,NaN,NaN,NaN,NaN,NaN,NaN,NaN,NaN,NaN,NaN,NaN
NaN,NaN,NaN,1.416666667,0,-106.949699401855,NaN,NaN,NaN,NaN,NaN,NaN,NaN,NaN,NaN,NaN,NaN
NaN,NaN,NaN,1.1625,0,-158.720993041992,NaN,NaN,NaN,NaN,NaN,NaN,NaN,NaN,NaN,NaN,NaN
NaN,NaN,NaN,1.316666667,0,-110.436874389648,NaN,NaN,NaN,NaN,NaN,NaN,NaN,NaN,NaN,NaN,NaN
NaN,NaN,NaN,1.122222222,0,-160.561462402344,NaN,NaN,NaN,NaN,NaN,NaN,NaN,NaN,NaN,NaN,NaN
NaN,NaN,NaN,1.277777778,0,-208.986938476562,NaN,NaN,NaN,NaN,NaN,NaN,NaN,NaN,NaN,NaN,NaN
NaN,NaN,NaN,1.19375,0,-240.608551025391,NaN,NaN,NaN,NaN,NaN,NaN,NaN,NaN,NaN,NaN,NaN
NaN,NaN,NaN,1.10625,0,-341.768768310547,NaN,NaN,NaN,NaN,NaN,NaN,NaN,NaN,NaN,NaN,NaN
NaN,NaN,NaN,0.675,0,-468.213195800781,NaN,NaN,NaN,NaN,NaN,NaN,NaN,NaN,NaN,NaN,NaN
NaN,NaN,NaN,0.8,0,-455.545989990234,NaN,NaN,NaN,NaN,NaN,NaN,NaN,NaN,NaN,NaN,NaN
NaN,NaN,NaN,0.5375,0,-428.9326171875,NaN,NaN,NaN,NaN,NaN,NaN,NaN,NaN,NaN,NaN,NaN
NaN,NaN,NaN,0.34,0,-401.232971191406,NaN,NaN,NaN,NaN,NaN,NaN,NaN,NaN,NaN,NaN,NaN
