NBE,CH4,ET,LAI,SCF,EWT,ABGB,GPP_DT,ER_DT,GPP_NT,ER_NT,NBE_F,CH4_F,ET_F,NBE_ANN,CH4_ANN,ET_ANN
NaN,NaN,NaN,0.3375,0,283.579559326172,NaN,NaN,NaN,NaN,NaN,NaN,NaN,NaN,NaN,NaN,NaN
NaN,NaN,NaN,0.827777778,0,244.44287109375,NaN,NaN,NaN,NaN,NaN,NaN,NaN,NaN,NaN,NaN,NaN
NaN,NaN,NaN,1.227777778,0,308.852691650391,NaN,NaN,NaN,NaN,NaN,NaN,NaN,NaN,NaN,NaN,NaN
NaN,NaN,NaN,1.805555556,0,405.991058349609,NaN,NaN,NaN,NaN,NaN,NaN,NaN,NaN,NaN,NaN,NaN
NaN,NaN,NaN,1.772222222,0,264.251220703125,NaN,NaN,NaN,NaN,NaN,NaN,NaN,NaN,NaN,NaN,NaN
NaN,NaN,NaN,1.527777778,0,274.067626953125,NaN,NaN,NaN,NaN,NaN,NaN,NaN,NaN,NaN,NaN,NaN
NaN,NaN,NaN,1.738888889,0,147.37646484375,NaN,NaN,NaN,NaN,NaN,NaN,NaN,NaN,NaN,NaN,NaN
NaN,NaN,NaN,1.511111111,0,25.2920188903809,NaN,NaN,NaN,NaN,NaN,NaN,NaN,NaN,NaN,NaN,NaN
NaN,NaN,NaN,1.316666667,0,-26.380069732666,NaN,NaN,NaN,NaN,NaN,NaN,NaN,NaN,NaN,NaN,NaN
NaN,NaN,NaN,1.127777778,0,-81.4187240600586,NaN,NaN,NaN,NaN,NaN,NaN,NaN,NaN,NaN,NaN,NaN
NaN,NaN,NaN,0.911111111,0,-82.2482986450195,NaN,NaN,NaN,NaN,NaN,NaN,NaN,NaN,NaN,NaN,NaN
NaN,NaN,NaN,0.711111111,0,46.7282562255859,NaN,NaN,NaN,NaN,NaN,NaN,NaN,NaN,NaN,NaN,NaN
NaN,NaN,NaN,0.433333333,0,53.3009414672852,NaN,NaN,NaN,NaN,NaN,NaN,NaN,NaN,NaN,NaN,NaN
NaN,NaN,NaN,1.044444444,0,70.7236938476562,NaN,NaN,NaN,NaN,NaN,NaN,NaN,NaN,NaN,NaN,NaN
NaN,NaN,NaN,1.222222222,0,160.293975830078,NaN,NaN,NaN,NaN,NaN,NaN,NaN,NaN,NaN,NaN,NaN
NaN,NaN,NaN,2.144444444,0,145.030090332031,NaN,NaN,NaN,NaN,NaN,NaN,NaN,NaN,NaN,NaN,NaN
NaN,NaN,NaN,1.533333333,0,20.8320426940918,NaN,NaN,NaN,NaN,NaN,NaN,NaN,NaN,NaN,NaN,NaN
NaN,NaN,NaN,1.683333333,0,-40.977855682373,NaN,NaN,NaN,NaN,NaN,NaN,NaN,NaN,NaN,NaN,NaN
NaN,NaN,NaN,1.616666667,0,-88.6305618286133,NaN,NaN,NaN,NaN,NaN,NaN,NaN,NaN,NaN,NaN,NaN
NaN,NaN,NaN,1.605555556,0,-132.107177734375,NaN,NaN,NaN,NaN,NaN,NaN,NaN,NaN,NaN,NaN,NaN
NaN,NaN,NaN,1.216666667,0,-188.076843261719,NaN,NaN,NaN,NaN,NaN,NaN,NaN,NaN,NaN,NaN,NaN
NaN,NaN,NaN,0.972222222,0,-170.207489013672,NaN,NaN,NaN,NaN,NaN,NaN,NaN,NaN,NaN,NaN,NaN
NaN,NaN,NaN,0.955555556,0,-132.551788330078,NaN,NaN,NaN,NaN,NaN,NaN,NaN,NaN,NaN,NaN,NaN
NaN,NaN,NaN,0.438888889,0,-98.9179611206055,NaN,NaN,NaN,NaN,NaN,NaN,NaN,NaN,NaN,NaN,NaN
NaN,NaN,NaN,0.311111111,0,-30.7900791168213,NaN,NaN,NaN,NaN,NaN,NaN,NaN,NaN,NaN,NaN,NaN
NaN,NaN,NaN,0.844444444,0,109.240715026855,NaN,NaN,NaN,NaN,NaN,NaN,NaN,NaN,NaN,NaN,NaN
NaN,NaN,NaN,1.327777778,0,151.753753662109,NaN,NaN,NaN,NaN,NaN,NaN,NaN,NaN,NaN,NaN,NaN
NaN,NaN,NaN,1.633333333,0,40.5643157958984,NaN,NaN,NaN,NaN,NaN,NaN,NaN,NaN,NaN,NaN,NaN
NaN,NaN,NaN,1.427777778,0,-44.3486480712891,NaN,NaN,NaN,NaN,NaN,NaN,NaN,NaN,NaN,NaN,NaN
NaN,NaN,NaN,1.633333333,0,-64.771842956543,NaN,NaN,NaN,NaN,NaN,NaN,NaN,NaN,NaN,NaN,NaN
NaN,NaN,NaN,1.45,0,-147.722595214844,NaN,NaN,NaN,NaN,NaN,NaN,NaN,NaN,NaN,NaN,NaN
NaN,NaN,NaN,1.6,0,-160.811981201172,NaN,NaN,NaN,NaN,NaN,NaN,NaN,NaN,NaN,NaN,NaN
NaN,NaN,NaN,1.438888889,0,-203.728363037109,NaN,NaN,NaN,NaN,NaN,NaN,NaN,NaN,NaN,NaN,NaN
NaN,NaN,NaN,0.838888889,0,-214.5029296875,NaN,NaN,NaN,NaN,NaN,NaN,NaN,NaN,NaN,NaN,NaN
NaN,NaN,NaN,0.916666667,0,-213.876174926758,NaN,NaN,NaN,NaN,NaN,NaN,NaN,NaN,NaN,NaN,NaN
NaN,NaN,NaN,0.705555556,0,-212.849411010742,NaN,NaN,NaN,NaN,NaN,NaN,NaN,NaN,NaN,NaN,NaN
NaN,NaN,NaN,0.544444444,0,-124.518516540527,NaN,NaN,NaN,NaN,NaN,NaN,NaN,NaN,NaN,NaN,NaN
NaN,NaN,NaN,1.475,0,-59.1246871948242,NaN,NaN,NaN,NaN,NaN,NaN,NaN,NaN,NaN,NaN,NaN
NaN,NaN,NaN,1.566666667,0,29.9695224761963,NaN,NaN,NaN,NaN,NaN,NaN,NaN,NaN,NaN,NaN,NaN
NaN,NaN,NaN,1.855555556,0,-13.4775810241699,NaN,NaN,NaN,NaN,NaN,NaN,NaN,NaN,NaN,NaN,NaN
NaN,NaN,NaN,1.127777778,0,-37.2346076965332,NaN,NaN,NaN,NaN,NaN,NaN,NaN,NaN,NaN,NaN,NaN
NaN,NaN,NaN,1.005555556,0,-100.291526794434,NaN,NaN,NaN,NaN,NaN,NaN,NaN,NaN,NaN,NaN,NaN
NaN,NaN,NaN,1.166666667,0,-123.594528198242,NaN,NaN,NaN,NaN,NaN,NaN,NaN,NaN,NaN,NaN,NaN
NaN,NaN,NaN,1.227777778,0,-192.479370117188,NaN,NaN,NaN,NaN,NaN,NaN,NaN,NaN,NaN,NaN,NaN
NaN,NaN,NaN,1.283333333,0,-226.063858032227,NaN,NaN,NaN,NaN,NaN,NaN,NaN,NaN,NaN,NaN,NaN
NaN,NaN,NaN,1.1,0,-243.810195922852,NaN,NaN,NaN,NaN,NaN,NaN,NaN,NaN,NaN,NaN,NaN
NaN,NaN,NaN,0.733333333,0,-262.068206787109,NaN,NaN,NaN,NaN,NaN,NaN,NaN,NaN,NaN,NaN,NaN
NaN,NaN,NaN,0.694444444,0,-181.495483398438,NaN,NaN,NaN,NaN,NaN,NaN,NaN,NaN,NaN,NaN,NaN
NaN,NaN,NaN,0.666666667,0,-79.198112487793,NaN,NaN,NaN,NaN,NaN,NaN,NaN,NaN,NaN,NaN,NaN
NaN,NaN,NaN,0.9625,0,51.9855346679688,NaN,NaN,NaN,NaN,NaN,NaN,NaN,NaN,NaN,NaN,NaN
NaN,NaN,NaN,1.1,0,55.4007301330566,NaN,NaN,NaN,NaN,NaN,NaN,NaN,NaN,NaN,NaN,NaN
NaN,NaN,NaN,1.461111111,0,91.7578506469727,NaN,NaN,NaN,NaN,NaN,NaN,NaN,NaN,NaN,NaN,NaN
NaN,NaN,NaN,1.255555556,0,91.4890747070312,NaN,NaN,NaN,NaN,NaN,NaN,NaN,NaN,NaN,NaN,NaN
NaN,NaN,NaN,1.144444444,0,21.3575954437256,NaN,NaN,NaN,NaN,NaN,NaN,NaN,NaN,NaN,NaN,NaN
NaN,NaN,NaN,1.555555556,0,-60.6796607971191,NaN,NaN,NaN,NaN,NaN,NaN,NaN,NaN,NaN,NaN,NaN
NaN,NaN,NaN,1.622222222,0,-165.880920410156,NaN,NaN,NaN,NaN,NaN,NaN,NaN,NaN,NaN,NaN,NaN
NaN,NaN,NaN,1.344444444,0,-213.261901855469,NaN,NaN,NaN,NaN,NaN,NaN,NaN,NaN,NaN,NaN,NaN
NaN,NaN,NaN,1.061111111,0,-227.984008789062,NaN,NaN,NaN,NaN,NaN,NaN,NaN,NaN,NaN,NaN,NaN
NaN,NaN,NaN,0.688888889,0,-103.311416625977,NaN,NaN,NaN,NaN,NaN,NaN,NaN,NaN,NaN,NaN,NaN
NaN,NaN,NaN,0.644444444,0,2.00886821746826,NaN,NaN,NaN,NaN,NaN,NaN,NaN,NaN,NaN,NaN,NaN
NaN,NaN,NaN,0.633333333,0,NaN,NaN,1.10003634181211,2.88768467281812,-9999,2.75869913915168,-9999,-9999,-9999,0.750839069077929,0.0326237716367331,0.779022073767249
NaN,NaN,NaN,0.827777778,0,70.7842025756836,NaN,1.30973510180571,2.86842762771429,-9999,2.73683792828571,-9999,-9999,-9999,0.718440615229256,0.0363292697804804,0.900723027920669
NaN,NaN,NaN,1.005555556,0,232.273132324219,NaN,1.33456399325419,3.21441123251613,-9999,3.12784507974194,-9999,-9999,-9999,1.15813836104177,0.0426909992956022,0.911293604487811
0.846569124871498,0.0665600731357263,1.4382240848442,1.161111111,0,227.480484008789,NaN,2.129237990208,3.19308066,2.49578267236549,3.4556395104,0.971656199382316,0.0622066441371429,1.46790368923616,0.94413244763867,0.0575110016566808,1.45753688101517
-3.14462134920733,0.0621606702780047,2.84773865394742,0.938888889,0,186.236572265625,NaN,5.2602695756129,3.26148558967742,5.60195767498297,3.68838546735484,-1.91357479184516,0.0598568167974194,2.42894206723642,-1.76484729550142,0.0617032122384961,2.39436418897722
-6.49128702191583,0.0921571752744461,4.40293787307301,1.05,0,NaN,NaN,8.67543794136,4.1328355608,9.0556897281768,4.8348259776,-4.220861584752,0.090120425472,3.84731711988979,-4.31225705780232,0.0924081237648266,3.82923112043734
-8.89785914142367,0.157599717654532,6.45567860800046,1.505555556,0,67.2799758911133,NaN,10.3532338888258,3.87590831303226,11.4752780128335,5.22319575019355,-6.252070752,0.146705131974194,5.5986185909708,-6.31742904568489,0.143712966826552,5.52988551971583
-12.4853862857355,0.173689672274563,7.98346806108286,1.561111111,0,-60.374683380127,NaN,9.81383520077419,3.18063647612903,10.9234241027071,4.7574683396129,-6.16596013765161,0.155296547512258,5.22592639571158,-6.1828929871374,0.142590679042459,5.21777802643462
-8.06127812434923,0.184253678795107,4.86625355167047,1.294444444,0,-106.709976196289,NaN,7.34488036488,2.4434767368,8.798533330752,4.2427451952,-4.55579117424,0.16508911536,4.30791774046509,-4.13626017194042,0.144529466165202,4.23531454774709
-5.64057414576579,0.197216971621746,4.27823106665763,1.116666667,0,-109.216506958008,NaN,4.44492077667097,2.98342012877419,5.03665751172542,3.74382487741935,-1.29282821489032,0.14276132036129,2.55102765748526,-1.2464670144807,0.125808142561192,2.40923471601602
NaN,NaN,NaN,0.561111111,0,-124.929214477539,NaN,1.78641624096,2.1550236264,1.8396247049424,2.3590417536,0.51942459888,0.0743595361776,1.45704412133148,0.50166465263582,0.0648835301058683,1.27795764102209
0.0170972798693878,0.0265838042644898,0.613026061546332,0.4875,0,-149.096176147461,NaN,0.594126856103226,1.05356839354839,0.526513744435355,1.09106427948387,0.564550857731613,0.0263895377969032,0.409378257756422,0.870119288641225,0.0386208170233596,0.903980954968431
0.679901385441758,0.0293272525831289,0.995575317605634,0.4,0,-162.887268066406,NaN,0.311583219793548,0.781270320774193,0.408930402332903,1.23213014477419,0.823196723458064,0.0212671387254194,0.666054852348141,0.88453509262079,0.028745710323315,0.688065100099224
0.753441143799367,0.0304288981214476,0.736689767192731,0.65,0,-104.543273925781,NaN,0.534672815238621,1.27426633324138,0.517258499884138,1.41078328634483,0.893524666692414,0.0251261330303172,0.82559850443184,0.896848512345626,0.0306589122606265,0.758222154910656
1.17587643191144,0.0314555707862753,0.896152049559507,0.65,0,-22.2376403808594,NaN,0.56863947212129,1.80877088670968,0.84959409269729,1.97320361109677,1.12361115641806,0.0341762171058581,1.06167718800092,1.23425558753797,0.0399808942756278,0.967227770127629
1.28175320978819,0.0446808625738073,1.41377776401719,0.994444444,0,84.5485382080078,NaN,1.300620659904,2.1884131944,1.00450824165,1.8392259528,0.943278809265,0.0471209441445,1.54810438573125,1.07065572380455,0.0676841107839993,1.54595797550253
NaN,NaN,NaN,0.916666667,0,NaN,NaN,4.83339458183226,3.37600462296774,-9999,2.25521307174194,-9999,-9999,-9999,-1.73017826109769,0.0907673082747604,3.18582370263772
NaN,NaN,NaN,0.866666667,0,-44.1242370605469,NaN,8.8325006904,4.5098065512,-9999,3.2550358968,-9999,-9999,-9999,-5.01379211870531,0.106772963638744,5.4481337796819
-8.41484486600311,0.185223601954516,7.62514010877599,1.294444444,0,-94.6252365112305,NaN,12.5756559547897,5.90660223329032,12.447031329582,4.18523134993548,-8.18388908575037,0.189817225503158,7.87732952341068,-7.52516063869155,0.167186107650689,7.59202308149807
-9.16240992140692,0.291969435215754,8.92262164127152,1.677777778,0,-181.766845703125,NaN,13.0173672337548,6.59911267741936,12.1378919725486,4.71499795277419,-7.42289485842581,0.293147474864516,8.18340725550597,-7.32772422244496,0.276328499049611,8.16271877408974
-7.55116231963643,0.293640440012256,6.58071107608291,1.166666667,0,-200.122756958008,NaN,9.316823035248,5.1423089256,9.4049139084552,4.7742798096,-4.63063934376,0.275901229296,5.35310435760949,-4.57732521356547,0.254337057790711,5.42835427096845
-3.90035190903703,0.172316522328488,4.81318375647029,0.977777778,0,NaN,NaN,5.48881330556903,5.14293490219355,5.43938108523097,4.81196660980645,-0.627414832103226,0.157671346273548,3.06901587786289,-1.07131642150528,0.133243979929586,3.068307910733
-1.50936042004898,0.0810340840457143,3.18449712049265,0.477777778,0,-230.714721679688,NaN,1.05923398932,1.600976232,2.7544712636088,3.7077237144,0.95325290964,0.0491203166328,1.66737736171378,0.532814968332783,0.0547990346451345,1.43643386447038
1.90302534981818,0.0716344534394182,1.79261048513041,0.414285714,0,-57.5812530517578,NaN,0.0918716507535484,1.66420493651613,0.179167901065548,2.18354864051613,2.0043866420129,0.0629412475542968,1.55156765946658,1.37372276866165,0.0457311749818621,0.832487501316246
1.24363080345255,0.0240083810030769,0.969826654011614,0.4,0,89.1133117675781,NaN,0.162371428659871,0.979305231483871,0.267876970469419,1.63730807303226,1.36942628748387,0.0397611965473548,0.964596329551146,1.11298451254212,0.0352042207018401,0.801872950995289
0.51608837647924,0.0346389247709638,0.881664136838204,0.538888889,0,44.4472427368164,NaN,0.179904326808857,0.797557443428571,0.44063877528,1.321670898,0.881031240282857,0.0456675496482857,0.703559957752303,1.10168614454604,0.0343678824640503,0.813861701073255
0.969876421897774,0.0503004015151375,1.09348536656232,0.761111111,0,NaN,NaN,0.496564376692645,1.49373998709677,0.815423794978064,2.2031191323871,1.38769741184516,0.0426724825703226,0.839669206478577,1.45441137921943,0.0453790426726856,0.94393080845374
1.97187317795874,0.11185521788546,1.98662757098028,1.122222222,0,-36.7517318725586,NaN,1.190865349512,3.1550804424,1.88718493998312,3.8033573472,1.916172693792,0.11287195416,1.90534117768098,1.75091655683543,0.103368676397492,2.02040117869919
-1.65949846105164,0.120313697288022,3.55069479335646,1.005555556,0,-132.072692871094,NaN,5.59036651926194,4.79332663896774,5.31224804148619,4.3192380356129,-0.993018516232181,0.119744964171174,3.3534871970607,-0.853457793491501,0.118965657363924,3.4972755756974
-5.94525213270281,0.106484015517413,6.32941446296207,1.116666667,0,-149.823959350586,NaN,9.54843706944,5.8180907952,9.45760221108,5.342972112,-4.11461410248,0.110093150088,5.63638859719036,-4.03765591351186,0.105499961904281,5.65557199564587
-8.70966865704399,0.188555486002312,8.36331567635773,1.433333333,0,-191.813232421875,NaN,13.3686315271045,7.24671470090323,14.0996376482168,7.82982499122581,-6.26981996113548,0.184465550183226,7.27377230446378,-6.47080971777084,0.174161114301494,7.29280128571324
-9.98572129497339,0.147464340835046,8.17552132523234,1.316666667,0,NaN,NaN,12.2406290297187,4.91713004903226,13.4323085479053,6.64541753109677,-6.78688535218064,0.14580521883871,6.61564707256966,-6.89343161635112,0.130639971981778,6.66472788957112
-7.23010417472526,0.221966896532262,7.24403738682329,1.044444444,0,NaN,NaN,8.086346601696,3.325860936,9.4663132115688,5.5514260296,-3.91489385256,0.236397180816,5.61233347316317,-4.06721823689454,0.202499931334483,5.49776634780405
-4.98830498648513,0.108581844410882,4.90697717832138,0.577777778,0,-327.03662109375,NaN,5.27698120805419,2.55710711612903,5.48957197407484,3.40439805290323,-2.0851671267871,0.131395928216516,3.47827802762889,-1.79844275203303,0.086690252131396,3.73371483198514
-2.97862262967727,0.0534838896819843,3.05442611856417,0.405555556,0,-339.323181152344,NaN,2.454678383976,1.7728324056,2.5887299413536,2.1934457568,-0.395282862864,0.0448136453304,1.91297598186077,0.193816129812528,0.041380975006605,1.88924342230052
1.64432683661925,0.0514370835068622,1.35794759198832,0.222222222,0,-285.117858886719,NaN,0.24362308827727,0.822833263741935,-0.00169344893264519,1.29978421548387,1.3014769419871,0.0320644862872258,1.01634719311374,1.39417260284105,0.0343344840434165,1.12637206975601
1.42537013762685,0.0287277305148904,0.844222611208786,0.233333333,0,-306.942047119141,NaN,0.0227852310713333,1.09835887819355,-0.0152091943083871,1.54437058219355,1.55957562627097,0.0348348997509677,0.608737073707029,1.56131683344565,0.0305345992140257,0.792978164817968
2.18002866055857,0.0337011179864296,1.43884485639237,0.357142857,0,NaN,NaN,0.0138283275754419,1.91188176428571,-0.100837326476571,2.00702039142857,2.10785699751429,0.0432205833497143,0.896513507735318,1.88881081707987,0.0386934526479826,0.839862437506932
2.68450136973595,0.0694738388057705,1.99733700931202,0.79375,0,-151.04035949707,NaN,0.0888820477113233,2.54413157806452,-0.0717510794864516,2.55083209316129,2.62258406012903,0.0666456990967742,1.50869998574905,2.33416219821422,0.0598276882424472,1.22336559701756
1.68477182482608,0.0967973787929065,2.76909263207565,1.066666667,0,-213.331390380859,NaN,1.238696014572,3.0020861664,1.76831027388,3.846430044,2.078117664552,0.099962956224,2.2644948610967,2.00269759179276,0.10121627388445,2.02993051163745
-0.985993640079463,0.117222016830368,4.2556767340848,1.122222222,0,-230.280319213867,NaN,5.59919733540387,5.40881094658064,5.7607075007071,5.28431038606452,-0.476403468387097,0.117444756774194,4.07990782596124,-0.346009060387209,0.114767500099656,3.98417056873604
-4.46854451871988,0.0742080354301625,6.24100483265363,1.138888889,0,-247.433944702148,NaN,8.818482181896,5.9401318536,9.3221092658016,6.1025374728,-3.219567318,0.0728574149592,5.67793127815764,-3.16206221546669,0.0721451884959119,5.79852418087451
-7.29357021782509,0.201322511262597,6.73648596550118,1.377777778,0,NaN,NaN,10.7494003117161,4.75267592670968,11.6930937780232,5.87765654709677,-5.81544213538064,0.207268539329032,6.13675234918797,-5.68317870227903,0.189385976801459,6.23170984956966
-8.3193563328953,0.346688356794231,6.93278943575742,1.488888889,0,-385.696228027344,NaN,10.7548233010839,5.28689601058064,11.5185603499572,6.12717213832258,-5.39138934185806,0.339993661192258,5.69651200570095,-5.32533008252534,0.306476636163112,5.71107757786065
-5.71328844336707,0.365461131571191,5.91463265207022,1.305555556,0,-455.877563476562,NaN,8.097275201328,4.8696818472,8.9818625578752,6.1172341344,-2.86461781776,0.386150339664,4.84740370546274,-3.04826699061728,0.307384646399636,4.82868463773524
-4.51415418327032,0.25071828913026,3.89726887854299,1.088888889,0,-422.230987548828,NaN,4.53296840307097,2.44551164283871,5.85922774687432,4.60668207716129,-1.25255000090323,0.308922957452903,3.18618444612917,-1.30120153132035,0.18357474196457,3.42369176082198
-1.29944086680436,0.220703974389048,3.48291745561884,0.7,0,-422.778472900391,NaN,1.611775182384,2.349967104,1.9408817920464,4.0174699032,2.07659028744,0.2382730189344,1.75400733110935,1.07329008897217,0.119016049823591,1.76541819304566
3.33812444334545,0.118578302923636,2.03739332230909,0.588888889,0,NaN,NaN,0.823562839347097,2.35201750606452,-0.00760543787148387,3.2092101476129,3.21682278507097,0.165370510683871,2.26341149218965,2.32992217968125,0.099923699427691,1.07536248662529
NaN,NaN,1.06819706022318,0.65,0,-242.040252685547,1306.815251,0.952659594325161,1.86809277832258,0.153862121473548,2.27359829496774,2.11973664193548,0.118200910308387,1.39716699898036,1.82590728369363,0.0614137962494316,1.0250583459153
1.96350005250528,0.0971339732420506,0.898294655636114,0.8875,0,-189.111099243164,1306.815251,0.728321408074286,1.96427555742857,0.214825696191257,2.254344696,2.0395175814,0.121963389891429,0.701885480846291,2.05899138230088,0.0879583681922965,1.04980189476594
1.89163460892133,0.13153433757217,1.32463415612934,0.961111111,0,-219.440139770508,1306.815251,0.266715122446452,2.11130054245161,0.879810821993032,3.20886214374194,2.32905147886452,0.13662380564129,1.23066108212769,2.3532435398058,0.114636317573591,1.28695023770039
1.60592893753788,0.15341990211664,2.30626161575382,1.194444444,0,-194.107727050781,1306.815251,0.834859744128,2.3444541072,1.38749213751192,3.2068471608,1.819354953024,0.152313886296,2.00446189266152,1.90146722875103,0.137739661826303,2.04569575978536
-1.5460673206173,0.171355278297691,3.236880242079,1.15,0,-207.362335205078,1306.815251,4.34683144035871,3.93287727483871,4.39438235209781,3.96344510709677,-0.43093436427871,0.162517352748387,2.62557255687008,-0.365401974411883,0.154932189340324,2.64599870090805
-3.66452834580737,0.249481500058828,6.22331619041396,1.338888889,0,NaN,1306.815251,7.2937793088,5.5457394336,7.5292936268976,5.566169268,-1.96312867056,0.238359062232,5.14064069395352,-1.91946749286336,0.221460764397327,5.14595097605305
-5.88531136250967,0.312858563714389,6.76362989375006,1.466666667,0,-386.472320556641,1306.815251,10.2460746091819,6.25703157522581,10.341753839791,6.1478484596129,-4.19390999581935,0.305400805780645,5.88270211787892,-4.18966046158675,0.284559999419109,5.96441072361768
-6.09715486687907,0.288911159641027,6.29483670003156,1.4,0,-426.294128417969,1306.815251,10.2801964076129,6.60461499870968,10.6546562344893,6.88676097135484,-3.76790643870968,0.297250497290323,5.5845292545985,-3.93831512514714,0.264697340475845,5.66806178510462
-7.11355029202096,0.239011546327386,5.93015143207979,1.155555556,0,-470.754089355469,1306.815251,7.70949974412,4.2138804312,8.389100617704,5.2029558864,-3.18613518,0.24378044364,4.74652157389152,-2.93989854526459,0.179377691899627,4.81404738517901
-4.46442931100995,0.179758216793752,3.50240572684688,1.077777778,0,NaN,1306.815251,5.23914690481548,3.68724244412903,5.9519495340929,4.71687006658065,-1.23508048110968,0.211195275305806,2.96325571942682,-1.17433029715094,0.141760934258528,3.01042810336753
0.0615607813742621,0.157797271718506,2.50921220533587,0.627777778,0,NaN,1306.815251,2.762054678232,3.456924732,1.8830552822784,2.7078666984,0.8248133808,0.148663267272,2.33793998361818,1.13244918815156,0.0914776595575319,1.73348748026563
1.94379038902337,0.0804299097619714,2.05172642172051,0.416666667,0,-317.595794677734,1306.815251,0.241727088915871,1.52041235690323,0.128588425966428,2.13033993909677,2.00175041705806,0.0691981836526452,1.73567544188444,1.96499113821827,0.0565258728302406,1.30459914140735
NaN,0.0462333210323478,NaN,0.372222222,0,-175.126098632812,NaN,0.446060402105806,2.84256287070968,0.422799111608516,2.33317306683871,1.91037656624516,0.0533246413703226,1.25142300946267,1.83402255652044,0.0509400912550682,1.05666432180649
1.03706372957143,0.0608046568094118,0.891453440639003,0.74,0,-46.8145217895508,NaN,0.403687160714483,1.85473506537931,0.513515522887448,2.28599895972414,1.77248531991724,0.0759430931337931,1.16382075495103,1.88291362728186,0.0655859672244915,1.14342329816565
2.22520427494459,0.107161090613965,1.76332985462028,1.188888889,0,31.0837554931641,NaN,0.222498934490323,2.39113662503226,0.35459164167329,2.50466618322581,2.15007651267097,0.108112173433548,1.30979396852015,2.18434525479032,0.0983110037031128,1.25223728768932
0.699594033313627,0.136122542057441,2.46172903133604,1.266666667,0,NaN,NaN,2.0593222344,3.4770899232,2.301549895656,3.4081573464,1.106606008944,0.13227953832,2.01495045890745,1.3165465582483,0.125769954858415,1.96211658372415
-1.98300439715032,0.150518944036821,3.37350243413,1.394444444,0,-83.4537506103516,NaN,5.84053858876645,4.62213880722581,5.95705131452903,4.58932027587097,-1.36773553354839,0.150814873254194,3.31491146309378,-1.30247277389731,0.14641468872224,3.25691988792817
-5.45197797859412,0.186993309962246,6.71032400680999,1.122222222,0,-175.71760559082,NaN,8.87411693592,5.400154584,9.082845711396,5.376651984,-3.70619461512,0.18092929284,5.98395814859772,-3.69612643629927,0.168695365931587,5.94982782678419
-8.78537457102119,0.209143631890791,8.23415376295264,1.244444444,0,-283.000305175781,NaN,10.1628513438271,4.42017089883871,11.3864008440356,5.72729643174194,-5.65911291019355,0.203564877909677,6.77421264532424,-5.57427195466046,0.18731313865134,6.76950023216417
-8.51145691620722,0.257334869010654,7.04905637888091,1.411111111,0,-332.014038085938,NaN,10.6546668233806,4.29460124980645,10.7906770340594,4.49743689987097,-6.29324412503226,0.248104966993548,5.82408057913119,-6.27106943904769,0.232078616856624,5.8213763670753
-7.69439033296952,0.225429704915169,6.02595056045095,1.25,0,NaN,NaN,7.71762139128,3.181303944,8.751404871432,4.4337042576,-4.317703578,0.230278171104,4.79175313623629,-4.16356618196405,0.188387230910744,4.84954736135308
-1.87577258784811,0.169203209235795,3.1105515154764,1.266666667,0,NaN,NaN,3.47872279626813,2.62252064670968,3.89558901229084,3.31094937367742,-0.584637540270968,0.15529841451871,2.36749031574646,-0.852245577026925,0.11621267562408,2.27852482567958
1.71297398483607,0.0991716024471858,1.89224279744001,1.0875,0,-264.14697265625,NaN,0.422887031568,1.9197081576,0.33989352404976,2.2693374864,1.92944533968,0.0988978009176,1.20442441359912,1.55593633049353,0.0740849850082522,1.21333565276825
1.28837437831331,0.0616381367908043,1.22095772852339,0.488888889,0,-81.6236953735352,NaN,0.163791727246452,1.74429696309677,-0.0485603782699355,1.58300701083871,1.63156645858065,0.0554630884025807,0.907467059367057,1.46030592923172,0.0500060065878042,0.981453676417465
NaN,NaN,NaN,0.472222222,0,21.9442710876465,NaN,0.0763696151070968,1.67992661496774,0.0950432187274839,1.53237169858065,1.43732096825806,0.0502308242477419,0.983661057209545,1.39758205459478,0.0509449518353457,1.02405209932346
1.80227270409929,0.0850511337694324,1.70701441302545,0.871428571,0,NaN,NaN,0.0600030718457143,1.84258169742857,0.505315890072771,2.37179556,1.86647878028571,0.0723194372828571,1.65623489114161,1.70566985908085,0.0654257641428016,1.17032643980813
1.84132510463395,0.0949318117399162,1.65738914800519,0.7375,0,131.172546386719,NaN,0.429562134966193,1.99554395458065,0.64034328334529,2.56005497264516,1.91971367489032,0.0759564523277419,1.39762167131502,1.92092682860604,0.0758902301339301,1.32801896310965
1.01693666201185,0.10896670911124,1.96143560736412,1.1,0,147.21142578125,NaN,1.8241505522064,2.657094444,2.4140109269376,3.6212349024,1.207224241416,0.10295199972,1.82889730393142,1.19407393340175,0.0991609042261144,1.60389484658985
-1.37899825941084,0.131612781496311,2.96668422926515,1.211111111,0,138.038101196289,NaN,6.22542354689032,4.57907391870968,6.23023191485234,4.145877,-2.08434825615484,0.124631588903226,3.034787875883,-1.77470460722404,0.129760376677459,3.07155649753595
-4.74786651005042,0.158887165656477,5.04706169642443,1.088888889,0,45.7129859924316,NaN,9.2721913164,4.60934136,9.4380050899188,4.8202024104,-4.617797323176,0.1549331892,5.33591244272433,-4.74795525255129,0.149392544574324,5.29389287098183
-9.61894404118629,0.183432140480945,7.60746974464712,1.166666667,0,NaN,NaN,11.563132983329,3.82448635664516,11.8234361625956,4.2794873883871,-7.54395127664516,0.170873883754839,6.72404017773162,-7.42266230318993,0.164138511532583,6.79605848484736
-9.75998177243251,0.202525581930014,6.21884907953648,1.433333333,0,NaN,NaN,11.4736200897832,3.852503856,11.5671040099804,3.71705521006452,-7.85005601736774,0.196570666296,5.47128705330916,-7.68833846533172,0.186709483180724,5.67741235078511
-8.03035500598194,0.218988837288372,4.84929814755601,1.166666667,0,NaN,NaN,9.315330991704,4.16425896,9.6992728524,4.1171208048,-5.582141514576,0.202813361496,4.33378951333617,-5.25969386062394,0.173822754068612,4.60035913292917
-3.38512943362689,0.0700204483653965,2.23387084251005,0.85,0,NaN,NaN,5.49022654772129,2.32583755354839,5.89843515677574,2.374738776,-3.52370208827613,0.0984878103251613,2.93345006081615,-2.79482222227073,0.0927413890861849,3.27292709138541
-1.11914364245913,0.0702135289428633,2.2074713202925,0.605555556,0,NaN,NaN,1.32934615416,1.4471793936,1.305819839304,1.886645484,0.58082851872,0.050104192608,1.22023278775823,0.689949541016849,0.044858632624917,1.00159011368228
0.647573469696,0.0452026959942857,1.28807092279127,0.49375,0,NaN,NaN,0.453216034616516,1.32609358683871,0.693318207957677,1.59072752670968,0.897412228606452,0.0402885945896516,0.654234304799792,0.760413210980539,0.0355995918560345,0.827541468929403
1.89612817381716,0.0418034856148651,1.81740452985157,0.433333333,0,NaN,NaN,0.22495905711871,1.2761156043871,0.0423196240854193,1.44906724335484,1.40673795816774,0.029529395603071,1.47081062717632,1.12059185441261,0.0348225218111825,0.683385072328342
1.04700950524519,0.0484662010497662,1.03580508601161,0.861111111,0,NaN,NaN,0.125473468114286,1.08147696171429,-0.0866752974385714,0.946018254857143,1.03269259182857,0.0415683152177143,0.654172338652117,1.09697366324235,0.0404872588267861,0.940696397045404
1.66795070461891,0.0394896769513424,1.75825419792705,1.211111111,0,NaN,NaN,0.100392237668903,1.22189980645161,-0.0447556604423226,1.65298874632258,1.69774314015484,0.0373097489109677,1.47106986886208,1.73354852755958,0.0393529354696472,1.11580677016963
1.9531623091565,0.0491439939125028,1.82119863285405,1.272222222,0,NaN,NaN,0.346745189930904,2.0054943792,0.5881369150008,2.7627660288,2.174630086008,0.045293839128,1.33681148546941,2.16043964462334,0.044798954573005,1.23609891749837
0.681626921870436,0.064699992842163,2.29253470784813,1.094444444,0,NaN,NaN,3.25200321413419,4.15800708619355,3.42921012915484,4.09436063767742,0.665148243832258,0.0611812646941936,2.1947436274795,0.647619553426527,0.0622474633199673,2.28955967303695
-5.7482076199127,0.0720577032705184,5.98654594485288,1.066666667,0,-113.939468383789,NaN,8.086269673728,3.8863496088,7.8684896876544,3.7681421328,-4.10036718888,0.06949422036,5.11296471163352,-3.94953207510092,0.072796075589547,5.21129675450637
-10.1044446777464,0.165837534084645,8.55342207212871,1.205555556,0,-190.317016601562,NaN,12.2449540726916,5.07455951690323,12.0720515439995,4.88266284541935,-7.18939722797419,0.160715075922581,7.04942273318942,-7.2637153645818,0.152742325082666,7.03019810638893
-14.2305802659854,0.199227942762943,8.87391814934606,1.422222222,0,NaN,NaN,12.7156694598581,4.83215051380645,12.7010222430759,4.733608464,-7.96740866547097,0.174977747535484,6.04186390864978,-8.05833609098148,0.161281140205461,6.02540999377805
-13.4425772518567,0.180990782361845,8.82299427815387,1.111111111,0,NaN,NaN,9.261651803688,3.3972244344,9.74455547562216,3.9349375272,-5.80961628144,0.163364592024,5.23171626529725,-5.87829490761517,0.13907824785681,5.12434932372597
-9.10863566422123,0.16150081971094,6.15488295638346,0.855555556,0,-354.602203369141,NaN,5.88334384019613,2.94943162993548,6.58774181485161,3.651813288,-2.93592641109677,0.140303161765161,3.07820990736457,-2.94170089267031,0.0932776563440702,3.17377561314636
NaN,NaN,NaN,0.527777778,0,-426.183959960938,NaN,3.549556386288,1.8343487304,1.7606964385656,2.947314528,1.18661539104,0.084130714656,1.52122369403521,0.328853017315215,0.0366078035140905,1.23724244539918
1.74462150065934,0.019705538186449,1.51207897338884,0.594444444,0,-287.434020996094,NaN,3.05396196159484,1.54038367509677,0.155811135282132,2.55284614683871,2.3970553316129,0.0218050029104516,0.788450560142028,1.16624388180933,0.0260767575041087,0.565551571658594
NaN,NaN,NaN,0.871428571,0,-92.6279754638672,NaN,NaN,NaN,NaN,NaN,NaN,NaN,NaN,NaN,NaN,NaN
NaN,NaN,NaN,0.744444444,0,49.0713500976562,NaN,NaN,NaN,NaN,NaN,NaN,NaN,NaN,NaN,NaN,NaN
NaN,NaN,NaN,1.027777778,0,201.285720825195,NaN,NaN,NaN,NaN,NaN,NaN,NaN,NaN,NaN,NaN,NaN
NaN,NaN,NaN,1.144444444,0,179.560882568359,NaN,NaN,NaN,NaN,NaN,NaN,NaN,NaN,NaN,NaN,NaN
NaN,NaN,NaN,1.11875,0,77.4252166748047,NaN,NaN,NaN,NaN,NaN,NaN,NaN,NaN,NaN,NaN,NaN
NaN,NaN,NaN,1.044444444,0,17.354248046875,NaN,NaN,NaN,NaN,NaN,NaN,NaN,NaN,NaN,NaN,NaN
NaN,NaN,NaN,1.094444444,0,-33.3243713378906,NaN,NaN,NaN,NaN,NaN,NaN,NaN,NaN,NaN,NaN,NaN
NaN,NaN,NaN,1.294444444,0,-111.805419921875,NaN,NaN,NaN,NaN,NaN,NaN,NaN,NaN,NaN,NaN,NaN
NaN,NaN,NaN,1.1,0,-146.203628540039,NaN,NaN,NaN,NaN,NaN,NaN,NaN,NaN,NaN,NaN,NaN
NaN,NaN,NaN,0.744444444,0,-247.222412109375,NaN,NaN,NaN,NaN,NaN,NaN,NaN,NaN,NaN,NaN,NaN
NaN,NaN,NaN,0.466666667,0,-296.202209472656,NaN,NaN,NaN,NaN,NaN,NaN,NaN,NaN,NaN,NaN,NaN
NaN,NaN,NaN,0.36875,0,-95.6725616455078,NaN,NaN,NaN,NaN,NaN,NaN,NaN,NaN,NaN,NaN,NaN
NaN,NaN,NaN,0.675,0,-42.1211051940918,1177.752937,NaN,NaN,NaN,NaN,NaN,NaN,NaN,NaN,NaN,NaN
NaN,NaN,NaN,0.927777778,0,-89.9983901977539,1177.752937,NaN,NaN,NaN,NaN,NaN,NaN,NaN,NaN,NaN,NaN
NaN,NaN,NaN,1.25,0,-133.564041137695,1177.752937,NaN,NaN,NaN,NaN,NaN,NaN,NaN,NaN,NaN,NaN
NaN,NaN,NaN,1.011111111,0,-92.9328536987305,1177.752937,NaN,NaN,NaN,NaN,NaN,NaN,NaN,NaN,NaN,NaN
NaN,NaN,NaN,0.955555556,0,-135.11279296875,1177.752937,NaN,NaN,NaN,NaN,NaN,NaN,NaN,NaN,NaN,NaN
NaN,NaN,NaN,1.005555556,0,-175.862915039062,1177.752937,NaN,NaN,NaN,NaN,NaN,NaN,NaN,NaN,NaN,NaN
NaN,NaN,NaN,1.255555556,0,-202.472595214844,1177.752937,NaN,NaN,NaN,NaN,NaN,NaN,NaN,NaN,NaN,NaN
NaN,NaN,NaN,1.383333333,0,-287.59912109375,1177.752937,NaN,NaN,NaN,NaN,NaN,NaN,NaN,NaN,NaN,NaN
NaN,NaN,NaN,1.005555556,0,-394.002349853516,1177.752937,NaN,NaN,NaN,NaN,NaN,NaN,NaN,NaN,NaN,NaN
NaN,NaN,NaN,0.811111111,0,-383.342895507812,1177.752937,NaN,NaN,NaN,NaN,NaN,NaN,NaN,NaN,NaN,NaN
NaN,NaN,NaN,0.45,0,-360.947631835938,1177.752937,NaN,NaN,NaN,NaN,NaN,NaN,NaN,NaN,NaN,NaN
NaN,NaN,NaN,0.2875,0,-337.638366699219,1177.752937,NaN,NaN,NaN,NaN,NaN,NaN,NaN,NaN,NaN,NaN
NaN,NaN,NaN,0.266666667,0,-340.398712158203,NaN,NaN,NaN,NaN,NaN,NaN,NaN,NaN,NaN,NaN,NaN
NaN,NaN,NaN,0.355555556,0,-243.4716796875,NaN,NaN,NaN,NaN,NaN,NaN,NaN,NaN,NaN,NaN,NaN
NaN,NaN,NaN,0.683333333,0,-248.604095458984,NaN,NaN,NaN,NaN,NaN,NaN,NaN,NaN,NaN,NaN,NaN
NaN,NaN,NaN,0.988888889,0,NaN,NaN,NaN,NaN,NaN,NaN,NaN,NaN,NaN,NaN,NaN,NaN
NaN,NaN,NaN,0.894444444,0,NaN,NaN,NaN,NaN,NaN,NaN,NaN,NaN,NaN,NaN,NaN,NaN
NaN,NaN,NaN,1.061111111,0,NaN,NaN,NaN,NaN,NaN,NaN,NaN,NaN,NaN,NaN,NaN,NaN
NaN,NaN,NaN,1.516666667,0,NaN,NaN,NaN,NaN,NaN,NaN,NaN,NaN,NaN,NaN,NaN,NaN
NaN,NaN,NaN,1.533333333,0,NaN,NaN,NaN,NaN,NaN,NaN,NaN,NaN,NaN,NaN,NaN,NaN
NaN,NaN,NaN,1.216666667,0,NaN,NaN,NaN,NaN,NaN,NaN,NaN,NaN,NaN,NaN,NaN,NaN
NaN,NaN,NaN,1.016666667,0,NaN,NaN,NaN,NaN,NaN,NaN,NaN,NaN,NaN,NaN,NaN,NaN
NaN,NaN,NaN,0.705555556,0,NaN,NaN,NaN,NaN,NaN,NaN,NaN,NaN,NaN,NaN,NaN,NaN
NaN,NaN,NaN,0.538888889,0,NaN,NaN,NaN,NaN,NaN,NaN,NaN,NaN,NaN,NaN,NaN,NaN
