NBE,CH4,ET,LAI,SCF,EWT,ABGB,GPP_DT,ER_DT,GPP_NT,ER_NT,NBE_F,CH4_F,ET_F,NBE_ANN,CH4_ANN,ET_ANN
NaN,NaN,NaN,0.408333333,0,-30.7900791168213,NaN,NaN,NaN,NaN,NaN,NaN,NaN,NaN,NaN,NaN,NaN
NaN,NaN,NaN,0.777777778,0,109.240715026855,NaN,NaN,NaN,NaN,NaN,NaN,NaN,NaN,NaN,NaN,NaN
NaN,NaN,NaN,1.038888889,0,151.753753662109,NaN,NaN,NaN,NaN,NaN,NaN,NaN,NaN,NaN,NaN,NaN
NaN,NaN,NaN,1.083333333,0,40.5643157958984,NaN,NaN,NaN,NaN,NaN,NaN,NaN,NaN,NaN,NaN,NaN
NaN,NaN,NaN,1.005555556,0,-44.3486480712891,NaN,NaN,NaN,NaN,NaN,NaN,NaN,NaN,NaN,NaN,NaN
NaN,NaN,NaN,1.4,0,-64.771842956543,NaN,NaN,NaN,NaN,NaN,NaN,NaN,NaN,NaN,NaN,NaN
NaN,NaN,NaN,1.711111111,0,-147.722595214844,NaN,NaN,NaN,NaN,NaN,NaN,NaN,NaN,NaN,NaN,NaN
NaN,NaN,NaN,1.55,0,-160.811981201172,NaN,NaN,NaN,NaN,NaN,NaN,NaN,NaN,NaN,NaN,NaN
NaN,NaN,NaN,1.033333333,0,-203.728363037109,NaN,NaN,NaN,NaN,NaN,NaN,NaN,NaN,NaN,NaN,NaN
NaN,NaN,NaN,0.6,0,-214.5029296875,NaN,NaN,NaN,NaN,NaN,NaN,NaN,NaN,NaN,NaN,NaN
NaN,NaN,NaN,0.927777778,0,-213.876174926758,NaN,NaN,NaN,NaN,NaN,NaN,NaN,NaN,NaN,NaN,NaN
NaN,NaN,NaN,0.566666667,0,-212.849411010742,NaN,NaN,NaN,NaN,NaN,NaN,NaN,NaN,NaN,NaN,NaN
NaN,NaN,NaN,0.411111111,0,-124.518516540527,NaN,NaN,NaN,NaN,NaN,NaN,NaN,NaN,NaN,NaN,NaN
NaN,NaN,NaN,1.135714286,0,-59.1246871948242,NaN,NaN,NaN,NaN,NaN,NaN,NaN,NaN,NaN,NaN,NaN
NaN,NaN,NaN,1.377777778,0,29.9695224761963,NaN,NaN,NaN,NaN,NaN,NaN,NaN,NaN,NaN,NaN,NaN
NaN,NaN,NaN,1.266666667,0,-13.4775810241699,NaN,NaN,NaN,NaN,NaN,NaN,NaN,NaN,NaN,NaN,NaN
NaN,NaN,NaN,0.833333333,0,-37.2346076965332,NaN,NaN,NaN,NaN,NaN,NaN,NaN,NaN,NaN,NaN,NaN
NaN,NaN,NaN,1.038888889,0,-100.291526794434,NaN,NaN,NaN,NaN,NaN,NaN,NaN,NaN,NaN,NaN,NaN
NaN,NaN,NaN,1.711111111,0,-123.594528198242,NaN,NaN,NaN,NaN,NaN,NaN,NaN,NaN,NaN,NaN,NaN
NaN,NaN,NaN,1.477777778,0,-192.479370117188,NaN,NaN,NaN,NaN,NaN,NaN,NaN,NaN,NaN,NaN,NaN
NaN,NaN,NaN,1.2,0,-226.063858032227,NaN,NaN,NaN,NaN,NaN,NaN,NaN,NaN,NaN,NaN,NaN
NaN,NaN,NaN,0.911111111,0,-243.810195922852,NaN,NaN,NaN,NaN,NaN,NaN,NaN,NaN,NaN,NaN,NaN
NaN,NaN,NaN,0.488888889,0,-262.068206787109,NaN,NaN,NaN,NaN,NaN,NaN,NaN,NaN,NaN,NaN,NaN
NaN,NaN,NaN,0.572222222,0,-181.495483398438,NaN,NaN,NaN,NaN,NaN,NaN,NaN,NaN,NaN,NaN,NaN
NaN,NaN,NaN,0.433333333,0,-79.198112487793,NaN,NaN,NaN,NaN,NaN,NaN,NaN,NaN,NaN,NaN,NaN
NaN,NaN,NaN,0.711111111,0,51.9855346679688,NaN,NaN,NaN,NaN,NaN,NaN,NaN,NaN,NaN,NaN,NaN
NaN,NaN,NaN,1.107142857,0,55.4007301330566,NaN,NaN,NaN,NaN,NaN,NaN,NaN,NaN,NaN,NaN,NaN
NaN,NaN,NaN,1.427777778,0,91.7578506469727,NaN,NaN,NaN,NaN,NaN,NaN,NaN,NaN,NaN,NaN,NaN
NaN,NaN,NaN,1,0,91.4890747070312,NaN,NaN,NaN,NaN,NaN,NaN,NaN,NaN,NaN,NaN,NaN
NaN,NaN,NaN,0.977777778,0,21.3575954437256,NaN,NaN,NaN,NaN,NaN,NaN,NaN,NaN,NaN,NaN,NaN
NaN,NaN,NaN,2.005555556,0,-60.6796607971191,NaN,NaN,NaN,NaN,NaN,NaN,NaN,NaN,NaN,NaN,NaN
NaN,NaN,NaN,1.922222222,0,-165.880920410156,NaN,NaN,NaN,NaN,NaN,NaN,NaN,NaN,NaN,NaN,NaN
NaN,NaN,NaN,1.366666667,0,-213.261901855469,NaN,NaN,NaN,NaN,NaN,NaN,NaN,NaN,NaN,NaN,NaN
NaN,NaN,NaN,0.805555556,0,-227.984008789062,NaN,NaN,NaN,NaN,NaN,NaN,NaN,NaN,NaN,NaN,NaN
NaN,NaN,NaN,0.694444444,0,-103.311416625977,NaN,NaN,NaN,NaN,NaN,NaN,NaN,NaN,NaN,NaN,NaN
NaN,NaN,NaN,0.783333333,0,2.00886821746826,NaN,NaN,NaN,NaN,NaN,NaN,NaN,NaN,NaN,NaN,NaN
NaN,NaN,NaN,0.422222222,0,NaN,NaN,NaN,NaN,NaN,NaN,NaN,NaN,NaN,NaN,NaN,NaN
NaN,NaN,NaN,0.711111111,0,70.7842025756836,NaN,NaN,NaN,NaN,NaN,NaN,NaN,NaN,NaN,NaN,NaN
NaN,NaN,NaN,1.105555556,0,232.273132324219,NaN,NaN,NaN,NaN,NaN,NaN,NaN,NaN,NaN,NaN,NaN
NaN,NaN,NaN,1.05,0,227.480484008789,NaN,NaN,NaN,NaN,NaN,NaN,NaN,NaN,NaN,NaN,NaN
NaN,NaN,NaN,1.005555556,0,186.236572265625,NaN,NaN,NaN,NaN,NaN,NaN,NaN,NaN,NaN,NaN,NaN
NaN,NaN,NaN,1.055555556,0,NaN,NaN,NaN,NaN,NaN,NaN,NaN,NaN,NaN,NaN,NaN,NaN
NaN,NaN,NaN,2.027777778,0,67.2799758911133,NaN,NaN,NaN,NaN,NaN,NaN,NaN,NaN,NaN,NaN,NaN
NaN,NaN,NaN,1.877777778,0,-60.374683380127,NaN,NaN,NaN,NaN,NaN,NaN,NaN,NaN,NaN,NaN,NaN
NaN,NaN,NaN,1.222222222,0,-106.709976196289,NaN,NaN,NaN,NaN,NaN,NaN,NaN,NaN,NaN,NaN,NaN
NaN,NaN,NaN,0.972222222,0,-109.216506958008,NaN,NaN,NaN,NaN,NaN,NaN,NaN,NaN,NaN,NaN,NaN
NaN,NaN,NaN,0.522222222,0,-124.929214477539,NaN,NaN,NaN,NaN,NaN,NaN,NaN,NaN,NaN,NaN,NaN
NaN,NaN,NaN,0.4375,0,-149.096176147461,NaN,NaN,NaN,NaN,NaN,NaN,NaN,NaN,NaN,NaN,NaN
NaN,NaN,NaN,0.425,0,-162.887268066406,NaN,NaN,NaN,NaN,NaN,NaN,NaN,NaN,NaN,NaN,NaN
NaN,NaN,NaN,0.511111111,0,-104.543273925781,NaN,NaN,NaN,NaN,NaN,NaN,NaN,NaN,NaN,NaN,NaN
NaN,NaN,NaN,0.661111111,0,-22.2376403808594,NaN,NaN,NaN,NaN,NaN,NaN,NaN,NaN,NaN,NaN,NaN
NaN,NaN,NaN,0.916666667,0,84.5485382080078,NaN,NaN,NaN,NaN,NaN,NaN,NaN,NaN,NaN,NaN,NaN
NaN,NaN,NaN,0.927777778,0,NaN,NaN,NaN,NaN,NaN,NaN,NaN,NaN,NaN,NaN,NaN,NaN
NaN,NaN,NaN,0.972222222,0,-44.1242370605469,NaN,NaN,NaN,NaN,NaN,NaN,NaN,NaN,NaN,NaN,NaN
NaN,NaN,NaN,2.177777778,0,-94.6252365112305,NaN,NaN,NaN,NaN,NaN,NaN,NaN,NaN,NaN,NaN,NaN
NaN,NaN,NaN,1.938888889,0,-181.766845703125,NaN,NaN,NaN,NaN,NaN,NaN,NaN,NaN,NaN,NaN,NaN
NaN,NaN,NaN,0.888888889,0,-200.122756958008,NaN,NaN,NaN,NaN,NaN,NaN,NaN,NaN,NaN,NaN,NaN
NaN,NaN,NaN,0.766666667,0,NaN,NaN,NaN,NaN,NaN,NaN,NaN,NaN,NaN,NaN,NaN,NaN
NaN,NaN,NaN,0.494444444,0,-230.714721679688,NaN,NaN,NaN,NaN,NaN,NaN,NaN,NaN,NaN,NaN,NaN
NaN,NaN,NaN,0.61,0,-57.5812530517578,NaN,NaN,NaN,NaN,NaN,NaN,NaN,NaN,NaN,NaN,NaN
NaN,NaN,NaN,0.466666667,0,89.1133117675781,NaN,6.07154891665219,3.46848459117529,-9999,5.31898892262457,-9999,-9999,-9999,1.39140840127272,0.00186646364602325,0.345239972451895
NaN,NaN,NaN,0.728571429,0,44.4472427368164,NaN,8.02534315088571,4.03596670525714,-9999,5.74551653914286,-9999,-9999,-9999,3.09878536666157,-0.00354532514686688,1.10428834455068
NaN,NaN,NaN,0.8,0,NaN,NaN,9.44990561357419,5.29254263659355,-9999,6.57843469780645,-9999,-9999,-9999,0.745902659695035,0.00361709917843454,2.45329970201518
NaN,NaN,NaN,0.933333333,0,-36.7517318725586,NaN,11.9880874692,6.60416015664,-9999,7.3157792688,-9999,-9999,-9999,-8.41393791494645,0.0295688247238597,4.41355185480971
NaN,NaN,NaN,0.933333333,0,-132.072692871094,NaN,13.5390477062323,7.59134422823226,-9999,7.79466198890323,-9999,-9999,-9999,-7.86307164088096,0.124008483627523,4.4477996571241
-4.83603057884171,NaN,6.11156906175044,1.744444444,0,-149.823959350586,NaN,11.156933669616,9.16083314064,11.1115388550456,9.0054343296,-2.10610477008,-9999,4.88634812013044,-2.24439558446147,0.219343908251467,4.91752833546171
-7.86701937700214,NaN,6.81425835098667,2.15,0,-191.813232421875,NaN,12.9450751302194,8.67148350503226,13.4209688660663,9.32601402812903,-4.0949490816,-9999,5.42295750398311,-4.250941125693,0.0914183942683901,5.47279795052072
-2.74550156194631,NaN,4.76781296389358,1.088888889,0,NaN,NaN,7.00060997104258,6.97594943171613,7.86485595961858,8.37477278477419,0.509919350864516,-9999,3.33292911731365,0.463081658639599,0.0177959461343522,3.34026814984778
-6.01212388278602,0.00431036544092933,5.30557356780277,0.9,0,NaN,NaN,7.650847818792,6.48485652888,8.8146046268568,8.1527420016,-0.66186000648,0.003927266862768,3.34084695697674,-0.9719163740716,0.00486681436865469,3.2554122321696
-5.03439489270274,-0.000751673924874849,4.15104769420314,0.588888889,0,-327.03662109375,NaN,3.97624446343742,2.60441364263226,5.37821495907097,5.13206587277419,-0.24615001899871,-0.00597803085118452,2.01254556426953,0.785906165338618,0.00164559409204364,1.98147653081736
-0.421265667791934,0.00295604658074287,2.21845138016766,0.394444444,0,-339.323181152344,NaN,1.908081681984,1.45215379152,3.119962303296,4.7051066592,1.58514184656,0.00086668286076,1.34886718644592,2.01209008954645,0.00312161122751331,1.24765067544935
0.881789376037277,0.00590082917417112,1.13134610021844,0.244444444,0,-285.117858886719,NaN,0.180411244355613,1.22643430211613,0.724201161624929,2.25628682864516,1.53208796794839,-0.00139859838787355,0.652971359519801,1.6485728599325,0.00499685021947323,0.525961846659655
0.303435610833019,0.00595658884195843,1.44914310569486,0.2,0,-306.942047119141,NaN,0.260308324846452,0.718682741187097,1.50478723775381,2.70827683432258,1.20349043303226,0.0144878533506581,0.666094235965932,1.22672449665125,0.00566065361129868,0.641883599473959
3.17824676445546,0.0249587831072623,2.44827728296497,0.257142857,0,NaN,NaN,0.0435108587359946,2.71271800902857,0.902361136178571,3.722615874,2.82025118674286,0.0208405380966429,1.13636126973333,2.88653804191107,0.0211025460638151,1.06182721755551
-5.02298212076895,NaN,4.38243402058579,0.894444444,0,-151.04035949707,NaN,5.02886087133677,3.08062769434839,5.52076774586942,4.48707141522581,-1.03368728357419,-9999,2.75530403831418,-0.960942875996518,0.274665038388385,2.56338007043157
-13.4722530906858,NaN,6.39779717668021,1.233333333,0,-213.331390380859,NaN,12.998193717672,6.92652789288,13.901073521328,8.265502368,-5.63557105584,-9999,4.25904870470989,-6.10233712049311,0.53712311085363,4.17334236997745
-5.37614421870595,NaN,5.67536356486184,1.033333333,0,-230.280319213867,NaN,9.59336200242581,7.09103549705806,9.98537256925548,7.86692529754839,-2.11842576023226,-9999,4.40176741484026,-2.10553504844632,0.668539466748976,4.38338422623172
-4.55508791329769,NaN,5.51414627729311,1.366666667,0,-247.433944702148,NaN,9.367486396416,7.00843912056,10.1188370845224,7.9541545032,-2.1646846008,-9999,4.42207782481162,-1.8878225959674,0.658140051343443,4.46208986198576
-6.42314395554448,NaN,5.50273114434703,2.222222222,0,NaN,NaN,11.6167218754065,8.21708798818064,11.8582823303768,8.30058035922581,-3.5577046152,-9999,4.38232194437344,-3.47591941388873,0.64437017543052,4.47247140300992
-5.95648169272686,NaN,4.99738441076538,1.4,0,-385.696228027344,NaN,9.50331409966451,7.01731105083871,9.38371776852774,7.00160813651613,-2.38211399984516,-9999,3.58511746150232,-2.19206384225108,0.524566295294232,3.59622353406464
-1.23885139120647,NaN,4.01647016894339,0.938888889,0,-455.877563476562,NaN,5.25004519464,5.85189294408,6.1362979458048,7.3097133336,1.17340699032,-9999,2.69988653576514,1.12916644122182,0.347479931262647,2.74365422311639
-9.45940002932938,NaN,4.71281466761542,0.888888889,0,-422.230987548828,NaN,6.38771288286194,4.7370895443871,7.02419576945342,5.90243098064516,-1.12177693974194,-9999,2.72441029386509,-1.21533522188665,0.245833745202849,2.72536341037023
-3.26862872912363,NaN,2.74257875418971,0.533333333,0,-422.778472900391,NaN,2.500375226184,2.34770575392,3.5334578598768,5.0793383952,1.54587636864,-9999,1.42579573322795,1.64121561706257,0.198455175911513,1.3465875187852
0.990152038743515,NaN,1.96218365464164,0.583333333,0,NaN,NaN,1.03286625266323,2.54787514513548,1.91080307050839,4.26380935587097,2.35300814686452,-9999,1.26720451931538,2.33074643955216,0.240006340536933,0.941887667848547
NaN,NaN,NaN,0.7,0,-242.040252685547,854.1082725,NaN,NaN,NaN,NaN,NaN,NaN,NaN,NaN,NaN,NaN
NaN,NaN,NaN,1.1,0,-189.111099243164,854.1082725,NaN,NaN,NaN,NaN,NaN,NaN,NaN,NaN,NaN,NaN
NaN,NaN,NaN,0.877777778,0,-219.440139770508,854.1082725,NaN,NaN,NaN,NaN,NaN,NaN,NaN,NaN,NaN,NaN
NaN,NaN,NaN,1.016666667,0,-194.107727050781,854.1082725,NaN,NaN,NaN,NaN,NaN,NaN,NaN,NaN,NaN,NaN
NaN,NaN,NaN,1.088888889,0,-207.362335205078,854.1082725,NaN,NaN,NaN,NaN,NaN,NaN,NaN,NaN,NaN,NaN
NaN,NaN,NaN,1.377777778,0,NaN,854.1082725,NaN,NaN,NaN,NaN,NaN,NaN,NaN,NaN,NaN,NaN
NaN,NaN,NaN,2.0625,0,-386.472320556641,854.1082725,NaN,NaN,NaN,NaN,NaN,NaN,NaN,NaN,NaN,NaN
NaN,NaN,NaN,1.316666667,0,-426.294128417969,854.1082725,NaN,NaN,NaN,NaN,NaN,NaN,NaN,NaN,NaN,NaN
NaN,NaN,NaN,0.816666667,0,-470.754089355469,854.1082725,NaN,NaN,NaN,NaN,NaN,NaN,NaN,NaN,NaN,NaN
NaN,NaN,NaN,0.877777778,0,NaN,854.1082725,NaN,NaN,NaN,NaN,NaN,NaN,NaN,NaN,NaN,NaN
NaN,NaN,NaN,0.527777778,0,NaN,854.1082725,NaN,NaN,NaN,NaN,NaN,NaN,NaN,NaN,NaN,NaN
NaN,NaN,NaN,0.407142857,0,-317.595794677734,854.1082725,NaN,NaN,NaN,NaN,NaN,NaN,NaN,NaN,NaN,NaN
NaN,NaN,NaN,0.608333333,0,-175.126098632812,NaN,NaN,NaN,NaN,NaN,NaN,NaN,NaN,NaN,NaN,NaN
NaN,NaN,NaN,0.8,0,-46.8145217895508,NaN,NaN,NaN,NaN,NaN,NaN,NaN,NaN,NaN,NaN,NaN
NaN,NaN,NaN,1.333333333,0,31.0837554931641,NaN,NaN,NaN,NaN,NaN,NaN,NaN,NaN,NaN,NaN,NaN
NaN,NaN,NaN,1.1,0,NaN,NaN,NaN,NaN,NaN,NaN,NaN,NaN,NaN,NaN,NaN,NaN
NaN,NaN,NaN,1.283333333,0,-83.4537506103516,NaN,NaN,NaN,NaN,NaN,NaN,NaN,NaN,NaN,NaN,NaN
NaN,NaN,NaN,1.438888889,0,-175.71760559082,NaN,NaN,NaN,NaN,NaN,NaN,NaN,NaN,NaN,NaN,NaN
NaN,NaN,NaN,2.027777778,0,-283.000305175781,NaN,NaN,NaN,NaN,NaN,NaN,NaN,NaN,NaN,NaN,NaN
NaN,NaN,NaN,1.605555556,0,-332.014038085938,NaN,NaN,NaN,NaN,NaN,NaN,NaN,NaN,NaN,NaN,NaN
NaN,NaN,NaN,0.894444444,0,NaN,NaN,NaN,NaN,NaN,NaN,NaN,NaN,NaN,NaN,NaN,NaN
NaN,NaN,NaN,1.022222222,0,NaN,NaN,NaN,NaN,NaN,NaN,NaN,NaN,NaN,NaN,NaN,NaN
NaN,NaN,NaN,1.121428571,0,-264.14697265625,NaN,NaN,NaN,NaN,NaN,NaN,NaN,NaN,NaN,NaN,NaN
NaN,NaN,NaN,0.488888889,0,-81.6236953735352,NaN,NaN,NaN,NaN,NaN,NaN,NaN,NaN,NaN,NaN,NaN
NaN,NaN,NaN,0.55,0,21.9442710876465,NaN,NaN,NaN,NaN,NaN,NaN,NaN,NaN,NaN,NaN,NaN
NaN,NaN,NaN,0.722222222,0,NaN,NaN,NaN,NaN,NaN,NaN,NaN,NaN,NaN,NaN,NaN,NaN
NaN,NaN,NaN,0.794444444,0,131.172546386719,NaN,NaN,NaN,NaN,NaN,NaN,NaN,NaN,NaN,NaN,NaN
NaN,NaN,NaN,1.2375,0,147.21142578125,NaN,NaN,NaN,NaN,NaN,NaN,NaN,NaN,NaN,NaN,NaN
NaN,NaN,NaN,1.222222222,0,138.038101196289,NaN,NaN,NaN,NaN,NaN,NaN,NaN,NaN,NaN,NaN,NaN
NaN,NaN,NaN,1.111111111,0,45.7129859924316,NaN,NaN,NaN,NaN,NaN,NaN,NaN,NaN,NaN,NaN,NaN
NaN,NaN,NaN,2.016666667,0,NaN,NaN,NaN,NaN,NaN,NaN,NaN,NaN,NaN,NaN,NaN,NaN
NaN,NaN,NaN,1.855555556,0,NaN,NaN,NaN,NaN,NaN,NaN,NaN,NaN,NaN,NaN,NaN,NaN
NaN,NaN,NaN,0.844444444,0,NaN,NaN,NaN,NaN,NaN,NaN,NaN,NaN,NaN,NaN,NaN,NaN
NaN,NaN,NaN,0.688888889,0,NaN,NaN,NaN,NaN,NaN,NaN,NaN,NaN,NaN,NaN,NaN,NaN
NaN,NaN,NaN,0.427777778,0,NaN,NaN,NaN,NaN,NaN,NaN,NaN,NaN,NaN,NaN,NaN,NaN
NaN,NaN,NaN,0.3875,0,NaN,NaN,NaN,NaN,NaN,NaN,NaN,NaN,NaN,NaN,NaN,NaN
