NBE,CH4,ET,LAI,SCF,EWT,ABGB,GPP_DT,ER_DT,GPP_NT,ER_NT,NBE_F,CH4_F,ET_F,NBE_ANN,CH4_ANN,ET_ANN
NaN,NaN,NaN,0.194444444,0,-30.7900791168213,NaN,NaN,NaN,NaN,NaN,NaN,NaN,NaN,NaN,NaN,NaN
NaN,NaN,NaN,0.633333333,0,109.240715026855,NaN,NaN,NaN,NaN,NaN,NaN,NaN,NaN,NaN,NaN,NaN
NaN,NaN,NaN,1.033333333,0,151.753753662109,NaN,NaN,NaN,NaN,NaN,NaN,NaN,NaN,NaN,NaN,NaN
NaN,NaN,NaN,1.322222222,0,40.5643157958984,NaN,NaN,NaN,NaN,NaN,NaN,NaN,NaN,NaN,NaN,NaN
NaN,NaN,NaN,1.15,0,-44.3486480712891,NaN,NaN,NaN,NaN,NaN,NaN,NaN,NaN,NaN,NaN,NaN
NaN,NaN,NaN,1.25,0,-64.771842956543,NaN,NaN,NaN,NaN,NaN,NaN,NaN,NaN,NaN,NaN,NaN
NaN,NaN,NaN,1.677777778,0,-147.722595214844,NaN,NaN,NaN,NaN,NaN,NaN,NaN,NaN,NaN,NaN,NaN
NaN,NaN,NaN,1.894444444,0,-160.811981201172,NaN,NaN,NaN,NaN,NaN,NaN,NaN,NaN,NaN,NaN,NaN
NaN,NaN,NaN,1.361111111,0,-203.728363037109,NaN,NaN,NaN,NaN,NaN,NaN,NaN,NaN,NaN,NaN,NaN
NaN,NaN,NaN,0.9,0,-214.5029296875,NaN,NaN,NaN,NaN,NaN,NaN,NaN,NaN,NaN,NaN,NaN
NaN,NaN,NaN,0.627777778,0,-213.876174926758,NaN,NaN,NaN,NaN,NaN,NaN,NaN,NaN,NaN,NaN,NaN
NaN,NaN,NaN,0.588888889,0,-212.849411010742,NaN,NaN,NaN,NaN,NaN,NaN,NaN,NaN,NaN,NaN,NaN
NaN,NaN,NaN,0.516666667,0,-124.518516540527,NaN,NaN,NaN,NaN,NaN,NaN,NaN,NaN,NaN,NaN,NaN
NaN,NaN,NaN,0.89,0,-59.1246871948242,NaN,NaN,NaN,NaN,NaN,NaN,NaN,NaN,NaN,NaN,NaN
NaN,NaN,NaN,1.566666667,0,29.9695224761963,NaN,NaN,NaN,NaN,NaN,NaN,NaN,NaN,NaN,NaN,NaN
NaN,NaN,NaN,2.166666667,0,-13.4775810241699,NaN,NaN,NaN,NaN,NaN,NaN,NaN,NaN,NaN,NaN,NaN
NaN,NaN,NaN,0.955555556,0,-37.2346076965332,NaN,NaN,NaN,NaN,NaN,NaN,NaN,NaN,NaN,NaN,NaN
NaN,NaN,NaN,0.777777778,0,-100.291526794434,NaN,NaN,NaN,NaN,NaN,NaN,NaN,NaN,NaN,NaN,NaN
NaN,NaN,NaN,0.983333333,0,-123.594528198242,NaN,NaN,NaN,NaN,NaN,NaN,NaN,NaN,NaN,NaN,NaN
NaN,NaN,NaN,1.25,0,-192.479370117188,NaN,NaN,NaN,NaN,NaN,NaN,NaN,NaN,NaN,NaN,NaN
NaN,NaN,NaN,1.144444444,0,-226.063858032227,NaN,NaN,NaN,NaN,NaN,NaN,NaN,NaN,NaN,NaN,NaN
NaN,NaN,NaN,0.822222222,0,-243.810195922852,NaN,NaN,NaN,NaN,NaN,NaN,NaN,NaN,NaN,NaN,NaN
NaN,NaN,NaN,0.711111111,0,-262.068206787109,NaN,NaN,NaN,NaN,NaN,NaN,NaN,NaN,NaN,NaN,NaN
NaN,NaN,NaN,0.59375,0,-181.495483398438,NaN,NaN,NaN,NaN,NaN,NaN,NaN,NaN,NaN,NaN,NaN
NaN,NaN,NaN,0.588888889,0,-79.198112487793,NaN,NaN,NaN,NaN,NaN,NaN,NaN,NaN,NaN,NaN,NaN
NaN,NaN,NaN,1.255555556,0,51.9855346679688,NaN,NaN,NaN,NaN,NaN,NaN,NaN,NaN,NaN,NaN,NaN
NaN,NaN,NaN,1.625,0,55.4007301330566,NaN,NaN,NaN,NaN,NaN,NaN,NaN,NaN,NaN,NaN,NaN
NaN,NaN,NaN,1.727777778,0,91.7578506469727,NaN,NaN,NaN,NaN,NaN,NaN,NaN,NaN,NaN,NaN,NaN
NaN,NaN,NaN,0.905555556,0,91.4890747070312,NaN,NaN,NaN,NaN,NaN,NaN,NaN,NaN,NaN,NaN,NaN
NaN,NaN,NaN,0.766666667,0,21.3575954437256,NaN,NaN,NaN,NaN,NaN,NaN,NaN,NaN,NaN,NaN,NaN
NaN,NaN,NaN,1.288888889,0,-60.6796607971191,NaN,NaN,NaN,NaN,NaN,NaN,NaN,NaN,NaN,NaN,NaN
NaN,NaN,NaN,1.9,0,-165.880920410156,NaN,NaN,NaN,NaN,NaN,NaN,NaN,NaN,NaN,NaN,NaN
NaN,NaN,NaN,1.5,0,-213.261901855469,NaN,NaN,NaN,NaN,NaN,NaN,NaN,NaN,NaN,NaN,NaN
NaN,NaN,NaN,0.905555556,0,-227.984008789062,NaN,NaN,NaN,NaN,NaN,NaN,NaN,NaN,NaN,NaN,NaN
NaN,NaN,NaN,0.455555556,0,-103.311416625977,NaN,NaN,NaN,NaN,NaN,NaN,NaN,NaN,NaN,NaN,NaN
NaN,NaN,NaN,0.366666667,0,2.00886821746826,NaN,NaN,NaN,NaN,NaN,NaN,NaN,NaN,NaN,NaN,NaN
NaN,NaN,NaN,0.622222222,0,NaN,NaN,NaN,NaN,NaN,NaN,NaN,NaN,NaN,NaN,NaN,NaN
NaN,NaN,NaN,0.855555556,0,70.7842025756836,NaN,NaN,NaN,NaN,NaN,NaN,NaN,NaN,NaN,NaN,NaN
NaN,NaN,NaN,1.088888889,0,232.273132324219,NaN,NaN,NaN,NaN,NaN,NaN,NaN,NaN,NaN,NaN,NaN
NaN,NaN,NaN,1.211111111,0,227.480484008789,NaN,NaN,NaN,NaN,NaN,NaN,NaN,NaN,NaN,NaN,NaN
NaN,NaN,NaN,0.761111111,0,186.236572265625,NaN,NaN,NaN,NaN,NaN,NaN,NaN,NaN,NaN,NaN,NaN
NaN,NaN,NaN,0.866666667,0,NaN,NaN,NaN,NaN,NaN,NaN,NaN,NaN,NaN,NaN,NaN,NaN
NaN,NaN,NaN,1.388888889,0,67.2799758911133,NaN,NaN,NaN,NaN,NaN,NaN,NaN,NaN,NaN,NaN,NaN
NaN,NaN,NaN,1.866666667,0,-60.374683380127,NaN,NaN,NaN,NaN,NaN,NaN,NaN,NaN,NaN,NaN,NaN
NaN,NaN,NaN,1.4,0,-106.709976196289,NaN,NaN,NaN,NaN,NaN,NaN,NaN,NaN,NaN,NaN,NaN
NaN,NaN,NaN,1.011111111,0,-109.216506958008,NaN,NaN,NaN,NaN,NaN,NaN,NaN,NaN,NaN,NaN,NaN
NaN,NaN,NaN,0.372222222,0,-124.929214477539,NaN,NaN,NaN,NaN,NaN,NaN,NaN,NaN,NaN,NaN,NaN
NaN,NaN,NaN,0.277777778,0,-149.096176147461,NaN,NaN,NaN,NaN,NaN,NaN,NaN,NaN,NaN,NaN,NaN
NaN,NaN,NaN,0.277777778,0,-162.887268066406,NaN,NaN,NaN,NaN,NaN,NaN,NaN,NaN,NaN,NaN,NaN
NaN,NaN,NaN,0.466666667,0,-104.543273925781,NaN,NaN,NaN,NaN,NaN,NaN,NaN,NaN,NaN,NaN,NaN
NaN,NaN,NaN,0.371428571,0,-22.2376403808594,NaN,NaN,NaN,NaN,NaN,NaN,NaN,NaN,NaN,NaN,NaN
NaN,NaN,NaN,0.727777778,0,84.5485382080078,NaN,NaN,NaN,NaN,NaN,NaN,NaN,NaN,NaN,NaN,NaN
NaN,NaN,NaN,0.666666667,0,NaN,NaN,NaN,NaN,NaN,NaN,NaN,NaN,NaN,NaN,NaN,NaN
NaN,NaN,NaN,0.611111111,0,-44.1242370605469,NaN,NaN,NaN,NaN,NaN,NaN,NaN,NaN,NaN,NaN,NaN
NaN,NaN,NaN,1.305555556,0,-94.6252365112305,NaN,NaN,NaN,NaN,NaN,NaN,NaN,NaN,NaN,NaN,NaN
NaN,NaN,NaN,1.811111111,0,-181.766845703125,NaN,NaN,NaN,NaN,NaN,NaN,NaN,NaN,NaN,NaN,NaN
NaN,NaN,NaN,1.138888889,0,-200.122756958008,NaN,NaN,NaN,NaN,NaN,NaN,NaN,NaN,NaN,NaN,NaN
NaN,NaN,NaN,0.844444444,0,NaN,NaN,NaN,NaN,NaN,NaN,NaN,NaN,NaN,NaN,NaN,NaN
NaN,NaN,NaN,0.372222222,0,-230.714721679688,NaN,NaN,NaN,NaN,NaN,NaN,NaN,NaN,NaN,NaN,NaN
NaN,NaN,NaN,0.242857143,0,-57.5812530517578,NaN,NaN,NaN,NaN,NaN,NaN,NaN,NaN,NaN,NaN,NaN
NaN,NaN,NaN,0.285714286,0,89.1133117675781,NaN,0.00590088861948651,0.835841153702347,-9999,2.34269620085106,-9999,-9999,-9999,1.08485560535905,-0.00456024464487046,0.240755663953846
NaN,NaN,NaN,0.422222222,0,44.4472427368164,NaN,0.00844420585345714,0.969907288628571,-9999,2.60370295714286,-9999,-9999,-9999,1.11990353990964,-0.00467135546614652,0.75887705289686
NaN,NaN,NaN,0.716666667,0,NaN,NaN,0.0100685736671226,1.2661029783871,-9999,3.1402270916129,-9999,-9999,-9999,0.977098855835101,0.00154862349849294,1.36269258402457
NaN,NaN,NaN,1.166666667,0,-36.7517318725586,NaN,0.009308550763152,1.5747169284,-9999,3.647391768,-9999,-9999,-9999,0.934585721066124,0.0162191316484269,2.79712999703787
NaN,NaN,NaN,0.738888889,0,-132.072692871094,NaN,0.00926620559569393,1.76152891891355,-9999,3.94709634580645,-9999,-9999,-9999,2.54038651887094,0.0177953192613504,3.18419508629018
NaN,NaN,NaN,0.7,0,-149.823959350586,NaN,0.00731831008829832,2.027028131784,-9999,4.349304216,-9999,-9999,-9999,3.37003022276611,0.0172507131620292,3.27460053741073
NaN,NaN,NaN,0.961111111,0,-191.813232421875,NaN,0.00660154078867854,2.14154539102452,-9999,4.52159851354839,-9999,-9999,-9999,3.26551737513165,-0.00364204034805719,3.57408823449924
NaN,NaN,NaN,0.933333333,0,NaN,NaN,0.0084379228465471,1.98654909041032,-9999,4.2953389316129,-9999,-9999,-9999,2.79090621134716,-0.0145491712678244,3.01696886377641
NaN,NaN,NaN,0.7,0,NaN,NaN,0.007585042662792,1.857837011832,-9999,4.102801776,-9999,-9999,-9999,3.06616951994726,0.00389102095648577,2.61027253848907
NaN,NaN,NaN,0.4,0,-327.03662109375,NaN,0.00680194061210323,1.51310680964129,-9999,3.54828209806452,-9999,-9999,-9999,2.83150083991758,0.0158849529380309,2.05331825845832
NaN,NaN,NaN,0.316666667,0,-339.323181152344,NaN,0.007001441711064,1.235433942,-9999,3.087943776,-9999,-9999,-9999,1.79574481808368,0.0162423742142098,1.27227783098635
1.15203351365979,0.0130717132324831,1.47547854780335,0.15,0,-285.117858886719,NaN,0.0445718021471529,0.82178268336,0.0562530143589678,1.21956463741935,1.16331237680284,0.0241749525428129,0.899248807370838,1.23566248599843,0.0157451658366531,0.818182145017612
0.807244657553985,0.0123160661032585,1.37883762391377,0.15,0,-306.942047119141,NaN,0.211536850793806,0.941532517579355,0.228840766871226,1.69719743148387,1.46835677566452,0.0248871221091871,0.690416817114613,1.17448658584315,0.0140724078598268,0.873017427695043
1.08793756933035,0.0106184007830334,1.60169864767462,0.257142857,0,NaN,NaN,0.168149021226686,1.02116235808286,0.444164166012857,1.79668296257143,1.35251883,0.0132254057440286,1.17390644146336,1.35143292533099,0.0145146366675291,1.21900980606831
1.34162249970063,0.0171181024308085,2.95029196962048,0.464285714,0,-151.04035949707,NaN,0.0764600871188903,0.845558854095484,0.621739047058839,2.15227514322581,1.53053398242581,0.0200038904319484,2.97728486010177,1.53491709086324,0.0197568337930392,2.846728432086
0.840827156245409,0.0392937023780096,4.3389346818601,0.633333333,0,-213.331390380859,NaN,0.307221660205845,0.86359499856,0.9481012213464,1.8064511784,0.85835058048,0.043684534224,4.29196017529877,0.786280654347027,0.0385696591504903,4.18745782826062
1.12165003565283,0.047079580024686,6.22452689669149,0.733333333,0,-230.280319213867,NaN,0.613799152853899,1.7702285600671,1.34926638051948,2.4529971716129,1.10372999899355,0.0465247126846452,6.05113040814046,1.09941965212559,0.0456928909874176,6.06645757100153
2.38391419955394,0.0536676172965582,6.29537692824487,0.85,0,-247.433944702148,NaN,0.967081267152,3.072983006592,0.9953152595496,3.43443528,2.43911961432,0.0540117499464,5.9377110714199,2.42275470791726,0.0525800626021645,5.9833666241588
0.750995820166979,0.05758582152614,5.86393981379852,1.011111111,0,NaN,NaN,2.48362204389677,3.15655477757419,2.88527411482839,3.83285220387097,0.947581202787097,0.0566072613754839,5.62022144460458,0.967964187748259,0.0559987807522936,5.62862562355081
-1.11606929824552,0.0655021771782369,5.71278695613317,1.266666667,0,-385.696228027344,NaN,5.12208331056,3.95448318041806,5.54634366807716,4.82458547612903,-0.721753907225806,0.0652317331424516,5.54108892484822,-0.721520280722589,0.0644853246531361,5.52349396871192
-0.871098963375284,0.0725704925747128,4.31826029469363,1.133333333,0,-455.877563476562,NaN,3.675769572528,2.390331995496,4.477909438944,4.168426824,-0.30948456744,0.071735955336,4.30705046414434,-0.352298737010194,0.0710343367235946,4.34416946075379
-1.56599451238863,0.0659092179069982,3.05870190812448,0.794444444,0,-422.230987548828,NaN,2.48719865892387,1.54740302444903,2.97470534282245,2.78214173419355,-0.192561851148387,0.0693558392864516,2.71883028895524,-0.197741515128975,0.0654817574567727,2.68777125715616
-2.01944073677859,0.0399642638315877,1.76145268465649,0.544444444,0,-422.778472900391,NaN,1.762860751848,1.167799820184,1.953228260952,1.6208186688,-0.33240762072,0.0396584956656,1.33590936471638,-0.162301499770315,0.0421293239769581,1.18454191671981
0.581807821123259,0.0620904376075364,1.23959531022339,0.427777778,0,NaN,NaN,0.500212425219097,1.05400813930839,0.659498780736,1.68421910632258,1.02472202206452,0.0691363328887742,1.13071100457362,1.0128970533698,0.0481320708518426,0.790222525190849
1.55063418622753,0.0510280853828928,1.08486719451371,0.4,0,-242.040252685547,1136.60625,0.281058168913548,1.13674193298581,0.430446608832774,1.82137544825806,1.390925844,0.0495530534554839,0.884367842627542,1.29767985900483,0.0394618952423525,0.852877517005825
1.09052325048726,0.0493543533519489,1.81546234128653,0.6,0,-189.111099243164,1136.60625,0.1354983484122,0.846164371397143,0.369685148973429,1.675084104,1.30539830271429,0.0482026087388571,1.5202342867898,1.33695813933602,0.0462969492925461,1.32399682481271
0.132463051819159,0.0622201275617485,3.43832748363262,0.672222222,0,-219.440139770508,1136.60625,0.966080961058064,1.00672790202581,1.70939485850632,2.51351312516129,0.80411768036129,0.0571663066445419,2.95867170072923,0.805412537624832,0.0568941610408531,2.81980313734718
-2.0544245195274,0.0520253571399919,5.16538906366356,0.905555556,0,-194.107727050781,1136.60625,3.889931338584,2.17934431272,4.4262055610712,3.115099368,-1.31111079264,0.0505795030704,4.85787808919926,-1.34059916386887,0.0516626745957241,4.78325512549549
-4.02395273625162,0.0633946802343139,5.59637945820348,0.994444444,0,-207.362335205078,1136.60625,5.748284664,2.26782338585806,5.69478871581677,2.30638506735484,-3.38840515927742,0.0627215934356129,5.39238224176602,-3.53312058260997,0.0623022659994685,5.35965829451434
-3.70162682715902,0.0905919357603866,7.60300542372097,1.261111111,0,NaN,1136.60625,6.7354927164,3.824333353656,6.8422523055552,3.288255696,-3.554010513144,0.08970852204,7.13761676642212,-3.41779472303662,0.089188702380722,7.19599109566981
-5.52806751742846,0.13537565718812,7.81280607311288,1.477777778,0,-386.472320556641,1136.60625,7.64614201412903,4.11265824649548,7.84849603408258,4.45755764903226,-3.3909317252129,0.130288753695484,6.64460783762266,-3.29804242377362,0.129178053910424,6.76059159843245
-11.4144091796498,0.140250531837939,8.84414788767694,1.572222222,0,-426.294128417969,1136.60625,9.24529718531613,4.77706450705548,9.29523317290839,4.14230488258065,-5.15293458059613,0.133353507112258,5.87314107890289,-4.45213227801299,0.129528936755772,6.12344061175947
-10.4058981980508,0.121426270988775,7.14111143243546,1.277777778,0,-470.754089355469,1136.60625,7.01935241256,3.934391011488,7.8840345162168,3.932902872,-3.95113356324,0.093527602632,4.23436733437688,-3.40727353836721,0.112357968548607,4.75179796837064
-9.15914558733242,0.109343547972531,5.81375948267567,1.266666667,0,NaN,1136.60625,4.98234873855484,2.05716257907097,6.29414398179871,3.57944476645161,-2.71470432721006,0.0814066481636129,2.59883321187385,-2.48449510414026,0.0974313848826918,2.9055459475228
-3.78148498230423,0.0617249942969004,2.62530588826241,0.811111111,0,NaN,1136.60625,1.802941511256,0.470994314544,3.2431227401016,2.3111584704,-0.93196354608,0.0440445851136,1.36695989203009,-0.409219002128392,0.0549791413901102,1.38630403512899
0.608436257762281,0.0367054633885965,1.37168467409875,0.366666667,0,-317.595794677734,1136.60625,0.216813438699097,0.835586929393548,0.923723208952258,1.98961115225806,1.06589296126452,0.0299439177073548,0.784315621886522,1.11665333550603,0.0357860661498083,0.793388657001984
0.685162170664763,0.0441063096954369,1.17827795960686,0.233333333,0,-175.126098632812,NaN,0.229407127894452,0.863051448541935,1.31833600258064,2.07602324129032,0.757689315445161,0.0363474980012903,0.587484070765893,1.14823903702961,0.0418453046790315,0.673714230722408
1.27641258250523,0.05370426564554,1.88511214341234,0.625,0,-46.8145217895508,NaN,0.152337743414069,0.890473327646896,1.02384463558345,2.29741175172414,1.2735697310069,0.0622533680359448,1.2258134696237,1.28277820659201,0.0512257430173735,1.14317833450814
0.232166450468108,0.0835619431903727,2.57929710819787,0.805555556,0,31.0837554931641,NaN,1.03525119123097,1.45319024668645,1.33450533629419,1.94779278253858,0.613289028611613,0.0743547463432258,2.05699703578854,0.871887259995809,0.073226193172716,1.95327250912843
-2.54145154519655,0.0850770492060469,4.8820702353864,1.011111111,0,NaN,NaN,4.303388450304,2.583570572352,5.0043593708352,3.82297752,-1.181375330904,0.084293279064,4.01423532336441,-1.26230850240311,0.0784831771261447,3.69815109288916
-4.83199901715877,0.0880253635812901,5.53229652474019,1.244444444,0,-83.4537506103516,NaN,7.83120800494452,3.4755219510271,7.84132627960335,3.72083996903226,-4.12048254632516,0.0861444736722581,5.11593178078951,-4.10833903398707,0.08648207392491,5.1272641556328
-6.3536610832522,0.127171730965635,7.56048763373075,1.261111111,0,-175.71760559082,NaN,8.72120034864,2.82243689316,9.822049930224,4.71239316,-5.10965936712,0.124087803912,6.98048637124924,-5.11353398951809,0.122755698489438,6.97032765401539
-6.09995025849663,0.160158196119148,7.44514386636464,1.427777778,0,-283.000305175781,NaN,8.31927365489032,3.13420368739355,9.23351335372103,4.61403668903226,-4.61947850663226,0.155405327690323,6.69592107324952,-4.58507434497577,0.155082745058311,6.68740406683497
-5.87763555924358,0.141785737518918,6.32505880235027,1.433333333,0,-332.014038085938,NaN,8.18357756520774,2.65150454518452,8.92111396004129,4.08789476129032,-4.83321275763097,0.139605388954839,5.73981753810419,-4.82921393967012,0.140113108230401,5.71725924602659
-5.78498169391815,0.142391713373422,5.39865174113357,1.283333333,0,NaN,NaN,5.25908542392,0.700534395864,6.8950314674712,3.745327824,-3.14970435576,0.1294395960528,4.2531618176937,-3.13466774427514,0.129565229135591,4.2018227119371
-2.53069636778871,0.111639110159922,3.38931477007712,1.161111111,0,NaN,NaN,2.4913241446529,1.02592237810065,3.3016940705729,2.98813104,-0.313564493032258,0.0972065172774194,2.15965480627791,-0.483134565793758,0.0992982965538013,2.03594831873435
-0.33590136532942,0.0835916371816412,1.96928823483095,0.85625,0,-264.14697265625,NaN,0.474822301392,0.575358550776,1.1860420097448,2.1258592488,0.93981872664,0.070056751464,1.17906538578755,0.976678471775796,0.0757329562747062,0.992005577454455
0.70983756023039,0.0489522740713347,1.21233140582969,0.411111111,0,-81.6236953735352,NaN,0.30970438467329,0.723062852872258,0.44335897998271,1.4270959323871,0.983736610211613,0.0430578819778065,0.875149885433345,1.07306442402304,0.0429416573860637,0.773865360553205
0.294657361878263,0.0463200737671388,1.53028811098746,0.333333333,0,21.9442710876465,NaN,0.206149656827613,0.464150304627097,0.392422971532645,1.01606420206452,0.623641579664516,0.0427072234738065,0.880002636614852,0.943913861902061,0.0442526120591726,0.773662369454321
1.20112587876509,0.0714746692201926,1.61177079311676,0.5375,0,NaN,NaN,0.621988580214,2.16338499840857,0.5931778972824,1.96575876,1.37257871752286,0.0665779835478857,1.13542567172893,1.11362664152432,0.0636517757971557,1.02105760275068
1.63725296249244,0.0633321811538567,2.27884720121097,0.585714286,0,131.172546386719,NaN,0.69461424467489,2.59786644175742,0.451670336710142,2.01972602554839,1.56805425824516,0.0548832609708387,1.78429207629193,1.38268562321805,0.0567895529018585,1.75177005650354
0.80310790483958,0.0849399579762761,3.17294888008465,0.922222222,0,147.21142578125,NaN,1.234967964732,1.835563134456,2.194857732384,3.471313752,1.276454553984,0.08085864528,2.63597914513369,1.14218836767749,0.0788670872262432,2.5617582784269
-2.16276714907384,0.109874794375222,4.51242189610289,1.016666667,0,138.038101196289,NaN,3.68849557858064,1.17728831369032,5.30924757589161,3.54022292903226,-1.76902195633548,0.107768365710968,4.24262586745792,-1.67843958051519,0.108241906371864,4.2410594445217
-4.30871296614062,0.203364855603492,6.44637087179784,1.161111111,0,45.7129859924316,NaN,6.35081321808,1.39980506436,8.9962873678944,5.38184556,-3.61444301136,0.20123899416,6.14181685234942,-3.62963789493806,0.200539119346669,6.11384070749375
-7.55448238216569,0.23837415450562,7.61429561140323,1.35,0,NaN,NaN,8.98421003303226,2.04393381034064,11.3049452588799,5.64118992,-5.66375432376774,0.232349028851613,6.9288104089609,-5.57744054117581,0.232941838210447,6.94548221968192
-6.97353134558099,0.253500461609383,6.01642079343947,1.6,0,NaN,NaN,8.82272519818839,1.65549679645935,10.8325197312387,5.12528513806452,-5.70723182663226,0.249528017496774,5.63394295914208,-5.79916870551547,0.249774475998898,5.63637049370486
-6.59580547289383,0.26787825372033,5.1949647320831,1.277777778,0,NaN,NaN,6.595214746104,1.210599332064,8.449148536416,4.794865488,-3.65428740024,0.258461918568,4.22258430594713,-3.78971196197724,0.253173330787605,4.18178422582214
-4.96382133870236,0.145041851694762,4.43378719894186,1.011111111,0,NaN,NaN,3.93605943094452,1.72745604573677,4.42368994811342,2.94253371870968,-1.48114384188387,0.121138739275355,2.80916510623509,-1.19167597799658,0.124713944103691,2.65674828860421
-0.455331956346612,0.128134845182253,1.61305093163644,0.655555556,0,NaN,NaN,1.0583322971904,1.123794787176,1.9206457577208,2.743210296,0.82256656428,0.110113115688,0.918786193680855,0.902262134991409,0.107693372222579,0.869316391197224
0.643915459666163,0.0569124588239486,1.00264690528417,0.471428571,0,NaN,NaN,0.145541399818065,0.529140980996129,0.41964526640671,1.68309261058065,1.26344935205419,0.0587700452113548,0.925437069304263,1.18974092575128,0.0528365591572276,0.672037777865874
0.43563427031791,0.0705496096440115,1.21493828346781,0.288888889,0,NaN,NaN,0.255084132015801,0.844937419935484,0.592875900826142,1.74599762864516,1.15312104966194,0.0541077422910968,0.815529947238731,1.00830313317002,0.0586601212118233,0.645031220721912
0.0875973521629791,0.0775824401646683,1.60019012086719,0.566666667,0,NaN,NaN,0.391480493124857,0.560796585377143,0.574330534968857,1.121542146,0.547212993454286,0.0644510465691429,1.14621740001773,0.712989773432236,0.0646714997718193,1.08026381024709
0.000868784815814584,0.0862701624332005,2.31181673745274,0.661111111,0,NaN,NaN,0.602446706756129,0.723076647050323,1.04080893325084,1.77998755587097,0.739177728805161,0.0798949042699355,1.65731809052678,0.866486859387654,0.0768564317711214,1.34715616738777
0.145492929427451,0.136349707445539,2.64368732043749,0.916666667,0,NaN,NaN,1.7359336938744,2.30831986896,2.0417960899296,2.763383832,0.721587054528,0.132546201912,2.29624216869747,0.803242296607159,0.131616949580129,2.22244246007937
-2.37713391345014,0.170764374691755,4.11662977295385,1,0,NaN,NaN,5.45113562699613,3.63772988293935,5.81805357092129,4.15755810580645,-1.66048918676129,0.183982460748387,3.79807459403493,-1.65820087348265,0.188496425477648,3.7802497604224
-7.3065328535004,0.227690731452238,7.86939112503599,1.183333333,0,-113.939468383789,NaN,9.640197694728,4.32435269376,10.7911087272432,6.169508928,-4.62160018368,0.217434210192,6.4904995807401,-4.6729905178989,0.217413713804728,6.46185726932342
-7.11762297559858,0.221733771846404,8.13937843585016,1.3,0,-190.317016601562,NaN,12.7808612856,7.09267750285935,13.1371069507014,7.57977793548387,-5.5573434288,0.218686094477419,7.39036886729177,-5.62439866090757,0.217518805494732,7.38593278129518
-7.93669105030019,0.0884257162294188,6.35771768410712,1.571428571,0,NaN,NaN,10.896802030591,5.96903725584,10.9735394675063,6.06523993548387,-4.90830483251613,0.0826497510387097,5.04196464255011,-4.98290231909179,0.0818169865120549,5.0604092486939
-8.0916656337263,0.0691440920341675,5.98206338540039,1.233333333,0,NaN,NaN,8.02706107608,2.999196469296,8.7986772823464,4.579574544,-4.21909288056,0.063446257656,4.34309699595312,-4.22487624629052,0.0641416007824213,4.31629128490355
-6.49410931701963,0.0671760190912991,4.53088924249448,0.966666667,0,-354.602203369141,NaN,5.76406587219097,3.02352235460129,6.03912989405729,3.59436521032258,-2.44476866276129,0.0592145460092903,2.93958420550822,-2.4545404816268,0.0609016661945016,2.91799386287205
-2.11396549834917,0.0432172322442941,2.74770412788704,0.55,0,-426.183959960938,NaN,1.444951135872,1.248830490528,2.1532623747048,2.803310496,0.65004890076,0.04148487542376,1.55859349482604,0.481588036884483,0.0369862883650174,1.22656146983017
1.01180303228726,0.0351786830747306,1.20200361261109,0.425,0,-287.434020996094,NaN,0.427577210756129,1.50202557520258,0.381686439326865,1.70888403483871,1.32719787569032,0.034853525214271,0.791414310028701,1.39792263145151,0.0285757727190589,0.719242654842493
NaN,NaN,NaN,0.4625,0,-92.6279754638672,NaN,NaN,NaN,NaN,NaN,NaN,NaN,NaN,NaN,NaN,NaN
NaN,NaN,NaN,0.466666667,0,49.0713500976562,NaN,NaN,NaN,NaN,NaN,NaN,NaN,NaN,NaN,NaN,NaN
NaN,NaN,NaN,0.711111111,0,201.285720825195,NaN,NaN,NaN,NaN,NaN,NaN,NaN,NaN,NaN,NaN,NaN
NaN,NaN,NaN,0.833333333,0,179.560882568359,NaN,NaN,NaN,NaN,NaN,NaN,NaN,NaN,NaN,NaN,NaN
NaN,NaN,NaN,0.875,0,77.4252166748047,NaN,NaN,NaN,NaN,NaN,NaN,NaN,NaN,NaN,NaN,NaN
NaN,NaN,NaN,1.005555556,0,17.354248046875,NaN,NaN,NaN,NaN,NaN,NaN,NaN,NaN,NaN,NaN,NaN
NaN,NaN,NaN,1.172222222,0,-33.3243713378906,NaN,NaN,NaN,NaN,NaN,NaN,NaN,NaN,NaN,NaN,NaN
NaN,NaN,NaN,1.327777778,0,-111.805419921875,NaN,NaN,NaN,NaN,NaN,NaN,NaN,NaN,NaN,NaN,NaN
NaN,NaN,NaN,1.122222222,0,-146.203628540039,NaN,NaN,NaN,NaN,NaN,NaN,NaN,NaN,NaN,NaN,NaN
NaN,NaN,NaN,0.9,0,-247.222412109375,NaN,NaN,NaN,NaN,NaN,NaN,NaN,NaN,NaN,NaN,NaN
NaN,NaN,NaN,0.572222222,0,-296.202209472656,NaN,NaN,NaN,NaN,NaN,NaN,NaN,NaN,NaN,NaN,NaN
NaN,NaN,NaN,0.35,0,-95.6725616455078,NaN,NaN,NaN,NaN,NaN,NaN,NaN,NaN,NaN,NaN,NaN
NaN,NaN,NaN,0.4125,0,-42.1211051940918,857.4986531,NaN,NaN,NaN,NaN,NaN,NaN,NaN,NaN,NaN,NaN
NaN,NaN,NaN,0.594444444,0,-89.9983901977539,857.4986531,NaN,NaN,NaN,NaN,NaN,NaN,NaN,NaN,NaN,NaN
NaN,NaN,NaN,0.683333333,0,-133.564041137695,857.4986531,NaN,NaN,NaN,NaN,NaN,NaN,NaN,NaN,NaN,NaN
NaN,NaN,NaN,0.822222222,0,-92.9328536987305,857.4986531,NaN,NaN,NaN,NaN,NaN,NaN,NaN,NaN,NaN,NaN
NaN,NaN,NaN,0.955555556,0,-135.11279296875,857.4986531,NaN,NaN,NaN,NaN,NaN,NaN,NaN,NaN,NaN,NaN
NaN,NaN,NaN,1.1,0,-175.862915039062,857.4986531,NaN,NaN,NaN,NaN,NaN,NaN,NaN,NaN,NaN,NaN
NaN,NaN,NaN,1.283333333,0,-202.472595214844,857.4986531,NaN,NaN,NaN,NaN,NaN,NaN,NaN,NaN,NaN,NaN
NaN,NaN,NaN,1.288888889,0,-287.59912109375,857.4986531,NaN,NaN,NaN,NaN,NaN,NaN,NaN,NaN,NaN,NaN
NaN,NaN,NaN,1.022222222,0,-394.002349853516,857.4986531,NaN,NaN,NaN,NaN,NaN,NaN,NaN,NaN,NaN,NaN
NaN,NaN,NaN,0.877777778,0,-383.342895507812,857.4986531,NaN,NaN,NaN,NaN,NaN,NaN,NaN,NaN,NaN,NaN
NaN,NaN,NaN,0.566666667,0,-360.947631835938,857.4986531,NaN,NaN,NaN,NaN,NaN,NaN,NaN,NaN,NaN,NaN
NaN,NaN,NaN,0.2875,0,-337.638366699219,857.4986531,NaN,NaN,NaN,NaN,NaN,NaN,NaN,NaN,NaN,NaN
NaN,NaN,NaN,0.271428571,0,-340.398712158203,NaN,NaN,NaN,NaN,NaN,NaN,NaN,NaN,NaN,NaN,NaN
NaN,NaN,NaN,0.305555556,0,-243.4716796875,NaN,NaN,NaN,NaN,NaN,NaN,NaN,NaN,NaN,NaN,NaN
NaN,NaN,NaN,0.566666667,0,-248.604095458984,NaN,NaN,NaN,NaN,NaN,NaN,NaN,NaN,NaN,NaN,NaN
NaN,NaN,NaN,0.761111111,0,NaN,NaN,NaN,NaN,NaN,NaN,NaN,NaN,NaN,NaN,NaN,NaN
NaN,NaN,NaN,0.783333333,0,NaN,NaN,NaN,NaN,NaN,NaN,NaN,NaN,NaN,NaN,NaN,NaN
NaN,NaN,NaN,1.105555556,0,NaN,NaN,NaN,NaN,NaN,NaN,NaN,NaN,NaN,NaN,NaN,NaN
NaN,NaN,NaN,1.466666667,0,NaN,NaN,NaN,NaN,NaN,NaN,NaN,NaN,NaN,NaN,NaN,NaN
NaN,NaN,NaN,1.7,0,NaN,NaN,NaN,NaN,NaN,NaN,NaN,NaN,NaN,NaN,NaN,NaN
NaN,NaN,NaN,1.38125,0,NaN,NaN,NaN,NaN,NaN,NaN,NaN,NaN,NaN,NaN,NaN,NaN
NaN,NaN,NaN,1.088888889,0,NaN,NaN,NaN,NaN,NaN,NaN,NaN,NaN,NaN,NaN,NaN,NaN
NaN,NaN,NaN,0.733333333,0,NaN,NaN,NaN,NaN,NaN,NaN,NaN,NaN,NaN,NaN,NaN,NaN
NaN,NaN,NaN,0.416666667,0,NaN,NaN,NaN,NaN,NaN,NaN,NaN,NaN,NaN,NaN,NaN,NaN
