NBE,CH4,ET,LAI,SCF,EWT,ABGB,GPP_DT,ER_DT,GPP_NT,ER_NT,NBE_F,CH4_F,ET_F,NBE_ANN,CH4_ANN,ET_ANN
NaN,NaN,NaN,0.338888889,0,134.027801513672,NaN,NaN,NaN,NaN,NaN,NaN,NaN,NaN,NaN,NaN,NaN
NaN,NaN,NaN,0.388888889,0,185.559661865234,NaN,NaN,NaN,NaN,NaN,NaN,NaN,NaN,NaN,NaN,NaN
NaN,NaN,NaN,0.883333333,0,200.475067138672,NaN,NaN,NaN,NaN,NaN,NaN,NaN,NaN,NaN,NaN,NaN
NaN,NaN,NaN,1.277777778,0,131.055480957031,NaN,NaN,NaN,NaN,NaN,NaN,NaN,NaN,NaN,NaN,NaN
NaN,NaN,NaN,1.138888889,0,135.394195556641,NaN,NaN,NaN,NaN,NaN,NaN,NaN,NaN,NaN,NaN,NaN
NaN,NaN,NaN,1.327777778,0,-29.1162509918213,NaN,NaN,NaN,NaN,NaN,NaN,NaN,NaN,NaN,NaN,NaN
NaN,NaN,NaN,1.383333333,0,-81.1095886230469,NaN,NaN,NaN,NaN,NaN,NaN,NaN,NaN,NaN,NaN,NaN
NaN,NaN,NaN,1.444444444,0,-141.916458129883,NaN,NaN,NaN,NaN,NaN,NaN,NaN,NaN,NaN,NaN,NaN
NaN,NaN,NaN,1.15,0,-187.583633422852,NaN,NaN,NaN,NaN,NaN,NaN,NaN,NaN,NaN,NaN,NaN
NaN,NaN,NaN,0.85,0,-188.401657104492,NaN,NaN,NaN,NaN,NaN,NaN,NaN,NaN,NaN,NaN,NaN
NaN,NaN,NaN,0.594444444,0,-70.6979827880859,NaN,NaN,NaN,NaN,NaN,NaN,NaN,NaN,NaN,NaN,NaN
NaN,NaN,NaN,0.438888889,0,-74.6253280639648,NaN,NaN,NaN,NaN,NaN,NaN,NaN,NaN,NaN,NaN,NaN
NaN,NaN,NaN,0.444444444,0,144.524703979492,NaN,NaN,NaN,NaN,NaN,NaN,NaN,NaN,NaN,NaN,NaN
NaN,NaN,NaN,1.038888889,0,170.383453369141,NaN,NaN,NaN,NaN,NaN,NaN,NaN,NaN,NaN,NaN,NaN
NaN,NaN,NaN,1.561111111,0,246.362243652344,NaN,NaN,NaN,NaN,NaN,NaN,NaN,NaN,NaN,NaN,NaN
NaN,NaN,NaN,1.672222222,0,269.447235107422,NaN,NaN,NaN,NaN,NaN,NaN,NaN,NaN,NaN,NaN,NaN
NaN,NaN,NaN,1.6,0,222.815185546875,NaN,NaN,NaN,NaN,NaN,NaN,NaN,NaN,NaN,NaN,NaN
NaN,NaN,NaN,1.083333333,0,164.887313842773,NaN,NaN,NaN,NaN,NaN,NaN,NaN,NaN,NaN,NaN,NaN
NaN,NaN,NaN,1.533333333,0,92.4406356811523,NaN,NaN,NaN,NaN,NaN,NaN,NaN,NaN,NaN,NaN,NaN
NaN,NaN,NaN,1.561111111,0,-15.1835155487061,NaN,NaN,NaN,NaN,NaN,NaN,NaN,NaN,NaN,NaN,NaN
NaN,NaN,NaN,1.2,0,-65.1417465209961,NaN,NaN,NaN,NaN,NaN,NaN,NaN,NaN,NaN,NaN,NaN
NaN,NaN,NaN,1.033333333,0,-89.0640258789062,NaN,NaN,NaN,NaN,NaN,NaN,NaN,NaN,NaN,NaN,NaN
NaN,NaN,NaN,0.766666667,0,-73.5824584960938,NaN,NaN,NaN,NaN,NaN,NaN,NaN,NaN,NaN,NaN,NaN
NaN,NaN,NaN,0.505555556,0,35.8361587524414,NaN,NaN,NaN,NaN,NaN,NaN,NaN,NaN,NaN,NaN,NaN
NaN,NaN,NaN,0.416666667,0,283.579559326172,NaN,NaN,NaN,NaN,NaN,NaN,NaN,NaN,NaN,NaN,NaN
NaN,NaN,NaN,0.788888889,0,244.44287109375,NaN,NaN,NaN,NaN,NaN,NaN,NaN,NaN,NaN,NaN,NaN
NaN,NaN,NaN,1.05,0,308.852691650391,NaN,NaN,NaN,NaN,NaN,NaN,NaN,NaN,NaN,NaN,NaN
NaN,NaN,NaN,1.827777778,0,405.991058349609,NaN,NaN,NaN,NaN,NaN,NaN,NaN,NaN,NaN,NaN,NaN
NaN,NaN,NaN,1.722222222,0,264.251220703125,NaN,NaN,NaN,NaN,NaN,NaN,NaN,NaN,NaN,NaN,NaN
NaN,NaN,NaN,1.544444444,0,274.067626953125,NaN,NaN,NaN,NaN,NaN,NaN,NaN,NaN,NaN,NaN,NaN
NaN,NaN,NaN,1.661111111,0,147.37646484375,NaN,NaN,NaN,NaN,NaN,NaN,NaN,NaN,NaN,NaN,NaN
NaN,NaN,NaN,1.455555556,0,25.2920188903809,NaN,NaN,NaN,NaN,NaN,NaN,NaN,NaN,NaN,NaN,NaN
NaN,NaN,NaN,1.222222222,0,-26.380069732666,NaN,NaN,NaN,NaN,NaN,NaN,NaN,NaN,NaN,NaN,NaN
NaN,NaN,NaN,1.105555556,0,-81.4187240600586,NaN,NaN,NaN,NaN,NaN,NaN,NaN,NaN,NaN,NaN,NaN
NaN,NaN,NaN,0.783333333,0,-82.2482986450195,NaN,NaN,NaN,NaN,NaN,NaN,NaN,NaN,NaN,NaN,NaN
NaN,NaN,NaN,0.633333333,0,46.7282562255859,NaN,NaN,NaN,NaN,NaN,NaN,NaN,NaN,NaN,NaN,NaN
NaN,NaN,NaN,0.411111111,0,53.3009414672852,NaN,NaN,NaN,NaN,NaN,NaN,NaN,NaN,NaN,NaN,NaN
NaN,NaN,NaN,0.855555556,0,70.7236938476562,NaN,NaN,NaN,NaN,NaN,NaN,NaN,NaN,NaN,NaN,NaN
NaN,NaN,NaN,1.266666667,0,160.293975830078,NaN,NaN,NaN,NaN,NaN,NaN,NaN,NaN,NaN,NaN,NaN
NaN,NaN,NaN,1.927777778,0,145.030090332031,NaN,NaN,NaN,NaN,NaN,NaN,NaN,NaN,NaN,NaN,NaN
NaN,NaN,NaN,1.333333333,0,20.8320426940918,NaN,NaN,NaN,NaN,NaN,NaN,NaN,NaN,NaN,NaN,NaN
NaN,NaN,NaN,1.544444444,0,-40.977855682373,NaN,NaN,NaN,NaN,NaN,NaN,NaN,NaN,NaN,NaN,NaN
NaN,NaN,NaN,1.633333333,0,-88.6305618286133,NaN,NaN,NaN,NaN,NaN,NaN,NaN,NaN,NaN,NaN,NaN
NaN,NaN,NaN,1.555555556,0,-132.107177734375,NaN,NaN,NaN,NaN,NaN,NaN,NaN,NaN,NaN,NaN,NaN
NaN,NaN,NaN,1.077777778,0,-188.076843261719,NaN,NaN,NaN,NaN,NaN,NaN,NaN,NaN,NaN,NaN,NaN
NaN,NaN,NaN,0.911111111,0,-170.207489013672,NaN,NaN,NaN,NaN,NaN,NaN,NaN,NaN,NaN,NaN,NaN
NaN,NaN,NaN,0.794444444,0,-132.551788330078,NaN,NaN,NaN,NaN,NaN,NaN,NaN,NaN,NaN,NaN,NaN
NaN,NaN,NaN,0.3625,0,-98.9179611206055,NaN,NaN,NaN,NaN,NaN,NaN,NaN,NaN,NaN,NaN,NaN
NaN,NaN,NaN,0.311111111,0,-30.7900791168213,NaN,NaN,NaN,NaN,NaN,NaN,NaN,NaN,NaN,NaN,NaN
NaN,NaN,NaN,0.772222222,0,109.240715026855,NaN,NaN,NaN,NaN,NaN,NaN,NaN,NaN,NaN,NaN,NaN
NaN,NaN,NaN,1.416666667,0,151.753753662109,NaN,NaN,NaN,NaN,NaN,NaN,NaN,NaN,NaN,NaN,NaN
NaN,NaN,NaN,1.6,0,40.5643157958984,NaN,NaN,NaN,NaN,NaN,NaN,NaN,NaN,NaN,NaN,NaN
NaN,NaN,NaN,1.344444444,0,-44.3486480712891,NaN,NaN,NaN,NaN,NaN,NaN,NaN,NaN,NaN,NaN,NaN
NaN,NaN,NaN,1.411111111,0,-64.771842956543,NaN,NaN,NaN,NaN,NaN,NaN,NaN,NaN,NaN,NaN,NaN
NaN,NaN,NaN,1.461111111,0,-147.722595214844,NaN,NaN,NaN,NaN,NaN,NaN,NaN,NaN,NaN,NaN,NaN
NaN,NaN,NaN,1.605555556,0,-160.811981201172,NaN,NaN,NaN,NaN,NaN,NaN,NaN,NaN,NaN,NaN,NaN
NaN,NaN,NaN,1.294444444,0,-203.728363037109,NaN,NaN,NaN,NaN,NaN,NaN,NaN,NaN,NaN,NaN,NaN
NaN,NaN,NaN,0.794444444,0,-214.5029296875,NaN,NaN,NaN,NaN,NaN,NaN,NaN,NaN,NaN,NaN,NaN
NaN,NaN,NaN,0.644444444,0,-213.876174926758,NaN,NaN,NaN,NaN,NaN,NaN,NaN,NaN,NaN,NaN,NaN
NaN,NaN,NaN,0.488888889,0,-212.849411010742,NaN,NaN,NaN,NaN,NaN,NaN,NaN,NaN,NaN,NaN,NaN
NaN,NaN,NaN,0.422222222,0,-124.518516540527,NaN,0.214333247983627,1.69809675791325,-9999,2.24927533258147,-9999,-9999,-9999,1.72168836662476,0.0267049175718778,1.45388296461631
NaN,NaN,NaN,1.4125,0,-59.1246871948242,NaN,0.234171940163143,1.75539460083429,-9999,2.33295168214286,-9999,-9999,-9999,2.38013278550402,0.0247515680371026,1.93061135122454
NaN,NaN,NaN,1.422222222,0,29.9695224761963,NaN,0.282880791058065,1.86200525401548,-9999,2.49290439236129,-9999,-9999,-9999,2.53730678441134,0.012319632226839,3.08523672864019
1.59034367163793,NaN,3.2788355143522,1.644444444,0,-13.4775810241699,NaN,0.237378310570656,1.614938058504,0.713569147148571,2.41301090808,1.67660606005714,-9999,2.71584432913527,1.97357205146021,0.0081754522655273,2.944910948153
0.830386755475719,NaN,3.9962966292569,1.155555556,0,-37.2346076965332,NaN,1.30785985207742,2.48201811701419,1.62261312399871,2.93511444828387,1.31250156526452,-9999,2.8682510174828,1.4838192598039,0.00976182233665825,2.92268307946908
-3.78769280378163,NaN,7.7609063053358,0.994444444,0,-100.291526794434,NaN,4.090934628864,1.417796847288,4.808894015592,2.15055523944,-2.65834209672,0.00838839614021053,6.93572352981956,-2.56293738334763,0.0116633181237227,6.86218026934493
-9.59475161556173,0.0123877855552907,9.49250017684841,1.177777778,0,-123.594528198242,NaN,11.4193510093161,3.53730817486452,12.1221612099871,4.18689193494194,-7.93526958092903,0.0117956854848774,8.50235110721179,-8.03479054216712,0.0137947084028147,8.39199319373503
-9.23742635549548,0.0118082420243363,9.89590921802475,1.177777778,0,-192.479370117188,NaN,10.8341182869677,4.87141622117419,11.1373575393461,5.16192546123871,-5.9754517371871,0.0116344037803355,7.51796949758678,-6.03676453268347,0.0137039077745125,7.43860741089108
-6.22086337116651,0.0158833477330618,7.4404869181857,1.194444444,0,-226.063858032227,NaN,6.08138191224,3.257712444024,6.508562576004,3.94502531328,-2.56353063984,0.01110921767856,5.75815698350999,-2.38036904694444,0.0172543236168903,5.57509868501099
-0.300241846143971,0.00971969782752476,4.13303431057401,1.011111111,0,-243.810195922852,NaN,1.60487387265832,2.44995591042581,2.04883902771097,3.52538506892903,1.47654835973419,0.0115521583055226,2.76289161175802,1.55691548534711,0.0126692753732178,2.67996893784223
2.54462742946909,NaN,2.10479825129026,0.538888889,0,-262.068206787109,NaN,0.2912677615224,1.629611901576,0.6165192519936,3.27408502896,2.65755800304,0.01426124535048,1.95652721754047,2.34541656386029,0.0152215324429181,1.58771160600934
-0.0230129080457143,0.0177855365856,0.924496871017163,0.488888889,0,-181.495483398438,NaN,0.2488587624,0.971169569187097,2.09314123501935,2.45068748709677,0.357545597806452,0.00691064329563871,0.935372222538989,1.67348069005509,0.0200972866963878,1.08164568475546
0.170482091082353,0.0228484996766542,1.6999006239387,0.5,0,-79.198112487793,NaN,0.18006307803871,0.740741938583226,0.887146745655484,1.4795358020129,0.59238549288,0.0164292462466839,0.664599868290187,1.46591957870418,0.0251304805968468,0.972628604749132
3.23021793321662,0.0751076299929064,2.68652236253113,0.885714286,0,51.9855346679688,NaN,0.241687584617143,2.40570543664286,0.475513988708571,3.5763201216,3.100806117,0.0591248369751429,1.64022255877224,2.56823217045119,0.0627661169659192,1.89096857883976
3.40866586377926,0.0165393473776405,3.96539759566227,1.027777778,0,55.4007301330566,NaN,0.145454294369032,3.75068630770839,0.0817106976092903,3.10914105723871,3.02742922087742,0.0150462634285161,2.82412439851064,3.03838676915151,0.0175833724564577,2.92370672196338
2.81851644116944,0.00907339773906058,4.30876200884118,1.205555556,0,91.7578506469727,NaN,0.223826339707605,3.104231315616,-0.06404234004,2.66121505872,2.72525687568,0.008072862494256,2.95750957933152,2.87398383264845,0.00980053578291488,2.8687218625362
1.7556936386901,0.0044661981798434,2.88975060294786,1.2,0,91.4890747070312,NaN,1.58664896738746,3.31179411783484,1.90455177834581,3.95707456753548,2.0525271291871,0.00376318682616774,2.47285855258084,2.06861681965672,0.00516385756331489,2.47042134157534
-0.584380874064218,0.0146484862798129,6.30055135415481,1.161111111,0,21.3575954437256,NaN,4.4874044138736,3.508894678176,5.391549787896,4.98582066168,-0.40573449864,0.01455805188216,6.23596792995114,-0.549574264396841,0.0134770888864147,6.23331089131888
-9.40843890372293,0.0227099644408893,7.4601153083672,1.394444444,0,-60.6796607971191,NaN,11.7761175550452,3.45525261700645,11.9071189868748,2.72591390670968,-9.18119151870968,0.0216628433465806,7.30446645420101,-9.15914381516084,0.0216111584475607,7.30298834191042
-11.5208297406138,0.0385743381540691,6.66121658632557,1.594444444,0,-165.880920410156,NaN,13.869702645329,4.51768670561032,14.2043162683355,4.72382151166452,-9.48048525963871,0.038209405788929,5.83051481720435,-9.41984754647806,0.0357711163179593,5.96327311850328
-8.80368271183808,0.0874857747764215,5.84897608441024,1.377777778,0,-213.261901855469,NaN,10.046597220072,5.887806434136,9.4858502595696,5.0036283324,-4.48222207176,0.08124910584696,4.63847639841834,-4.51337271211017,0.075979739712976,4.88178784659274
-1.6739072851167,0.0258968039480343,3.76326663798439,0.938888889,0,-227.984008789062,NaN,4.59108869274581,5.51255586552,4.58876618758452,5.71481233896774,1.12605045514839,0.0199230388252723,2.69803808691455,0.871281000562306,0.0234075774151407,2.78277389836104
2.06973147551225,NaN,2.24074072776002,0.611111111,0,-103.311416625977,NaN,0.2876293563768,3.859966102536,0.40093706952,2.94226644744,2.54132978544,0.016941017786112,1.77550583775812,2.30771662900227,0.0170652398682438,1.5483054166306
0.487423959689208,NaN,1.1039887029234,0.58125,0,2.00886821746826,NaN,0.132462823350194,0.78110943408,1.09520781651615,2.46294775091613,1.36774715609032,0.0375219688956387,1.31595580380012,1.47125399914985,0.0204927103864342,1.06887901929336
0.2845634544,NaN,0.629152172976324,0.633333333,0,NaN,NaN,0.212723724890323,0.855854498276129,1.4641285751071,2.3127145488,0.848591209254194,0.0735417547571613,1.07918282477152,1.22436451087494,0.026479233458373,0.815969453466217
0.479407215691711,0.0828332370327187,3.116259515809,0.661111111,0,70.7842025756836,NaN,0.359096664188571,0.981390223388571,0.689206313751428,1.51195971908571,0.822754270491429,0.0666688147971429,2.88584895468883,1.25840935887037,0.0555220709992363,2.14809751487405
0.901428949639072,0.115816890180821,4.80427785505046,0.994444444,0,232.273132324219,NaN,0.166328774838348,1.02600150329032,0.753934134905652,1.93092906797419,1.17699398763097,0.108814377483871,2.81984140750084,2.04647841226534,0.0929545460574765,2.63354379945145
4.65831962742411,0.0947205519976137,3.63297793460291,1.194444444,0,227.480484008789,NaN,0.578528938937591,4.82633558856,0.22150921779288,4.9241598552,4.7026528956,0.05676978386304,2.57806098078116,3.86045560454085,0.0539762125317994,2.83480335434444
2.54036698907501,0.011399550801255,4.5289976237501,0.972222222,0,186.236572265625,NaN,0.604057128682064,2.88549890790968,0.526068949285161,3.39023858609032,2.86416921971613,0.0112899357861677,3.31517203377126,3.02134824903949,0.0107330420548956,3.32577937435719
-1.1808325548281,0.0130221331141382,6.12326499317339,0.994444444,0,NaN,NaN,3.4031325612168,2.828110144104,3.745494000936,3.75377479776,0.00827624087999992,0.01135745610984,5.16126981661629,-0.0853612963113255,0.0118433798565217,5.09530949639151
-8.53743768062813,0.0256701610704552,7.77412083406794,1.444444444,0,67.2799758911133,NaN,12.8204245890581,6.55712011038193,12.4178152466467,6.04594652214193,-6.37187112116129,0.0242884323248516,6.78822133396139,-6.65203429222488,0.0243071316762961,6.80458335751122
-11.3878026701382,0.0322404982792723,7.91134487230842,1.583333333,0,-60.374683380127,NaN,13.9468089341497,7.67679325520516,12.9733779948457,5.77164900913548,-7.20172193713548,0.0292939420389677,6.24281425006504,-7.27561356066453,0.0307664679571284,6.2538128898925
-3.44281520246219,0.0405782968206727,6.96704635576889,1.255555556,0,-106.709976196289,NaN,7.61486454,8.560728481968,7.722484779528,8.68187419488,0.95938481952,0.03461183459928,4.85186218853228,0.198054195469939,0.0418514057182806,4.86717105431433
0.0468447284848998,0.00998682602633573,3.57437380856944,1.061111111,0,-109.216506958008,NaN,1.59567385303277,2.78595458166194,2.52853796415948,4.87587329303226,2.3473390923871,0.0178629773996671,2.17043266597067,2.51544558723596,0.0148450942663114,2.25850996967416
1.73779275500198,0.0305248324585558,1.53976123180953,0.494444444,0,-124.929214477539,NaN,0.19915574559984,1.054639424664,0.6012151921008,2.15366360616,1.55244804264,0.1113000787764,1.05308189816334,1.80741535172453,0.0207701724437816,1.29104247324591
0.781975112608224,0.0253688674040807,1.59447934367057,0.325,0,-149.096176147461,NaN,0.0498220707530323,0.801078299698065,-0.0524212063060645,0.966760403690323,1.019182214664,0.0158803465589419,2.12357782136547,1.20817186262821,0.0227989223370619,1.41014418904059
0.511777353221018,0.0231374349019532,1.66417005604762,0.357142857,0,-162.887268066406,NaN,0.0791840876376774,0.426469373163871,0.535200728887742,1.29896934503226,0.763774831091613,0.0241206870523355,2.09722968974796,1.14579090548944,0.0246212555229823,1.27901107021751
0.726623442700324,0.0479414086956093,3.29621277101281,0.516666667,0,-104.543273925781,NaN,0.0972097015677517,0.559904667765517,0.373722061456552,1.34708104750345,0.973358890634483,0.0453668541268966,2.63580892242264,1.17808579160075,0.0409737217931085,2.36559730116376
1.01533980580471,0.0181842397753241,3.111031315622,0.6,0,-22.2376403808594,NaN,0.366680937606735,1.14875574853935,0.554714072473703,1.81079734645161,1.25608469697058,0.0171332420971355,2.52473699414386,1.79088517946767,0.0181810475614417,2.32282073622761
1.8222593648448,0.0127846336646639,4.24387213319482,1.105555556,0,84.5485382080078,NaN,0.34377657348575,2.041419524328,0.671798186208,2.58684007896,1.9150422450552,0.01298792464704,2.92284024585984,2.41290715138931,0.0119507380846963,2.86069824937557
2.5390720661317,0.0107737029930421,7.04321012715195,0.955555556,0,NaN,NaN,0.63563536755871,3.29519423564129,1.07594392357161,3.58581082157419,2.50986645220645,0.00853684034051613,5.61619713560927,3.13002311885952,0.00912365511335476,5.03904383283842
2.48569972806423,0.0146130202552059,6.75659848759488,0.961111111,0,-44.1242370605469,NaN,1.41723801039284,3.907822249944,2.4261216786,5.0623976988,2.63627558208,0.01585187965656,5.65634994853634,2.67666049790996,0.014289549776246,5.85533390682415
-5.33702014408967,0.0211512824155917,8.17556672661505,1.311111111,0,-94.6252365112305,NaN,6.42642342131613,2.61214994998452,6.75517206558194,2.811607632,-3.94356440996129,0.0212498965247226,7.18319714246055,-3.37791484649648,0.0213100820490062,7.00706746423669
-11.3037300491594,0.032548676333695,7.79483265562195,1.75,0,-181.766845703125,NaN,12.7572989388387,4.64200731548129,13.0267521928034,5.42789189535484,-7.59885856931613,0.0323517905663226,6.7008257580226,-7.14546248822493,0.0324891248680764,6.51759834464768
-10.0183813770467,0.0508454544416171,6.93822900356458,1.283333333,0,-200.122756958008,NaN,8.276026667256,2.884182021648,9.30809948022,4.71545166672,-4.59264665448,0.0447033769992,5.09908573056535,-3.86053085952717,0.0421746680722228,4.83620694183476
-0.337630175521502,0.0158727355767948,4.40554185694353,1.033333333,0,NaN,NaN,3.87437850776206,6.3678313203329,4.12611619435432,7.06171472268387,2.93559950624516,0.0173817046047484,2.86503204096012,2.30866108759576,0.0171233675917444,2.83212128982468
0.80457444313733,0.0101999130871127,2.02085485830995,0.45,0,-230.714721679688,NaN,1.011404190528,2.540876392728,1.2233004480144,2.91893410872,1.695632047272,0.0140636190564,1.14838226200763,1.45602261256771,0.0165235467634858,1.4328966606211
0.6163965126146,0.0110429792023195,1.60575390404232,0.557142857,0,-57.5812530517578,NaN,0.44011093796129,1.66759147384258,0.791150536405161,2.11595544209032,1.32480407754813,0.0167777490344516,1.35803889592969,1.25204567791296,0.0184706176593302,1.20239793122373
0.71250887990805,0.0223619825791783,1.40986837050643,0.35,0,89.1133117675781,NaN,0.0829931999225806,1.02992785841032,0.624660363522581,1.87754573752258,1.25288429128258,0.0244759428181161,1.50574297873589,1.10419679195483,0.0218597330863134,1.04713959581004
1.18125767557163,0.0464458622874786,3.43279371660995,0.483333333,0,44.4472427368164,NaN,0.0627617222485714,1.44793522141714,0.254821831493143,1.33130266585714,1.07648197768286,0.0305139283187143,2.13369020069785,1.3244736871815,0.0338187545711035,2.02775770254097
3.79497049120248,0.0122266248937511,2.66550098007915,0.761111111,0,NaN,NaN,0.255916052095736,3.28863173026064,0.135064778602065,3.71166238405161,3.5765964288,0.008250606,1.78726074763992,3.35460072201433,0.0110545866714838,2.0247211860688
3.54706207279634,0.00703650202569209,2.72988153819915,1.1,0,-36.7517318725586,NaN,0.7956627255432,3.866677796376,0.4344532115544,3.92672619072,3.4922728296,0.00663420801024,2.13537989160619,3.54120097382159,0.00797194247747096,2.24862225719885
0.907719037841207,0.00720908680560975,4.57822723676996,1.077777778,0,-132.072692871094,NaN,2.65404120807484,3.3820358010271,3.2762059446449,4.60874135287742,1.3325323419871,0.00772719703594839,4.11976227614919,1.31851391562717,0.00774230488157306,4.12393558305747
-6.20356027756411,0.0180735181859722,7.32845933329802,1.172222222,0,-149.823959350586,NaN,9.20174882364,3.757301809632,9.834595549992,4.91700757464,-4.917592692,0.01870676372448,6.91909265356857,-4.90764089930185,0.0181431978681614,6.87443231098583
-10.91311115356,0.0885433540602823,7.2521366476045,1.611111111,0,-191.813232421875,NaN,17.0918443656,7.56447334947871,17.3476166438323,7.77504223649032,-9.57257326428387,0.0875357868495484,6.87126910996241,-9.71504478605054,0.0872017207426672,6.91965954963596
-5.63162358755622,0.167433724297996,6.60916793779333,1.516666667,0,NaN,NaN,12.0124003368774,8.46982577557161,11.6682736375719,8.11588175187097,-3.55239756766452,0.162846659589677,5.85322492282161,-3.64033315872255,0.160680091432212,5.87195004824761
3.84745519609132,0.0088222735528486,4.8163289777482,1.122222222,0,NaN,NaN,4.085196294168,8.757792888408,4.803792510456,10.24413568848,5.4403518564,0.00977714294184,3.85812699137415,5.21289582883349,0.0125614961659039,3.87286474751994
2.6085909542344,0.00760096063412293,2.81160908182681,0.627777778,0,-327.03662109375,NaN,0.459130749733161,2.40098255108129,1.03209339156387,4.59556379489032,3.5634700224,0.00569686297935484,2.04728581905598,3.86400198526314,0.00981136228980218,1.98746027120264
0.864674988173542,0.0180361241690299,2.23202388739826,0.411111111,0,-339.323181152344,NaN,0.16961808814416,1.003157332344,0.70674026796,2.6896505796,1.98291216456,0.0351531421128,2.32918391279217,1.5695769413193,0.0194366746111527,1.84037808052723
0.695209296928189,0.0222356242984865,1.11957577276498,0.233333333,0,-285.117858886719,NaN,0.104282885891613,0.374471327566452,1.11583133976774,1.55207401525161,0.436243039618064,0.0292005660750968,1.35580288139786,1.1993262529173,0.0227536043255187,1.20816031353072
0.591383539594542,0.0314007754468447,1.28488769664402,0.242857143,0,-306.942047119141,NaN,0.165245532945779,0.816507555607742,0.297210343134194,1.03974905496774,0.742539488910968,0.0326846666306323,1.07123602635279,1.1404577131746,0.0271622096815716,1.46364700043322
0.901534648431596,0.0298041573634813,2.94425584358229,0.314285714,0,NaN,NaN,0.0773638487724857,0.88774918542,0.480874271415429,1.62903333214286,1.14816120832286,0.0369739942071429,1.68169735238301,1.42271089384738,0.0383677192000874,1.74075362014869
3.05871233656097,0.0386591413982349,3.77331808098236,0.722222222,0,-151.04035949707,NaN,0.158734746994552,2.49139296796645,0.138008410443871,3.16404367734194,3.02603488931613,0.0400184388076645,2.78378743110528,3.2411430437172,0.0292626830533275,2.57432764903511
2.65420204661632,0.0116417107616509,3.5867305755007,1.127777778,0,-213.331390380859,NaN,0.8169543114192,2.970233024688,0.6321192790464,3.52334269656,2.89122268104,0.00964594673208,2.57111342963432,3.16200718819454,0.00966231725107888,2.53598094084001
4.36220460536592,0.0129033792501743,2.1162062350409,1.077777778,0,-230.280319213867,NaN,1.16649754219277,4.64445915071226,1.66009630073806,6.21546831592258,4.55537201156129,0.0105245101913806,1.73760593917986,4.3675635711109,0.0108543171828917,1.95910028550697
-2.64724463772842,0.0137713739476833,6.94954605118382,1.177777778,0,-247.433944702148,NaN,6.75217791648,4.281947642664,7.9977367074096,6.56764014096,-1.43010957672,0.01400045852088,6.29929582187526,-1.5483586033772,0.0143851708030425,6.30604068229117
-9.69948213045457,0.103011273356184,7.60704113715288,1.472222222,0,NaN,NaN,14.6881600136361,5.81181358078452,16.6128416054013,8.40285897073548,-8.20998762085161,0.101309963132903,7.2475773651642,-8.41719002685259,0.101662410894962,7.27047845901688
-7.66156499424556,0.232111440560682,7.13953378004744,1.577777778,0,-385.696228027344,NaN,12.049865597009,6.05193366044903,13.137160714913,7.89487805682581,-5.24228862634839,0.227497165083871,6.25446944207146,-5.12266332357392,0.22582254022474,6.27611553745801
2.66109734265059,0.0113542145941589,5.2631445131135,1.322222222,0,-455.877563476562,NaN,4.981982130648,8.486256909312,5.7725867439,10.42302443544,4.6504350576,0.012077068184208,4.09522098202636,4.64479195844616,0.011521029005273,4.13822721259851
5.04632260416575,0.0179858943647364,2.82432526771326,0.888888889,0,-422.230987548828,NaN,1.17232214666632,4.15749309064258,0.294241495236387,5.54291889375484,5.24867920583226,0.015124438579471,1.9037105456421,5.28343095885132,0.013639134327289,1.97459467940193
1.37279162017825,0.0903888757497463,1.6112712248568,0.633333333,0,-422.778472900391,NaN,0.1047308245056,0.772767654912,0.25638700068,2.3744086668,2.11802406336,0.1177105428432,1.64484010525344,1.80814438613545,0.0494872861638632,1.54708544952475
1.04039427714414,0.0354404875287761,1.11405822489815,0.572222222,0,NaN,NaN,0.10319880183329,0.545535983636129,0.710034270512981,2.32943586410323,1.61939959413677,0.0366418844221936,1.4909311187792,1.39236222553965,0.023581663877803,1.38701839935985
0.883675132274767,0.041592749678148,1.18380031652166,0.7,0,-242.040252685547,1190.926457,0.148948197979355,0.749956221058064,0.395915937521806,1.72055693194839,1.32464119029677,0.0349351538794839,1.1757920134325,1.22242131774504,0.0301571048826936,1.13978301319519
1.43726786252695,0.102976825361619,3.0483854190621,0.8875,0,-189.111099243164,1190.926457,0.856129487765143,2.13400737902571,0.535779245142,2.62217442394286,2.08639545997114,0.120368215596857,2.28103881802329,1.79202407510178,0.0821812995858536,2.25143582783096
4.5795115725032,0.0110831454588655,3.78581228618633,0.894444444,0,-219.440139770508,1190.926457,0.0702229513392,3.61234046401548,0.575942542601806,5.18542151690323,4.60947892180645,0.0187693150299097,2.52654910841553,3.99620466442384,0.0118639712278866,2.73658964593847
3.93508329047558,0.00771221045401589,2.21205023191272,1.127777778,0,-194.107727050781,1190.926457,0.303873936375639,3.706661730816,0.193525040736,3.95223340104,3.75871018392,0.006291353716056,1.60881874830497,3.92385752333025,0.0076825495243619,1.59835523120632
2.3447350497686,0.00213374571731791,4.28264975459632,1.094444444,0,-207.362335205078,1190.926457,1.67934255466065,3.66039035563355,1.85942795232774,4.44887427483871,2.58944293277419,0.00185972033403871,3.67127999497478,2.65326235413381,0.00435152160704047,3.53320256223573
-1.29718765331826,0.037948983547469,7.420970632612,1.233333333,0,NaN,1190.926457,4.413966047352,3.261901803408,4.6662638154984,3.93760474416,-0.72865435248,0.037860701300856,6.82844778950018,-0.552431675666671,0.0362897607513554,6.78186841090924
-5.66575083190938,0.113991534832866,7.46283991895251,1.377777778,0,-386.472320556641,1190.926457,9.32442092291613,4.08208041991742,10.0030777327301,5.17045975014194,-4.83261542454194,0.112611175664516,7.14910852663215,-4.76801347385159,0.111950772763916,7.11332918838475
-2.74370607210646,0.143452847101232,6.42276490916235,1.411111111,0,-426.294128417969,1190.926457,10.7245001357884,9.55235005169807,10.9141005464594,9.91234112074839,-1.00176510170323,0.136210618610013,5.81900059344053,-1.06941620204418,0.139571201673412,5.91246729927553
1.97385408870963,0.00781379470393817,4.4397011532509,1.111111111,0,-470.754089355469,1190.926457,4.715769072528,9.13780054764,5.7490855272288,10.92870195336,5.17961682144,0.00395647884936,2.98298828177621,5.08902599159098,0.00745790005518826,3.20956316884635
6.16509959533991,0.00816036512130314,1.09570821423204,0.811111111,0,NaN,1190.926457,0.280539788060206,5.37894457474065,0.779502125243613,7.10293417827097,6.32343235122581,0.00982555372140387,0.770935991280499,6.15372564029465,0.0104081207322253,1.07308272787062
1.62537861093017,0.0150094153665026,1.98440364431801,0.505555556,0,NaN,1190.926457,0.25049760863616,1.146550780008,0.56550184308,2.47697750592,1.91147715504,0.01243661769144,2.2013746011953,2.06749077475095,0.0179062155249948,1.5649248013408
0.368456329185056,0.0155248099634143,1.54887361596943,0.34375,0,-317.595794677734,1190.926457,0.0760884735483871,0.418766173664516,0.425075370556645,1.30802653021935,0.882948576309677,0.00743469941485161,1.79893953134536,1.12002591115844,0.0158644722575065,1.2410337805278
0.205215873238482,0.00936905161293233,1.27222136548078,0.405555556,0,-175.126098632812,NaN,0.0806476647040258,0.355013143501935,1.33950652197677,2.44176815032258,1.10225554787613,0.0198302675297806,1.51078862154731,1.19229562665263,0.0188900687271878,1.20917820753317
0.906491911914463,0.0591806533035806,3.10689540506871,0.833333333,0,-46.8145217895508,NaN,0.348619518372414,0.974098881384828,1.41172321488828,2.66558644129655,1.25386410925241,0.041094470832331,2.70570784760351,1.56691626331731,0.045643369672527,2.21160681098997
2.64323119114261,0.0249771567549842,5.66017100875086,1.244444444,0,31.0837554931641,NaN,0.171727513978064,1.92487880136774,1.08966541238245,3.86907141901935,2.77940390179355,0.0262088517344516,3.37620639789374,3.1651227099064,0.0215967278176666,3.18359004134021
4.48899138667549,0.00424527666497437,4.34165785991569,1.272222222,0,NaN,NaN,0.945260743176,5.798891942928,1.249188028776,6.17518869984,4.92600240288,0.003290928228864,2.8259854880437,4.63492450464716,0.00631677141720833,2.71551921018505
5.14124357831323,0.00827430808084694,1.253573093933,1.15,0,-83.4537506103516,NaN,1.02681553220594,6.01388217840774,0.741681120908903,5.84021923966452,5.09853844892903,0.00630362261984516,0.858238296526693,5.02464627003239,0.00842692788451353,0.937327861130574
1.94436779099876,0.00726880548300891,4.46970977305987,0.972222222,0,-175.71760559082,NaN,2.39654427912,4.607713459728,3.70339943472,6.40506888864,2.7016688304,0.00599242400208,3.82464150449264,2.5861057390248,0.00862336118505457,4.0276479675994
-9.58148533916549,0.0620540052798372,8.32952035867568,1.238888889,0,-283.000305175781,NaN,9.52969953541935,2.20744929274839,11.6514020363458,5.1800945660129,-6.47131263607742,0.0607670524614194,7.44668683288595,-6.36731228958014,0.0612483226953352,7.35072814851235
-8.12528842601866,0.135976831527995,6.82772718450319,1.477777778,0,-332.014038085938,NaN,13.416129469289,7.42321876122581,14.4786154892748,9.1678534803871,-5.31077667514839,0.130208462098142,6.00618869238185,-5.21033226033437,0.130258388848081,5.9825149853683
-2.75786247934161,0.00540894280180741,5.5756940973108,1.25,0,NaN,NaN,7.406184979656,7.920627969168,9.0168522036336,10.75726638,1.74041466912,0.00107666921952,4.02929260173842,1.83302530081434,0.00515042853679887,3.88770381733494
4.52076718414793,0.0418719448627326,2.46900946244498,1.161111111,0,NaN,NaN,1.4101265818959,5.39871938895484,1.56959547194555,6.87153228433548,5.30193457300645,0.0232865718863226,1.62517321345349,5.24931222570495,0.0257471295478276,1.55517933795425
3.05482564529051,0.00734137912424769,1.45120179470016,0.88125,0,-264.14697265625,NaN,0.04802726142432,2.174404489848,0.6318448741872,4.32184100904,3.68999656632,0.01209227591664,0.904683047814174,2.98067611721117,0.0154166022952961,1.30138304499421
0.568725792509524,0.0052138177255229,0.824292806702889,0.488888889,0,-81.6236953735352,NaN,0.0761409439339355,0.695556544273548,0.266587153476387,1.30778396779355,1.04119280684129,0.00573941746732645,0.840713205301752,1.18775882883865,0.013810797903578,1.0511001350631
1.06727233076722,0.0156715482306368,0.89252287487725,0.53125,0,21.9442710876465,NaN,0.0410258694611613,0.676993342203871,0.445388956664516,1.65072504123871,1.20533202185806,0.0266805828706065,0.924476010640423,1.1671901025612,0.0183580506322522,1.00106028627917
1.45362971470762,0.0338825183775812,1.90687298584371,0.9,0,NaN,NaN,0.170898023201143,1.15201340940857,0.451871370437143,2.1987684522,1.7468966466,0.0384786303282,2.01693171359121,1.49790488306142,0.028032532265172,1.77683845791076
2.46140973932474,0.0492309234306582,3.38099623168985,0.733333333,0,131.172546386719,NaN,0.265583882860955,1.84551669933677,0.289190721521032,2.73656114384516,2.44737073463226,0.0346674860018013,3.13346124099763,2.61939767545715,0.0348854676210793,3.22459743416727
3.890584944,0.0025963443,2.83874302356458,1.144444444,0,147.21142578125,NaN,0.33061140954,2.7206734464,1.6220715912,4.7065971456,3.084523308,0.0051680645838,4.10449031352869,3.86397621413477,0.0071557402765919,4.34781888730689
NaN,NaN,NaN,1.072222222,0,138.038101196289,NaN,NaN,NaN,NaN,NaN,NaN,NaN,NaN,NaN,NaN,NaN
NaN,NaN,NaN,0.961111111,0,45.7129859924316,NaN,NaN,NaN,NaN,NaN,NaN,NaN,NaN,NaN,NaN,NaN
NaN,NaN,NaN,1.177777778,0,NaN,NaN,NaN,NaN,NaN,NaN,NaN,NaN,NaN,NaN,NaN,NaN
NaN,NaN,NaN,1.577777778,0,NaN,NaN,NaN,NaN,NaN,NaN,NaN,NaN,NaN,NaN,NaN,NaN
NaN,NaN,NaN,1.188888889,0,NaN,NaN,NaN,NaN,NaN,NaN,NaN,NaN,NaN,NaN,NaN,NaN
NaN,NaN,NaN,0.75,0,NaN,NaN,NaN,NaN,NaN,NaN,NaN,NaN,NaN,NaN,NaN,NaN
NaN,NaN,NaN,0.511111111,0,NaN,NaN,NaN,NaN,NaN,NaN,NaN,NaN,NaN,NaN,NaN,NaN
NaN,NaN,NaN,0.457142857,0,NaN,NaN,NaN,NaN,NaN,NaN,NaN,NaN,NaN,NaN,NaN,NaN
NaN,NaN,NaN,0.4375,0,NaN,NaN,NaN,NaN,NaN,NaN,NaN,NaN,NaN,NaN,NaN,NaN
NaN,NaN,NaN,0.727777778,0,NaN,NaN,NaN,NaN,NaN,NaN,NaN,NaN,NaN,NaN,NaN,NaN
NaN,NaN,NaN,1.161111111,0,NaN,NaN,NaN,NaN,NaN,NaN,NaN,NaN,NaN,NaN,NaN,NaN
NaN,NaN,NaN,1.355555556,0,NaN,NaN,NaN,NaN,NaN,NaN,NaN,NaN,NaN,NaN,NaN,NaN
NaN,NaN,NaN,1.044444444,0,NaN,NaN,NaN,NaN,NaN,NaN,NaN,NaN,NaN,NaN,NaN,NaN
NaN,NaN,NaN,0.966666667,0,-113.939468383789,NaN,NaN,NaN,NaN,NaN,NaN,NaN,NaN,NaN,NaN,NaN
NaN,NaN,NaN,1.15,0,-190.317016601562,NaN,NaN,NaN,NaN,NaN,NaN,NaN,NaN,NaN,NaN,NaN
NaN,NaN,NaN,1.455555556,0,NaN,NaN,NaN,NaN,NaN,NaN,NaN,NaN,NaN,NaN,NaN,NaN
NaN,NaN,NaN,1.077777778,0,NaN,NaN,NaN,NaN,NaN,NaN,NaN,NaN,NaN,NaN,NaN,NaN
NaN,NaN,NaN,0.744444444,0,-354.602203369141,NaN,NaN,NaN,NaN,NaN,NaN,NaN,NaN,NaN,NaN,NaN
NaN,NaN,NaN,0.416666667,0,-426.183959960938,NaN,NaN,NaN,NaN,NaN,NaN,NaN,NaN,NaN,NaN,NaN
NaN,NaN,NaN,0.55,0,-287.434020996094,NaN,NaN,NaN,NaN,NaN,NaN,NaN,NaN,NaN,NaN,NaN
NaN,NaN,NaN,0.833333333,0,-92.6279754638672,NaN,NaN,NaN,NaN,NaN,NaN,NaN,NaN,NaN,NaN,NaN
NaN,NaN,NaN,0.611111111,0,49.0713500976562,NaN,NaN,NaN,NaN,NaN,NaN,NaN,NaN,NaN,NaN,NaN
NaN,NaN,NaN,0.99375,0,201.285720825195,NaN,NaN,NaN,NaN,NaN,NaN,NaN,NaN,NaN,NaN,NaN
NaN,NaN,NaN,1.188888889,0,179.560882568359,NaN,NaN,NaN,NaN,NaN,NaN,NaN,NaN,NaN,NaN,NaN
NaN,NaN,NaN,1.066666667,0,77.4252166748047,NaN,NaN,NaN,NaN,NaN,NaN,NaN,NaN,NaN,NaN,NaN
NaN,NaN,NaN,0.972222222,0,17.354248046875,NaN,NaN,NaN,NaN,NaN,NaN,NaN,NaN,NaN,NaN,NaN
NaN,NaN,NaN,1.094444444,0,-33.3243713378906,NaN,NaN,NaN,NaN,NaN,NaN,NaN,NaN,NaN,NaN,NaN
NaN,NaN,NaN,1.405555556,0,-111.805419921875,NaN,NaN,NaN,NaN,NaN,NaN,NaN,NaN,NaN,NaN,NaN
NaN,NaN,NaN,1.144444444,0,-146.203628540039,NaN,NaN,NaN,NaN,NaN,NaN,NaN,NaN,NaN,NaN,NaN
NaN,NaN,NaN,0.661111111,0,-247.222412109375,NaN,NaN,NaN,NaN,NaN,NaN,NaN,NaN,NaN,NaN,NaN
NaN,NaN,NaN,0.355555556,0,-296.202209472656,NaN,NaN,NaN,NaN,NaN,NaN,NaN,NaN,NaN,NaN,NaN
NaN,NaN,NaN,0.38125,0,-95.6725616455078,NaN,NaN,NaN,NaN,NaN,NaN,NaN,NaN,NaN,NaN,NaN
NaN,NaN,NaN,0.625,0,-42.1211051940918,1023.892999,NaN,NaN,NaN,NaN,NaN,NaN,NaN,NaN,NaN,NaN
NaN,NaN,NaN,0.838888889,0,-89.9983901977539,1023.892999,NaN,NaN,NaN,NaN,NaN,NaN,NaN,NaN,NaN,NaN
NaN,NaN,NaN,1.127777778,0,-133.564041137695,1023.892999,NaN,NaN,NaN,NaN,NaN,NaN,NaN,NaN,NaN,NaN
NaN,NaN,NaN,0.983333333,0,-92.9328536987305,1023.892999,NaN,NaN,NaN,NaN,NaN,NaN,NaN,NaN,NaN,NaN
NaN,NaN,NaN,0.961111111,0,-135.11279296875,1023.892999,NaN,NaN,NaN,NaN,NaN,NaN,NaN,NaN,NaN,NaN
NaN,NaN,NaN,1.005555556,0,-175.862915039062,1023.892999,NaN,NaN,NaN,NaN,NaN,NaN,NaN,NaN,NaN,NaN
NaN,NaN,NaN,1.327777778,0,-202.472595214844,1023.892999,NaN,NaN,NaN,NaN,NaN,NaN,NaN,NaN,NaN,NaN
NaN,NaN,NaN,1.544444444,0,-287.59912109375,1023.892999,NaN,NaN,NaN,NaN,NaN,NaN,NaN,NaN,NaN,NaN
NaN,NaN,NaN,0.977777778,0,-394.002349853516,1023.892999,NaN,NaN,NaN,NaN,NaN,NaN,NaN,NaN,NaN,NaN
NaN,NaN,NaN,0.8,0,-383.342895507812,1023.892999,NaN,NaN,NaN,NaN,NaN,NaN,NaN,NaN,NaN,NaN
NaN,NaN,NaN,0.35,0,-360.947631835938,1023.892999,NaN,NaN,NaN,NaN,NaN,NaN,NaN,NaN,NaN,NaN
NaN,NaN,NaN,0.275,0,-337.638366699219,1023.892999,NaN,NaN,NaN,NaN,NaN,NaN,NaN,NaN,NaN,NaN
