NBE,CH4,ET,LAI,SCF,EWT,ABGB,GPP_DT,ER_DT,GPP_NT,ER_NT,NBE_F,CH4_F,ET_F,NBE_ANN,CH4_ANN,ET_ANN
NaN,NaN,NaN,0,NaN,39.6866073608398,NaN,NaN,NaN,NaN,NaN,NaN,NaN,NaN,NaN,NaN,NaN
NaN,NaN,NaN,0.083333333,NaN,49.9386215209961,NaN,NaN,NaN,NaN,NaN,NaN,NaN,NaN,NaN,NaN,NaN
NaN,NaN,NaN,0.133333333,0.5488888889,55.3308944702148,NaN,NaN,NaN,NaN,NaN,NaN,NaN,NaN,NaN,NaN,NaN
NaN,NaN,NaN,0.133333333,0.4833333333,59.4404640197754,NaN,NaN,NaN,NaN,NaN,NaN,NaN,NaN,NaN,NaN,NaN
NaN,NaN,NaN,0.4,0,43.2466659545898,NaN,NaN,NaN,NaN,NaN,NaN,NaN,NaN,NaN,NaN,NaN
NaN,NaN,NaN,1.355555556,0,0.938917458057404,NaN,NaN,NaN,NaN,NaN,NaN,NaN,NaN,NaN,NaN,NaN
NaN,NaN,NaN,1.777777778,0,-29.1587333679199,NaN,NaN,NaN,NaN,NaN,NaN,NaN,NaN,NaN,NaN,NaN
NaN,NaN,NaN,1.166666667,0,-26.2489128112793,NaN,NaN,NaN,NaN,NaN,NaN,NaN,NaN,NaN,NaN,NaN
NaN,NaN,NaN,0.533333333,0,-53.111328125,NaN,NaN,NaN,NaN,NaN,NaN,NaN,NaN,NaN,NaN,NaN
NaN,NaN,NaN,1.044444444,0.2844444444,-58.5526809692383,NaN,NaN,NaN,NaN,NaN,NaN,NaN,NaN,NaN,NaN,NaN
NaN,NaN,NaN,0.094444444,NaN,-40.4056930541992,NaN,NaN,NaN,NaN,NaN,NaN,NaN,NaN,NaN,NaN,NaN
NaN,NaN,NaN,NaN,NaN,-7.15310525894165,NaN,NaN,NaN,NaN,NaN,NaN,NaN,NaN,NaN,NaN,NaN
NaN,NaN,NaN,0,NaN,9.24283599853516,NaN,NaN,NaN,NaN,NaN,NaN,NaN,NaN,NaN,NaN,NaN
NaN,NaN,NaN,0.483333333,NaN,-12.3447933197021,NaN,NaN,NaN,NaN,NaN,NaN,NaN,NaN,NaN,NaN,NaN
NaN,NaN,NaN,0.194444444,0.5205555556,8.05373096466064,NaN,NaN,NaN,NaN,NaN,NaN,NaN,NaN,NaN,NaN,NaN
NaN,NaN,NaN,0.54,0,10.3211116790771,NaN,NaN,NaN,NaN,NaN,NaN,NaN,NaN,NaN,NaN,NaN
NaN,NaN,NaN,0.8,0,1.75048279762268,NaN,NaN,NaN,NaN,NaN,NaN,NaN,NaN,NaN,NaN,NaN
NaN,NaN,NaN,1.588888889,0,-30.2871685028076,NaN,NaN,NaN,NaN,NaN,NaN,NaN,NaN,NaN,NaN,NaN
NaN,NaN,NaN,1.85,0,-63.4415054321289,NaN,NaN,NaN,NaN,NaN,NaN,NaN,NaN,NaN,NaN,NaN
NaN,NaN,NaN,1.255555556,0,-69.9292526245117,NaN,NaN,NaN,NaN,NaN,NaN,NaN,NaN,NaN,NaN,NaN
NaN,NaN,NaN,0.622222222,0,-76.7865676879883,NaN,NaN,NaN,NaN,NaN,NaN,NaN,NaN,NaN,NaN,NaN
NaN,NaN,NaN,NaN,0,-67.1340179443359,NaN,NaN,NaN,NaN,NaN,NaN,NaN,NaN,NaN,NaN,NaN
NaN,NaN,NaN,0.1,NaN,-51.1592559814453,NaN,NaN,NaN,NaN,NaN,NaN,NaN,NaN,NaN,NaN,NaN
NaN,NaN,NaN,NaN,NaN,-33.3272857666016,NaN,NaN,NaN,NaN,NaN,NaN,NaN,NaN,NaN,NaN,NaN
NaN,NaN,NaN,0,NaN,-1.75994575023651,NaN,NaN,NaN,NaN,NaN,NaN,NaN,NaN,NaN,NaN,NaN
NaN,NaN,NaN,0.0625,NaN,-20.4324340820312,NaN,NaN,NaN,NaN,NaN,NaN,NaN,NaN,NaN,NaN,NaN
NaN,NaN,NaN,0.155555556,0.4783333333,7.24138212203979,NaN,NaN,NaN,NaN,NaN,NaN,NaN,NaN,NaN,NaN,NaN
NaN,NaN,NaN,0.1,0.4811111111,30.3311157226562,NaN,NaN,NaN,NaN,NaN,NaN,NaN,NaN,NaN,NaN,NaN
NaN,NaN,NaN,NaN,0,25.8687400817871,NaN,NaN,NaN,NaN,NaN,NaN,NaN,NaN,NaN,NaN,NaN
NaN,NaN,NaN,1.588888889,0,-52.4264831542969,NaN,NaN,NaN,NaN,NaN,NaN,NaN,NaN,NaN,NaN,NaN
NaN,NaN,NaN,2.025,0,-37.7867050170898,NaN,NaN,NaN,NaN,NaN,NaN,NaN,NaN,NaN,NaN,NaN
NaN,NaN,NaN,1.188888889,0,-24.6149921417236,NaN,NaN,NaN,NaN,NaN,NaN,NaN,NaN,NaN,NaN,NaN
NaN,NaN,NaN,0.816666667,0,-43.9556846618652,NaN,NaN,NaN,NaN,NaN,NaN,NaN,NaN,NaN,NaN,NaN
NaN,NaN,NaN,0.2,0.41625,-14.0971202850342,NaN,NaN,NaN,NaN,NaN,NaN,NaN,NaN,NaN,NaN,NaN
NaN,NaN,NaN,0.025,NaN,-7.33502769470215,NaN,NaN,NaN,NaN,NaN,NaN,NaN,NaN,NaN,NaN,NaN
NaN,NaN,NaN,NaN,NaN,2.79586338996887,NaN,NaN,NaN,NaN,NaN,NaN,NaN,NaN,NaN,NaN,NaN
NaN,NaN,NaN,0.2,NaN,30.4216461181641,NaN,NaN,NaN,NaN,NaN,NaN,NaN,NaN,NaN,NaN,NaN
NaN,NaN,NaN,0.8,NaN,46.1546936035156,NaN,NaN,NaN,NaN,NaN,NaN,NaN,NaN,NaN,NaN,NaN
NaN,NaN,NaN,0.166666667,0.5427777778,80.81640625,NaN,NaN,NaN,NaN,NaN,NaN,NaN,NaN,NaN,NaN,NaN
NaN,NaN,NaN,0.105555556,0.5677777778,91.2824935913086,NaN,NaN,NaN,NaN,NaN,NaN,NaN,NaN,NaN,NaN,NaN
NaN,NaN,NaN,0.944444444,0,71.0298614501953,NaN,NaN,NaN,NaN,NaN,NaN,NaN,NaN,NaN,NaN,NaN
NaN,NaN,NaN,1.5,0,-1.37968730926514,NaN,NaN,NaN,NaN,NaN,NaN,NaN,NaN,NaN,NaN,NaN
NaN,NaN,NaN,2.1,0,-54.4841995239258,NaN,NaN,NaN,NaN,NaN,NaN,NaN,NaN,NaN,NaN,NaN
NaN,NaN,NaN,0.95,0,-64.822868347168,NaN,NaN,NaN,NaN,NaN,NaN,NaN,NaN,NaN,NaN,NaN
NaN,NaN,NaN,0.577777778,0,-41.7655982971191,NaN,NaN,NaN,NaN,NaN,NaN,NaN,NaN,NaN,NaN,NaN
NaN,NaN,NaN,1.111111111,0,-60.4723358154297,NaN,NaN,NaN,NaN,NaN,NaN,NaN,NaN,NaN,NaN,NaN
NaN,NaN,NaN,0.4,NaN,-33.5295181274414,NaN,NaN,NaN,NaN,NaN,NaN,NaN,NaN,NaN,NaN,NaN
NaN,NaN,NaN,NaN,NaN,-19.6707191467285,NaN,NaN,NaN,NaN,NaN,NaN,NaN,NaN,NaN,NaN,NaN
NaN,NaN,NaN,0.061111111,NaN,-7.54587745666504,NaN,NaN,NaN,NaN,NaN,NaN,NaN,NaN,NaN,NaN,NaN
NaN,NaN,NaN,0.061111111,NaN,-24.0633487701416,NaN,NaN,NaN,NaN,NaN,NaN,NaN,NaN,NaN,NaN,NaN
NaN,NaN,NaN,0.255555556,0.5044444444,-16.5904865264893,NaN,NaN,NaN,NaN,NaN,NaN,NaN,NaN,NaN,NaN,NaN
NaN,NaN,NaN,0.4375,0,-27.3036651611328,NaN,NaN,NaN,NaN,NaN,NaN,NaN,NaN,NaN,NaN,NaN
NaN,NaN,NaN,0.9,0,-15.9651899337769,NaN,NaN,NaN,NaN,NaN,NaN,NaN,NaN,NaN,NaN,NaN
NaN,NaN,NaN,1.388888889,0,-55.6915969848633,NaN,NaN,NaN,NaN,NaN,NaN,NaN,NaN,NaN,NaN,NaN
NaN,NaN,NaN,1.561111111,0,-54.7681732177734,NaN,NaN,NaN,NaN,NaN,NaN,NaN,NaN,NaN,NaN,NaN
NaN,NaN,NaN,1.227777778,0,-62.9819145202637,NaN,NaN,NaN,NaN,NaN,NaN,NaN,NaN,NaN,NaN,NaN
NaN,NaN,NaN,0.622222222,0,-91.708740234375,NaN,NaN,NaN,NaN,NaN,NaN,NaN,NaN,NaN,NaN,NaN
NaN,NaN,NaN,0.84,0,-86.1376953125,NaN,NaN,NaN,NaN,NaN,NaN,NaN,NaN,NaN,NaN,NaN
NaN,NaN,NaN,0.085714286,NaN,-57.3474426269531,NaN,NaN,NaN,NaN,NaN,NaN,NaN,NaN,NaN,NaN,NaN
NaN,NaN,NaN,NaN,NaN,-27.2821807861328,NaN,NaN,NaN,NaN,NaN,NaN,NaN,NaN,NaN,NaN,NaN
-0.13845222497366,NaN,NaN,1.5,NaN,NaN,NaN,0.0698646559085419,0.387670251702194,0.17684936389951,0.355886690274465,0.179037039089032,-9999,-0.0395412920042068,0.163537298349109,0.00124062179093096,-0.0446395415553057
-0.281534672859158,NaN,0.0318587090014205,0.066666667,NaN,3.97998428344727,NaN,0.325283475707486,0.568157660123143,0.262380930402857,0.172261217024576,-0.0901195201774286,-9999,0.013937462317861,-0.089500323545866,0.00125682190633441,-0.0268538459787913
-0.789533054079541,NaN,0.219365025990155,0.2,0.5605555556,3.12128663063049,NaN,0.620860310431665,0.276149429489032,0.720360504150968,0.385537657942452,-0.33482261736,-9999,0.0634516471382622,-0.437977824269862,0.000923590586409379,0.0854722306562576
-0.525598621246721,NaN,0.620613626768751,0.211111111,0.5038888889,25.066987991333,NaN,0.7844250030336,0.5042984256,0.762859138176,0.52435928088,-0.238499510904,-9999,0.470823815629409,-0.207370223118099,0.00100771406921758,0.400239606865161
-1.47578005280357,0.00113972112427071,1.42648456474266,0.777777778,0,22.0564117431641,NaN,2.18220408543019,1.14253140774194,3.35926713694297,2.84381851354839,-0.515448859573161,0.00108607817807071,1.06184909107111,-0.555255036376978,0.00102177860195402,1.07953437251822
-2.64899187959917,0.00128821951211688,2.18579906120483,1.3,0,NaN,NaN,5.3000345093256,4.14182844,5.893792813152,5.102367984,-0.791425243944,0.001232122618368,1.55489211566186,-0.976289824949409,0.00122266235897708,1.54212891205316
-3.33815256514829,0.00188775503840928,2.29887470089231,1.29375,0,-55.3208923339844,NaN,6.62553324102426,5.27213225032258,8.85264944980645,8.4401136,-0.412537779383226,0.00216886548503381,1.6069237815393,-0.937246313447874,0.00190403416189097,1.61573066064979
-2.67795038139504,0.0029269862461954,2.3099383520125,1.188888889,0,-32.5818061828613,NaN,5.183095005144,4.85941073806452,5.33780624726245,5.81379545032258,0.475999041692903,0.00340529557540645,1.35975188693792,-0.0242502600875282,0.0027754090615667,1.32542379011196
-0.156831029426312,0.00352330348979041,0.987968671894932,0.544444444,0,-40.9498062133789,NaN,2.3088131929584,3.0868884864,2.568467463516,4.6047654,2.036300760504,0.00346346442216,0.509688112756408,1.02039213636592,0.00280520841397948,0.546800293257278
0.683327620094853,NaN,0.144510553151348,0.711111111,0,-52.6086578369141,NaN,0.424134203352619,0.894716168516129,1.13081474686529,2.46961270683871,1.33879872495484,-9999,0.041190616358422,0.941621494364636,0.0020437418429703,0.0651849025309341
0.194163074716634,NaN,0.0195491834680838,0.077777778,NaN,-37.5668907165527,NaN,0.1036242924696,0.201146214393725,0.0750236496768,0.479957801068944,0.4049357593608,-9999,0.00444186790897711,0.548429022056925,0.00207720015794485,-0.0347593771069263
0.351904335284551,NaN,0.0252561125191246,NaN,NaN,17.742618560791,NaN,0.0178411846340903,0.00200832246908129,-0.176120907567329,0.330694879812155,0.506815819176774,-9999,0.000723897577488376,0.395895430763256,0.00141957709593192,-0.00181836584689113
-0.202223403977261,NaN,0.0508264317322744,0.105555556,NaN,19.8191165924072,NaN,0.049832713215871,0.00983377441436516,0.0405044289754839,0.0268904776044705,-0.013613943051871,-9999,0.0361600226944035,0.161907362911749,0.00159519286009532,-0.00758266035596354
-0.113602970388133,NaN,NaN,0.127777778,NaN,29.3924694061279,NaN,0.221301320776138,0.379708930142069,0.500688852827586,0.504847559035862,0.00415865842758621,-9999,-0.0508088876095532,-0.0075660407618295,0.000819224597444932,-0.0340795170147317
-1.15143109486872,NaN,0.217290377419931,0.233333333,0.56,48.242317199707,NaN,0.98669951422769,0.47699741888129,0.837529449257032,0.254980361264516,-0.5825496078,-9999,0.134775991075673,-0.522948330400324,0.000763570411613337,0.0846123578783837
-0.932205500121246,NaN,0.617691743014294,0.205555556,0.4466666667,57.9972457885742,NaN,1.7959845209868,1.5330943368,1.6408777346064,1.49826571992,-0.142612469136,-9999,0.43905129517531,-0.367168458867136,0.000672713850170841,0.450560858956903
-2.71982955397076,0.000587586712215972,1.64232805251198,0.688888889,0,NaN,NaN,3.10563849416957,1.67313312232258,2.99624597566142,1.77951519870968,-1.21673181058142,0.000733066054749,1.08186628737646,-1.09217536126768,0.000892043246502003,1.09234642225209
-3.42824254306582,0.00157682060304512,1.71024144662702,1.455555556,0,-8.59969997406006,NaN,6.456838065336,5.517877392,4.657674100968,3.505666248,-1.152010079856,0.001502464059288,1.25937065617818,-1.21448411139658,0.00116667787373731,1.3680283656442
-4.02486219336721,0.00195341873960313,1.68116346203538,2.011111111,0,-44.858814239502,NaN,6.44244955518193,5.37957288,6.6294481412671,5.30695298322581,-1.32249150917419,0.00215551782782013,1.26203629395867,-0.847758798450382,0.00193185431318971,1.32879861217638
-3.44797634610861,0.00245830353347473,1.57163598505427,1.4,0,-77.7544097900391,NaN,4.04789139673316,3.32915093419355,4.18660033798196,4.03051011096774,-0.156089985329032,0.00259153481619871,0.85336354107275,0.0743038033969611,0.00255663713417041,0.936060995716712
-0.569095906140208,0.00218159770643739,0.643312314232691,0.555555556,0,-47.0651588439941,NaN,1.590882225336,2.0719707984,1.361892942864,2.1008917368,0.738996765192,0.00228988444968,0.362889102136481,0.961776759237864,0.0023595853764663,0.376485410877368
0.232532878482543,NaN,0.170682276398795,0.633333333,0,NaN,NaN,0.275549644589574,0.457500928645161,0.127525780778865,0.700616562503226,0.573089349925161,-9999,0.100702456294564,0.686522053648466,0.00211684370930286,0.0888187491591043
0.399696162049977,NaN,0.0305587784399276,0.155555556,NaN,-23.4203109741211,NaN,0.0724159818648,0.2497543016904,0.176257755144,0.729379548504,0.5531220694656,-9999,0.0243518295106868,0.544447787737606,0.00189536384270426,-0.000822228309034055
0.440268262945396,NaN,NaN,NaN,NaN,-22.0335235595703,NaN,0.0130969930877419,0.00452996600244063,1.50705275445755,1.85048036731926,0.343423822018065,-9999,-0.0331419487760387,0.493463183045735,0.00160467110878396,-0.0451945824964451
-0.00919854241731845,NaN,0.0107678925507497,0.188888889,NaN,0.609864771366119,NaN,0.0383744689866581,0.0248872466543535,0.415566095613677,0.388610671144428,-0.0269543335517419,-9999,0.0317608542486948,0.225751252454626,0.00116074271674201,-0.0252561433447848
0.0198895791194347,NaN,NaN,NaN,NaN,36.1969528198242,NaN,0.221477359673314,0.140875281902726,0.168747483731143,0.264501315874777,0.0957535418921143,-9999,-0.0416648620536197,0.0119084375736935,0.000964853559385264,-0.036479679387499
-1.04888559395135,NaN,0.158198490991079,0.233333333,0.5661111111,NaN,NaN,0.727035955583923,0.342889672761987,0.870976265711458,0.328520379521032,-0.542455630511226,-9999,0.0698753031729903,-0.514161835182328,0.000656848258128803,0.0669248078157402
-1.01364140859554,NaN,0.426799192930544,0.166666667,0.5666666667,29.4256591796875,NaN,1.0138714217208,0.484099370424,1.0583731963368,0.314757468,-0.7436154923784,-9999,0.300208855062536,-0.488338443164087,0.000970157563248228,0.261632645952444
-0.873726660413596,0.000301342305195172,1.08526419812567,0.583333333,0.00833333333,62.2765312194824,NaN,2.11127449170194,1.78658993032258,2.70184819062194,2.49991321470968,-0.201935552423226,0.000752721929313882,0.836678663588357,-0.195340517579943,0.000885433489657788,0.834254685952838
-2.52782264420572,0.000814027842087914,2.21284330164109,1.805555556,0,-12.7678508758545,NaN,5.9750279150472,4.755344472,6.14289661056,5.336680176,-0.806213474424,0.000874293835824,1.71708580563031,-1.04862636216719,0.000933960212368915,1.75979417300368
-3.7679844232788,0.00227101478803396,2.21146521638948,2.266666667,0,-62.8989219665527,NaN,5.94569838269961,4.26520466012903,5.78304454601032,4.42819537548387,-1.35484865972129,0.00250650320305936,1.59100712700956,-1.12833597153761,0.00208366246539785,1.61867036353491
-3.46378375064305,0.000890917858890028,1.79627205241844,1.68,0,NaN,NaN,4.58002900926116,3.88303115690323,4.32898784298581,4.04488240258064,-0.284103598294452,0.00143471237931871,1.11704824193159,-0.0815859438432162,0.00224206575603149,1.16000280234091
-0.0378739757242718,0.00192350586658911,0.788098083861574,0.694444444,0,NaN,NaN,1.4669022228768,1.7362080936,2.1503327890176,3.3511666248,1.2008325860208,0.002381888883384,0.450361622375541,0.993537882063924,0.00236107944734423,0.412378451353425
0.831972040234387,0.00186629497303602,0.250399824146806,1.011111111,0.04111111111,-33.4917678833008,NaN,0.629094964503484,1.81117278580645,0.598865898932129,1.83187623948387,1.23301109412,0.00196633358471329,0.10866240097838,0.825823722318938,0.00158744299490167,0.113022734915069
0.739539052255648,NaN,NaN,0.161111111,NaN,-13.4630441665649,NaN,0.1577641116744,0.75207683967192,-0.0961168891319999,0.641756023349112,0.737872068744,-9999,0.0222773153227462,0.615239651543107,0.00141787766210219,-0.0363151982320018
0.486563604968812,NaN,0.0512204320736736,NaN,NaN,29.8284320831299,NaN,0.036113006979871,0.374489446628959,-0.209316501947613,0.340601382308388,0.549918533773161,-9999,0.0641210027981284,0.487028051384127,0.00116547752633805,0.013060013718111
0.408814333199224,NaN,NaN,0.3,NaN,67.3965301513672,NaN,0.0411829326724645,0.308863346075851,0.0703252897548387,0.623225898212693,0.552900987127742,-9999,-0.0517989989914659,0.3397114214185,0.000911422347333713,-0.0239294596402887
-0.16307700858678,NaN,0.0838808217348186,0.161111111,NaN,NaN,NaN,0.220221418477886,0.0784207244326348,0.800630698062857,1.10487824868214,0.304248261502286,-9999,-0.000748002272449864,0.00240022389243074,0.000717570349125149,-0.000656117513396999
-0.775495248175218,NaN,0.39748228603484,0.2,0.5322222222,71.5876846313477,NaN,0.618554595383071,0.329329172324903,0.6257636208,0.57662748288,-0.0491360958348387,-9999,0.130763837128114,-0.349439693345728,0.00045185322685199,0.169902793459931
-0.994815843570405,NaN,0.591503645447939,0.25,0.49,83.6247940063477,NaN,1.427145198084,0.94288853808,1.403967273732,1.12752411912,-0.2764419927912,-9999,0.410543545532862,-0.44550251932775,0.000383649173072203,0.413621079241004
-2.81457325779637,0.00139849726774337,1.67933650556648,1.1,0,70.1185760498047,NaN,3.56009252346813,2.08144012412903,3.06127226413161,1.67572625179355,-1.38554766195097,0.00119331774176087,1.20817146426434,-1.22027276200578,0.000864601438680209,1.19802939578865
-3.60629242736706,0.000173309344650291,2.38504196778717,1.311111111,0,32.1436309814453,NaN,5.3491015068048,4.0290273216,4.634756225928,3.2345097264,-1.400244667416,0.0005098872575952,1.44894260356029,-1.20796071496684,0.00110240517010776,1.44219379588082
-3.05427821880288,0.00161691795951684,2.3761708162367,1.5,0,NaN,NaN,5.39032385722529,4.37056065290323,7.95622922385213,7.45323496258064,-0.50299535060129,0.00152889263908955,1.60108011599047,-0.741165999316627,0.00178393221641201,1.57328297771136
-3.3607202293983,0.00335197325676346,2.44224416321434,1.038888889,0,-5.7890796661377,NaN,3.88705728673626,3.1368018123871,5.32135289956645,6.09506082580645,0.773723278265806,0.00360302242642839,1.34103360532537,0.0508211246368327,0.0032992209815806,1.32290967846465
-0.875317301803753,0.00377535749650326,0.97681383558243,0.655555556,0,-7.56964874267578,NaN,1.2749892817788,1.28963194128,4.40791675092,5.7374880624,1.329568128,0.00436532746032,0.466010318858306,0.870317400648028,0.00365016674096699,0.470158994258617
0.304228783889256,0.00152030082310696,0.234566685314905,0.35,0.02388888889,-8.40096282958984,NaN,0.266971631331019,0.666584607948387,0.300599699025832,0.902754162580645,0.60215603426431,0.00187849400230916,0.130449414788268,0.709347336207349,0.00190994088006373,0.100317622792174
0.558600526777193,NaN,NaN,0.25,NaN,7.715500831604,NaN,0.06750378240408,0.353561141899152,0.137448662112,0.867159768168,0.7297116063264,-9999,0.00389664099032766,0.608059879925607,0.00131820347739291,-0.009879934527123
0.40951210033892,NaN,NaN,NaN,NaN,NaN,NaN,0.0347008680023226,0.544482247110968,-0.0456670182890322,0.460390727148387,0.506056930992,-9999,-0.00331213439261156,0.496525348451139,0.000649762799483921,-0.0253803079805901
0.328033876599254,NaN,NaN,0,NaN,34.2746620178223,NaN,0.0887903666616774,0.58242114242263,-0.151461468955974,0.204312342804009,0.355772907016258,-9999,-0.0556605447722273,0.351452928500651,0.000883684659018105,-0.04789473956275
0.245226280936749,NaN,0.00376376626731858,0.138888889,NaN,20.9240608215332,NaN,0.217321378997143,0.178134765551691,0.123284376987429,0.490969310876467,0.367684016502857,-9999,-0.0315604748654429,0.114212472559105,0.000600590817189511,-0.0383317948173279
-0.703032438517418,NaN,0.267825215952951,0.2,0.5561111111,44.9485054016113,NaN,0.723773976008516,0.415718160442511,17.1807445280369,17.0293622641781,-0.151407113021419,-9999,0.124325203370289,-0.263584628348946,0.000434688140715787,0.120186959743494
-0.60297923342089,NaN,0.723215928351089,0.266666667,0.2144444444,75.3055648803711,NaN,0.8691400820232,0.50831386488,1.1194651015524,1.0387838232,-0.0806813417808,-9999,0.517813741474497,-0.215864336596679,0.000523254858740973,0.509599790540411
-2.25103578914137,0.000894130998552269,1.7676828929725,1.183333333,0,69.6966247558594,NaN,2.6147585900671,1.45336391535484,3.45397323709161,2.66701094709677,-0.786962025150968,0.000911308387053913,1.29989713498682,-0.900294775209856,0.000663960397321074,1.33932878980166
-3.35907210784757,NaN,2.18276329756531,1.744444444,0,NaN,NaN,4.456226396304,2.743250616,4.992034445784,3.706774992,-1.28526031224,0.001671313839552,1.63666005549509,-1.17494876310418,0.00116499953988528,1.6596679694728
-4.2104256909252,0.00197184399981755,2.45857017658234,1.333333333,0,-54.2216262817383,NaN,5.39575879122581,3.92918715870968,4.65163709945806,3.28883648516129,-1.36279751602064,0.00203135365131561,1.79294908028397,-0.911586998446408,0.00207609943802218,1.74521820089545
-3.2958645487719,0.00385689813095574,2.00103010180322,0.933333333,0,-46.0134048461914,NaN,3.80018780642323,3.11466150580645,4.08369879636387,3.49046022193548,-0.593244319819355,0.00400435346136774,1.2954872533731,0.034186067886292,0.00406880014021911,1.17501639340287
-0.97558662523359,0.00353425393923146,0.720029254470717,0.71875,0,-9.80366611480713,NaN,1.046318231088,0.9595541088,1.49183303832,2.0511933912,0.559362213072,0.00345195358632,0.481846589442775,0.799564133692131,0.00381754734966232,0.413142419145428
0.941915497328962,0.0024926633856598,0.206463314005765,0.5,NaN,NaN,NaN,0.263053220017935,1.30398323667097,0.223618024944,1.3749479163871,1.15133359217806,0.00294993284503883,0.0950404589155705,0.815330911669137,0.00244584630990205,0.106901867502727
NaN,NaN,0.0312162422467167,0,NaN,NaN,NaN,0.05937453434736,0.2674643676192,0.225839714524364,0.49933527732,0.750476995597309,-9999,0.00422229161855517,0.625693570594488,0.00130927674500084,0.0284679935074531
NaN,NaN,NaN,NaN,NaN,72.73974609375,NaN,0.0165873086175484,0.0418510084900645,-9999,0.229737078464516,-9999,-9999,-9999,0.553684097730785,0.000656791828866827,0.0289567690767125
0.102855930254961,NaN,0.017753554347517,0.15,NaN,81.4324569702148,NaN,0.0201336219641032,0.209499565375742,0.0826606751112,0.324725766270968,0.220683406104,-9999,0.0121158338439022,0.348593898694538,0.000671983990860884,-0.0108304232614868
0.319731021874286,NaN,0.0527355896451327,0.188888889,NaN,79.9963989257812,NaN,0.0759557976914483,0.547866757077517,-0.0286291224918621,0.367438120634483,0.396067203240828,-9999,-0.0390168316491552,0.112116766452076,0.000762334446522876,-0.00907700293199767
-0.522106329878264,NaN,0.19566041412377,0.15,0.5244444444,87.0078277587891,NaN,0.246030012589935,0.708728061172645,0.614725383774194,0.300209842149677,-0.314516206681548,-9999,0.142737498156357,-0.232179631081414,0.000576751117032002,0.107521333550339
-0.710649539773551,NaN,0.940044834827483,0.611111111,0.02166666667,NaN,NaN,0.866681286012,0.44247030912,1.231819985808,1.0840696272,-0.147749526288,-9999,0.703076986812852,-0.247580466588449,0.000561883488915028,0.669698838443681
-2.32082417555024,0.000986006248001991,1.65817578406715,1.244444444,0,48.6290893554688,NaN,3.28697240892387,1.81017384851613,3.14403534885832,2.0351538603871,-1.10888279814194,0.000998830504590968,1.31612262817493,-1.14673108099311,0.000835313364339955,1.28249892068049
-3.28745997723215,0.00135284595856129,2.14332396407831,1.7,0,1.52088582515717,NaN,5.0739196518,3.896965728,4.5524663901072,3.327021864,-1.2254387153328,0.0014879389239792,1.67199268656183,-1.14666989733632,0.00138703627260738,1.63178883076263
-2.94245352201547,0.00314384598821091,2.30928304295892,1.722222222,0,-45.9661827087402,NaN,4.54754537858323,3.39443352,4.4424057172896,3.70118257548387,-0.741222550651355,0.00330439778947974,1.71486356830495,-0.508030293145576,0.00297218241537517,1.65966859829495
-3.6977190362839,0.00929164284529917,2.23737081006994,1.188888889,0,-26.6655445098877,NaN,4.61531698778322,4.57483721806452,3.64901585555613,3.27099314322581,-0.378022458565161,0.012801567915871,1.36726434353659,-0.184574631017571,0.00629393676222777,1.40260608098854
-0.999652409334662,0.00955518462313616,0.937948485636287,0.811111111,0,NaN,NaN,1.441307734704,1.3197899664,1.498487891688,2.1881186856,0.689633257968,0.011041606278,0.590033152390267,0.568079272843882,0.00730560483316727,0.548077595341321
0.874635286076997,0.00484437440285184,0.168956223314951,2.1,0,NaN,NaN,0.0714232094952774,0.221510642585806,0.792188891605161,1.69925353130323,0.907065692663226,0.0053545022500608,0.0759443562662972,0.733991155920018,0.00383326465782671,0.112512408125444
0.630620311175677,NaN,NaN,4.9125,NaN,-58.4474334716797,NaN,0.0229859770176,0.288015435322322,-0.04547542644,0.7775237943504,0.823000689144,-9999,-0.135559043455108,0.718516269571068,0.00183178811210784,-0.068408150633259
NaN,NaN,NaN,NaN,NaN,-30.4535846710205,NaN,0.0174536444875355,0.344680590580246,-0.262370844032516,0.233469559732645,0.49584058379071,-9999,-0.0683024865176843,0.648764338475392,0.000902660549957193,-0.00777224744442981
0.424799229720866,NaN,NaN,0.05,NaN,-11.6313991546631,NaN,0.101181333694761,0.425645068427692,-0.201862260250839,0.255351454965781,0.4572141228,-9999,-0.0466773600364243,0.455875634721913,0.000736234664990105,-0.0365486874449286
-0.153799672580752,NaN,0.0771926761334165,0.127777778,NaN,NaN,NaN,0.179937196146,0.150816067559316,0.138213696268286,0.210036781140419,0.0718230614142857,-9999,0.0284029054659027,0.0809499003787177,0.000832380782619669,0.0275936494508322
-1.56554254787507,NaN,0.142152685178741,0.166666667,0.5755555556,17.7764873504639,NaN,1.00344750712723,0.338670594740593,0.857966517220645,0.158924316652293,-0.699040001447582,-9999,0.0822840442971601,-0.550110572658791,0.00105809218573639,0.0548993803962369
-0.156575243162736,NaN,0.653058762676959,0.15,0.5311111111,5.16197299957275,NaN,0.9786972716928,1.24642593,0.67707652698,0.65765930688,-0.0194172898752,-9999,0.589461968530118,-0.0793912735040415,0.000741381697820815,0.554994466062863
-2.17008159608364,0.00111176408005782,1.69218461653387,1,0,9.86295890808105,NaN,2.46720038719123,1.10763781316129,2.79534737085677,1.89690251690323,-0.898443180162581,0.001183078397448,1.22784917521765,-0.97926852563865,0.00112605771614071,1.20875072131247
-3.05431443842549,0.000701531976284014,2.51458841874139,1.805555556,0,-31.8300552368164,NaN,4.875085806372,3.4651056384,4.99493096496,3.870894888,-1.1240348757408,0.000908184880296,1.95693038802935,-1.26789126004921,0.00108247680174345,1.95082358283668
-3.71421081259183,0.0026635708904675,2.58862283490393,1.925,0,NaN,NaN,6.28166086409032,5.51096630709677,5.72255352332129,4.94735151483871,-0.775198080104516,0.00306439577247484,1.80578881664271,-0.851225710613685,0.00288193427014669,1.83454294587042
-2.96803217698678,0.00537548527343202,1.98167509392715,1.277777778,0,NaN,NaN,4.35699000069677,3.49256920412903,4.54012875499355,4.48231222451613,-0.0578189823909677,0.00669405049060645,1.28716514456978,-0.195400931226675,0.00568418618103454,1.29415914398116
-1.18811781612416,0.00667037375380184,1.11971431982182,0.788888889,0,NaN,NaN,1.49927162707008,1.2746728872,2.2096735820856,2.942800488,0.7331281878888,0.007929518288184,0.582046661653505,0.489525358062729,0.00638695276989885,0.588928498876075
0.515342064787647,0.0036621258650407,0.310190086332981,0.683333333,0,NaN,NaN,0.410238230562581,0.664955156903226,0.915251609729032,1.54163400154839,0.626381458922323,0.00335484237168,0.211840382102889,0.710550542915547,0.00384521539566398,0.108458085830108
NaN,NaN,NaN,0.083333333,NaN,NaN,NaN,0.060505616304,0.0843900052716,-0.111573621432,0.803417810832,0.914990058,-9999,-0.00501837736393923,0.700456640906309,0.00217679745708516,-0.047172836278699
NaN,NaN,NaN,NaN,NaN,NaN,NaN,0.00820639463922581,0.0798351265033548,-0.0649153501037419,0.732312743225806,0.797228147427097,-9999,-0.0781523803506132,0.565406661067389,0.000739705960039744,-0.0438248726035609
NaN,NaN,NaN,0,NaN,NaN,NaN,0.0287382705909677,0.0261441783829231,-0.133137926988387,0.233122184658581,0.366261388443871,-9999,-0.059425130117367,0.443605879472003,6.22523000566488e-05,-0.0444580199989203
-0.0929171110298327,NaN,0.0603548522266694,0.05,NaN,NaN,NaN,0.126445036253143,0.0378536502596657,0.0590585973274286,0.110632939853143,0.0515743645114286,-9999,0.00777012179732018,0.127124577880076,0.000613370355650975,-0.026492234086804
-0.335252242483494,NaN,0.140455006794333,0.116666667,0.5583333333,NaN,NaN,0.252694815027097,0.0487575423094064,0.429901892709677,0.325283781277161,-0.104617823406968,-9999,0.0669758301463603,-0.213245854847931,0.00088011577089555,0.0592719062246683
-0.454489362137719,NaN,0.496640753575178,0.188888889,0.5788888889,NaN,NaN,0.41200366545144,0.117200577816,0.475175915892,0.282471549336,-0.1927043945424,-9999,0.364965919893319,-0.15747464595473,0.000882299265203755,0.354479975426841
-2.12589342427225,0.000982071186010843,1.20740298959407,1.05,0,NaN,NaN,2.50836984893729,1.25232414503226,2.77912211878452,1.96449682529032,-0.814624115179355,0.000745509898924138,0.818775712832213,-0.941407826231498,0.00110189273983746,0.839026144186539
-3.65120164787529,0.00158136685704299,1.7022159668449,1.778571429,0,-43.581127166748,NaN,5.0693264669592,3.245881248,6.083943784128,4.349086344,-1.734857367336,0.001776112042968,1.27194534467226,-1.62624027907735,0.00175510495240709,1.25769048169343
-4.06326175900449,0.00321501099811535,1.97965389667739,2.033333333,0,-67.2403259277344,NaN,5.78025061074581,4.16953170348387,7.58914014778839,6.53187010064516,-1.05727079903226,0.0035997217640129,1.36130268356877,-1.21143871208618,0.00331016990369024,1.38399117790804
-2.5927546491236,0.00451276931779627,1.21036771774248,NaN,0,NaN,NaN,3.9613119736889,3.26737648103226,4.33905569247252,3.95764411354839,-0.381413217576774,0.00506594049607742,0.779771407653678,-0.158790586044499,0.00545542588746965,0.777450021157554
-0.584605450809224,0.00448085626558365,0.613065464380832,0.755555556,0,NaN,NaN,2.0784729813408,2.728275048,1.8289876295088,2.593513224,0.76452402888,0.005734097331696,0.353549403026884,0.603607303038981,0.00558578895494106,0.352727520183762
0.572651725773913,0.00345389156383482,0.218545607317582,1.68,0,-46.9208450317383,NaN,0.440468374893677,0.759330761179355,0.583835615904774,1.36170113806452,0.777862968015484,0.00395999899731871,0.108468026590346,0.665142473201547,0.00430852474870168,0.123180976259348
0.531175053863102,NaN,NaN,0.2,NaN,-41.4480209350586,NaN,0.116008142832,0.296767555632,0.0672969077424,0.66999142296,0.6026945576544,-9999,-0.00390128184138773,0.623994696452666,0.00247504595832306,-0.0268465325414838
NaN,NaN,NaN,NaN,NaN,-6.51266622543335,NaN,0.00793545679509677,0.377774481479226,-0.467375017540645,0.235048919109677,0.702423943016051,-9999,-0.0101824543522759,0.635352754822466,0.00101397499309676,-0.0367188859672852
NaN,NaN,NaN,0.1,NaN,-0.962026596069336,NaN,NaN,NaN,NaN,NaN,NaN,NaN,NaN,NaN,NaN,NaN
NaN,NaN,NaN,0.094444444,NaN,-4.62199592590332,NaN,NaN,NaN,NaN,NaN,NaN,NaN,NaN,NaN,NaN,NaN
NaN,NaN,NaN,0.155555556,0.5505555556,28.3474617004395,NaN,NaN,NaN,NaN,NaN,NaN,NaN,NaN,NaN,NaN,NaN
NaN,NaN,NaN,1,0.1883333333,44.0296096801758,NaN,NaN,NaN,NaN,NaN,NaN,NaN,NaN,NaN,NaN,NaN
NaN,NaN,NaN,1.1,0,18.9336166381836,NaN,NaN,NaN,NaN,NaN,NaN,NaN,NaN,NaN,NaN,NaN
NaN,NaN,NaN,2.083333333,0,-65.6128082275391,NaN,NaN,NaN,NaN,NaN,NaN,NaN,NaN,NaN,NaN,NaN
NaN,NaN,NaN,2.4,0,-134.592514038086,NaN,NaN,NaN,NaN,NaN,NaN,NaN,NaN,NaN,NaN,NaN
NaN,NaN,NaN,0.9,0,-86.2125473022461,NaN,NaN,NaN,NaN,NaN,NaN,NaN,NaN,NaN,NaN,NaN
NaN,NaN,NaN,0.7,0,-97.8868179321289,NaN,NaN,NaN,NaN,NaN,NaN,NaN,NaN,NaN,NaN,NaN
NaN,NaN,NaN,0.933333333,NaN,-73.0210113525391,NaN,NaN,NaN,NaN,NaN,NaN,NaN,NaN,NaN,NaN,NaN
NaN,NaN,NaN,0.138888889,NaN,-50.0744018554688,NaN,NaN,NaN,NaN,NaN,NaN,NaN,NaN,NaN,NaN,NaN
NaN,NaN,NaN,NaN,NaN,0.717386960983276,NaN,NaN,NaN,NaN,NaN,NaN,NaN,NaN,NaN,NaN,NaN
NaN,NaN,NaN,0.111111111,NaN,24.7869033813477,NaN,NaN,NaN,NaN,NaN,NaN,NaN,NaN,NaN,NaN,NaN
NaN,NaN,NaN,0.088888889,NaN,40.3950271606445,NaN,NaN,NaN,NaN,NaN,NaN,NaN,NaN,NaN,NaN,NaN
NaN,NaN,NaN,0.133333333,0.6477777778,61.4869613647461,NaN,NaN,NaN,NaN,NaN,NaN,NaN,NaN,NaN,NaN,NaN
NaN,NaN,NaN,0.191666667,0.5072222222,93.0316467285156,NaN,NaN,NaN,NaN,NaN,NaN,NaN,NaN,NaN,NaN,NaN
NaN,NaN,NaN,1.1,0,60.3803215026855,NaN,NaN,NaN,NaN,NaN,NaN,NaN,NaN,NaN,NaN,NaN
NaN,NaN,NaN,1.938888889,0,-12.9143390655518,NaN,NaN,NaN,NaN,NaN,NaN,NaN,NaN,NaN,NaN,NaN
NaN,NaN,NaN,2.22,0,-50.3286437988281,NaN,NaN,NaN,NaN,NaN,NaN,NaN,NaN,NaN,NaN,NaN
NaN,NaN,NaN,1.277777778,0,-71.0792007446289,NaN,NaN,NaN,NaN,NaN,NaN,NaN,NaN,NaN,NaN,NaN
NaN,NaN,NaN,0.677777778,0,-71.830451965332,NaN,NaN,NaN,NaN,NaN,NaN,NaN,NaN,NaN,NaN,NaN
NaN,NaN,NaN,1.5,0,-64.3491287231445,NaN,NaN,NaN,NaN,NaN,NaN,NaN,NaN,NaN,NaN,NaN
NaN,NaN,NaN,0.011111111,NaN,-41.7077560424805,NaN,NaN,NaN,NaN,NaN,NaN,NaN,NaN,NaN,NaN,NaN
NaN,NaN,NaN,NaN,NaN,4.95080041885376,NaN,NaN,NaN,NaN,NaN,NaN,NaN,NaN,NaN,NaN,NaN
NaN,NaN,NaN,0.1,NaN,-1.86104798316956,NaN,NaN,NaN,NaN,NaN,NaN,NaN,NaN,NaN,NaN,NaN
NaN,NaN,NaN,0.1,NaN,-19.184513092041,NaN,NaN,NaN,NaN,NaN,NaN,NaN,NaN,NaN,NaN,NaN
NaN,NaN,NaN,0.141666667,0.5427777778,-3.7163302898407,NaN,NaN,NaN,NaN,NaN,NaN,NaN,NaN,NaN,NaN,NaN
NaN,NaN,NaN,0.144444444,0.6011111111,NaN,NaN,NaN,NaN,NaN,NaN,NaN,NaN,NaN,NaN,NaN,NaN
NaN,NaN,NaN,1.18,0,NaN,NaN,NaN,NaN,NaN,NaN,NaN,NaN,NaN,NaN,NaN,NaN
NaN,NaN,NaN,2.133333333,0,NaN,NaN,NaN,NaN,NaN,NaN,NaN,NaN,NaN,NaN,NaN,NaN
NaN,NaN,NaN,2.055555556,0,NaN,NaN,NaN,NaN,NaN,NaN,NaN,NaN,NaN,NaN,NaN,NaN
NaN,NaN,NaN,1.3,0,NaN,NaN,NaN,NaN,NaN,NaN,NaN,NaN,NaN,NaN,NaN,NaN
NaN,NaN,NaN,0.877777778,0,NaN,NaN,NaN,NaN,NaN,NaN,NaN,NaN,NaN,NaN,NaN,NaN
NaN,NaN,NaN,0.5,NaN,NaN,NaN,NaN,NaN,NaN,NaN,NaN,NaN,NaN,NaN,NaN,NaN
NaN,NaN,NaN,0.266666667,NaN,NaN,NaN,NaN,NaN,NaN,NaN,NaN,NaN,NaN,NaN,NaN,NaN
NaN,NaN,NaN,NaN,NaN,NaN,NaN,NaN,NaN,NaN,NaN,NaN,NaN,NaN,NaN,NaN,NaN
