NBE,CH4,ET,LAI,SCF,EWT,ABGB,GPP_DT,ER_DT,GPP_NT,ER_NT,NBE_F,CH4_F,ET_F,NBE_ANN,CH4_ANN,ET_ANN
NaN,NaN,NaN,0.1,0.3583333333,38.5479621887207,NaN,NaN,NaN,NaN,NaN,NaN,NaN,NaN,NaN,NaN,NaN
NaN,NaN,NaN,3.266666667,0,40.0230560302734,NaN,NaN,NaN,NaN,NaN,NaN,NaN,NaN,NaN,NaN,NaN
NaN,NaN,NaN,4.077777778,0,64.6438980102539,NaN,NaN,NaN,NaN,NaN,NaN,NaN,NaN,NaN,NaN,NaN
NaN,NaN,NaN,5.222222222,0,22.2321319580078,NaN,NaN,NaN,NaN,NaN,NaN,NaN,NaN,NaN,NaN,NaN
NaN,NaN,NaN,5.261111111,0,-25.2299022674561,NaN,NaN,NaN,NaN,NaN,NaN,NaN,NaN,NaN,NaN,NaN
NaN,NaN,NaN,5.742857143,0,25.840934753418,NaN,NaN,NaN,NaN,NaN,NaN,NaN,NaN,NaN,NaN,NaN
NaN,NaN,NaN,4.916666667,0,2.02566504478455,NaN,NaN,NaN,NaN,NaN,NaN,NaN,NaN,NaN,NaN,NaN
NaN,NaN,NaN,5.338888889,0,-9.51916790008545,NaN,NaN,NaN,NaN,NaN,NaN,NaN,NaN,NaN,NaN,NaN
NaN,NaN,NaN,4.716666667,0,-41.8191833496094,NaN,NaN,NaN,NaN,NaN,NaN,NaN,NaN,NaN,NaN,NaN
NaN,NaN,NaN,2.485714286,0,-75.6749572753906,NaN,NaN,NaN,NaN,NaN,NaN,NaN,NaN,NaN,NaN,NaN
NaN,NaN,NaN,2.588888889,0,-35.4817161560059,NaN,NaN,NaN,NaN,NaN,NaN,NaN,NaN,NaN,NaN,NaN
NaN,NaN,NaN,2.833333333,NaN,35.5666389465332,NaN,NaN,NaN,NaN,NaN,NaN,NaN,NaN,NaN,NaN,NaN
NaN,NaN,NaN,2.25,0,54.7179870605469,NaN,NaN,NaN,NaN,NaN,NaN,NaN,NaN,NaN,NaN,NaN
NaN,NaN,NaN,2.766666667,0,31.4266796112061,NaN,NaN,NaN,NaN,NaN,NaN,NaN,NaN,NaN,NaN,NaN
NaN,NaN,NaN,4.45,0,50.611198425293,NaN,NaN,NaN,NaN,NaN,NaN,NaN,NaN,NaN,NaN,NaN
NaN,NaN,NaN,5.533333333,0,80.4151306152344,NaN,NaN,NaN,NaN,NaN,NaN,NaN,NaN,NaN,NaN,NaN
NaN,NaN,NaN,4.994444444,0,49.2583503723145,NaN,NaN,NaN,NaN,NaN,NaN,NaN,NaN,NaN,NaN,NaN
NaN,NaN,NaN,4.911111111,0,39.8919563293457,NaN,NaN,NaN,NaN,NaN,NaN,NaN,NaN,NaN,NaN,NaN
NaN,NaN,NaN,5.016666667,0,-25.2190475463867,NaN,NaN,NaN,NaN,NaN,NaN,NaN,NaN,NaN,NaN,NaN
NaN,NaN,NaN,5.555555556,0,-69.2634506225586,NaN,NaN,NaN,NaN,NaN,NaN,NaN,NaN,NaN,NaN,NaN
NaN,NaN,NaN,4.822222222,0,-83.7603073120117,NaN,NaN,NaN,NaN,NaN,NaN,NaN,NaN,NaN,NaN,NaN
NaN,NaN,NaN,3.5375,0,-73.8051605224609,NaN,NaN,NaN,NaN,NaN,NaN,NaN,NaN,NaN,NaN,NaN
NaN,NaN,NaN,NaN,0,-0.584927916526794,NaN,NaN,NaN,NaN,NaN,NaN,NaN,NaN,NaN,NaN,NaN
NaN,NaN,NaN,2.488888889,NaN,62.8953323364258,NaN,NaN,NaN,NaN,NaN,NaN,NaN,NaN,NaN,NaN,NaN
NaN,NaN,NaN,1.261111111,0,71.4977951049805,NaN,NaN,NaN,NaN,NaN,NaN,NaN,NaN,NaN,NaN,NaN
NaN,NaN,NaN,0.62,0.5666666667,79.3688812255859,NaN,NaN,NaN,NaN,NaN,NaN,NaN,NaN,NaN,NaN,NaN
NaN,NaN,NaN,3.466666667,0,97.6865234375,NaN,NaN,NaN,NaN,NaN,NaN,NaN,NaN,NaN,NaN,NaN
NaN,NaN,NaN,4.925,0,80.7778549194336,NaN,NaN,NaN,NaN,NaN,NaN,NaN,NaN,NaN,NaN,NaN
NaN,NaN,NaN,4.805555556,0,52.9313888549805,NaN,NaN,NaN,NaN,NaN,NaN,NaN,NaN,NaN,NaN,NaN
NaN,NaN,NaN,5.138888889,0,-11.220799446106,NaN,NaN,NaN,NaN,NaN,NaN,NaN,NaN,NaN,NaN,NaN
NaN,NaN,NaN,5.05,0,-64.5166168212891,NaN,NaN,NaN,NaN,NaN,NaN,NaN,NaN,NaN,NaN,NaN
NaN,NaN,NaN,5.133333333,0,-88.2796096801758,NaN,NaN,NaN,NaN,NaN,NaN,NaN,NaN,NaN,NaN,NaN
NaN,NaN,NaN,4.81875,0,-132.66845703125,NaN,NaN,NaN,NaN,NaN,NaN,NaN,NaN,NaN,NaN,NaN
NaN,NaN,NaN,3.244444444,0,-136.323211669922,NaN,NaN,NaN,NaN,NaN,NaN,NaN,NaN,NaN,NaN,NaN
NaN,NaN,NaN,3.25,0,-86.7456741333008,NaN,NaN,NaN,NaN,NaN,NaN,NaN,NaN,NaN,NaN,NaN
NaN,NaN,NaN,3.977777778,NaN,-10.3610820770264,NaN,NaN,NaN,NaN,NaN,NaN,NaN,NaN,NaN,NaN,NaN
NaN,NaN,NaN,NaN,0.6772222222,39.3908271789551,NaN,NaN,NaN,NaN,NaN,NaN,NaN,NaN,NaN,NaN,NaN
NaN,NaN,NaN,0.744444444,0,45.6315574645996,NaN,NaN,NaN,NaN,NaN,NaN,NaN,NaN,NaN,NaN,NaN
NaN,NaN,NaN,1.972222222,0,27.4326515197754,NaN,NaN,NaN,NaN,NaN,NaN,NaN,NaN,NaN,NaN,NaN
NaN,NaN,NaN,4.05,0,16.4939231872559,NaN,NaN,NaN,NaN,NaN,NaN,NaN,NaN,NaN,NaN,NaN
NaN,NaN,NaN,4.905555556,0,-11.4282875061035,NaN,NaN,NaN,NaN,NaN,NaN,NaN,NaN,NaN,NaN,NaN
NaN,NaN,NaN,4.772222222,0,-35.1908149719238,NaN,NaN,NaN,NaN,NaN,NaN,NaN,NaN,NaN,NaN,NaN
NaN,NaN,NaN,5.061111111,0,-93.4633026123047,NaN,NaN,NaN,NaN,NaN,NaN,NaN,NaN,NaN,NaN,NaN
NaN,NaN,NaN,5.016666667,0,-99.6569213867188,NaN,NaN,NaN,NaN,NaN,NaN,NaN,NaN,NaN,NaN,NaN
NaN,NaN,NaN,4.158333333,0,-100.585906982422,NaN,NaN,NaN,NaN,NaN,NaN,NaN,NaN,NaN,NaN,NaN
NaN,NaN,NaN,3.74,0,-87.4554290771484,NaN,NaN,NaN,NaN,NaN,NaN,NaN,NaN,NaN,NaN,NaN
NaN,NaN,NaN,3.166666667,0,-30.901481628418,NaN,NaN,NaN,NaN,NaN,NaN,NaN,NaN,NaN,NaN,NaN
NaN,NaN,NaN,NaN,NaN,50.4649887084961,NaN,NaN,NaN,NaN,NaN,NaN,NaN,NaN,NaN,NaN,NaN
NaN,NaN,NaN,2.933333333,0,NaN,NaN,NaN,NaN,NaN,NaN,NaN,NaN,NaN,NaN,NaN,NaN
NaN,NaN,NaN,1.15,0,53.4388198852539,NaN,NaN,NaN,NaN,NaN,NaN,NaN,NaN,NaN,NaN,NaN
NaN,NaN,NaN,4.025,0,44.5305099487305,NaN,NaN,NaN,NaN,NaN,NaN,NaN,NaN,NaN,NaN,NaN
NaN,NaN,NaN,5.177777778,0,-3.58796882629395,NaN,NaN,NaN,NaN,NaN,NaN,NaN,NaN,NaN,NaN,NaN
NaN,NaN,NaN,5.111111111,0,-82.1236572265625,NaN,NaN,NaN,NaN,NaN,NaN,NaN,NaN,NaN,NaN,NaN
NaN,NaN,NaN,4.666666667,0,NaN,NaN,NaN,NaN,NaN,NaN,NaN,NaN,NaN,NaN,NaN,NaN
NaN,NaN,NaN,5.172222222,0,-106.432579040527,NaN,NaN,NaN,NaN,NaN,NaN,NaN,NaN,NaN,NaN,NaN
NaN,NaN,NaN,5.283333333,0,-99.323844909668,NaN,NaN,NaN,NaN,NaN,NaN,NaN,NaN,NaN,NaN,NaN
NaN,NaN,NaN,5.116666667,0,-131.256805419922,NaN,NaN,NaN,NaN,NaN,NaN,NaN,NaN,NaN,NaN,NaN
NaN,NaN,NaN,3.511111111,0,-135.195434570312,NaN,NaN,NaN,NaN,NaN,NaN,NaN,NaN,NaN,NaN,NaN
NaN,NaN,NaN,NaN,0,-111.033546447754,NaN,NaN,NaN,NaN,NaN,NaN,NaN,NaN,NaN,NaN,NaN
NaN,NaN,NaN,NaN,0,26.3578834533691,NaN,NaN,NaN,NaN,NaN,NaN,NaN,NaN,NaN,NaN,NaN
0.634357465019025,0.0216117742598898,0.643356367153602,NaN,0,33.7959365844727,NaN,1.83849721196052,3.27058800310452,1.92677546747613,3.54874735997419,1.62197539037419,0.0238213935964599,0.517158724194727,1.0220330649258,0.0138189776099086,0.493099661137658
0.990565425296305,0.00644685191246875,0.759219149278961,0.483333333,0.06222222222,25.8438663482666,NaN,0.513632365760607,0.900716129801379,0.220882300286897,1.42414465382069,1.20326261714317,0.00768147049186759,0.499731345477058,0.963095492807692,0.0061427328650993,0.520226821806828
3.07173303799425,0.00361966186187931,1.75474702350397,2.84375,0,26.0885829925537,NaN,0.16645621554209,1.42381858424516,1.02676272575226,3.72272646077419,2.69596549995097,0.00927919848286452,0.982349330705822,2.67919701225995,0.00348278988498352,1.036723910843
3.92253753781423,0.00590414090298616,2.07094839534446,5,0,-26.4543991088867,NaN,1.1681162329608,3.462108351768,2.66905418904,7.14532505904,4.476263025096,0.0057491515512,1.47887287263463,3.62498087907928,0.00605852481233733,1.46613858679789
1.6719319576191,0.00883817602646686,2.94179569193333,4.585714286,0,NaN,NaN,3.80066060401548,5.19438703698581,8.11306478229677,11.7606453997935,3.64759391710452,0.00821069192062452,2.28044154616449,2.67358338014981,0.00799834834224211,2.26825607483594
-4.5584592189983,0.00934994322149674,3.78810857405984,4.161111111,0,-18.4546871185303,NaN,11.08443458556,9.59804603424,10.563577025688,9.62690944968,-0.93668852664,0.00874964876976,2.76755682528188,-0.745992988104782,0.00739210534910899,2.75870212581886
-6.75364009483932,0.00449189392318535,3.74233793264521,5.277777778,0,-48.167121887207,NaN,11.5821543618813,8.75620369163613,12.0462043878813,10.1117314258839,-1.93446768309677,0.00455137449956129,2.7216087409966,-2.16441181826979,0.00425804387787928,2.77487604238044
-4.26562566438293,0.00655228138709035,6.28212909787038,5.25,0,-130.896636962891,NaN,9.48004215133703,9.47946510571355,12.1689464734452,12.7917377168516,0.622776655254194,0.00517501901564129,3.6646277689546,0.11475242350059,0.00498740668692971,3.87079050607591
-6.45417708366555,0.00744609821743079,4.2632240144373,4.622222222,0,-140.570922851562,NaN,7.710545524896,6.571129266504,8.11111062168,8.0961049188,-0.0149942530800001,0.0054635493654,2.39521619853358,-0.729918745595354,0.00549218162281389,2.46942628936058
-4.6677673813244,0.00195417574582365,1.96555001064893,2.066666667,0,NaN,NaN,4.35750650477419,5.1064773651871,4.13892923095742,4.38645515016774,0.247531679442581,0.00107572519486452,1.31467909284774,0.851892908912482,0.00345014363782815,1.32512159383086
-3.13239769143362,0.00148033915181214,0.878166949516069,NaN,0,-21.6582870483398,NaN,2.8170402212664,1.67182547832,3.59912429388,2.93603928264,-0.66308038848,0.00179618036616,0.62163551334059,-0.15742326328005,0.00342978005806352,0.709757168400814
-0.859870172774453,2.62263010363593e-05,0.865075022965061,NaN,0.491,1.75213873386383,NaN,1.61395118958194,1.87165575685161,3.51237821016774,2.67596708818064,-0.836414287292903,-0.000200613576541934,0.399623540631476,-0.0288461794625339,0.00320915575313087,0.513216736200798
-1.38231540044895,0.001364455704121,0.524631302582639,2.666666667,0.4116666667,53.8897666931152,NaN,1.55278928069652,1.00499282266065,2.47673254412903,2.28042798503226,-0.19631178603871,0.00139212107303226,0.428683224711101,0.235174391717887,0.00321986203955182,0.467516090360459
-1.05552454048931,0.00843352080480764,0.77354433113136,0.333333333,0.3344444444,98.7282943725586,NaN,1.96711305477429,1.15165725811714,2.13400829712446,1.9938786282,-0.140132814942857,0.00801162023888572,0.66553079105541,-0.20123969922808,0.00682852687494049,0.588795946346262
-3.58723839904385,0.00742052902615892,1.47414356036549,3.222222222,0,NaN,NaN,5.34970246470968,3.22574089712516,5.2364061366271,2.84442132147097,-2.39198392196129,0.00801027620976774,1.1952901840167,-2.1284804639645,0.00762021996124465,1.11948622442227
-9.62623802205068,0.00969680694240959,3.34077580971099,4.794444444,0,42.7674942016602,NaN,10.372369476024,5.286165941808,10.44737403156,4.19793567192,-6.24943785024,0.01057282669584,2.30273731546493,-5.39852940944005,0.00865516594797494,2.3202111346528
-12.686646753441,0.00854258042994732,5.18201344517748,4.805555556,0,57.2695846557617,NaN,13.3503990484181,7.30543810522065,13.2780681397858,6.91935501251613,-6.35870939876129,0.00744085770270968,3.32818656381295,-6.4932683571624,0.00728339167844058,3.22961562430317
-1.5846438909843,0.0072910114715375,4.958687338092,4.25,0,41.9085006713867,NaN,7.7808445791768,7.617288959424,7.003187080416,7.04318680152,0.0399930184800002,0.00701367145776,3.66757749462292,0.297867591482518,0.00762036851178246,3.64781617602717
-3.46772506595058,0.00501858291145736,6.41127531683834,5.133333333,0,-49.5866813659668,NaN,9.39554747094193,8.38388621664,9.66825408402581,8.38157998714839,-1.28667961136439,0.00839357223189677,4.52917724892034,-0.45030183555914,0.00720078635236321,4.68050549428656
-5.96416717417043,0.0041889516251174,6.27165925088573,4.616666667,0,NaN,NaN,9.20299303674581,7.7513780915071,8.9148108276,6.22123425058065,-2.69356645532903,0.00379646254674581,3.79127142737312,-1.52173581503381,0.00447677028479378,3.98484321163746
-7.80357714079133,0.00598491552630739,4.3745725988974,5.575,0,NaN,NaN,9.54697122576,8.177971753656,9.287347955256,7.16774187312,-2.11960543104,0.007043377629744,2.65626932044571,-1.95541526885627,0.0058589948658164,2.59757335873256
-2.0806476041537,0.00438465542226908,2.20600138073572,4.377777778,0,-74.5134887695312,NaN,5.48030801982194,6.59845703826581,7.29689100422168,8.67089206428387,1.37400248013677,0.00322768163357419,1.30681630725529,0.522884373538832,0.0047896238334368,1.35517309933134
-0.767982695747239,0.00828265175403869,1.22040332836331,4.011111111,0,32.932502746582,NaN,2.535562063152,3.36105697824,4.080171802032,5.30777568024,1.22759828928,0.00738557365104,0.801968502431884,0.735471878576836,0.00749230949510639,0.697454014189323
-2.18510753688209,0.0050712315442511,0.428828513881913,2.9,0.05777777778,0.890413463115692,NaN,1.6396973471729,1.05989938511226,2.03395832581935,0.897324480696774,-1.13662852879123,0.00435703843277419,0.193426521728423,-0.224551905736334,0.00479705512801305,0.293034582132799
-1.52740177554972,0.00654325721963986,0.725234886791266,2.166666667,0,23.0569343566895,NaN,1.96260816908903,1.43619651099871,2.32921954424903,1.64368847821935,-0.685527236314839,0.00651390131531613,0.419997882538999,-0.177740671534097,0.0062244226161032,0.442722804550745
-3.21876623135385,0.0242029945266831,1.24019285476469,2.161111111,0,NaN,NaN,3.10774968223714,2.38783898792571,3.31869664315286,2.11526787882857,-1.20342958500857,0.0229944424088109,0.696579441447278,-0.836083776464545,0.0182640771175104,0.749560841808468
-7.77724951725394,0.00975079992280018,2.71718322803429,3.933333333,0,103.37126159668,NaN,7.47814961998452,4.34770773215226,9.66775037341935,5.62699622833548,-4.04075531022968,0.00845160270041032,1.49010026938352,-3.46923308083646,0.00812194018849376,1.55588935904479
-12.8886399300518,0.00902289329293205,3.77732401403883,5.361111111,0,10.0408325195312,NaN,11.67468146064,6.300891057888,12.21754977648,2.41679722968,-9.800750107728,0.00882514207008,2.60802559966971,-7.69246105075083,0.00875252909327964,2.59809834334862
-5.05604139534612,0.0313208503975502,4.35484087881235,4.822222222,0,-2.67060565948486,NaN,9.39657017763871,7.26780464595871,8.96812479724645,6.34247621628387,-2.62565981372903,0.0305183496618581,3.42580795297486,-2.71400878443964,0.0251881616547509,3.27473902218473
-6.31599719481616,-0.000966231735404803,6.18078217142121,5.061111111,0,-48.2816886901855,NaN,10.879702113744,7.923024161136,9.97627714272,6.54692827248,-3.42934848216,-0.0013066714278,4.69648153179332,-2.76103165719683,0.00477195269892501,4.66527483486513
-8.79919314509791,0.00424834294702279,5.58413232814356,5.194444444,0,NaN,NaN,14.8435940278684,13.4195458612645,9.87462229647484,6.80440418895484,-3.07020209132903,0.00350176830131613,3.75516306123186,-3.1303936152956,0.00608568984089176,3.67812146536057
-8.18003767207743,0.00288083310499672,4.93617940386899,5.433333333,0,-32.5623168945312,NaN,10.315272549089,7.88152849769032,10.240040962368,8.48708090407742,-1.75295237643871,0.00140993324790968,3.15825806638577,-2.55074665837166,0.00397106375851243,3.25259265796444
-5.46517358180678,0.00284196139352574,3.68519856786548,4.8,0,-63.8971405029297,NaN,7.724631564288,7.892717109912,5.81716074672,6.0114353724,0.194269932,0.001940856109992,2.11398550331279,-0.543131691735606,0.0036864119842967,2.19852865516881
-5.91486159123126,0.0112532963614909,2.59446071904158,4.45,0,-63.0745849609375,NaN,6.08226858534194,5.29944857180129,6.2213278225471,5.99776551267097,-0.223565657806452,0.0115346457606194,1.36355732078842,-0.182956160226542,0.0092266436596753,1.45161282936504
-1.21706183555193,0.0102556499143422,0.669437854114295,6.5,0,4.25792455673218,NaN,2.6093467296,1.621047435984,3.468226822992,3.54417382944,0.075941446752,0.009771075882,0.377933624308685,0.27322929057124,0.00890256779022999,0.50922105122109
0.189248192571973,0.00962443176964444,0.544735118050148,1.257142857,NaN,NaN,NaN,1.58138428733652,1.95552932908645,2.68924694328,2.7594587763871,0.0702197744516127,0.0112345785592258,0.440079733159578,0.535045696596455,0.0111198031794161,0.426684616042958
-0.266120250722656,0.00444321735758301,0.541971707857425,4.25,0.3588888889,73.1196441650391,1114.281495,1.37053392490684,2.30109312762581,2.18299456031226,2.36571442769032,0.182715859254194,0.00538137622498065,0.458113748304611,0.312901894746103,0.00689228698524145,0.464687001397277
-1.58898973921998,0.00945135158875876,0.452255821594369,0.305555556,0.07166666667,90.2392883300781,1114.281495,1.47410085925543,0.96248814408,2.045468626182,1.006153191,-1.03931491299429,0.00901039201405714,0.371866334767032,-0.607236466615873,0.00850906610124254,0.415930947938803
-4.61191632900289,0.0139732362135872,2.14172892382196,3.833333333,0,38.4234657287598,1114.281495,4.68974160253161,1.96120374621677,5.49815541726193,3.36593985073548,-2.1322176408929,0.00800205315979355,1.39408743236871,-2.12720711990052,0.00998110267681837,1.4457671764844
-8.77269794829113,0.00665368151765485,3.85859657544742,5.288888889,0,52.1983108520508,1114.281495,8.392553297712,3.563866025784,9.11386842408,4.83917511672,-4.2746934456,0.0072642413916,2.523917569891,-4.61367121235531,0.00825352712367753,2.59963224070987
-11.8609194361589,0.00561026162722548,4.83878083704415,5.105555556,0,39.5641403198242,1114.281495,14.3512582603355,9.71963392863484,13.6026929703716,9.36065322,-4.24203930255484,0.00676731042010219,3.14413808252602,-4.95996808274289,0.00964757285143218,3.22239360932126
-3.45728501848592,0.0300803180910192,5.9727218085166,4.966666667,0,NaN,1114.281495,9.2264654475648,8.950106417544,7.20202017168,7.55428809744,0.35227213416,0.03472845246504,4.33200905972301,0.154599561214942,0.0273300285145264,4.24973973145453
-4.53341688571468,0.0231338295662445,6.64661493071863,5.061111111,0,-118.420829772949,1114.281495,11.0626844933961,8.93041966570065,11.2169869071794,10.4107657292129,-0.806212014967742,0.0253597972015742,4.81639962023965,-0.852180834472738,0.0189002887645757,4.85580490063742
-4.31131852108708,0.0125638910982362,5.56388481071861,5.077777778,0,-150.506744384766,1114.281495,9.22278637467407,6.89381026764387,10.6315959348,10.2387291965419,-0.392858870492903,0.0122107090383523,3.60552042352023,-0.900887474135082,0.0109670786480489,3.57880348369167
-7.79002525519255,0.00259286958654157,3.44994351298214,4.672222222,0,-151.639419555664,1114.281495,9.573418718712,7.011589898952,10.749693207024,8.40507355224,-2.3446127484,0.0033395323176,2.03107207744055,-2.57721656125093,0.00440856367245508,2.13710867758521
-2.03688441374168,0.00759933709960849,1.55207466541687,NaN,0,NaN,1114.281495,4.80477070219355,5.36357087291613,5.78646211347871,6.74183141442581,0.955371512438709,0.00624209722374193,1.03451501121951,0.597376434244754,0.00796566613859777,1.03348215017059
-4.227775153299,0.00686118158020046,1.32254288375066,4.188888889,0,NaN,1114.281495,4.380052546512,3.597397207056,4.642979485176,4.5599660928,-0.0830163671999999,0.00776552203224,0.813095986022021,-0.378504694084938,0.008929279346978,0.790315089513868
-2.26338530538654,0.00528254937812514,0.444877944277133,5.1,NaN,-98.8059310913086,1114.281495,2.8296646947871,2.05834364707355,3.34338732811045,2.91366560717419,-0.429717409409032,0.00691354709581935,0.283056675270175,-0.170745062074088,0.0072754724495974,0.381664836089198
-1.44718913173259,NaN,0.764296188205166,NaN,0.3566666667,-13.0228185653687,NaN,2.59298196827458,2.76428920138839,2.9164162965631,2.76503160077419,-0.151388020405161,-9999,0.596394190928948,-0.302949017330211,0.0110154602820392,0.569702718339397
-0.416161851615182,NaN,1.15621337091913,2.988888889,0,-15.1685180664062,NaN,3.99955874554676,3.32183014989517,4.51478721225103,4.96422671462069,0.449440772524138,-9999,0.851987692509849,0.0260232695466714,0.0101497548509613,0.823589366333335
-19.2115573218307,NaN,NaN,4.461111111,0,13.103874206543,NaN,10.9884576585948,5.96079482836645,10.9162262668413,4.989775716,-5.92644718990916,-9999,1.76058722853813,-4.49282157566603,0.00893628947185193,1.41852437233779
-25.7585856489606,NaN,NaN,5.227777778,0,NaN,NaN,15.0593021234496,6.984905266368,20.61927249084,9.01059880536,-11.60866303272,-9999,2.72889489925796,-8.27581190745339,0.0119268062674764,2.32056021007466
-6.54896917521956,NaN,3.42854523191905,4.544444444,0,5.77110242843628,NaN,10.6557957574699,6.63597303387097,10.9262623052903,9.8245315611871,-1.10173474010323,-9999,2.83810389763361,-2.80064093901255,0.0153749406059401,3.00928390985259
-2.81812402400824,NaN,5.24662401790276,4.955555556,0,37.4558029174805,NaN,10.367618507064,10.32570481464,11.69052947856,12.70592635176,1.01540412504,-9999,3.65913578405134,-0.0850550454878527,0.0173568071931762,3.59854067697663
-3.68406994024388,NaN,6.27524146044767,4.972222222,0,-26.0583477020264,NaN,9.12868121657032,8.15589826165161,8.99040201960774,7.61259856691613,-1.3778164152,-9999,4.59384882381106,-1.57516933791601,0.015690663844857,4.54395362600584
-6.68323052253662,NaN,6.27555408942129,5.216666667,0,-80.9593353271484,NaN,11.2462870978196,9.75599064931355,11.7364655934813,9.97319043127742,-1.76328080746839,-9999,4.1253610692997,-2.27370951186251,0.0119277659930616,4.09852349115309
-6.70455542242377,NaN,4.46666588395036,4.955555556,0,NaN,NaN,9.389308722768,9.294172959528,9.515666851992,7.69043592072,-1.82522340288,-9999,2.64990950385052,-1.65590821417301,0.00871979052337832,2.7583187399973
-3.38179861818645,NaN,1.86873973671954,1.8,0,NaN,NaN,5.73783136375355,4.55956960596387,6.472946952,6.44969405938065,-0.0232499488180646,-9999,1.19578116321552,-0.727213991470929,0.00875239736158028,1.2337419907503
-1.17696778254652,NaN,0.784558131662381,1.5,0,-98.6391296386719,NaN,3.7242540510264,2.377837381968,4.811350285152,5.40784368,0.5964907968,-9999,0.766606344791044,-0.0105243173220609,0.00902403100964673,0.633148302764639
-0.240430382400093,NaN,0.421949868659402,NaN,NaN,-60.1462745666504,NaN,1.41727888649961,1.38543602067871,1.60607200268067,2.25943135176774,0.653365932967742,-9999,0.300143055598426,0.516189257273224,0.00923448745626586,0.32054361425222
NaN,NaN,NaN,0.15,0.6877777778,-47.9465446472168,NaN,NaN,NaN,NaN,NaN,NaN,NaN,NaN,NaN,NaN,NaN
NaN,NaN,NaN,2.811111111,0,NaN,NaN,NaN,NaN,NaN,NaN,NaN,NaN,NaN,NaN,NaN,NaN
NaN,NaN,NaN,4.6,0,-39.5877380371094,NaN,NaN,NaN,NaN,NaN,NaN,NaN,NaN,NaN,NaN,NaN
NaN,NaN,NaN,5.7625,0,-61.0938873291016,NaN,NaN,NaN,NaN,NaN,NaN,NaN,NaN,NaN,NaN,NaN
NaN,NaN,NaN,4.933333333,0,-68.3674087524414,NaN,NaN,NaN,NaN,NaN,NaN,NaN,NaN,NaN,NaN,NaN
NaN,NaN,NaN,5.055555556,0,-113.343284606934,NaN,NaN,NaN,NaN,NaN,NaN,NaN,NaN,NaN,NaN,NaN
NaN,NaN,NaN,4.888888889,0,NaN,NaN,NaN,NaN,NaN,NaN,NaN,NaN,NaN,NaN,NaN,NaN
NaN,NaN,NaN,4.866666667,0,NaN,NaN,NaN,NaN,NaN,NaN,NaN,NaN,NaN,NaN,NaN,NaN
NaN,NaN,NaN,4.777777778,0,NaN,NaN,NaN,NaN,NaN,NaN,NaN,NaN,NaN,NaN,NaN,NaN
NaN,NaN,NaN,3.811111111,0,NaN,NaN,NaN,NaN,NaN,NaN,NaN,NaN,NaN,NaN,NaN,NaN
NaN,NaN,NaN,3.191666667,0,NaN,NaN,NaN,NaN,NaN,NaN,NaN,NaN,NaN,NaN,NaN,NaN
NaN,NaN,NaN,NaN,0.1466666667,NaN,NaN,NaN,NaN,NaN,NaN,NaN,NaN,NaN,NaN,NaN,NaN
NaN,NaN,NaN,4.057142857,0,NaN,NaN,NaN,NaN,NaN,NaN,NaN,NaN,NaN,NaN,NaN,NaN
NaN,NaN,NaN,NaN,0,NaN,NaN,NaN,NaN,NaN,NaN,NaN,NaN,NaN,NaN,NaN,NaN
NaN,NaN,NaN,2.433333333,0,NaN,NaN,NaN,NaN,NaN,NaN,NaN,NaN,NaN,NaN,NaN,NaN
NaN,NaN,NaN,4.955555556,0,NaN,NaN,NaN,NaN,NaN,NaN,NaN,NaN,NaN,NaN,NaN,NaN
NaN,NaN,NaN,4.9,0,NaN,NaN,NaN,NaN,NaN,NaN,NaN,NaN,NaN,NaN,NaN,NaN
NaN,NaN,NaN,4.622222222,0,-10.0601663589478,NaN,NaN,NaN,NaN,NaN,NaN,NaN,NaN,NaN,NaN,NaN
NaN,NaN,NaN,4.661111111,0,-97.5856094360352,NaN,NaN,NaN,NaN,NaN,NaN,NaN,NaN,NaN,NaN,NaN
NaN,NaN,NaN,3.875,0,NaN,NaN,NaN,NaN,NaN,NaN,NaN,NaN,NaN,NaN,NaN,NaN
NaN,NaN,NaN,4.477777778,0,NaN,NaN,NaN,NaN,NaN,NaN,NaN,NaN,NaN,NaN,NaN,NaN
NaN,NaN,NaN,4.55,0,-262.846984863281,NaN,NaN,NaN,NaN,NaN,NaN,NaN,NaN,NaN,NaN,NaN
NaN,NaN,NaN,3.728571429,0,-187.603637695312,NaN,NaN,NaN,NaN,NaN,NaN,NaN,NaN,NaN,NaN,NaN
NaN,NaN,NaN,3.75,NaN,-98.6614685058594,NaN,NaN,NaN,NaN,NaN,NaN,NaN,NaN,NaN,NaN,NaN
NaN,NaN,NaN,NaN,0,-61.9235305786133,NaN,NaN,NaN,NaN,NaN,NaN,NaN,NaN,NaN,NaN,NaN
NaN,NaN,NaN,3.061111111,0,-22.4085006713867,NaN,NaN,NaN,NaN,NaN,NaN,NaN,NaN,NaN,NaN,NaN
NaN,NaN,NaN,4.005555556,0,-41.0040435791016,NaN,NaN,NaN,NaN,NaN,NaN,NaN,NaN,NaN,NaN,NaN
NaN,NaN,NaN,4.225,0,-58.040699005127,NaN,NaN,NaN,NaN,NaN,NaN,NaN,NaN,NaN,NaN,NaN
NaN,NaN,NaN,4.905555556,0,-44.376106262207,NaN,NaN,NaN,NaN,NaN,NaN,NaN,NaN,NaN,NaN,NaN
NaN,NaN,NaN,4.922222222,0,-103.463897705078,NaN,NaN,NaN,NaN,NaN,NaN,NaN,NaN,NaN,NaN,NaN
NaN,NaN,NaN,4.688888889,0,-204.516632080078,NaN,NaN,NaN,NaN,NaN,NaN,NaN,NaN,NaN,NaN,NaN
NaN,NaN,NaN,4.93125,0,-213.845352172852,NaN,NaN,NaN,NaN,NaN,NaN,NaN,NaN,NaN,NaN,NaN
NaN,NaN,NaN,4.816666667,0,-250.729904174805,NaN,NaN,NaN,NaN,NaN,NaN,NaN,NaN,NaN,NaN,NaN
NaN,NaN,NaN,4.122222222,0,-209.20036315918,NaN,NaN,NaN,NaN,NaN,NaN,NaN,NaN,NaN,NaN,NaN
NaN,NaN,NaN,NaN,0.1366666667,-72.1014709472656,NaN,NaN,NaN,NaN,NaN,NaN,NaN,NaN,NaN,NaN,NaN
NaN,NaN,NaN,NaN,0.1,-31.8369064331055,NaN,NaN,NaN,NaN,NaN,NaN,NaN,NaN,NaN,NaN,NaN
