NBE,CH4,ET,LAI,SCF,EWT,ABGB,GPP_DT,ER_DT,GPP_NT,ER_NT,NBE_F,CH4_F,ET_F,NBE_ANN,CH4_ANN,ET_ANN
NaN,NaN,NaN,NaN,0.2527777778,-31.1730403900146,NaN,NaN,NaN,NaN,NaN,NaN,NaN,NaN,NaN,NaN,NaN
NaN,NaN,NaN,NaN,0.2222222222,-8.16302299499512,NaN,NaN,NaN,NaN,NaN,NaN,NaN,NaN,NaN,NaN,NaN
NaN,NaN,NaN,NaN,0.225,-7.47594118118286,NaN,NaN,NaN,NaN,NaN,NaN,NaN,NaN,NaN,NaN,NaN
NaN,NaN,NaN,NaN,0.1792857143,7.914391040802,NaN,NaN,NaN,NaN,NaN,NaN,NaN,NaN,NaN,NaN,NaN
NaN,NaN,NaN,NaN,0.04333333333,8.03638076782227,NaN,NaN,NaN,NaN,NaN,NaN,NaN,NaN,NaN,NaN,NaN
NaN,NaN,NaN,1.7,0,10.6732635498047,NaN,NaN,NaN,NaN,NaN,NaN,NaN,NaN,NaN,NaN,NaN
NaN,NaN,NaN,NaN,0,5.83589506149292,NaN,NaN,NaN,NaN,NaN,NaN,NaN,NaN,NaN,NaN,NaN
NaN,NaN,NaN,NaN,0,-24.5997543334961,NaN,NaN,NaN,NaN,NaN,NaN,NaN,NaN,NaN,NaN,NaN
NaN,NaN,NaN,NaN,0,-33.1680641174316,NaN,NaN,NaN,NaN,NaN,NaN,NaN,NaN,NaN,NaN,NaN
NaN,NaN,NaN,NaN,0.03571428571,-9.5313663482666,NaN,NaN,NaN,NaN,NaN,NaN,NaN,NaN,NaN,NaN,NaN
NaN,NaN,NaN,NaN,0.1361111111,-1.80338263511658,NaN,NaN,NaN,NaN,NaN,NaN,NaN,NaN,NaN,NaN,NaN
NaN,NaN,NaN,NaN,0.24,20.3617115020752,NaN,NaN,NaN,NaN,NaN,NaN,NaN,NaN,NaN,NaN,NaN
NaN,NaN,NaN,NaN,0.2972222222,40.2126350402832,NaN,NaN,NaN,NaN,NaN,NaN,NaN,NaN,NaN,NaN,NaN
NaN,NaN,NaN,NaN,0.6105555556,30.7209510803223,NaN,NaN,NaN,NaN,NaN,NaN,NaN,NaN,NaN,NaN,NaN
NaN,NaN,NaN,NaN,0.4405555556,43.7257194519043,NaN,NaN,NaN,NaN,NaN,NaN,NaN,NaN,NaN,NaN,NaN
NaN,NaN,NaN,0.1,0.1805555556,38.9865837097168,NaN,NaN,NaN,NaN,NaN,NaN,NaN,NaN,NaN,NaN,NaN
NaN,NaN,NaN,NaN,0,31.723876953125,NaN,NaN,NaN,NaN,NaN,NaN,NaN,NaN,NaN,NaN,NaN
NaN,NaN,NaN,NaN,0,3.72752451896667,NaN,NaN,NaN,NaN,NaN,NaN,NaN,NaN,NaN,NaN,NaN
NaN,NaN,NaN,NaN,0,-29.4290065765381,NaN,NaN,NaN,NaN,NaN,NaN,NaN,NaN,NaN,NaN,NaN
NaN,NaN,NaN,NaN,0,-28.3791122436523,NaN,NaN,NaN,NaN,NaN,NaN,NaN,NaN,NaN,NaN,NaN
NaN,NaN,NaN,NaN,0,-57.3606300354004,NaN,NaN,NaN,NaN,NaN,NaN,NaN,NaN,NaN,NaN,NaN
NaN,NaN,NaN,NaN,0.1766666667,-78.8619079589844,NaN,NaN,NaN,NaN,NaN,NaN,NaN,NaN,NaN,NaN,NaN
NaN,NaN,NaN,0.3,0.1877777778,-57.8573379516602,NaN,NaN,NaN,NaN,NaN,NaN,NaN,NaN,NaN,NaN,NaN
NaN,NaN,NaN,NaN,0.24625,-23.3113384246826,NaN,NaN,NaN,NaN,NaN,NaN,NaN,NaN,NaN,NaN,NaN
NaN,NaN,NaN,NaN,0.4378571429,-9.42330551147461,NaN,NaN,NaN,NaN,NaN,NaN,NaN,NaN,NaN,NaN,NaN
NaN,NaN,NaN,NaN,0.6261111111,14.727481842041,NaN,NaN,NaN,NaN,NaN,NaN,NaN,NaN,NaN,NaN,NaN
NaN,NaN,NaN,NaN,0.6511111111,26.5025119781494,NaN,NaN,NaN,NaN,NaN,NaN,NaN,NaN,NaN,NaN,NaN
NaN,NaN,NaN,NaN,0.20625,25.7694454193115,NaN,NaN,NaN,NaN,NaN,NaN,NaN,NaN,NaN,NaN,NaN
NaN,NaN,NaN,NaN,0.1922222222,41.9033660888672,NaN,NaN,NaN,NaN,NaN,NaN,NaN,NaN,NaN,NaN,NaN
NaN,NaN,NaN,NaN,0.128,31.2221431732178,NaN,NaN,NaN,NaN,NaN,NaN,NaN,NaN,NaN,NaN,NaN
NaN,NaN,NaN,NaN,0,27.1035041809082,NaN,NaN,NaN,NaN,NaN,NaN,NaN,NaN,NaN,NaN,NaN
NaN,NaN,NaN,NaN,0,-1.98763060569763,NaN,NaN,NaN,NaN,NaN,NaN,NaN,NaN,NaN,NaN,NaN
NaN,NaN,NaN,NaN,0,-22.8845520019531,NaN,NaN,NaN,NaN,NaN,NaN,NaN,NaN,NaN,NaN,NaN
NaN,NaN,NaN,NaN,0.1525,-40.863525390625,NaN,NaN,NaN,NaN,NaN,NaN,NaN,NaN,NaN,NaN,NaN
NaN,NaN,NaN,NaN,0.2366666667,-32.842586517334,NaN,NaN,NaN,NaN,NaN,NaN,NaN,NaN,NaN,NaN,NaN
NaN,NaN,NaN,NaN,0.4083333333,3.7344126701355,NaN,NaN,NaN,NaN,NaN,NaN,NaN,NaN,NaN,NaN,NaN
NaN,NaN,NaN,NaN,0.6194444444,35.1760444641113,NaN,NaN,NaN,NaN,NaN,NaN,NaN,NaN,NaN,NaN,NaN
NaN,NaN,NaN,NaN,0.5894444444,24.8425979614258,NaN,NaN,NaN,NaN,NaN,NaN,NaN,NaN,NaN,NaN,NaN
NaN,NaN,NaN,NaN,0.2316666667,32.9637603759766,NaN,NaN,NaN,NaN,NaN,NaN,NaN,NaN,NaN,NaN,NaN
NaN,NaN,NaN,0.1,0.1705555556,31.1817722320557,NaN,NaN,NaN,NaN,NaN,NaN,NaN,NaN,NaN,NaN,NaN
NaN,NaN,NaN,NaN,0,64.3420333862305,NaN,NaN,NaN,NaN,NaN,NaN,NaN,NaN,NaN,NaN,NaN
NaN,NaN,NaN,1.5,0,53.8539733886719,NaN,NaN,NaN,NaN,NaN,NaN,NaN,NaN,NaN,NaN,NaN
NaN,NaN,NaN,NaN,0,31.3810443878174,NaN,NaN,NaN,NaN,NaN,NaN,NaN,NaN,NaN,NaN,NaN
NaN,NaN,NaN,NaN,NaN,24.2163753509521,NaN,NaN,NaN,NaN,NaN,NaN,NaN,NaN,NaN,NaN,NaN
NaN,NaN,NaN,NaN,0,-13.3143825531006,NaN,NaN,NaN,NaN,NaN,NaN,NaN,NaN,NaN,NaN,NaN
NaN,NaN,NaN,NaN,0.3166666667,2.10794734954834,NaN,NaN,NaN,NaN,NaN,NaN,NaN,NaN,NaN,NaN,NaN
NaN,NaN,NaN,NaN,0.125,15.5069723129272,NaN,NaN,NaN,NaN,NaN,NaN,NaN,NaN,NaN,NaN,NaN
NaN,NaN,NaN,0.1,0.2038888889,18.4761638641357,NaN,NaN,NaN,NaN,NaN,NaN,NaN,NaN,NaN,NaN,NaN
NaN,NaN,NaN,NaN,0.5988888889,20.6164531707764,NaN,NaN,NaN,NaN,NaN,NaN,NaN,NaN,NaN,NaN,NaN
NaN,NaN,NaN,NaN,0.6038888889,26.2675514221191,NaN,NaN,NaN,NaN,NaN,NaN,NaN,NaN,NaN,NaN,NaN
NaN,NaN,NaN,NaN,0.6255555556,20.3244304656982,NaN,NaN,NaN,NaN,NaN,NaN,NaN,NaN,NaN,NaN,NaN
NaN,NaN,NaN,NaN,0.1077777778,22.1333389282227,NaN,NaN,NaN,NaN,NaN,NaN,NaN,NaN,NaN,NaN,NaN
NaN,NaN,NaN,NaN,0,31.8471908569336,NaN,NaN,NaN,NaN,NaN,NaN,NaN,NaN,NaN,NaN,NaN
NaN,NaN,NaN,2,NaN,15.9595108032227,NaN,NaN,NaN,NaN,NaN,NaN,NaN,NaN,NaN,NaN,NaN
NaN,NaN,NaN,NaN,0,6.90621662139893,NaN,NaN,NaN,NaN,NaN,NaN,NaN,NaN,NaN,NaN,NaN
NaN,NaN,NaN,NaN,0,-8.77255821228027,NaN,NaN,NaN,NaN,NaN,NaN,NaN,NaN,NaN,NaN,NaN
NaN,NaN,NaN,NaN,0,-53.8580627441406,NaN,NaN,NaN,NaN,NaN,NaN,NaN,NaN,NaN,NaN,NaN
NaN,NaN,NaN,NaN,0,-46.2296257019043,NaN,NaN,NaN,NaN,NaN,NaN,NaN,NaN,NaN,NaN,NaN
NaN,NaN,NaN,0.3,0.1177777778,-43.7525482177734,NaN,NaN,NaN,NaN,NaN,NaN,NaN,NaN,NaN,NaN,NaN
NaN,NaN,NaN,NaN,0.6811111111,-10.7300415039062,NaN,NaN,NaN,NaN,NaN,NaN,NaN,NaN,NaN,NaN,NaN
0.385755739311524,NaN,0.325026778969091,NaN,0.5266666667,NaN,NaN,0.081601962646534,1.41567033080137,-0.0425371897044173,0.399621512028552,0.442157802707613,-9999,0.282754478249471,0.591818173106147,0.00992495509063025,0.319431794631984
0.723546714335076,NaN,0.345077801062527,NaN,0.6583333333,-10.1320972442627,NaN,0.271454906571429,1.10347700374286,0.174725514002571,0.853678412228571,0.678952808562857,-9999,0.359820317751886,0.858793625336125,0.0116058442892598,0.405335023673011
1.57283373301651,0.0230169272139273,1.15661192093063,NaN,0.4388888889,7.75805902481079,NaN,0.364483563096774,1.18903222219355,-0.229099106668645,1.2896084060129,1.51870761243871,0.0248793640013963,1.19868135971565,1.47547742152234,0.0214358245386587,1.1330191809552
1.24483817071883,0.0462115627241551,1.96596876716753,NaN,0.2288888889,28.051929473877,NaN,0.52820907912,1.3208554404,0.286324531272,1.6191154296,1.332792374184,0.0472923934704,1.84388204628859,1.36784148163923,0.0376328101340115,1.87029276898608
-0.736146039532756,NaN,3.1192354811777,NaN,0,57.9296646118164,NaN,1.313721936,1.42103447837419,1.89334806674052,2.10275951365161,0.209413281646452,0.139135765217806,2.9118677061906,0.354260973249011,0.132225807766923,2.71738861734746
-2.12594280283043,0.221649240126106,4.90902103458482,NaN,0,NaN,NaN,3.75241275648,2.46702927816,4.91576017388695,4.257198576,-0.65856552696,0.22188186576,4.31586759635361,-0.50344606698225,0.221586446007622,4.25230558024135
-5.09550449390681,0.403847986190718,6.60723491686266,NaN,0.035,17.2950859069824,NaN,7.77701261427097,5.67186854074839,8.06284542834581,6.68942538990968,-1.37341675509677,0.359494813858065,5.16578288605701,-1.53844975925957,0.349653407770004,5.17332153719945
-5.19895440659836,0.425737211455749,6.07472182174205,NaN,0,-3.73368525505066,NaN,5.88173767269677,3.36616259829677,7.78680722060129,6.33565880477419,-1.45114180350968,0.343749791380645,4.53549788803227,-1.52163155360913,0.316045021990884,4.50947909979368
-3.27784884790836,0.188904426457399,3.90184655265452,NaN,0,1.91531598567963,NaN,3.197899044,2.65416162264,3.986175759912,2.97359065728,-1.012588049448,0.15490384992,3.18447250304124,-0.863222348385085,0.159616710203639,2.96644455150504
0.375157534757239,0.106797557794407,1.81914521920165,0.2,0.1414285714,-7.93289184570312,NaN,0.692846625832258,1.22042011447742,1.54701228975097,2.13647818110968,0.589465635189677,0.0791678734374194,1.63968258120352,0.645724073277135,0.0759741839897198,1.516988424404
1.1195739283151,0.0237455550106122,1.15864871825198,NaN,0.185,7.58054780960083,NaN,0.290292135336,0.7192005552,-0.00378831441599998,0.96625362312,0.970041494304,0.01912973784192,0.913017655191294,0.968461986361141,0.0211494829669346,0.941610376724456
0.82721668953287,0.00796904230247896,0.610767366568184,NaN,0.1483333333,25.9451065063477,NaN,0.195964636830968,0.579435377806452,-0.0881615147530064,0.685211342864516,0.773372424509652,0.00730132423548387,0.56649317827637,0.820833962931754,0.00953990337500985,0.535981762620684
0.871951551144602,0.00916093644623921,0.511326680967098,NaN,0.2155555556,32.6258506774902,NaN,0.206022111329032,0.507003954967742,-0.0661789439372903,0.814092200129032,0.880271499205161,0.0082522306844129,0.500334147876983,0.866178302579074,0.00933029443885915,0.476592674460091
0.838080810943457,0.010850860289057,0.720831858476151,NaN,0.3633333333,32.7474021911621,NaN,0.223198279845517,0.552798293462069,-0.285699039221793,0.515284550813793,0.800983707249103,0.0106747270255862,0.731282007358955,0.855086498054975,0.0111511223054467,0.723515387459416
1.16133877906489,0.0539788888321379,2.06643372689792,NaN,0.215,52.661548614502,NaN,0.171771740709677,1.30724897272258,0.024290789787871,1.19101424446452,1.166723541864,0.0480659832139355,2.00523483463309,1.17593778741782,0.0387075050027627,1.86362616972497
1.25797848758404,0.081388853157708,2.95358550243974,0.3,0.08142857143,24.8460788726807,NaN,0.216043434864,0.73188225144,0.16367920839936,1.41209894664,1.248420814632,0.080005347072,2.80396371271314,1.2910080165171,0.0789815107180971,2.79296892755465
0.548879721066381,0.230391197940659,4.24312783225064,NaN,0.052,NaN,NaN,1.5488317374271,1.78668950701935,2.04669638372903,3.02029170990968,0.973595250260129,0.238526846245161,3.89186196302289,0.909046260120672,0.244458552743532,3.813506694327
-1.51081156656874,0.359222386756223,5.76054495580869,NaN,0,6.38646650314331,NaN,4.06337931144,2.7208151784,5.2488633875544,4.73203019952,-0.51683430528,0.34281133992,5.05336977125056,-0.542845262205538,0.335763500077645,5.05476871605957
-3.95834901273695,0.47907647428322,6.39594757375113,NaN,0,-38.1696548461914,NaN,7.39960766012903,4.96793051210323,7.5545952732929,5.59566562970323,-1.95892428706839,0.421831712206452,5.44660354023179,-2.04131643580665,0.434311089050378,5.39624760802288
-3.3008541217173,0.36364794105596,5.30887791933372,3.5,0,-59.2440948486328,NaN,5.84943857187097,4.69127042732903,5.62958900886194,4.51328797556129,-1.11630493579355,0.315355454941936,4.117323011877,-1.06270219126454,0.309987766975345,4.11252367558775
-1.0876648113456,NaN,3.75094877712998,NaN,0,-75.0045166015625,NaN,3.46550029416,2.69060404392,3.7759157124552,4.12902523224,0.353110733496,0.216024312744,3.06638257221139,0.289067058915229,0.227696329148676,2.83786575454454
1.16503640937418,0.0851279316036256,1.81149743596689,NaN,0.119,NaN,NaN,0.649169831403871,1.03261211814194,0.788988579514839,2.15098245290323,1.36199329213935,0.0653857942993548,1.60866319220811,1.26237363410149,0.0741428355180919,1.60323081186863
1.04120116775337,0.0183327450718565,0.890667092982582,NaN,0.1416666667,-56.0469207763672,NaN,0.071796646296,0.92568323808,0.00362176881840001,0.96988438368,0.966262126032,0.019687981212,0.889426994862466,1.01355232024751,0.0192805951284745,0.857595318389628
0.868604851048032,0.0111988973967261,0.562132700687402,NaN,0.37,-53.898796081543,NaN,0.0418420612474839,1.04596602619355,0.0524474442580645,0.846916258993548,0.794470028655484,0.0112831467746168,0.564531728372798,0.826593592914863,0.0110151514410818,0.459181505718337
0.848189404044433,0.00859430119462646,0.395888260076051,NaN,0.6238888889,-34.1969757080078,NaN,0.061436539988129,0.987457218503226,-0.20435530752929,0.686165105496774,0.890520672936774,0.0106623605276594,0.510414233177561,0.837059776614225,0.0106000423016217,0.451347374892911
0.897612838576954,0.0112000986587601,0.645272580334745,NaN,0.5227777778,-9.96983337402344,NaN,0.0734167372165714,1.04251455771429,-0.119881910493,0.778042547742857,0.89792409357,0.0123819454239429,0.680991758245398,0.882377213819901,0.0122200369881044,0.653889221474402
1.19184593494242,0.0274059679952919,1.21699711740004,NaN,0.2361111111,NaN,NaN,0.105880463119742,1.54263014616774,-0.327197519391484,0.847590877858064,1.17478803612542,0.0276066134105806,1.19287042711751,1.15543299467885,0.0248291291928245,1.18366339419982
1.49291550341169,0.0719625968037583,2.22940891816565,NaN,0.155625,5.87779426574707,NaN,0.1422670586616,2.3190285564,-0.5165593635096,0.929847024,1.4464071130392,0.0720278303112,2.23678692852535,1.43244415839458,0.0683042785474258,2.15339383911149
1.01556481468551,0.279812805178173,3.83393418574201,NaN,0.0925,11.4123163223267,NaN,0.704551406729806,1.50276662779355,0.821550328536774,1.93661208859355,1.11506445141677,0.278091603174194,3.59616218932167,1.14522453930597,0.268068589409481,3.47148544634522
-1.50166527944187,0.218743465671731,3.75307539053091,NaN,0,27.2665309906006,NaN,3.47644996632,2.00005450488,4.6600057150776,4.39332409224,-0.2666963020968,0.241975721232,3.22434617577124,-0.277379060913166,0.206758562660359,3.22356575348003
-3.67455066909279,0.393535365740943,4.27194875970559,NaN,0,11.0475625991821,NaN,6.06733342141935,4.79644509089032,6.16586010189213,5.03700034296774,-1.12886747140645,0.335293582087742,3.43509823304623,-1.06563895476494,0.33355607653381,3.27422936642354
-2.480696440948,0.393023950963297,4.34183336993863,NaN,0,NaN,NaN,4.55458024056774,3.85932514854194,5.05699458586839,4.85028183669677,-0.206716749491613,0.346444930683871,3.34196976833343,-0.151037343775814,0.36740449991411,3.23578281621645
0.171450412808554,0.405879355406291,2.95050882012538,NaN,0.33,NaN,NaN,1.54369114632,2.02243185072,2.611141566732,4.06641497184,1.45527246288,0.337926545856,2.25731923513217,1.43100118646626,0.314729175684875,2.20452749422738
1.01426958939127,0.112064110582332,1.63665174201028,NaN,0.1805555556,-27.7408180236816,NaN,0.653043583277419,1.29079116836129,0.865381344735484,2.37809457917419,1.51271225593084,0.0967015888550245,1.34874933354205,1.48187562198319,0.0878056443983586,1.21503905751799
1.03303497200652,0.0183025041196267,1.00532628675283,NaN,0.1733333333,-18.9168815612793,NaN,0.12708747864,0.47739453984,-0.12699710969184,0.84963048768,0.976627038888,0.01912328172936,0.995194754460294,1.0021139160085,0.0203087051730049,0.900564876198171
0.700329665487575,0.00550918929506467,0.317356587277008,NaN,0.4744444444,-11.4532613754272,NaN,0.116596219587097,0.304261789006452,-0.128516684922581,0.51613056603871,0.644647360389677,0.00522536161570839,0.40346972211933,0.724442652933886,0.00815128257885707,0.399833593752147
NaN,NaN,NaN,NaN,0.6438888889,4.86139535903931,NaN,NaN,NaN,NaN,NaN,NaN,NaN,NaN,NaN,NaN,NaN
NaN,NaN,NaN,NaN,0.6727777778,NaN,NaN,NaN,NaN,NaN,NaN,NaN,NaN,NaN,NaN,NaN,NaN
NaN,NaN,NaN,NaN,0.6383333333,25.8783702850342,NaN,NaN,NaN,NaN,NaN,NaN,NaN,NaN,NaN,NaN,NaN
NaN,NaN,NaN,0.1,0.1583333333,38.5135116577148,NaN,NaN,NaN,NaN,NaN,NaN,NaN,NaN,NaN,NaN,NaN
NaN,NaN,NaN,NaN,0,52.647087097168,NaN,NaN,NaN,NaN,NaN,NaN,NaN,NaN,NaN,NaN,NaN
NaN,NaN,NaN,NaN,0,41.0132217407227,NaN,NaN,NaN,NaN,NaN,NaN,NaN,NaN,NaN,NaN,NaN
NaN,NaN,NaN,NaN,0,NaN,NaN,NaN,NaN,NaN,NaN,NaN,NaN,NaN,NaN,NaN,NaN
NaN,NaN,NaN,NaN,0,24.523380279541,NaN,NaN,NaN,NaN,NaN,NaN,NaN,NaN,NaN,NaN,NaN
NaN,NaN,NaN,NaN,0,19.645414352417,NaN,NaN,NaN,NaN,NaN,NaN,NaN,NaN,NaN,NaN,NaN
NaN,NaN,NaN,NaN,0.032,2.75448274612427,NaN,NaN,NaN,NaN,NaN,NaN,NaN,NaN,NaN,NaN,NaN
NaN,NaN,NaN,0.3,0.2385714286,23.3132133483887,NaN,NaN,NaN,NaN,NaN,NaN,NaN,NaN,NaN,NaN,NaN
NaN,NaN,NaN,NaN,NaN,NaN,NaN,NaN,NaN,NaN,NaN,NaN,NaN,NaN,NaN,NaN,NaN
NaN,NaN,NaN,NaN,0.5472222222,47.8736915588379,2948.904253,NaN,NaN,NaN,NaN,NaN,NaN,NaN,NaN,NaN,NaN
NaN,NaN,NaN,0,0.6333333333,52.0916061401367,2948.904253,NaN,NaN,NaN,NaN,NaN,NaN,NaN,NaN,NaN,NaN
NaN,NaN,NaN,NaN,0.7066666667,32.7532386779785,2948.904253,NaN,NaN,NaN,NaN,NaN,NaN,NaN,NaN,NaN,NaN
NaN,NaN,NaN,0.3,0.1757142857,50.1120300292969,2948.904253,NaN,NaN,NaN,NaN,NaN,NaN,NaN,NaN,NaN,NaN
NaN,NaN,NaN,NaN,0.08375,49.497989654541,2948.904253,NaN,NaN,NaN,NaN,NaN,NaN,NaN,NaN,NaN,NaN
NaN,NaN,NaN,NaN,0,NaN,2948.904253,NaN,NaN,NaN,NaN,NaN,NaN,NaN,NaN,NaN,NaN
NaN,NaN,NaN,NaN,0,94.7179718017578,2948.904253,NaN,NaN,NaN,NaN,NaN,NaN,NaN,NaN,NaN,NaN
NaN,NaN,NaN,NaN,0,50.861988067627,2948.904253,NaN,NaN,NaN,NaN,NaN,NaN,NaN,NaN,NaN,NaN
NaN,NaN,NaN,NaN,0,12.4317226409912,2948.904253,NaN,NaN,NaN,NaN,NaN,NaN,NaN,NaN,NaN,NaN
NaN,NaN,NaN,NaN,0.055,NaN,2948.904253,NaN,NaN,NaN,NaN,NaN,NaN,NaN,NaN,NaN,NaN
NaN,NaN,NaN,0.4,0.09277777778,NaN,2948.904253,NaN,NaN,NaN,NaN,NaN,NaN,NaN,NaN,NaN,NaN
NaN,NaN,NaN,0.2,0.1342857143,44.9426193237305,2948.904253,NaN,NaN,NaN,NaN,NaN,NaN,NaN,NaN,NaN,NaN
NaN,NaN,NaN,NaN,0.3422222222,62.779125213623,NaN,NaN,NaN,NaN,NaN,NaN,NaN,NaN,NaN,NaN,NaN
NaN,NaN,NaN,NaN,0.1427777778,47.405143737793,NaN,NaN,NaN,NaN,NaN,NaN,NaN,NaN,NaN,NaN,NaN
NaN,NaN,NaN,NaN,0.096,81.0561981201172,NaN,NaN,NaN,NaN,NaN,NaN,NaN,NaN,NaN,NaN,NaN
NaN,NaN,NaN,NaN,0.048,NaN,NaN,NaN,NaN,NaN,NaN,NaN,NaN,NaN,NaN,NaN,NaN
NaN,NaN,NaN,NaN,NaN,89.1204528808594,NaN,NaN,NaN,NaN,NaN,NaN,NaN,NaN,NaN,NaN,NaN
NaN,NaN,NaN,1.3,0.04142857143,70.4082183837891,NaN,NaN,NaN,NaN,NaN,NaN,NaN,NaN,NaN,NaN,NaN
NaN,NaN,NaN,NaN,0.27,26.6172828674316,NaN,NaN,NaN,NaN,NaN,NaN,NaN,NaN,NaN,NaN,NaN
NaN,NaN,NaN,NaN,0,24.3529357910156,NaN,NaN,NaN,NaN,NaN,NaN,NaN,NaN,NaN,NaN,NaN
NaN,NaN,NaN,NaN,0,NaN,NaN,NaN,NaN,NaN,NaN,NaN,NaN,NaN,NaN,NaN,NaN
NaN,NaN,NaN,NaN,0,NaN,NaN,NaN,NaN,NaN,NaN,NaN,NaN,NaN,NaN,NaN,NaN
NaN,NaN,NaN,NaN,0,9.02275848388672,NaN,NaN,NaN,NaN,NaN,NaN,NaN,NaN,NaN,NaN,NaN
NaN,NaN,NaN,NaN,0.4133333333,40.3730735778809,NaN,NaN,NaN,NaN,NaN,NaN,NaN,NaN,NaN,NaN,NaN
