NBE,CH4,ET,LAI,SCF,EWT,ABGB,GPP_DT,ER_DT,GPP_NT,ER_NT,NBE_F,CH4_F,ET_F,NBE_ANN,CH4_ANN,ET_ANN
NaN,NaN,NaN,0.12,0.6377777778,NaN,NaN,NaN,NaN,NaN,NaN,NaN,NaN,NaN,NaN,NaN,NaN
NaN,NaN,NaN,0.183333333,0.6622222222,116.827156066895,NaN,NaN,NaN,NaN,NaN,NaN,NaN,NaN,NaN,NaN,NaN
NaN,NaN,NaN,0.266666667,0.59,146.551620483398,NaN,NaN,NaN,NaN,NaN,NaN,NaN,NaN,NaN,NaN,NaN
NaN,NaN,NaN,2.025,0.01333333333,69.9779968261719,NaN,NaN,NaN,NaN,NaN,NaN,NaN,NaN,NaN,NaN,NaN
NaN,NaN,NaN,1.725,0,14.8947191238403,NaN,NaN,NaN,NaN,NaN,NaN,NaN,NaN,NaN,NaN,NaN
NaN,NaN,NaN,1.905555556,0,NaN,NaN,NaN,NaN,NaN,NaN,NaN,NaN,NaN,NaN,NaN,NaN
NaN,NaN,NaN,1.842857143,0,-92.442741394043,NaN,NaN,NaN,NaN,NaN,NaN,NaN,NaN,NaN,NaN,NaN
NaN,NaN,NaN,1.825,0,-33.0098419189453,NaN,NaN,NaN,NaN,NaN,NaN,NaN,NaN,NaN,NaN,NaN
NaN,NaN,NaN,1.711111111,0,-136.334014892578,NaN,NaN,NaN,NaN,NaN,NaN,NaN,NaN,NaN,NaN,NaN
NaN,NaN,NaN,0.771428571,0,-147.037857055664,NaN,NaN,NaN,NaN,NaN,NaN,NaN,NaN,NaN,NaN,NaN
NaN,NaN,NaN,0.766666667,0,-108.215476989746,NaN,NaN,NaN,NaN,NaN,NaN,NaN,NaN,NaN,NaN,NaN
NaN,NaN,NaN,0.04,0.5905555556,39.3698539733887,NaN,NaN,NaN,NaN,NaN,NaN,NaN,NaN,NaN,NaN,NaN
NaN,NaN,NaN,0,0.6822222222,93.5548782348633,NaN,NaN,NaN,NaN,NaN,NaN,NaN,NaN,NaN,NaN,NaN
NaN,NaN,NaN,0.133333333,0.6655555556,107.66291809082,NaN,NaN,NaN,NaN,NaN,NaN,NaN,NaN,NaN,NaN,NaN
NaN,NaN,NaN,0.2,0.7033333333,112.028991699219,NaN,NaN,NaN,NaN,NaN,NaN,NaN,NaN,NaN,NaN,NaN
NaN,NaN,NaN,0.157142857,0.5283333333,56.3532943725586,NaN,NaN,NaN,NaN,NaN,NaN,NaN,NaN,NaN,NaN,NaN
NaN,NaN,NaN,1.3,0.05055555556,NaN,NaN,NaN,NaN,NaN,NaN,NaN,NaN,NaN,NaN,NaN,NaN
NaN,NaN,NaN,1.121428571,0,-46.2089881896973,NaN,NaN,NaN,NaN,NaN,NaN,NaN,NaN,NaN,NaN,NaN
NaN,NaN,NaN,2.161111111,0,-63.3725814819336,NaN,NaN,NaN,NaN,NaN,NaN,NaN,NaN,NaN,NaN,NaN
NaN,NaN,NaN,1.95,0,-176.257308959961,NaN,NaN,NaN,NaN,NaN,NaN,NaN,NaN,NaN,NaN,NaN
NaN,NaN,NaN,1.316666667,0,-182.770553588867,NaN,NaN,NaN,NaN,NaN,NaN,NaN,NaN,NaN,NaN,NaN
NaN,NaN,NaN,0.8,0,NaN,NaN,NaN,NaN,NaN,NaN,NaN,NaN,NaN,NaN,NaN,NaN
NaN,NaN,NaN,0.8,0.14,-44.3240776062012,NaN,NaN,NaN,NaN,NaN,NaN,NaN,NaN,NaN,NaN,NaN
NaN,NaN,NaN,NaN,0.6066666667,-27.3188972473145,NaN,NaN,NaN,NaN,NaN,NaN,NaN,NaN,NaN,NaN,NaN
NaN,NaN,NaN,0.1,0.6616666667,132.300598144531,NaN,NaN,NaN,NaN,NaN,NaN,NaN,NaN,NaN,NaN,NaN
NaN,NaN,NaN,0.111111111,0.6544444444,174.332748413086,NaN,NaN,NaN,NaN,NaN,NaN,NaN,NaN,NaN,NaN,NaN
NaN,NaN,NaN,0.064285714,0.685,NaN,NaN,NaN,NaN,NaN,NaN,NaN,NaN,NaN,NaN,NaN,NaN
NaN,NaN,NaN,0.35,0.5238888889,172.776626586914,NaN,NaN,NaN,NaN,NaN,NaN,NaN,NaN,NaN,NaN,NaN
NaN,NaN,NaN,NaN,0,179.976058959961,NaN,NaN,NaN,NaN,NaN,NaN,NaN,NaN,NaN,NaN,NaN
NaN,NaN,NaN,1.466666667,0,168.765625,NaN,NaN,NaN,NaN,NaN,NaN,NaN,NaN,NaN,NaN,NaN
NaN,NaN,NaN,1.935714286,0,-18.1945476531982,NaN,NaN,NaN,NaN,NaN,NaN,NaN,NaN,NaN,NaN,NaN
NaN,NaN,NaN,1.661111111,0,NaN,NaN,NaN,NaN,NaN,NaN,NaN,NaN,NaN,NaN,NaN,NaN
NaN,NaN,NaN,1.361111111,0,NaN,NaN,NaN,NaN,NaN,NaN,NaN,NaN,NaN,NaN,NaN,NaN
NaN,NaN,NaN,0.7,0,-81.8048858642578,NaN,NaN,NaN,NaN,NaN,NaN,NaN,NaN,NaN,NaN,NaN
NaN,NaN,NaN,0.083333333,0.6538888889,45.2327690124512,NaN,NaN,NaN,NaN,NaN,NaN,NaN,NaN,NaN,NaN,NaN
NaN,NaN,NaN,0.1,0.5666666667,-5.00660371780396,NaN,NaN,NaN,NaN,NaN,NaN,NaN,NaN,NaN,NaN,NaN
NaN,NaN,NaN,0.1,0.6688888889,53.8459358215332,NaN,NaN,NaN,NaN,NaN,NaN,NaN,NaN,NaN,NaN,NaN
NaN,NaN,NaN,0,0.6433333333,NaN,NaN,NaN,NaN,NaN,NaN,NaN,NaN,NaN,NaN,NaN,NaN
NaN,NaN,NaN,0.228571429,0.6411111111,158.490173339844,NaN,NaN,NaN,NaN,NaN,NaN,NaN,NaN,NaN,NaN,NaN
NaN,NaN,NaN,0.866666667,0.01722222222,53.0912818908691,NaN,NaN,NaN,NaN,NaN,NaN,NaN,NaN,NaN,NaN,NaN
NaN,NaN,NaN,1.275,0,36.618480682373,NaN,NaN,NaN,NaN,NaN,NaN,NaN,NaN,NaN,NaN,NaN
NaN,NaN,NaN,1.855555556,0,-63.0439987182617,NaN,NaN,NaN,NaN,NaN,NaN,NaN,NaN,NaN,NaN,NaN
NaN,NaN,NaN,1.7,0,NaN,NaN,NaN,NaN,NaN,NaN,NaN,NaN,NaN,NaN,NaN,NaN
NaN,NaN,NaN,2.033333333,0,-7.19166374206543,NaN,NaN,NaN,NaN,NaN,NaN,NaN,NaN,NaN,NaN,NaN
NaN,NaN,NaN,1.688888889,0,-38.7140579223633,NaN,NaN,NaN,NaN,NaN,NaN,NaN,NaN,NaN,NaN,NaN
NaN,NaN,NaN,0.95,0,-48.5489883422852,NaN,NaN,NaN,NaN,NaN,NaN,NaN,NaN,NaN,NaN,NaN
NaN,NaN,NaN,0.2,0.4738888889,80.0555801391602,NaN,NaN,NaN,NaN,NaN,NaN,NaN,NaN,NaN,NaN,NaN
NaN,NaN,NaN,NaN,0.5033333333,NaN,NaN,NaN,NaN,NaN,NaN,NaN,NaN,NaN,NaN,NaN,NaN
NaN,NaN,NaN,0.1,0.66,188.560729980469,4833.73645,NaN,NaN,NaN,NaN,NaN,NaN,NaN,NaN,NaN,NaN
NaN,NaN,NaN,0.166666667,0.6688888889,213.416519165039,4833.73645,NaN,NaN,NaN,NaN,NaN,NaN,NaN,NaN,NaN,NaN
NaN,NaN,NaN,0.205555556,0.645,139.264099121094,4833.73645,NaN,NaN,NaN,NaN,NaN,NaN,NaN,NaN,NaN,NaN
NaN,NaN,NaN,0.261111111,0.5066666667,114.759613037109,4833.73645,NaN,NaN,NaN,NaN,NaN,NaN,NaN,NaN,NaN,NaN
NaN,NaN,NaN,1.2,0,96.5920944213867,4833.73645,NaN,NaN,NaN,NaN,NaN,NaN,NaN,NaN,NaN,NaN
NaN,NaN,NaN,2.283333333,0,NaN,4833.73645,NaN,NaN,NaN,NaN,NaN,NaN,NaN,NaN,NaN,NaN
NaN,NaN,NaN,2.272222222,0,-176.730331420898,4833.73645,NaN,NaN,NaN,NaN,NaN,NaN,NaN,NaN,NaN,NaN
NaN,NaN,NaN,2.092857143,0,-194.074920654297,4833.73645,NaN,NaN,NaN,NaN,NaN,NaN,NaN,NaN,NaN,NaN
NaN,NaN,NaN,1.361111111,0,-227.690155029297,4833.73645,NaN,NaN,NaN,NaN,NaN,NaN,NaN,NaN,NaN,NaN
NaN,NaN,NaN,0.975,0,NaN,4833.73645,NaN,NaN,NaN,NaN,NaN,NaN,NaN,NaN,NaN,NaN
NaN,NaN,NaN,0.844444444,0,NaN,4833.73645,NaN,NaN,NaN,NaN,NaN,NaN,NaN,NaN,NaN,NaN
NaN,NaN,NaN,0.62,0.3944444444,-224.254241943359,4833.73645,NaN,NaN,NaN,NaN,NaN,NaN,NaN,NaN,NaN,NaN
0.126013628352335,-0.00323380721349197,0.806953687619885,0.083333333,0.6744444444,-32.9662284851074,NaN,1.04031204238452,2.29889503950968,3.43502016867871,3.71046596472,0.275445832134193,0.000117299536520616,0.563823435786089,0.461906571246169,0.000179395373385114,0.77992085416396
0.8416829751527,0.00726784755633858,1.75574219863686,NaN,0.6472222222,20.987735748291,NaN,0.938722493979559,2.6284558238069,1.33695573355862,2.12229306628138,0.785337730527724,0.0055562188977931,1.30419320129157,0.80208609778237,0.00433640407394462,1.18389406177877
0.572717974361874,0.00686401180207222,1.7199807140881,0.188888889,0.6705555556,84.3746795654297,NaN,0.673762859317161,1.12566748645161,0.982315311538064,1.78669225307613,0.804376915165161,0.00652027660304516,1.14404533099412,0.389651995425361,0.00593684642597588,1.12460973085568
-3.43085319641616,0.00654962715214019,3.26803819654688,0.316666667,0.2233333333,NaN,NaN,4.996629243288,2.6525958408,5.2449694912944,3.542343347016,-1.702627997472,0.00520862707584,2.1940189371066,-1.91303505575404,0.006231081523865,2.20247579195611
-5.64076942034555,0.0109788159696386,4.35695634659325,0.7,0.00777777778,31.1374778747559,NaN,6.08843288845161,3.21733769806452,6.66245265747097,3.91008096072,-2.75236891139613,0.0117863724901936,2.89584775386611,-3.16395809818497,0.0082633780311418,3.11970345307101
-5.37086727258188,-0.00373020859970663,3.65407644959189,1.766666667,0,45.1223182678223,NaN,6.2803589148288,4.0787783352,8.44426693008,6.88702984056,-1.55724223896,-0.00493159742064,2.69730204075586,-2.51890772452156,0.0025947829557478,2.81064001618084
-3.73747103697896,NaN,3.60329037020821,2.216666667,0,-24.1215476989746,NaN,5.87837394399484,4.72896513290323,13.5101150981419,13.5507375310529,0.0406189776913549,-0.00147364071189677,2.8502561256465,-1.0486076788479,0.00200280416462842,2.67257161039466
-3.58104124894699,-0.000708791926861938,3.40855668176627,1.983333333,0,-101.191528320312,NaN,5.1091818465391,4.42597711610323,5.00245200327484,4.53782500100129,-0.464632351896774,-0.000211428647976774,2.64851400467952,-0.780660702324455,0.000277244062018422,2.58370637089846
-3.75319117267339,0.00294881785888648,3.20038773545627,1.333333333,0,NaN,NaN,3.337324614216,2.303871372,5.293020011436,5.81777347032,0.5247465031728,0.00236343357576,1.95905050300149,-1.04216070085566,0.00199074423246844,2.22185316613002
-2.27571703289832,0.0034852424125022,1.82732017946473,0.822222222,0,NaN,NaN,2.40860083540645,1.66756410580645,3.2142498084,3.28217175144,0.0679210606451614,0.00365172750743226,1.4712216598174,-1.0040153109697,0.00286189543888778,1.39509412215917
-0.00868638177331979,0.0044342527868338,1.27194251473814,NaN,0.205,-96.5814361572266,NaN,1.3406988942,1.6219803456,1.568952795888,2.602625169888,1.033672035168,0.00588709026936,1.01451680240914,0.352423748224214,0.00340228333240674,1.00577977400784
0.475772063428102,0.00111275813026758,0.505047484899097,NaN,0,-112.859336853027,NaN,0.214919674062968,0.516989128412903,0.800789295092052,1.84507124086452,1.04428000816258,0.00233228825252129,0.359097000442484,1.0684382264626,0.00154397029084895,0.595204804325858
0.636260690491136,0.00171488324886324,0.98995367779943,0.133333333,0.675,-51.1757888793945,NaN,0.294940030296774,1.30596825367742,0.203847898110968,1.08277007632258,0.878923098301936,0.00160558228198452,0.764967757432767,0.831892223916967,0.00164147171792888,0.720885155959787
1.49917262912574,0.00169493390555733,1.23221994877032,0.192857143,0.6483333333,NaN,NaN,0.199411682728371,1.09408543714286,0.260815865027143,1.86775960111714,1.60694484968571,0.00191140881716571,0.8823539334199,1.44994566665829,0.00241889267171512,0.929166806989494
-1.20305826424775,0.00505183915573606,1.79976873967987,0.211111111,0.6511111111,-0.824796080589294,NaN,1.71095553623775,1.384186536,2.35095140962219,2.63792758696258,0.286976028704516,0.00694624593864774,1.37747119493096,0.135725685571258,0.00381522894118,1.28961241680385
-2.81235548065011,0.00658115373407624,1.87770896841705,NaN,0.1338888889,-40.5116195678711,NaN,2.6063438710248,0.72728363808,3.27105016812,1.953726790896,-1.31732363376,0.00718396592544,1.43732434555494,-1.19571606066623,0.00501330095020489,1.38568229796476
-4.66158832986105,0.00149633102229524,3.0570976260528,2.022222222,0,-50.8396301269531,NaN,4.86456313754323,2.43319895303226,6.24632721793548,4.40129839264258,-1.84502555860645,0.0012254341176,2.11160595166885,-2.02725028081101,0.00192179492891304,2.30326682894991
-4.71852096921723,-0.0173257027142146,3.37393116203593,2.3,0,-140.88117980957,NaN,6.05915584344,4.2344131752,9.025406527248,7.982722688328,-1.04268685896,0.0024414285249,2.51355020525852,-1.50098416670999,0.000645083789641318,2.61412294763184
-5.42609225190349,NaN,4.4497579575489,2.255555556,0,NaN,NaN,6.18132474127742,3.38012846709677,10.5342933472723,8.67918347763097,-1.85510761501935,-9999,3.76439864609583,-2.15711419002174,0.00145717664115745,3.29848538537886
-4.18678970995392,NaN,4.08364411491183,2.166666667,0,NaN,NaN,6.19426286138323,4.55929232516129,8.1415537316129,7.61330787740129,-0.528239691174193,-9999,3.09339623614013,-0.92675052450883,0.000829964418271354,3.05335032674089
-5.41872019618979,NaN,3.07188431047093,NaN,0,NaN,NaN,4.731300392832,2.6533036296,5.426580307536,3.256524265968,-2.17005559992,-9999,2.35699078855745,-2.41989783468671,0.00137381222744362,2.23895964498335
-2.83252344748244,NaN,2.54415896388557,1.044444444,0,NaN,NaN,2.36683480004826,1.46466319587097,3.56313908677935,3.17758617262452,-0.385548366658065,-9999,2.01591489607241,-0.573633992934664,0.00232133871495536,1.76533244753013
-0.24762855649823,NaN,1.38621327035487,NaN,0.5866666667,NaN,NaN,0.6907450797504,2.4612771168,1.420650771408,1.791103242816,0.37045211454,-9999,1.31234178005524,0.509802525837196,0.00245942326062521,1.0397819271476
1.56733828703541,NaN,1.02461236944208,0.1,0.669375,NaN,NaN,0.238580322814452,1.72529498322581,0.620895749789961,2.20403345195613,1.58313454396258,-9999,0.92348312347738,1.40611735241623,0.00267004922015671,0.880571018502423
NaN,NaN,NaN,0.133333333,0.7333333333,NaN,NaN,NaN,NaN,NaN,NaN,NaN,NaN,NaN,NaN,NaN,NaN
NaN,NaN,NaN,0.114285714,0.6927777778,NaN,NaN,NaN,NaN,NaN,NaN,NaN,NaN,NaN,NaN,NaN,NaN
NaN,NaN,NaN,0.044444444,0.6188888889,NaN,NaN,NaN,NaN,NaN,NaN,NaN,NaN,NaN,NaN,NaN,NaN
NaN,NaN,NaN,0.314285714,0.52,NaN,NaN,NaN,NaN,NaN,NaN,NaN,NaN,NaN,NaN,NaN,NaN
NaN,NaN,NaN,1.316666667,0,NaN,NaN,NaN,NaN,NaN,NaN,NaN,NaN,NaN,NaN,NaN,NaN
NaN,NaN,NaN,2.2,0,-62.747859954834,NaN,NaN,NaN,NaN,NaN,NaN,NaN,NaN,NaN,NaN,NaN
NaN,NaN,NaN,2.228571429,0,-203.025039672852,NaN,NaN,NaN,NaN,NaN,NaN,NaN,NaN,NaN,NaN,NaN
NaN,NaN,NaN,1.5,0,NaN,NaN,NaN,NaN,NaN,NaN,NaN,NaN,NaN,NaN,NaN,NaN
NaN,NaN,NaN,1.516666667,0,NaN,NaN,NaN,NaN,NaN,NaN,NaN,NaN,NaN,NaN,NaN,NaN
NaN,NaN,NaN,0.955555556,0,-399.766357421875,NaN,NaN,NaN,NaN,NaN,NaN,NaN,NaN,NaN,NaN,NaN
NaN,NaN,NaN,NaN,0.01555555556,-323.848205566406,NaN,NaN,NaN,NaN,NaN,NaN,NaN,NaN,NaN,NaN,NaN
NaN,NaN,NaN,0.1,NaN,-198.850997924805,NaN,NaN,NaN,NaN,NaN,NaN,NaN,NaN,NaN,NaN,NaN
NaN,NaN,NaN,0.066666667,0.7027777778,-77.7054290771484,NaN,NaN,NaN,NaN,NaN,NaN,NaN,NaN,NaN,NaN,NaN
NaN,NaN,NaN,0.225,0.7077777778,-67.4987487792969,NaN,NaN,NaN,NaN,NaN,NaN,NaN,NaN,NaN,NaN,NaN
NaN,NaN,NaN,0.166666667,0.6472222222,2.03715848922729,NaN,NaN,NaN,NaN,NaN,NaN,NaN,NaN,NaN,NaN,NaN
NaN,NaN,NaN,0.211111111,0.5488888889,-35.3727416992188,NaN,NaN,NaN,NaN,NaN,NaN,NaN,NaN,NaN,NaN,NaN
NaN,NaN,NaN,0.433333333,0.08055555556,-35.0582084655762,NaN,NaN,NaN,NaN,NaN,NaN,NaN,NaN,NaN,NaN,NaN
NaN,NaN,NaN,1.81875,0,-168.647308349609,NaN,NaN,NaN,NaN,NaN,NaN,NaN,NaN,NaN,NaN,NaN
NaN,NaN,NaN,1.75,0,-285.010101318359,NaN,NaN,NaN,NaN,NaN,NaN,NaN,NaN,NaN,NaN,NaN
NaN,NaN,NaN,2.2,0,-299.505432128906,NaN,NaN,NaN,NaN,NaN,NaN,NaN,NaN,NaN,NaN,NaN
NaN,NaN,NaN,1.611111111,0,-347.868621826172,NaN,NaN,NaN,NaN,NaN,NaN,NaN,NaN,NaN,NaN,NaN
NaN,NaN,NaN,0.9,0,-346.116455078125,NaN,NaN,NaN,NaN,NaN,NaN,NaN,NaN,NaN,NaN,NaN
NaN,NaN,NaN,0.133333333,0.6561111111,-190.068389892578,NaN,NaN,NaN,NaN,NaN,NaN,NaN,NaN,NaN,NaN,NaN
NaN,NaN,NaN,0.1,0.5938888889,-70.5570068359375,NaN,NaN,NaN,NaN,NaN,NaN,NaN,NaN,NaN,NaN,NaN
NaN,NaN,NaN,0.1,0.65,-81.8270263671875,4376.397167,NaN,NaN,NaN,NaN,NaN,NaN,NaN,NaN,NaN,NaN
NaN,NaN,NaN,0.16,0.6144444444,-39.8537940979004,4376.397167,NaN,NaN,NaN,NaN,NaN,NaN,NaN,NaN,NaN,NaN
NaN,NaN,NaN,0.177777778,0.6094444444,-5.88451099395752,4376.397167,NaN,NaN,NaN,NaN,NaN,NaN,NaN,NaN,NaN,NaN
NaN,NaN,NaN,0.75,0.3516666667,-118.894378662109,4376.397167,NaN,NaN,NaN,NaN,NaN,NaN,NaN,NaN,NaN,NaN
NaN,NaN,NaN,1.758333333,0,-179.869384765625,4376.397167,NaN,NaN,NaN,NaN,NaN,NaN,NaN,NaN,NaN,NaN
NaN,NaN,NaN,1.638888889,0,-180.445892333984,4376.397167,NaN,NaN,NaN,NaN,NaN,NaN,NaN,NaN,NaN,NaN
NaN,NaN,NaN,2.344444444,0,-230.23161315918,4376.397167,NaN,NaN,NaN,NaN,NaN,NaN,NaN,NaN,NaN,NaN
NaN,NaN,NaN,2.333333333,0,-283.250305175781,4376.397167,NaN,NaN,NaN,NaN,NaN,NaN,NaN,NaN,NaN,NaN
NaN,NaN,NaN,1.722222222,0,-344.4580078125,4376.397167,NaN,NaN,NaN,NaN,NaN,NaN,NaN,NaN,NaN,NaN
NaN,NaN,NaN,NaN,0.3333333333,-193.462921142578,4376.397167,NaN,NaN,NaN,NaN,NaN,NaN,NaN,NaN,NaN,NaN
NaN,NaN,NaN,0.1,0,-252.040771484375,4376.397167,NaN,NaN,NaN,NaN,NaN,NaN,NaN,NaN,NaN,NaN
NaN,NaN,NaN,NaN,0.7322222222,-161.154815673828,4376.397167,NaN,NaN,NaN,NaN,NaN,NaN,NaN,NaN,NaN,NaN
